run_id,kind,weight_type,rng_seed,n,edges,seed_frac,seed_count,theta_mean,theta_sd,max_steps,alpha,final_adoption,steps_to_converge,xi
1,random,uniform,1051,100,233,0.03,3,0.45,0.1,50,1.5,0.06,1,0.775055516873785
2,random,uniform,2060,100,263,0.03,3,0.45,0.1,50,1.5,0.04,1,0.8106307251969825
3,random,uniform,3069,100,267,0.03,3,0.45,0.1,50,1.5,0.04,1,0.8125796489314568
4,random,uniform,4078,100,246,0.03,3,0.45,0.1,50,1.5,0.05,2,0.7893746658899541
5,random,uniform,5087,100,250,0.03,3,0.45,0.1,50,1.5,0.05,1,0.7878938492311726
6,random,uniform,6096,100,249,0.03,3,0.45,0.1,50,1.5,0.03,0,0.8441815986126997
7,random,uniform,7105,100,253,0.03,3,0.45,0.1,50,1.5,0.07,2,0.7496977412727764
8,random,uniform,8114,100,238,0.03,3,0.45,0.1,50,1.5,0.04,1,0.8046843068959739
9,random,uniform,9123,100,214,0.03,3,0.45,0.1,50,1.5,0.05,1,0.81608887182728
10,random,uniform,10132,100,231,0.03,3,0.45,0.1,50,1.5,0.05,1,0.8247954879706625
11,random,uniform,11141,100,248,0.03,3,0.45,0.1,50,1.5,0.05,1,0.7789209437114516
12,random,uniform,12150,100,252,0.03,3,0.45,0.1,50,1.5,0.06,1,0.7806193736506388
13,random,uniform,13159,100,240,0.03,3,0.45,0.1,50,1.5,0.05,2,0.7902401862590845
14,random,uniform,14168,100,251,0.03,3,0.45,0.1,50,1.5,0.03,0,0.8350319518537402
15,random,uniform,15177,100,250,0.03,3,0.45,0.1,50,1.5,0.04,1,0.8109995662228173
16,random,uniform,16186,100,249,0.03,3,0.45,0.1,50,1.5,0.04,1,0.8147179911509822
17,random,uniform,17195,100,246,0.03,3,0.45,0.1,50,1.5,0.09,2,0.6951229317050002
18,random,uniform,18204,100,249,0.03,3,0.45,0.1,50,1.5,0.05,1,0.7867910663277248
19,random,uniform,19213,100,251,0.03,3,0.45,0.1,50,1.5,0.03,0,0.83661526036407
20,random,uniform,20222,100,234,0.03,3,0.45,0.1,50,1.5,0.06,1,0.7854078065154924
21,random,uniform,21231,100,268,0.03,3,0.45,0.1,50,1.5,0.03,0,0.8283896991228953
22,random,uniform,22240,100,271,0.03,3,0.45,0.1,50,1.5,0.07,1,0.7126146839878961
23,random,uniform,23249,100,216,0.03,3,0.45,0.1,50,1.5,0.05,1,0.8093770498200037
24,random,uniform,24258,100,238,0.03,3,0.45,0.1,50,1.5,0.1,4,0.6866388657010525
25,random,uniform,25267,100,244,0.03,3,0.45,0.1,50,1.5,0.05,1,0.7912297828768138
26,random,uniform,26276,100,279,0.03,3,0.45,0.1,50,1.5,0.06,2,0.7398334974734948
27,random,uniform,27285,100,270,0.03,3,0.45,0.1,50,1.5,0.05,1,0.7777590916290105
28,random,uniform,28294,100,225,0.03,3,0.45,0.1,50,1.5,0.05,2,0.7975090715359316
29,random,uniform,29303,100,247,0.03,3,0.45,0.1,50,1.5,0.07,2,0.7119376586916195
30,random,uniform,30312,100,234,0.03,3,0.45,0.1,50,1.5,0.05,1,0.7894869757230335
31,random,uniform,31321,100,272,0.03,3,0.45,0.1,50,1.5,0.05,2,0.777968278379311
32,random,uniform,32330,100,233,0.03,3,0.45,0.1,50,1.5,0.07,2,0.7514924612841462
33,random,uniform,33339,100,252,0.03,3,0.45,0.1,50,1.5,0.07,1,0.7282257609228333
34,random,uniform,34348,100,247,0.03,3,0.45,0.1,50,1.5,0.08,1,0.721448994020472
35,random,uniform,35357,100,230,0.03,3,0.45,0.1,50,1.5,0.07,2,0.740647807775394
36,random,uniform,36366,100,238,0.03,3,0.45,0.1,50,1.5,0.06,2,0.7802322134705819
37,random,uniform,37375,100,266,0.03,3,0.45,0.1,50,1.5,0.05,1,0.7806530706381983
38,random,uniform,38384,100,266,0.03,3,0.45,0.1,50,1.5,0.05,1,0.7645771021452984
39,random,uniform,39393,100,197,0.03,3,0.45,0.1,50,1.5,0.09,1,0.7491071608608928
40,random,uniform,40402,100,246,0.03,3,0.45,0.1,50,1.5,0.06,2,0.7659956592584048
41,random,uniform,41411,100,246,0.03,3,0.45,0.1,50,1.5,0.04,1,0.8137543717469626
42,random,uniform,42420,100,241,0.03,3,0.45,0.1,50,1.5,0.03,0,0.8483982450965183
43,random,uniform,43429,100,239,0.03,3,0.45,0.1,50,1.5,0.04,1,0.8199627243301555
44,random,uniform,44438,100,260,0.03,3,0.45,0.1,50,1.5,0.04,1,0.8063929711316566
45,random,uniform,45447,100,263,0.03,3,0.45,0.1,50,1.5,0.04,1,0.8268120241980959
46,random,uniform,46456,100,248,0.03,3,0.45,0.1,50,1.5,0.07,2,0.7239881769088257
47,random,uniform,47465,100,252,0.03,3,0.45,0.1,50,1.5,0.06,1,0.7737382971664003
48,random,uniform,48474,100,262,0.03,3,0.45,0.1,50,1.5,0.04,1,0.8006220124574552
49,random,uniform,49483,100,247,0.03,3,0.45,0.1,50,1.5,0.06,1,0.7608860787575803
50,random,uniform,50492,100,242,0.03,3,0.45,0.1,50,1.5,0.07,3,0.7226527367189142
51,random,uniform,51501,100,259,0.03,3,0.45,0.1,50,1.5,0.03,0,0.8436309270837974
52,random,uniform,52510,100,242,0.03,3,0.45,0.1,50,1.5,0.06,1,0.7581650504476822
53,random,uniform,53519,100,270,0.03,3,0.45,0.1,50,1.5,0.05,1,0.8000259369479329
54,random,uniform,54528,100,251,0.03,3,0.45,0.1,50,1.5,0.07,3,0.730264648986721
55,random,uniform,55537,100,249,0.03,3,0.45,0.1,50,1.5,0.07,2,0.7295804605759918
56,random,uniform,56546,100,222,0.03,3,0.45,0.1,50,1.5,0.06,2,0.786735717743206
57,random,uniform,57555,100,255,0.03,3,0.45,0.1,50,1.5,0.06,1,0.7529803923447161
58,random,uniform,58564,100,239,0.03,3,0.45,0.1,50,1.5,0.08,1,0.7459316355213462
59,random,uniform,59573,100,266,0.03,3,0.45,0.1,50,1.5,0.09,3,0.6844687138726644
60,random,uniform,60582,100,238,0.03,3,0.45,0.1,50,1.5,0.05,1,0.8065552409648541
61,random,uniform,61591,100,266,0.03,3,0.45,0.1,50,1.5,0.06,1,0.7486009886437115
62,random,uniform,62600,100,236,0.03,3,0.45,0.1,50,1.5,0.05,1,0.8058774841514207
63,random,uniform,63609,100,260,0.03,3,0.45,0.1,50,1.5,0.06,1,0.7643504918514982
64,random,uniform,64618,100,233,0.03,3,0.45,0.1,50,1.5,0.05,1,0.797104484080282
65,random,uniform,65627,100,241,0.03,3,0.45,0.1,50,1.5,0.04,1,0.8174433430187895
66,random,uniform,66636,100,283,0.03,3,0.45,0.1,50,1.5,0.04,1,0.8003383828505828
67,random,uniform,67645,100,246,0.03,3,0.45,0.1,50,1.5,0.05,2,0.7873947295928132
68,random,uniform,68654,100,263,0.03,3,0.45,0.1,50,1.5,0.08,2,0.7215854442948006
69,random,uniform,69663,100,227,0.03,3,0.45,0.1,50,1.5,0.11,3,0.6728850208912356
70,random,uniform,70672,100,258,0.03,3,0.45,0.1,50,1.5,0.03,0,0.8335574282667815
71,random,uniform,71681,100,250,0.03,3,0.45,0.1,50,1.5,0.09,2,0.6968016501763136
72,random,uniform,72690,100,254,0.03,3,0.45,0.1,50,1.5,0.03,0,0.8321197200026214
73,random,uniform,73699,100,216,0.03,3,0.45,0.1,50,1.5,0.06,1,0.8022629754761397
74,random,uniform,74708,100,238,0.03,3,0.45,0.1,50,1.5,0.07,1,0.7714303673903874
75,random,uniform,75717,100,234,0.03,3,0.45,0.1,50,1.5,0.04,1,0.8237555420473467
76,random,uniform,76726,100,251,0.03,3,0.45,0.1,50,1.5,0.07,1,0.7215647507080933
77,random,uniform,77735,100,246,0.03,3,0.45,0.1,50,1.5,0.06,1,0.7901417335295119
78,random,uniform,78744,100,232,0.03,3,0.45,0.1,50,1.5,0.09,3,0.6989717111217116
79,random,uniform,79753,100,235,0.03,3,0.45,0.1,50,1.5,0.06,1,0.7840779299413276
80,random,uniform,80762,100,250,0.03,3,0.45,0.1,50,1.5,0.07,2,0.7463873072615044
81,random,uniform,81771,100,244,0.03,3,0.45,0.1,50,1.5,0.04,1,0.8149247849365561
82,random,uniform,82780,100,241,0.03,3,0.45,0.1,50,1.5,0.06,1,0.7769576997877694
83,random,uniform,83789,100,251,0.03,3,0.45,0.1,50,1.5,0.04,1,0.8153125887812476
84,random,uniform,84798,100,247,0.03,3,0.45,0.1,50,1.5,0.03,0,0.8333006206429837
85,random,uniform,85807,100,271,0.03,3,0.45,0.1,50,1.5,0.03,0,0.8334297883390618
86,random,uniform,86816,100,246,0.03,3,0.45,0.1,50,1.5,0.05,1,0.7959840850320973
87,random,uniform,87825,100,252,0.03,3,0.45,0.1,50,1.5,0.07,2,0.757094287888916
88,random,uniform,88834,100,238,0.03,3,0.45,0.1,50,1.5,0.07,3,0.7647811633747517
89,random,uniform,89843,100,235,0.03,3,0.45,0.1,50,1.5,0.04,1,0.8298393271471616
90,random,uniform,90852,100,246,0.03,3,0.45,0.1,50,1.5,0.07,2,0.7476448315389284
91,random,uniform,91861,100,244,0.03,3,0.45,0.1,50,1.5,0.05,1,0.7877433478269548
92,random,uniform,92870,100,237,0.03,3,0.45,0.1,50,1.5,0.05,1,0.8139273000300992
93,random,uniform,93879,100,229,0.03,3,0.45,0.1,50,1.5,0.07,1,0.7465372674379966
94,random,uniform,94888,100,236,0.03,3,0.45,0.1,50,1.5,0.05,1,0.7985507487379985
95,random,uniform,95897,100,221,0.03,3,0.45,0.1,50,1.5,0.06,2,0.7583706151703689
96,random,uniform,96906,100,239,0.03,3,0.45,0.1,50,1.5,0.07,2,0.7434279736228513
97,random,uniform,97915,100,263,0.03,3,0.45,0.1,50,1.5,0.06,1,0.7407991264118773
98,random,uniform,98924,100,255,0.03,3,0.45,0.1,50,1.5,0.05,1,0.7898451081834104
99,random,uniform,99933,100,270,0.03,3,0.45,0.1,50,1.5,0.07,2,0.7183960113881018
100,random,uniform,100942,100,252,0.03,3,0.45,0.1,50,1.5,0.06,1,0.7628358598433236
101,random,uniform,101951,100,241,0.03,3,0.45,0.1,50,1.5,0.11,3,0.6616952778347449
102,random,uniform,102960,100,245,0.03,3,0.45,0.1,50,1.5,0.05,1,0.7892117562385071
103,random,uniform,103969,100,268,0.03,3,0.45,0.1,50,1.5,0.04,1,0.7953987380301119
104,random,uniform,104978,100,255,0.03,3,0.45,0.1,50,1.5,0.05,1,0.7902085213337905
105,random,uniform,105987,100,220,0.03,3,0.45,0.1,50,1.5,0.03,0,0.8434751859099046
106,random,uniform,106996,100,232,0.03,3,0.45,0.1,50,1.5,0.05,1,0.8045351098579288
107,random,uniform,108005,100,230,0.03,3,0.45,0.1,50,1.5,0.04,1,0.8230096676013053
108,random,uniform,109014,100,243,0.03,3,0.45,0.1,50,1.5,0.03,0,0.8397319233444542
109,random,uniform,110023,100,241,0.03,3,0.45,0.1,50,1.5,0.04,1,0.8315024638207515
110,random,uniform,111032,100,284,0.03,3,0.45,0.1,50,1.5,0.04,1,0.8031543766653239
111,random,uniform,112041,100,247,0.03,3,0.45,0.1,50,1.5,0.05,2,0.774285901050057
112,random,uniform,113050,100,273,0.03,3,0.45,0.1,50,1.5,0.03,0,0.8316410833200334
113,random,uniform,114059,100,265,0.03,3,0.45,0.1,50,1.5,0.08,2,0.7168405305215493
114,random,uniform,115068,100,265,0.03,3,0.45,0.1,50,1.5,0.1,4,0.6274243222296634
115,random,uniform,116077,100,273,0.03,3,0.45,0.1,50,1.5,0.03,0,0.8243603940940534
116,random,uniform,117086,100,249,0.03,3,0.45,0.1,50,1.5,0.03,0,0.8386275879446876
117,random,uniform,118095,100,259,0.03,3,0.45,0.1,50,1.5,0.04,1,0.8308941397545915
118,random,uniform,119104,100,268,0.03,3,0.45,0.1,50,1.5,0.05,2,0.7724472275467538
119,random,uniform,120113,100,265,0.03,3,0.45,0.1,50,1.5,0.08,3,0.707312738890725
120,random,uniform,121122,100,251,0.03,3,0.45,0.1,50,1.5,0.05,1,0.799391142372205
121,random,uniform,122131,100,255,0.03,3,0.45,0.1,50,1.5,0.04,1,0.8107587894753935
122,random,uniform,123140,100,239,0.03,3,0.45,0.1,50,1.5,0.1,4,0.7063025407680878
123,random,uniform,124149,100,269,0.03,3,0.45,0.1,50,1.5,0.03,0,0.8410768102648903
124,random,uniform,125158,100,231,0.03,3,0.45,0.1,50,1.5,0.05,1,0.815077282654175
125,random,uniform,126167,100,252,0.03,3,0.45,0.1,50,1.5,0.04,1,0.8208339891109239
126,random,uniform,127176,100,237,0.03,3,0.45,0.1,50,1.5,0.04,1,0.8390812137033233
127,random,uniform,128185,100,252,0.03,3,0.45,0.1,50,1.5,0.04,1,0.8021114532191607
128,random,uniform,129194,100,254,0.03,3,0.45,0.1,50,1.5,0.06,3,0.7560649036732481
129,random,uniform,130203,100,273,0.03,3,0.45,0.1,50,1.5,0.04,1,0.814339924509311
130,random,uniform,131212,100,210,0.03,3,0.45,0.1,50,1.5,0.06,1,0.7703775607544769
131,random,uniform,132221,100,249,0.03,3,0.45,0.1,50,1.5,0.08,3,0.7366919538241307
132,random,uniform,133230,100,242,0.03,3,0.45,0.1,50,1.5,0.06,1,0.7434935907127344
133,random,uniform,134239,100,250,0.03,3,0.45,0.1,50,1.5,0.03,0,0.8420037199106489
134,random,uniform,135248,100,238,0.03,3,0.45,0.1,50,1.5,0.11,3,0.6560487220403951
135,random,uniform,136257,100,216,0.03,3,0.45,0.1,50,1.5,0.09,2,0.7459829468998127
136,random,uniform,137266,100,244,0.03,3,0.45,0.1,50,1.5,0.07,1,0.7611678489768545
137,random,uniform,138275,100,237,0.03,3,0.45,0.1,50,1.5,0.03,0,0.8529746950961158
138,random,uniform,139284,100,240,0.03,3,0.45,0.1,50,1.5,0.07,2,0.7597691129441992
139,random,uniform,140293,100,274,0.03,3,0.45,0.1,50,1.5,0.03,0,0.8307670548107705
140,random,uniform,141302,100,279,0.03,3,0.45,0.1,50,1.5,0.03,0,0.8143076144777198
141,random,uniform,142311,100,254,0.03,3,0.45,0.1,50,1.5,0.03,0,0.8460603310712048
142,random,uniform,143320,100,257,0.03,3,0.45,0.1,50,1.5,0.07,2,0.7424741848965601
143,random,uniform,144329,100,251,0.03,3,0.45,0.1,50,1.5,0.05,1,0.7749178159345004
144,random,uniform,145338,100,273,0.03,3,0.45,0.1,50,1.5,0.03,0,0.8136084156064272
145,random,uniform,146347,100,259,0.03,3,0.45,0.1,50,1.5,0.05,2,0.786238006680357
146,random,uniform,147356,100,249,0.03,3,0.45,0.1,50,1.5,0.05,1,0.7943153117613762
147,random,uniform,148365,100,248,0.03,3,0.45,0.1,50,1.5,0.03,0,0.8324730794137976
148,random,uniform,149374,100,273,0.03,3,0.45,0.1,50,1.5,0.05,2,0.7816742264277933
149,random,uniform,150383,100,265,0.03,3,0.45,0.1,50,1.5,0.04,1,0.8007282211565818
150,random,uniform,151392,100,261,0.03,3,0.45,0.1,50,1.5,0.03,0,0.826799703498469
151,random,uniform,152401,100,223,0.03,3,0.45,0.1,50,1.5,0.08,1,0.7537341427827117
152,random,uniform,153410,100,254,0.03,3,0.45,0.1,50,1.5,0.06,2,0.7670360717260646
153,random,uniform,154419,100,239,0.03,3,0.45,0.1,50,1.5,0.06,1,0.7696370898337129
154,random,uniform,155428,100,223,0.03,3,0.45,0.1,50,1.5,0.07,2,0.7575503786087394
155,random,uniform,156437,100,248,0.03,3,0.45,0.1,50,1.5,0.07,1,0.7666596932834768
156,random,uniform,157446,100,254,0.03,3,0.45,0.1,50,1.5,0.06,2,0.7592689924067071
157,random,uniform,158455,100,251,0.03,3,0.45,0.1,50,1.5,0.03,0,0.8393505279328459
158,random,uniform,159464,100,260,0.03,3,0.45,0.1,50,1.5,0.07,2,0.7256204789161665
159,random,uniform,160473,100,234,0.03,3,0.45,0.1,50,1.5,0.06,1,0.7698670987529427
160,random,uniform,161482,100,277,0.03,3,0.45,0.1,50,1.5,0.04,1,0.8025480574862496
161,random,uniform,162491,100,265,0.03,3,0.45,0.1,50,1.5,0.06,2,0.7607282149860077
162,random,uniform,163500,100,245,0.03,3,0.45,0.1,50,1.5,0.07,1,0.7278653627913892
163,random,uniform,164509,100,255,0.03,3,0.45,0.1,50,1.5,0.05,1,0.782723458725507
164,random,uniform,165518,100,260,0.03,3,0.45,0.1,50,1.5,0.03,0,0.8285211945379587
165,random,uniform,166527,100,245,0.03,3,0.45,0.1,50,1.5,0.03,0,0.8472896504847056
166,random,uniform,167536,100,220,0.03,3,0.45,0.1,50,1.5,0.05,1,0.8030999157700944
167,random,uniform,168545,100,259,0.03,3,0.45,0.1,50,1.5,0.06,1,0.763414165698941
168,random,uniform,169554,100,246,0.03,3,0.45,0.1,50,1.5,0.06,1,0.7679804095250737
169,random,uniform,170563,100,275,0.03,3,0.45,0.1,50,1.5,0.03,0,0.8239766709634597
170,random,uniform,171572,100,239,0.03,3,0.45,0.1,50,1.5,0.04,1,0.8261969058048624
171,random,uniform,172581,100,252,0.03,3,0.45,0.1,50,1.5,0.05,2,0.7790009222579871
172,random,uniform,173590,100,270,0.03,3,0.45,0.1,50,1.5,0.05,1,0.7685504684499413
173,random,uniform,174599,100,265,0.03,3,0.45,0.1,50,1.5,0.04,1,0.8026845419820772
174,random,uniform,175608,100,241,0.03,3,0.45,0.1,50,1.5,0.13,5,0.6483529441883329
175,random,uniform,176617,100,259,0.03,3,0.45,0.1,50,1.5,0.03,0,0.8312060520425864
176,random,uniform,177626,100,242,0.03,3,0.45,0.1,50,1.5,0.06,1,0.7762577285932853
177,random,uniform,178635,100,225,0.03,3,0.45,0.1,50,1.5,0.06,1,0.7713071130462273
178,random,uniform,179644,100,236,0.03,3,0.45,0.1,50,1.5,0.08,3,0.7256673049360267
179,random,uniform,180653,100,238,0.03,3,0.45,0.1,50,1.5,0.04,1,0.8233438481620631
180,random,uniform,181662,100,241,0.03,3,0.45,0.1,50,1.5,0.07,1,0.7377885682763582
181,random,uniform,182671,100,279,0.03,3,0.45,0.1,50,1.5,0.05,1,0.767891180211655
182,random,uniform,183680,100,239,0.03,3,0.45,0.1,50,1.5,0.09,2,0.7052554969158276
183,random,uniform,184689,100,241,0.03,3,0.45,0.1,50,1.5,0.08,2,0.7388460232640996
184,random,uniform,185698,100,252,0.03,3,0.45,0.1,50,1.5,0.07,2,0.7501219216455745
185,random,uniform,186707,100,212,0.03,3,0.45,0.1,50,1.5,0.07,1,0.7538911931346352
186,random,uniform,187716,100,248,0.03,3,0.45,0.1,50,1.5,0.06,1,0.7799827024563942
187,random,uniform,188725,100,244,0.03,3,0.45,0.1,50,1.5,0.07,2,0.7522909459827959
188,random,uniform,189734,100,233,0.03,3,0.45,0.1,50,1.5,0.08,2,0.7397579506235905
189,random,uniform,190743,100,246,0.03,3,0.45,0.1,50,1.5,0.05,1,0.7903078623118192
190,random,uniform,191752,100,222,0.03,3,0.45,0.1,50,1.5,0.09,2,0.7108271157795845
191,random,uniform,192761,100,236,0.03,3,0.45,0.1,50,1.5,0.05,1,0.7812600421799003
192,random,uniform,193770,100,219,0.03,3,0.45,0.1,50,1.5,0.05,1,0.8040027547682594
193,random,uniform,194779,100,226,0.03,3,0.45,0.1,50,1.5,0.04,1,0.8258157053962824
194,random,uniform,195788,100,253,0.03,3,0.45,0.1,50,1.5,0.03,0,0.8413580318615054
195,random,uniform,196797,100,226,0.03,3,0.45,0.1,50,1.5,0.07,2,0.7563956794609907
196,random,uniform,197806,100,281,0.03,3,0.45,0.1,50,1.5,0.05,1,0.744791388465067
197,random,uniform,198815,100,249,0.03,3,0.45,0.1,50,1.5,0.04,1,0.8064128070815092
198,random,uniform,199824,100,249,0.03,3,0.45,0.1,50,1.5,0.03,0,0.8399390831322263
199,random,uniform,200833,100,248,0.03,3,0.45,0.1,50,1.5,0.09,2,0.7021714930144413
200,random,uniform,201842,100,240,0.03,3,0.45,0.1,50,1.5,0.05,1,0.7868852976396861
201,random,uniform,202851,100,226,0.03,3,0.45,0.1,50,1.5,0.05,1,0.803722985897538
202,random,uniform,203860,100,220,0.03,3,0.45,0.1,50,1.5,0.05,1,0.8018929058855565
203,random,uniform,204869,100,259,0.03,3,0.45,0.1,50,1.5,0.04,1,0.8113468205536576
204,random,uniform,205878,100,223,0.03,3,0.45,0.1,50,1.5,0.05,2,0.8030485647512902
205,random,uniform,206887,100,265,0.03,3,0.45,0.1,50,1.5,0.06,2,0.7549516849311229
206,random,uniform,207896,100,223,0.03,3,0.45,0.1,50,1.5,0.06,1,0.7773619058741338
207,random,uniform,208905,100,271,0.03,3,0.45,0.1,50,1.5,0.06,1,0.7354155832015421
208,random,uniform,209914,100,234,0.03,3,0.45,0.1,50,1.5,0.03,0,0.8441573528538704
209,random,uniform,210923,100,239,0.03,3,0.45,0.1,50,1.5,0.03,0,0.8411511728301904
210,random,uniform,211932,100,266,0.03,3,0.45,0.1,50,1.5,0.07,2,0.7383420700305314
211,random,uniform,212941,100,255,0.03,3,0.45,0.1,50,1.5,0.08,2,0.7239690703775247
212,random,uniform,213950,100,241,0.03,3,0.45,0.1,50,1.5,0.08,2,0.7195811936063764
213,random,uniform,214959,100,245,0.03,3,0.45,0.1,50,1.5,0.07,1,0.7593952501750111
214,random,uniform,215968,100,269,0.03,3,0.45,0.1,50,1.5,0.06,2,0.7632352101255887
215,random,uniform,216977,100,267,0.03,3,0.45,0.1,50,1.5,0.05,2,0.7665794213406617
216,random,uniform,217986,100,243,0.03,3,0.45,0.1,50,1.5,0.07,2,0.7332069016446728
217,random,uniform,218995,100,223,0.03,3,0.45,0.1,50,1.5,0.09,2,0.7207058292267067
218,random,uniform,220004,100,246,0.03,3,0.45,0.1,50,1.5,0.05,2,0.7750348658558447
219,random,uniform,221013,100,255,0.03,3,0.45,0.1,50,1.5,0.04,1,0.8175630667695252
220,random,uniform,222022,100,231,0.03,3,0.45,0.1,50,1.5,0.07,2,0.7651147512174075
221,random,uniform,223031,100,222,0.03,3,0.45,0.1,50,1.5,0.07,1,0.7627946313475423
222,random,uniform,224040,100,211,0.03,3,0.45,0.1,50,1.5,0.12,2,0.6949289126528426
223,random,uniform,225049,100,248,0.03,3,0.45,0.1,50,1.5,0.05,1,0.7805616862406414
224,random,uniform,226058,100,264,0.03,3,0.45,0.1,50,1.5,0.05,1,0.7833962393384282
225,random,uniform,227067,100,251,0.03,3,0.45,0.1,50,1.5,0.05,1,0.782848552604735
226,random,uniform,228076,100,252,0.03,3,0.45,0.1,50,1.5,0.04,1,0.8183522779020987
227,random,uniform,229085,100,230,0.03,3,0.45,0.1,50,1.5,0.06,2,0.7800143433298571
228,random,uniform,230094,100,246,0.03,3,0.45,0.1,50,1.5,0.07,2,0.7398415033977639
229,random,uniform,231103,100,257,0.03,3,0.45,0.1,50,1.5,0.04,1,0.8168033114585681
230,random,uniform,232112,100,226,0.03,3,0.45,0.1,50,1.5,0.1,1,0.7100703172109998
231,random,uniform,233121,100,233,0.03,3,0.45,0.1,50,1.5,0.06,1,0.7962852407724786
232,random,uniform,234130,100,233,0.03,3,0.45,0.1,50,1.5,0.05,1,0.7939516285655052
233,random,uniform,235139,100,284,0.03,3,0.45,0.1,50,1.5,0.03,0,0.8268686807570808
234,random,uniform,236148,100,251,0.03,3,0.45,0.1,50,1.5,0.05,1,0.7872270059718381
235,random,uniform,237157,100,266,0.03,3,0.45,0.1,50,1.5,0.03,0,0.8238853794390802
236,random,uniform,238166,100,245,0.03,3,0.45,0.1,50,1.5,0.04,1,0.8287296063264139
237,random,uniform,239175,100,229,0.03,3,0.45,0.1,50,1.5,0.04,1,0.8287584928056314
238,random,uniform,240184,100,232,0.03,3,0.45,0.1,50,1.5,0.03,0,0.8470938304638187
239,random,uniform,241193,100,266,0.03,3,0.45,0.1,50,1.5,0.05,1,0.7728779693884271
240,random,uniform,242202,100,256,0.03,3,0.45,0.1,50,1.5,0.05,2,0.7679596686080308
241,random,uniform,243211,100,229,0.03,3,0.45,0.1,50,1.5,0.05,1,0.7954378079682931
242,random,uniform,244220,100,226,0.03,3,0.45,0.1,50,1.5,0.05,1,0.799872032442301
243,random,uniform,245229,100,272,0.03,3,0.45,0.1,50,1.5,0.04,1,0.80426223172599
244,random,uniform,246238,100,238,0.03,3,0.45,0.1,50,1.5,0.12,3,0.672418128282613
245,random,uniform,247247,100,253,0.03,3,0.45,0.1,50,1.5,0.04,1,0.8203981496498751
246,random,uniform,248256,100,248,0.03,3,0.45,0.1,50,1.5,0.07,2,0.7627317771956811
247,random,uniform,249265,100,257,0.03,3,0.45,0.1,50,1.5,0.03,0,0.8423475324082361
248,random,uniform,250274,100,266,0.03,3,0.45,0.1,50,1.5,0.03,0,0.8228871648157239
249,random,uniform,251283,100,208,0.03,3,0.45,0.1,50,1.5,0.07,1,0.7955592323249889
250,random,uniform,252292,100,242,0.03,3,0.45,0.1,50,1.5,0.04,1,0.8223341673924053
251,random,uniform,253301,100,245,0.03,3,0.45,0.1,50,1.5,0.04,1,0.8151338687186102
252,random,uniform,254310,100,266,0.03,3,0.45,0.1,50,1.5,0.08,3,0.6895156336170245
253,random,uniform,255319,100,273,0.03,3,0.45,0.1,50,1.5,0.04,1,0.8046011203885546
254,random,uniform,256328,100,258,0.03,3,0.45,0.1,50,1.5,0.07,2,0.7377306952739155
255,random,uniform,257337,100,254,0.03,3,0.45,0.1,50,1.5,0.05,1,0.7818041370617321
256,random,uniform,258346,100,241,0.03,3,0.45,0.1,50,1.5,0.08,2,0.753667918081015
257,random,uniform,259355,100,246,0.03,3,0.45,0.1,50,1.5,0.03,0,0.8336598268325135
258,random,uniform,260364,100,235,0.03,3,0.45,0.1,50,1.5,0.09,2,0.7247381424412628
259,random,uniform,261373,100,225,0.03,3,0.45,0.1,50,1.5,0.1,3,0.7069003352417187
260,random,uniform,262382,100,260,0.03,3,0.45,0.1,50,1.5,0.06,1,0.7533924198727924
261,random,uniform,263391,100,271,0.03,3,0.45,0.1,50,1.5,0.04,1,0.7940926857635597
262,random,uniform,264400,100,244,0.03,3,0.45,0.1,50,1.5,0.06,2,0.758215667159311
263,random,uniform,265409,100,233,0.03,3,0.45,0.1,50,1.5,0.06,2,0.7910767807652911
264,random,uniform,266418,100,250,0.03,3,0.45,0.1,50,1.5,0.05,1,0.804741939315022
265,random,uniform,267427,100,192,0.03,3,0.45,0.1,50,1.5,0.08,1,0.767719632318344
266,random,uniform,268436,100,265,0.03,3,0.45,0.1,50,1.5,0.04,1,0.8048265062292174
267,random,uniform,269445,100,227,0.03,3,0.45,0.1,50,1.5,0.04,1,0.822189812073542
268,random,uniform,270454,100,259,0.03,3,0.45,0.1,50,1.5,0.05,1,0.7697911736337801
269,random,uniform,271463,100,282,0.03,3,0.45,0.1,50,1.5,0.05,1,0.7776711357718159
270,random,uniform,272472,100,242,0.03,3,0.45,0.1,50,1.5,0.04,1,0.8114091755312746
271,random,uniform,273481,100,245,0.03,3,0.45,0.1,50,1.5,0.04,1,0.8039035392593221
272,random,uniform,274490,100,234,0.03,3,0.45,0.1,50,1.5,0.06,1,0.7781073770827102
273,random,uniform,275499,100,217,0.03,3,0.45,0.1,50,1.5,0.04,1,0.833157754811906
274,random,uniform,276508,100,264,0.03,3,0.45,0.1,50,1.5,0.05,1,0.7653029774626521
275,random,uniform,277517,100,256,0.03,3,0.45,0.1,50,1.5,0.05,1,0.7887189625583075
276,random,uniform,278526,100,266,0.03,3,0.45,0.1,50,1.5,0.04,1,0.7965655921878614
277,random,uniform,279535,100,243,0.03,3,0.45,0.1,50,1.5,0.08,2,0.7167467049058424
278,random,uniform,280544,100,237,0.03,3,0.45,0.1,50,1.5,0.08,2,0.7419258738211606
279,random,uniform,281553,100,245,0.03,3,0.45,0.1,50,1.5,0.11,3,0.6726109559436683
280,random,uniform,282562,100,244,0.03,3,0.45,0.1,50,1.5,0.05,2,0.7963809496653498
281,random,uniform,283571,100,242,0.03,3,0.45,0.1,50,1.5,0.04,1,0.8339988106054631
282,random,uniform,284580,100,269,0.03,3,0.45,0.1,50,1.5,0.08,3,0.6924969760034194
283,random,uniform,285589,100,252,0.03,3,0.45,0.1,50,1.5,0.08,3,0.712550155757388
284,random,uniform,286598,100,233,0.03,3,0.45,0.1,50,1.5,0.07,2,0.7418570771591027
285,random,uniform,287607,100,260,0.03,3,0.45,0.1,50,1.5,0.04,1,0.8065815990501635
286,random,uniform,288616,100,259,0.03,3,0.45,0.1,50,1.5,0.04,1,0.8062929803625271
287,random,uniform,289625,100,261,0.03,3,0.45,0.1,50,1.5,0.04,1,0.8110456675609313
288,random,uniform,290634,100,237,0.03,3,0.45,0.1,50,1.5,0.05,1,0.78918975572374
289,random,uniform,291643,100,245,0.03,3,0.45,0.1,50,1.5,0.04,1,0.8175238963139612
290,random,uniform,292652,100,241,0.03,3,0.45,0.1,50,1.5,0.06,2,0.7890280395355915
291,random,uniform,293661,100,272,0.03,3,0.45,0.1,50,1.5,0.04,1,0.8138983283762758
292,random,uniform,294670,100,237,0.03,3,0.45,0.1,50,1.5,0.05,1,0.7853968229916091
293,random,uniform,295679,100,258,0.03,3,0.45,0.1,50,1.5,0.08,2,0.739124039139708
294,random,uniform,296688,100,233,0.03,3,0.45,0.1,50,1.5,0.06,1,0.7800545315551071
295,random,uniform,297697,100,253,0.03,3,0.45,0.1,50,1.5,0.09,2,0.6846357800710952
296,random,uniform,298706,100,235,0.03,3,0.45,0.1,50,1.5,0.05,1,0.8015040097700127
297,random,uniform,299715,100,258,0.03,3,0.45,0.1,50,1.5,0.04,1,0.8236539061223763
298,random,uniform,300724,100,238,0.03,3,0.45,0.1,50,1.5,0.05,1,0.786932838823442
299,random,uniform,301733,100,231,0.03,3,0.45,0.1,50,1.5,0.08,1,0.7338628537423999
300,random,uniform,302742,100,257,0.03,3,0.45,0.1,50,1.5,0.04,1,0.8226994743133406
301,random,uniform,303751,100,238,0.03,3,0.45,0.1,50,1.5,0.05,1,0.812507110305531
302,random,uniform,304760,100,268,0.03,3,0.45,0.1,50,1.5,0.06,2,0.7486397354595706
303,random,uniform,305769,100,249,0.03,3,0.45,0.1,50,1.5,0.04,1,0.8283405578013736
304,random,uniform,306778,100,227,0.03,3,0.45,0.1,50,1.5,0.05,1,0.7925251668967057
305,random,uniform,307787,100,218,0.03,3,0.45,0.1,50,1.5,0.09,2,0.7188199415835385
306,random,uniform,308796,100,239,0.03,3,0.45,0.1,50,1.5,0.03,0,0.8450514157274911
307,random,uniform,309805,100,253,0.03,3,0.45,0.1,50,1.5,0.05,1,0.7822799612751636
308,random,uniform,310814,100,232,0.03,3,0.45,0.1,50,1.5,0.09,2,0.7572023301970853
309,random,uniform,311823,100,244,0.03,3,0.45,0.1,50,1.5,0.05,1,0.7957491097090778
310,random,uniform,312832,100,212,0.03,3,0.45,0.1,50,1.5,0.04,1,0.8248167609042089
311,random,uniform,313841,100,242,0.03,3,0.45,0.1,50,1.5,0.07,1,0.7406217403143991
312,random,uniform,314850,100,248,0.03,3,0.45,0.1,50,1.5,0.08,2,0.7175059339352409
313,random,uniform,315859,100,245,0.03,3,0.45,0.1,50,1.5,0.04,1,0.8252730537468063
314,random,uniform,316868,100,243,0.03,3,0.45,0.1,50,1.5,0.06,2,0.7661857051791382
315,random,uniform,317877,100,219,0.03,3,0.45,0.1,50,1.5,0.06,1,0.8087600653060503
316,random,uniform,318886,100,255,0.03,3,0.45,0.1,50,1.5,0.04,1,0.811741537662287
317,random,uniform,319895,100,239,0.03,3,0.45,0.1,50,1.5,0.06,2,0.7851697406438352
318,random,uniform,320904,100,240,0.03,3,0.45,0.1,50,1.5,0.08,4,0.7206728022463428
319,random,uniform,321913,100,256,0.03,3,0.45,0.1,50,1.5,0.03,0,0.8386112206403373
320,random,uniform,322922,100,239,0.03,3,0.45,0.1,50,1.5,0.09,3,0.7090867222357204
321,random,uniform,323931,100,240,0.03,3,0.45,0.1,50,1.5,0.14,4,0.564521199122207
322,random,uniform,324940,100,270,0.03,3,0.45,0.1,50,1.5,0.05,1,0.7822696322416598
323,random,uniform,325949,100,264,0.03,3,0.45,0.1,50,1.5,0.03,0,0.8363267219677053
324,random,uniform,326958,100,217,0.03,3,0.45,0.1,50,1.5,0.03,0,0.8411905190232847
325,random,uniform,327967,100,225,0.03,3,0.45,0.1,50,1.5,0.06,2,0.7756894250256257
326,random,uniform,328976,100,236,0.03,3,0.45,0.1,50,1.5,0.05,1,0.7825301573145674
327,random,uniform,329985,100,242,0.03,3,0.45,0.1,50,1.5,0.07,1,0.7391816535047478
328,random,uniform,330994,100,256,0.03,3,0.45,0.1,50,1.5,0.09,2,0.7021922224990845
329,random,uniform,332003,100,253,0.03,3,0.45,0.1,50,1.5,0.03,0,0.8411415606708598
330,random,uniform,333012,100,253,0.03,3,0.45,0.1,50,1.5,0.04,1,0.8173092514876885
331,random,uniform,334021,100,248,0.03,3,0.45,0.1,50,1.5,0.06,2,0.7526573799357773
332,random,uniform,335030,100,224,0.03,3,0.45,0.1,50,1.5,0.05,1,0.7727386779938086
333,random,uniform,336039,100,234,0.03,3,0.45,0.1,50,1.5,0.08,3,0.7396293323019663
334,random,uniform,337048,100,259,0.03,3,0.45,0.1,50,1.5,0.04,1,0.8112914333891195
335,random,uniform,338057,100,257,0.03,3,0.45,0.1,50,1.5,0.04,1,0.8057844442173692
336,random,uniform,339066,100,277,0.03,3,0.45,0.1,50,1.5,0.06,1,0.7577427017975202
337,random,uniform,340075,100,208,0.03,3,0.45,0.1,50,1.5,0.06,1,0.8002085537536603
338,random,uniform,341084,100,253,0.03,3,0.45,0.1,50,1.5,0.03,0,0.8474944098089716
339,random,uniform,342093,100,255,0.03,3,0.45,0.1,50,1.5,0.05,1,0.7903779656650723
340,random,uniform,343102,100,223,0.03,3,0.45,0.1,50,1.5,0.07,2,0.7392405597286548
341,random,uniform,344111,100,281,0.03,3,0.45,0.1,50,1.5,0.06,1,0.7522607158807534
342,random,uniform,345120,100,233,0.03,3,0.45,0.1,50,1.5,0.03,0,0.8461826509379782
343,random,uniform,346129,100,214,0.03,3,0.45,0.1,50,1.5,0.08,1,0.7384073462953333
344,random,uniform,347138,100,264,0.03,3,0.45,0.1,50,1.5,0.03,0,0.8198470239056374
345,random,uniform,348147,100,271,0.03,3,0.45,0.1,50,1.5,0.04,1,0.8058230577565644
346,random,uniform,349156,100,255,0.03,3,0.45,0.1,50,1.5,0.06,1,0.7715208113729821
347,random,uniform,350165,100,256,0.03,3,0.45,0.1,50,1.5,0.04,1,0.8113380963819626
348,random,uniform,351174,100,251,0.03,3,0.45,0.1,50,1.5,0.06,1,0.7380088779995561
349,random,uniform,352183,100,239,0.03,3,0.45,0.1,50,1.5,0.06,1,0.7828202060135975
350,random,uniform,353192,100,253,0.03,3,0.45,0.1,50,1.5,0.04,1,0.8136202774306796
351,random,uniform,354201,100,256,0.03,3,0.45,0.1,50,1.5,0.04,1,0.8342635653161952
352,random,uniform,355210,100,257,0.03,3,0.45,0.1,50,1.5,0.05,1,0.7824315915592053
353,random,uniform,356219,100,232,0.03,3,0.45,0.1,50,1.5,0.08,2,0.7303399179295372
354,random,uniform,357228,100,240,0.03,3,0.45,0.1,50,1.5,0.06,1,0.7771081961568342
355,random,uniform,358237,100,271,0.03,3,0.45,0.1,50,1.5,0.08,3,0.7020267314121099
356,random,uniform,359246,100,248,0.03,3,0.45,0.1,50,1.5,0.05,1,0.7772230486644547
357,random,uniform,360255,100,265,0.03,3,0.45,0.1,50,1.5,0.04,1,0.8106580285435144
358,random,uniform,361264,100,228,0.03,3,0.45,0.1,50,1.5,0.06,2,0.773903753378342
359,random,uniform,362273,100,249,0.03,3,0.45,0.1,50,1.5,0.06,1,0.7645081267112553
360,random,uniform,363282,100,242,0.03,3,0.45,0.1,50,1.5,0.08,1,0.7134682615417104
361,random,uniform,364291,100,265,0.03,3,0.45,0.1,50,1.5,0.08,3,0.7081506378381571
362,random,uniform,365300,100,229,0.03,3,0.45,0.1,50,1.5,0.07,3,0.7429980495726101
363,random,uniform,366309,100,252,0.03,3,0.45,0.1,50,1.5,0.05,1,0.7700474092709151
364,random,uniform,367318,100,241,0.03,3,0.45,0.1,50,1.5,0.05,1,0.7760114988673323
365,random,uniform,368327,100,278,0.03,3,0.45,0.1,50,1.5,0.07,1,0.7389250367719117
366,random,uniform,369336,100,271,0.03,3,0.45,0.1,50,1.5,0.05,1,0.7781688540212331
367,random,uniform,370345,100,229,0.03,3,0.45,0.1,50,1.5,0.07,1,0.7613391150103022
368,random,uniform,371354,100,243,0.03,3,0.45,0.1,50,1.5,0.08,2,0.7126502865163754
369,random,uniform,372363,100,243,0.03,3,0.45,0.1,50,1.5,0.06,2,0.7780097616612491
370,random,uniform,373372,100,278,0.03,3,0.45,0.1,50,1.5,0.04,1,0.7879193319107509
371,random,uniform,374381,100,227,0.03,3,0.45,0.1,50,1.5,0.04,1,0.8365366443724791
372,random,uniform,375390,100,245,0.03,3,0.45,0.1,50,1.5,0.05,1,0.7783506618473269
373,random,uniform,376399,100,237,0.03,3,0.45,0.1,50,1.5,0.06,1,0.7886914307744375
374,random,uniform,377408,100,243,0.03,3,0.45,0.1,50,1.5,0.07,2,0.7419517632343725
375,random,uniform,378417,100,265,0.03,3,0.45,0.1,50,1.5,0.06,2,0.7517477873315763
376,random,uniform,379426,100,234,0.03,3,0.45,0.1,50,1.5,0.07,1,0.75699924316931
377,random,uniform,380435,100,248,0.03,3,0.45,0.1,50,1.5,0.07,2,0.7567863112330087
378,random,uniform,381444,100,227,0.03,3,0.45,0.1,50,1.5,0.06,1,0.7713192051058866
379,random,uniform,382453,100,254,0.03,3,0.45,0.1,50,1.5,0.05,1,0.790502567896882
380,random,uniform,383462,100,239,0.03,3,0.45,0.1,50,1.5,0.05,1,0.7833602320103406
381,random,uniform,384471,100,248,0.03,3,0.45,0.1,50,1.5,0.04,1,0.820994678773202
382,random,uniform,385480,100,244,0.03,3,0.45,0.1,50,1.5,0.07,1,0.7457323186683539
383,random,uniform,386489,100,236,0.03,3,0.45,0.1,50,1.5,0.06,2,0.7791987586729577
384,random,uniform,387498,100,264,0.03,3,0.45,0.1,50,1.5,0.03,0,0.8371368652673667
385,random,uniform,388507,100,264,0.03,3,0.45,0.1,50,1.5,0.03,0,0.8210276237895429
386,random,uniform,389516,100,254,0.03,3,0.45,0.1,50,1.5,0.06,1,0.7624337809025522
387,random,uniform,390525,100,274,0.03,3,0.45,0.1,50,1.5,0.06,1,0.7537149789535127
388,random,uniform,391534,100,257,0.03,3,0.45,0.1,50,1.5,0.05,1,0.7730910562458252
389,random,uniform,392543,100,263,0.03,3,0.45,0.1,50,1.5,0.1,3,0.6493215653415373
390,random,uniform,393552,100,229,0.03,3,0.45,0.1,50,1.5,0.07,1,0.741099820079063
391,random,uniform,394561,100,239,0.03,3,0.45,0.1,50,1.5,0.04,1,0.8213260350916921
392,random,uniform,395570,100,248,0.03,3,0.45,0.1,50,1.5,0.05,1,0.7896991170927898
393,random,uniform,396579,100,269,0.03,3,0.45,0.1,50,1.5,0.05,1,0.7940776983550841
394,random,uniform,397588,100,254,0.03,3,0.45,0.1,50,1.5,0.04,1,0.820817596344417
395,random,uniform,398597,100,261,0.03,3,0.45,0.1,50,1.5,0.07,2,0.7383102205099914
396,random,uniform,399606,100,226,0.03,3,0.45,0.1,50,1.5,0.04,1,0.8369166385460245
397,random,uniform,400615,100,254,0.03,3,0.45,0.1,50,1.5,0.07,1,0.7479411289164466
398,random,uniform,401624,100,246,0.03,3,0.45,0.1,50,1.5,0.05,1,0.80631155156521
399,random,uniform,402633,100,260,0.03,3,0.45,0.1,50,1.5,0.04,1,0.8166531238053513
400,random,uniform,403642,100,239,0.03,3,0.45,0.1,50,1.5,0.07,1,0.7608128018163066
401,random,uniform,404651,100,235,0.03,3,0.45,0.1,50,1.5,0.03,0,0.8379464441271166
402,random,uniform,405660,100,244,0.03,3,0.45,0.1,50,1.5,0.05,1,0.8055914357050259
403,random,uniform,406669,100,237,0.03,3,0.45,0.1,50,1.5,0.03,0,0.8399596341189206
404,random,uniform,407678,100,264,0.03,3,0.45,0.1,50,1.5,0.05,1,0.7697229989884056
405,random,uniform,408687,100,239,0.03,3,0.45,0.1,50,1.5,0.05,1,0.7967917424938551
406,random,uniform,409696,100,237,0.03,3,0.45,0.1,50,1.5,0.06,1,0.7666528038460185
407,random,uniform,410705,100,240,0.03,3,0.45,0.1,50,1.5,0.09,2,0.7102730466394718
408,random,uniform,411714,100,265,0.03,3,0.45,0.1,50,1.5,0.05,1,0.7763424410444943
409,random,uniform,412723,100,238,0.03,3,0.45,0.1,50,1.5,0.05,2,0.8061616804481767
410,random,uniform,413732,100,234,0.03,3,0.45,0.1,50,1.5,0.09,2,0.7345845679273291
411,random,uniform,414741,100,252,0.03,3,0.45,0.1,50,1.5,0.03,0,0.8510392663325678
412,random,uniform,415750,100,269,0.03,3,0.45,0.1,50,1.5,0.04,1,0.8007283241248282
413,random,uniform,416759,100,256,0.03,3,0.45,0.1,50,1.5,0.04,1,0.8122311906783288
414,random,uniform,417768,100,247,0.03,3,0.45,0.1,50,1.5,0.04,1,0.810450261747064
415,random,uniform,418777,100,255,0.03,3,0.45,0.1,50,1.5,0.1,3,0.6602814058481247
416,random,uniform,419786,100,243,0.03,3,0.45,0.1,50,1.5,0.04,1,0.8295122230291766
417,random,uniform,420795,100,240,0.03,3,0.45,0.1,50,1.5,0.06,1,0.758852084213905
418,random,uniform,421804,100,235,0.03,3,0.45,0.1,50,1.5,0.05,1,0.8099067015558943
419,random,uniform,422813,100,268,0.03,3,0.45,0.1,50,1.5,0.1,2,0.6417844200132383
420,random,uniform,423822,100,225,0.03,3,0.45,0.1,50,1.5,0.07,1,0.7614237116002508
421,random,uniform,424831,100,231,0.03,3,0.45,0.1,50,1.5,0.08,2,0.7349761948032655
422,random,uniform,425840,100,255,0.03,3,0.45,0.1,50,1.5,0.06,1,0.7579176867692266
423,random,uniform,426849,100,224,0.03,3,0.45,0.1,50,1.5,0.05,1,0.8098731948975856
424,random,uniform,427858,100,241,0.03,3,0.45,0.1,50,1.5,0.04,1,0.8234662282394238
425,random,uniform,428867,100,266,0.03,3,0.45,0.1,50,1.5,0.03,0,0.8373728938925344
426,random,uniform,429876,100,264,0.03,3,0.45,0.1,50,1.5,0.08,3,0.7039694520484631
427,random,uniform,430885,100,239,0.03,3,0.45,0.1,50,1.5,0.06,2,0.7661563922982437
428,random,uniform,431894,100,264,0.03,3,0.45,0.1,50,1.5,0.05,1,0.7863926069277326
429,random,uniform,432903,100,249,0.03,3,0.45,0.1,50,1.5,0.03,0,0.8454467974590963
430,random,uniform,433912,100,254,0.03,3,0.45,0.1,50,1.5,0.06,1,0.7655257662266639
431,random,uniform,434921,100,253,0.03,3,0.45,0.1,50,1.5,0.03,0,0.8453482618794875
432,random,uniform,435930,100,255,0.03,3,0.45,0.1,50,1.5,0.04,1,0.8002402309149929
433,random,uniform,436939,100,253,0.03,3,0.45,0.1,50,1.5,0.06,2,0.7931822837346659
434,random,uniform,437948,100,259,0.03,3,0.45,0.1,50,1.5,0.05,1,0.782342231527887
435,random,uniform,438957,100,236,0.03,3,0.45,0.1,50,1.5,0.07,1,0.7671035517008657
436,random,uniform,439966,100,239,0.03,3,0.45,0.1,50,1.5,0.05,1,0.7924405851633967
437,random,uniform,440975,100,243,0.03,3,0.45,0.1,50,1.5,0.07,1,0.7556992606994499
438,random,uniform,441984,100,254,0.03,3,0.45,0.1,50,1.5,0.04,1,0.8179209565749823
439,random,uniform,442993,100,250,0.03,3,0.45,0.1,50,1.5,0.06,1,0.7417614918260632
440,random,uniform,444002,100,242,0.03,3,0.45,0.1,50,1.5,0.04,1,0.8218371145001597
441,random,uniform,445011,100,240,0.03,3,0.45,0.1,50,1.5,0.04,1,0.805973809849693
442,random,uniform,446020,100,248,0.03,3,0.45,0.1,50,1.5,0.04,1,0.7999676103316868
443,random,uniform,447029,100,226,0.03,3,0.45,0.1,50,1.5,0.05,1,0.8041062294274062
444,random,uniform,448038,100,248,0.03,3,0.45,0.1,50,1.5,0.05,1,0.8061053502596234
445,random,uniform,449047,100,257,0.03,3,0.45,0.1,50,1.5,0.04,1,0.8141885874829471
446,random,uniform,450056,100,266,0.03,3,0.45,0.1,50,1.5,0.03,0,0.8279285558392988
447,random,uniform,451065,100,268,0.03,3,0.45,0.1,50,1.5,0.05,1,0.7643389662663301
448,random,uniform,452074,100,253,0.03,3,0.45,0.1,50,1.5,0.05,1,0.798525060348344
449,random,uniform,453083,100,253,0.03,3,0.45,0.1,50,1.5,0.03,0,0.8427979078636382
450,random,uniform,454092,100,232,0.03,3,0.45,0.1,50,1.5,0.06,3,0.7849729380889321
451,random,uniform,455101,100,231,0.03,3,0.45,0.1,50,1.5,0.12,2,0.6516532531288278
452,random,uniform,456110,100,255,0.03,3,0.45,0.1,50,1.5,0.05,1,0.7929515551936075
453,random,uniform,457119,100,248,0.03,3,0.45,0.1,50,1.5,0.03,0,0.840607546918803
454,random,uniform,458128,100,238,0.03,3,0.45,0.1,50,1.5,0.04,1,0.8304817667176401
455,random,uniform,459137,100,257,0.03,3,0.45,0.1,50,1.5,0.05,1,0.7953496870949323
456,random,uniform,460146,100,235,0.03,3,0.45,0.1,50,1.5,0.05,1,0.8141083024577729
457,random,uniform,461155,100,250,0.03,3,0.45,0.1,50,1.5,0.05,1,0.7780844830706785
458,random,uniform,462164,100,264,0.03,3,0.45,0.1,50,1.5,0.04,1,0.8044565892242594
459,random,uniform,463173,100,242,0.03,3,0.45,0.1,50,1.5,0.06,1,0.7764941260058326
460,random,uniform,464182,100,223,0.03,3,0.45,0.1,50,1.5,0.06,1,0.7821748590397071
461,random,uniform,465191,100,231,0.03,3,0.45,0.1,50,1.5,0.04,1,0.8153648052947671
462,random,uniform,466200,100,262,0.03,3,0.45,0.1,50,1.5,0.05,2,0.7784725649948518
463,random,uniform,467209,100,234,0.03,3,0.45,0.1,50,1.5,0.03,0,0.8424338348518521
464,random,uniform,468218,100,244,0.03,3,0.45,0.1,50,1.5,0.06,1,0.7578827027564263
465,random,uniform,469227,100,237,0.03,3,0.45,0.1,50,1.5,0.07,2,0.7655624443072601
466,random,uniform,470236,100,244,0.03,3,0.45,0.1,50,1.5,0.03,0,0.8459684751069133
467,random,uniform,471245,100,240,0.03,3,0.45,0.1,50,1.5,0.06,1,0.7911302641488954
468,random,uniform,472254,100,262,0.03,3,0.45,0.1,50,1.5,0.04,1,0.8010143466964276
469,random,uniform,473263,100,242,0.03,3,0.45,0.1,50,1.5,0.1,2,0.6689549100201382
470,random,uniform,474272,100,225,0.03,3,0.45,0.1,50,1.5,0.1,3,0.7217534988922232
471,random,uniform,475281,100,232,0.03,3,0.45,0.1,50,1.5,0.04,1,0.8293030491591279
472,random,uniform,476290,100,260,0.03,3,0.45,0.1,50,1.5,0.04,1,0.8093960431537686
473,random,uniform,477299,100,262,0.03,3,0.45,0.1,50,1.5,0.04,1,0.8088723838973714
474,random,uniform,478308,100,259,0.03,3,0.45,0.1,50,1.5,0.06,2,0.758429283287269
475,random,uniform,479317,100,233,0.03,3,0.45,0.1,50,1.5,0.08,1,0.735741332010988
476,random,uniform,480326,100,235,0.03,3,0.45,0.1,50,1.5,0.12,4,0.6472758692364732
477,random,uniform,481335,100,233,0.03,3,0.45,0.1,50,1.5,0.09,3,0.7206903469359182
478,random,uniform,482344,100,239,0.03,3,0.45,0.1,50,1.5,0.05,1,0.8038942357783138
479,random,uniform,483353,100,230,0.03,3,0.45,0.1,50,1.5,0.09,2,0.7224615317669142
480,random,uniform,484362,100,229,0.03,3,0.45,0.1,50,1.5,0.08,2,0.7635691326838119
481,random,uniform,485371,100,232,0.03,3,0.45,0.1,50,1.5,0.06,1,0.7963340733653896
482,random,uniform,486380,100,261,0.03,3,0.45,0.1,50,1.5,0.06,2,0.7765443080580451
483,random,uniform,487389,100,211,0.03,3,0.45,0.1,50,1.5,0.1,3,0.6879296111798674
484,random,uniform,488398,100,241,0.03,3,0.45,0.1,50,1.5,0.08,3,0.7294522985406161
485,random,uniform,489407,100,232,0.03,3,0.45,0.1,50,1.5,0.07,1,0.7496747623840321
486,random,uniform,490416,100,240,0.03,3,0.45,0.1,50,1.5,0.06,2,0.7705194636322217
487,random,uniform,491425,100,265,0.03,3,0.45,0.1,50,1.5,0.04,1,0.793844321034152
488,random,uniform,492434,100,242,0.03,3,0.45,0.1,50,1.5,0.07,2,0.7735660106399211
489,random,uniform,493443,100,244,0.03,3,0.45,0.1,50,1.5,0.04,1,0.7894947166126524
490,random,uniform,494452,100,241,0.03,3,0.45,0.1,50,1.5,0.06,3,0.7638535920430175
491,random,uniform,495461,100,231,0.03,3,0.45,0.1,50,1.5,0.04,1,0.8336226782420357
492,random,uniform,496470,100,232,0.03,3,0.45,0.1,50,1.5,0.06,2,0.752586595583127
493,random,uniform,497479,100,256,0.03,3,0.45,0.1,50,1.5,0.04,1,0.8164302338976616
494,random,uniform,498488,100,231,0.03,3,0.45,0.1,50,1.5,0.08,2,0.7455326011737337
495,random,uniform,499497,100,246,0.03,3,0.45,0.1,50,1.5,0.08,1,0.7255818952416164
496,random,uniform,500506,100,249,0.03,3,0.45,0.1,50,1.5,0.07,1,0.729955007556763
497,random,uniform,501515,100,265,0.03,3,0.45,0.1,50,1.5,0.03,0,0.8188051818016971
498,random,uniform,502524,100,224,0.03,3,0.45,0.1,50,1.5,0.07,2,0.7706771244678735
499,random,uniform,503533,100,235,0.03,3,0.45,0.1,50,1.5,0.04,1,0.8271274475733054
500,random,uniform,504542,100,219,0.03,3,0.45,0.1,50,1.5,0.05,1,0.7949875158876926
501,random,uniform,505551,100,264,0.03,3,0.45,0.1,50,1.5,0.06,2,0.760087057331145
502,random,uniform,506560,100,249,0.03,3,0.45,0.1,50,1.5,0.05,2,0.7827646154137189
503,random,uniform,507569,100,249,0.03,3,0.45,0.1,50,1.5,0.09,2,0.7157709329411316
504,random,uniform,508578,100,228,0.03,3,0.45,0.1,50,1.5,0.04,1,0.8376309311383888
505,random,uniform,509587,100,254,0.03,3,0.45,0.1,50,1.5,0.03,0,0.8418951032012651
506,random,uniform,510596,100,231,0.03,3,0.45,0.1,50,1.5,0.03,0,0.8364633094317795
507,random,uniform,511605,100,249,0.03,3,0.45,0.1,50,1.5,0.07,1,0.7327334713102119
508,random,uniform,512614,100,252,0.03,3,0.45,0.1,50,1.5,0.09,3,0.670803309408355
509,random,uniform,513623,100,246,0.03,3,0.45,0.1,50,1.5,0.06,2,0.7945629141108428
510,random,uniform,514632,100,244,0.03,3,0.45,0.1,50,1.5,0.04,1,0.8194129083151914
511,random,uniform,515641,100,229,0.03,3,0.45,0.1,50,1.5,0.03,0,0.8398463647567478
512,random,uniform,516650,100,234,0.03,3,0.45,0.1,50,1.5,0.1,3,0.6962804372118473
513,random,uniform,517659,100,261,0.03,3,0.45,0.1,50,1.5,0.05,1,0.7898682649685727
514,random,uniform,518668,100,256,0.03,3,0.45,0.1,50,1.5,0.03,0,0.8339649281857601
515,random,uniform,519677,100,238,0.03,3,0.45,0.1,50,1.5,0.05,1,0.7870526803742997
516,random,uniform,520686,100,248,0.03,3,0.45,0.1,50,1.5,0.05,1,0.7759171469700682
517,random,uniform,521695,100,247,0.03,3,0.45,0.1,50,1.5,0.11,2,0.64348782010107
518,random,uniform,522704,100,259,0.03,3,0.45,0.1,50,1.5,0.03,0,0.8442314221614927
519,random,uniform,523713,100,237,0.03,3,0.45,0.1,50,1.5,0.05,1,0.8173922256358438
520,random,uniform,524722,100,251,0.03,3,0.45,0.1,50,1.5,0.06,2,0.7562818841531341
521,random,uniform,525731,100,265,0.03,3,0.45,0.1,50,1.5,0.07,2,0.7325738801447415
522,random,uniform,526740,100,287,0.03,3,0.45,0.1,50,1.5,0.06,2,0.710289959106688
523,random,uniform,527749,100,255,0.03,3,0.45,0.1,50,1.5,0.07,2,0.7233181401326063
524,random,uniform,528758,100,241,0.03,3,0.45,0.1,50,1.5,0.08,1,0.7238498442572114
525,random,uniform,529767,100,260,0.03,3,0.45,0.1,50,1.5,0.11,3,0.6027713090143949
526,random,uniform,530776,100,249,0.03,3,0.45,0.1,50,1.5,0.03,0,0.8453276079245465
527,random,uniform,531785,100,233,0.03,3,0.45,0.1,50,1.5,0.05,1,0.7869765790689957
528,random,uniform,532794,100,275,0.03,3,0.45,0.1,50,1.5,0.06,1,0.7527261080924351
529,random,uniform,533803,100,223,0.03,3,0.45,0.1,50,1.5,0.06,2,0.778139654678131
530,random,uniform,534812,100,241,0.03,3,0.45,0.1,50,1.5,0.03,0,0.8368622278166014
531,random,uniform,535821,100,241,0.03,3,0.45,0.1,50,1.5,0.05,1,0.8023745920124011
532,random,uniform,536830,100,242,0.03,3,0.45,0.1,50,1.5,0.1,4,0.6741247436078794
533,random,uniform,537839,100,259,0.03,3,0.45,0.1,50,1.5,0.04,1,0.7987402224112471
534,random,uniform,538848,100,248,0.03,3,0.45,0.1,50,1.5,0.04,1,0.8232695054885548
535,random,uniform,539857,100,284,0.03,3,0.45,0.1,50,1.5,0.05,1,0.7789288124835012
536,random,uniform,540866,100,216,0.03,3,0.45,0.1,50,1.5,0.06,1,0.7671484365955227
537,random,uniform,541875,100,242,0.03,3,0.45,0.1,50,1.5,0.05,1,0.8060078229745341
538,random,uniform,542884,100,227,0.03,3,0.45,0.1,50,1.5,0.04,1,0.8190315781493244
539,random,uniform,543893,100,221,0.03,3,0.45,0.1,50,1.5,0.07,2,0.763831400540524
540,random,uniform,544902,100,262,0.03,3,0.45,0.1,50,1.5,0.04,1,0.8080736387130879
541,random,uniform,545911,100,251,0.03,3,0.45,0.1,50,1.5,0.1,3,0.6869677419727839
542,random,uniform,546920,100,243,0.03,3,0.45,0.1,50,1.5,0.03,0,0.8386332416484281
543,random,uniform,547929,100,261,0.03,3,0.45,0.1,50,1.5,0.06,1,0.7569628063687778
544,random,uniform,548938,100,276,0.03,3,0.45,0.1,50,1.5,0.05,2,0.7753763506344469
545,random,uniform,549947,100,246,0.03,3,0.45,0.1,50,1.5,0.06,2,0.7699228315406482
546,random,uniform,550956,100,260,0.03,3,0.45,0.1,50,1.5,0.05,2,0.7903144313274473
547,random,uniform,551965,100,241,0.03,3,0.45,0.1,50,1.5,0.09,3,0.6900825777768422
548,random,uniform,552974,100,242,0.03,3,0.45,0.1,50,1.5,0.05,2,0.7792530119832551
549,random,uniform,553983,100,239,0.03,3,0.45,0.1,50,1.5,0.04,1,0.8092702688718374
550,random,uniform,554992,100,254,0.03,3,0.45,0.1,50,1.5,0.13,3,0.6074959495035686
551,random,uniform,556001,100,225,0.03,3,0.45,0.1,50,1.5,0.07,2,0.7646029181512703
552,random,uniform,557010,100,248,0.03,3,0.45,0.1,50,1.5,0.03,0,0.8299853437374649
553,random,uniform,558019,100,265,0.03,3,0.45,0.1,50,1.5,0.06,2,0.764848355637929
554,random,uniform,559028,100,254,0.03,3,0.45,0.1,50,1.5,0.05,2,0.796721942796533
555,random,uniform,560037,100,256,0.03,3,0.45,0.1,50,1.5,0.04,1,0.8098682708017415
556,random,uniform,561046,100,235,0.03,3,0.45,0.1,50,1.5,0.05,1,0.803966446385368
557,random,uniform,562055,100,233,0.03,3,0.45,0.1,50,1.5,0.1,3,0.6992668401357727
558,random,uniform,563064,100,255,0.03,3,0.45,0.1,50,1.5,0.05,1,0.7908947991676075
559,random,uniform,564073,100,228,0.03,3,0.45,0.1,50,1.5,0.05,1,0.810874115963086
560,random,uniform,565082,100,246,0.03,3,0.45,0.1,50,1.5,0.04,1,0.8092680667980734
561,random,uniform,566091,100,229,0.03,3,0.45,0.1,50,1.5,0.05,1,0.8325544408175195
562,random,uniform,567100,100,261,0.03,3,0.45,0.1,50,1.5,0.08,2,0.7067880241485288
563,random,uniform,568109,100,268,0.03,3,0.45,0.1,50,1.5,0.05,1,0.7822616577161824
564,random,uniform,569118,100,225,0.03,3,0.45,0.1,50,1.5,0.05,1,0.8112761098757798
565,random,uniform,570127,100,220,0.03,3,0.45,0.1,50,1.5,0.07,1,0.7578733636038986
566,random,uniform,571136,100,243,0.03,3,0.45,0.1,50,1.5,0.07,2,0.7488308869208875
567,random,uniform,572145,100,253,0.03,3,0.45,0.1,50,1.5,0.03,0,0.8457127283320156
568,random,uniform,573154,100,239,0.03,3,0.45,0.1,50,1.5,0.07,2,0.7476828814717698
569,random,uniform,574163,100,250,0.03,3,0.45,0.1,50,1.5,0.04,1,0.8188626954727717
570,random,uniform,575172,100,266,0.03,3,0.45,0.1,50,1.5,0.04,1,0.7710822842240431
571,random,uniform,576181,100,249,0.03,3,0.45,0.1,50,1.5,0.08,1,0.7353449190575151
572,random,uniform,577190,100,248,0.03,3,0.45,0.1,50,1.5,0.07,2,0.7442723188153997
573,random,uniform,578199,100,227,0.03,3,0.45,0.1,50,1.5,0.06,2,0.7853158475829543
574,random,uniform,579208,100,241,0.03,3,0.45,0.1,50,1.5,0.03,0,0.8461651575389866
575,random,uniform,580217,100,226,0.03,3,0.45,0.1,50,1.5,0.05,1,0.7945323343973892
576,random,uniform,581226,100,270,0.03,3,0.45,0.1,50,1.5,0.06,3,0.7453181723794766
577,random,uniform,582235,100,224,0.03,3,0.45,0.1,50,1.5,0.09,2,0.7371655965141214
578,random,uniform,583244,100,279,0.03,3,0.45,0.1,50,1.5,0.05,2,0.7776864923427835
579,random,uniform,584253,100,228,0.03,3,0.45,0.1,50,1.5,0.04,1,0.8357933630043758
580,random,uniform,585262,100,245,0.03,3,0.45,0.1,50,1.5,0.03,0,0.8438166054427657
581,random,uniform,586271,100,243,0.03,3,0.45,0.1,50,1.5,0.05,1,0.8058480606708364
582,random,uniform,587280,100,240,0.03,3,0.45,0.1,50,1.5,0.08,2,0.7564332349237053
583,random,uniform,588289,100,264,0.03,3,0.45,0.1,50,1.5,0.04,1,0.8038211499173478
584,random,uniform,589298,100,249,0.03,3,0.45,0.1,50,1.5,0.06,2,0.7825108728868487
585,random,uniform,590307,100,291,0.03,3,0.45,0.1,50,1.5,0.05,1,0.7462098627281368
586,random,uniform,591316,100,246,0.03,3,0.45,0.1,50,1.5,0.07,3,0.717600238653988
587,random,uniform,592325,100,255,0.03,3,0.45,0.1,50,1.5,0.04,1,0.7924205940068632
588,random,uniform,593334,100,295,0.03,3,0.45,0.1,50,1.5,0.03,0,0.8189795499680023
589,random,uniform,594343,100,223,0.03,3,0.45,0.1,50,1.5,0.07,2,0.7613813717151021
590,random,uniform,595352,100,212,0.03,3,0.45,0.1,50,1.5,0.04,1,0.8308926050889852
591,random,uniform,596361,100,274,0.03,3,0.45,0.1,50,1.5,0.03,0,0.8303076748062478
592,random,uniform,597370,100,258,0.03,3,0.45,0.1,50,1.5,0.06,1,0.7790404185978452
593,random,uniform,598379,100,270,0.03,3,0.45,0.1,50,1.5,0.06,1,0.7706569787532235
594,random,uniform,599388,100,264,0.03,3,0.45,0.1,50,1.5,0.05,1,0.7883654925474416
595,random,uniform,600397,100,260,0.03,3,0.45,0.1,50,1.5,0.05,1,0.7925785095048673
596,random,uniform,601406,100,240,0.03,3,0.45,0.1,50,1.5,0.06,1,0.7632636498507231
597,random,uniform,602415,100,235,0.03,3,0.45,0.1,50,1.5,0.06,1,0.7896487116383923
598,random,uniform,603424,100,259,0.03,3,0.45,0.1,50,1.5,0.05,2,0.7738053356595905
599,random,uniform,604433,100,241,0.03,3,0.45,0.1,50,1.5,0.04,1,0.8090379123418303
600,random,uniform,605442,100,254,0.03,3,0.45,0.1,50,1.5,0.04,1,0.8113626127214953
601,random,uniform,606451,100,254,0.03,3,0.45,0.1,50,1.5,0.03,0,0.830439631692977
602,random,uniform,607460,100,226,0.03,3,0.45,0.1,50,1.5,0.05,1,0.8030554293888582
603,random,uniform,608469,100,281,0.03,3,0.45,0.1,50,1.5,0.05,1,0.7509120589695893
604,random,uniform,609478,100,245,0.03,3,0.45,0.1,50,1.5,0.06,1,0.7563548365613063
605,random,uniform,610487,100,261,0.03,3,0.45,0.1,50,1.5,0.04,1,0.8053641392237064
606,random,uniform,611496,100,252,0.03,3,0.45,0.1,50,1.5,0.04,1,0.80810131560857
607,random,uniform,612505,100,229,0.03,3,0.45,0.1,50,1.5,0.03,0,0.8463240592688287
608,random,uniform,613514,100,232,0.03,3,0.45,0.1,50,1.5,0.07,2,0.7548244396720196
609,random,uniform,614523,100,235,0.03,3,0.45,0.1,50,1.5,0.05,2,0.8093532433183392
610,random,uniform,615532,100,241,0.03,3,0.45,0.1,50,1.5,0.05,1,0.7849988498807715
611,random,uniform,616541,100,228,0.03,3,0.45,0.1,50,1.5,0.05,1,0.802420273846085
612,random,uniform,617550,100,214,0.03,3,0.45,0.1,50,1.5,0.09,2,0.7325257903218286
613,random,uniform,618559,100,242,0.03,3,0.45,0.1,50,1.5,0.06,1,0.7809961777686106
614,random,uniform,619568,100,239,0.03,3,0.45,0.1,50,1.5,0.16,6,0.5874753829858921
615,random,uniform,620577,100,226,0.03,3,0.45,0.1,50,1.5,0.06,1,0.7914968891833339
616,random,uniform,621586,100,245,0.03,3,0.45,0.1,50,1.5,0.03,0,0.8521544054209387
617,random,uniform,622595,100,237,0.03,3,0.45,0.1,50,1.5,0.07,1,0.7746007320838831
618,random,uniform,623604,100,262,0.03,3,0.45,0.1,50,1.5,0.03,0,0.8335055481812378
619,random,uniform,624613,100,252,0.03,3,0.45,0.1,50,1.5,0.04,1,0.8184273731212983
620,random,uniform,625622,100,257,0.03,3,0.45,0.1,50,1.5,0.06,2,0.7506900689691737
621,random,uniform,626631,100,235,0.03,3,0.45,0.1,50,1.5,0.03,0,0.8369746347675874
622,random,uniform,627640,100,245,0.03,3,0.45,0.1,50,1.5,0.06,3,0.7565028674947075
623,random,uniform,628649,100,221,0.03,3,0.45,0.1,50,1.5,0.05,2,0.8042345137831264
624,random,uniform,629658,100,248,0.03,3,0.45,0.1,50,1.5,0.03,0,0.8387113944553303
625,random,uniform,630667,100,230,0.03,3,0.45,0.1,50,1.5,0.09,2,0.729645329403088
626,random,uniform,631676,100,256,0.03,3,0.45,0.1,50,1.5,0.03,0,0.8362371937223989
627,random,uniform,632685,100,256,0.03,3,0.45,0.1,50,1.5,0.07,1,0.7588113756684958
628,random,uniform,633694,100,262,0.03,3,0.45,0.1,50,1.5,0.04,1,0.8006674965029298
629,random,uniform,634703,100,223,0.03,3,0.45,0.1,50,1.5,0.07,1,0.7584965348374939
630,random,uniform,635712,100,223,0.03,3,0.45,0.1,50,1.5,0.05,1,0.8064767428563409
631,random,uniform,636721,100,230,0.03,3,0.45,0.1,50,1.5,0.08,2,0.7167441441629769
632,random,uniform,637730,100,244,0.03,3,0.45,0.1,50,1.5,0.09,2,0.7115400712255011
633,random,uniform,638739,100,259,0.03,3,0.45,0.1,50,1.5,0.04,1,0.8046098344651798
634,random,uniform,639748,100,259,0.03,3,0.45,0.1,50,1.5,0.09,1,0.7221538102705632
635,random,uniform,640757,100,214,0.03,3,0.45,0.1,50,1.5,0.06,1,0.8170087720582933
636,random,uniform,641766,100,275,0.03,3,0.45,0.1,50,1.5,0.05,1,0.7593831381352235
637,random,uniform,642775,100,238,0.03,3,0.45,0.1,50,1.5,0.05,1,0.7983860927997953
638,random,uniform,643784,100,228,0.03,3,0.45,0.1,50,1.5,0.06,1,0.7987925842971992
639,random,uniform,644793,100,257,0.03,3,0.45,0.1,50,1.5,0.05,1,0.7748273998158512
640,random,uniform,645802,100,259,0.03,3,0.45,0.1,50,1.5,0.04,1,0.8003854193923762
641,random,uniform,646811,100,259,0.03,3,0.45,0.1,50,1.5,0.04,1,0.8041143340692528
642,random,uniform,647820,100,243,0.03,3,0.45,0.1,50,1.5,0.06,1,0.7675421175086136
643,random,uniform,648829,100,224,0.03,3,0.45,0.1,50,1.5,0.05,1,0.8138857290862654
644,random,uniform,649838,100,234,0.03,3,0.45,0.1,50,1.5,0.05,1,0.7939296900986575
645,random,uniform,650847,100,244,0.03,3,0.45,0.1,50,1.5,0.04,1,0.8195128109479495
646,random,uniform,651856,100,215,0.03,3,0.45,0.1,50,1.5,0.06,1,0.7666185009612729
647,random,uniform,652865,100,237,0.03,3,0.45,0.1,50,1.5,0.07,1,0.7391403386976179
648,random,uniform,653874,100,259,0.03,3,0.45,0.1,50,1.5,0.05,2,0.7637330206362052
649,random,uniform,654883,100,235,0.03,3,0.45,0.1,50,1.5,0.04,1,0.8272444215043349
650,random,uniform,655892,100,244,0.03,3,0.45,0.1,50,1.5,0.12,3,0.6183911134715852
651,random,uniform,656901,100,269,0.03,3,0.45,0.1,50,1.5,0.05,1,0.7905225997976139
652,random,uniform,657910,100,237,0.03,3,0.45,0.1,50,1.5,0.05,1,0.7911028598232666
653,random,uniform,658919,100,259,0.03,3,0.45,0.1,50,1.5,0.05,1,0.7676082379047331
654,random,uniform,659928,100,261,0.03,3,0.45,0.1,50,1.5,0.09,2,0.695737188400936
655,random,uniform,660937,100,262,0.03,3,0.45,0.1,50,1.5,0.04,1,0.8177357746250027
656,random,uniform,661946,100,229,0.03,3,0.45,0.1,50,1.5,0.07,2,0.765463994941694
657,random,uniform,662955,100,278,0.03,3,0.45,0.1,50,1.5,0.08,4,0.6700702030910507
658,random,uniform,663964,100,254,0.03,3,0.45,0.1,50,1.5,0.03,0,0.8288265966476618
659,random,uniform,664973,100,250,0.03,3,0.45,0.1,50,1.5,0.03,0,0.8270860171440946
660,random,uniform,665982,100,258,0.03,3,0.45,0.1,50,1.5,0.05,1,0.793860221192627
661,random,uniform,666991,100,230,0.03,3,0.45,0.1,50,1.5,0.06,1,0.7650038929263155
662,random,uniform,668000,100,270,0.03,3,0.45,0.1,50,1.5,0.04,1,0.803391057653119
663,random,uniform,669009,100,249,0.03,3,0.45,0.1,50,1.5,0.03,0,0.8361851454228669
664,random,uniform,670018,100,257,0.03,3,0.45,0.1,50,1.5,0.03,0,0.8329908940754922
665,random,uniform,671027,100,221,0.03,3,0.45,0.1,50,1.5,0.09,2,0.7361230107613344
666,random,uniform,672036,100,247,0.03,3,0.45,0.1,50,1.5,0.08,1,0.7420846697975739
667,random,uniform,673045,100,226,0.03,3,0.45,0.1,50,1.5,0.11,3,0.6638519161144728
668,random,uniform,674054,100,270,0.03,3,0.45,0.1,50,1.5,0.03,0,0.8338942603925951
669,random,uniform,675063,100,255,0.03,3,0.45,0.1,50,1.5,0.05,1,0.7912483573148457
670,random,uniform,676072,100,272,0.03,3,0.45,0.1,50,1.5,0.06,2,0.7438629054705831
671,random,uniform,677081,100,275,0.03,3,0.45,0.1,50,1.5,0.04,1,0.7920759486723119
672,random,uniform,678090,100,253,0.03,3,0.45,0.1,50,1.5,0.04,1,0.8150243964952881
673,random,uniform,679099,100,260,0.03,3,0.45,0.1,50,1.5,0.03,0,0.8216038731084098
674,random,uniform,680108,100,262,0.03,3,0.45,0.1,50,1.5,0.03,0,0.8392067918830102
675,random,uniform,681117,100,270,0.03,3,0.45,0.1,50,1.5,0.07,2,0.7219931023702223
676,random,uniform,682126,100,229,0.03,3,0.45,0.1,50,1.5,0.05,1,0.7970091766003068
677,random,uniform,683135,100,277,0.03,3,0.45,0.1,50,1.5,0.06,3,0.7593182440168094
678,random,uniform,684144,100,242,0.03,3,0.45,0.1,50,1.5,0.04,1,0.8304744725948648
679,random,uniform,685153,100,256,0.03,3,0.45,0.1,50,1.5,0.06,1,0.7548401015848849
680,random,uniform,686162,100,252,0.03,3,0.45,0.1,50,1.5,0.05,1,0.7915631152335202
681,random,uniform,687171,100,270,0.03,3,0.45,0.1,50,1.5,0.03,0,0.8409228976158124
682,random,uniform,688180,100,256,0.03,3,0.45,0.1,50,1.5,0.04,1,0.7970298583049015
683,random,uniform,689189,100,250,0.03,3,0.45,0.1,50,1.5,0.03,0,0.8306036254718296
684,random,uniform,690198,100,236,0.03,3,0.45,0.1,50,1.5,0.07,1,0.7495070287774425
685,random,uniform,691207,100,234,0.03,3,0.45,0.1,50,1.5,0.09,3,0.7215978059845161
686,random,uniform,692216,100,250,0.03,3,0.45,0.1,50,1.5,0.04,1,0.8044770015711888
687,random,uniform,693225,100,261,0.03,3,0.45,0.1,50,1.5,0.03,0,0.8329292988623712
688,random,uniform,694234,100,260,0.03,3,0.45,0.1,50,1.5,0.04,1,0.8068527395170042
689,random,uniform,695243,100,261,0.03,3,0.45,0.1,50,1.5,0.05,1,0.7950248878053032
690,random,uniform,696252,100,225,0.03,3,0.45,0.1,50,1.5,0.1,3,0.7041732297026689
691,random,uniform,697261,100,261,0.03,3,0.45,0.1,50,1.5,0.04,1,0.8077296580015133
692,random,uniform,698270,100,247,0.03,3,0.45,0.1,50,1.5,0.07,2,0.7719023679495113
693,random,uniform,699279,100,262,0.03,3,0.45,0.1,50,1.5,0.08,2,0.7110352428845489
694,random,uniform,700288,100,240,0.03,3,0.45,0.1,50,1.5,0.05,1,0.7780190550471886
695,random,uniform,701297,100,258,0.03,3,0.45,0.1,50,1.5,0.05,1,0.8019084294243141
696,random,uniform,702306,100,259,0.03,3,0.45,0.1,50,1.5,0.04,1,0.8044029527568901
697,random,uniform,703315,100,234,0.03,3,0.45,0.1,50,1.5,0.11,2,0.6517978578839628
698,random,uniform,704324,100,252,0.03,3,0.45,0.1,50,1.5,0.04,1,0.8052107910145405
699,random,uniform,705333,100,237,0.03,3,0.45,0.1,50,1.5,0.05,1,0.7831333962289654
700,random,uniform,706342,100,264,0.03,3,0.45,0.1,50,1.5,0.05,2,0.780523059821195
701,random,uniform,707351,100,252,0.03,3,0.45,0.1,50,1.5,0.05,1,0.7719965616188563
702,random,uniform,708360,100,230,0.03,3,0.45,0.1,50,1.5,0.04,1,0.8150405955856508
703,random,uniform,709369,100,263,0.03,3,0.45,0.1,50,1.5,0.04,1,0.8036657026026636
704,random,uniform,710378,100,241,0.03,3,0.45,0.1,50,1.5,0.08,1,0.7329099437933171
705,random,uniform,711387,100,253,0.03,3,0.45,0.1,50,1.5,0.07,1,0.7506801663245856
706,random,uniform,712396,100,213,0.03,3,0.45,0.1,50,1.5,0.07,3,0.7722757645301548
707,random,uniform,713405,100,243,0.03,3,0.45,0.1,50,1.5,0.04,1,0.820377475803142
708,random,uniform,714414,100,229,0.03,3,0.45,0.1,50,1.5,0.07,2,0.7755182947503378
709,random,uniform,715423,100,255,0.03,3,0.45,0.1,50,1.5,0.07,2,0.7380516592895502
710,random,uniform,716432,100,239,0.03,3,0.45,0.1,50,1.5,0.03,0,0.832013699409275
711,random,uniform,717441,100,253,0.03,3,0.45,0.1,50,1.5,0.09,2,0.6470294623336611
712,random,uniform,718450,100,249,0.03,3,0.45,0.1,50,1.5,0.07,3,0.7334312542638716
713,random,uniform,719459,100,233,0.03,3,0.45,0.1,50,1.5,0.09,4,0.7390961469607231
714,random,uniform,720468,100,241,0.03,3,0.45,0.1,50,1.5,0.04,1,0.8278387513390792
715,random,uniform,721477,100,236,0.03,3,0.45,0.1,50,1.5,0.04,1,0.8251526949473168
716,random,uniform,722486,100,229,0.03,3,0.45,0.1,50,1.5,0.05,1,0.7803300364897379
717,random,uniform,723495,100,272,0.03,3,0.45,0.1,50,1.5,0.04,1,0.7925678771561425
718,random,uniform,724504,100,248,0.03,3,0.45,0.1,50,1.5,0.05,1,0.7995818778428597
719,random,uniform,725513,100,227,0.03,3,0.45,0.1,50,1.5,0.07,2,0.770672133134595
720,random,uniform,726522,100,225,0.03,3,0.45,0.1,50,1.5,0.05,2,0.8014355969513128
721,random,uniform,727531,100,219,0.03,3,0.45,0.1,50,1.5,0.03,0,0.8495184135844499
722,random,uniform,728540,100,256,0.03,3,0.45,0.1,50,1.5,0.04,1,0.7992208407024155
723,random,uniform,729549,100,268,0.03,3,0.45,0.1,50,1.5,0.05,2,0.7841778474434875
724,random,uniform,730558,100,254,0.03,3,0.45,0.1,50,1.5,0.06,1,0.7601306848117297
725,random,uniform,731567,100,272,0.03,3,0.45,0.1,50,1.5,0.04,1,0.8071414461273565
726,random,uniform,732576,100,223,0.03,3,0.45,0.1,50,1.5,0.07,1,0.7746481951368093
727,random,uniform,733585,100,244,0.03,3,0.45,0.1,50,1.5,0.06,1,0.7693798406780146
728,random,uniform,734594,100,248,0.03,3,0.45,0.1,50,1.5,0.07,1,0.7395741908950307
729,random,uniform,735603,100,243,0.03,3,0.45,0.1,50,1.5,0.1,2,0.7010144684595138
730,random,uniform,736612,100,240,0.03,3,0.45,0.1,50,1.5,0.08,2,0.7278198581918567
731,random,uniform,737621,100,243,0.03,3,0.45,0.1,50,1.5,0.08,3,0.7260792241623577
732,random,uniform,738630,100,242,0.03,3,0.45,0.1,50,1.5,0.05,1,0.7884769189407994
733,random,uniform,739639,100,262,0.03,3,0.45,0.1,50,1.5,0.05,2,0.8024002157530075
734,random,uniform,740648,100,266,0.03,3,0.45,0.1,50,1.5,0.08,2,0.729909182612166
735,random,uniform,741657,100,241,0.03,3,0.45,0.1,50,1.5,0.04,1,0.8083303159548596
736,random,uniform,742666,100,246,0.03,3,0.45,0.1,50,1.5,0.04,1,0.8274491039240424
737,random,uniform,743675,100,262,0.03,3,0.45,0.1,50,1.5,0.06,2,0.7480512179826961
738,random,uniform,744684,100,236,0.03,3,0.45,0.1,50,1.5,0.05,1,0.7852575436436828
739,random,uniform,745693,100,237,0.03,3,0.45,0.1,50,1.5,0.06,1,0.7920203454027128
740,random,uniform,746702,100,238,0.03,3,0.45,0.1,50,1.5,0.06,1,0.7897966219864895
741,random,uniform,747711,100,234,0.03,3,0.45,0.1,50,1.5,0.09,2,0.7172677761521217
742,random,uniform,748720,100,253,0.03,3,0.45,0.1,50,1.5,0.07,1,0.7530400563255963
743,random,uniform,749729,100,231,0.03,3,0.45,0.1,50,1.5,0.04,1,0.8246650837504432
744,random,uniform,750738,100,229,0.03,3,0.45,0.1,50,1.5,0.08,2,0.7357295914480446
745,random,uniform,751747,100,228,0.03,3,0.45,0.1,50,1.5,0.08,2,0.735824176528911
746,random,uniform,752756,100,239,0.03,3,0.45,0.1,50,1.5,0.05,1,0.783771248392396
747,random,uniform,753765,100,254,0.03,3,0.45,0.1,50,1.5,0.06,1,0.7607588142161404
748,random,uniform,754774,100,259,0.03,3,0.45,0.1,50,1.5,0.04,1,0.8001415322045218
749,random,uniform,755783,100,254,0.03,3,0.45,0.1,50,1.5,0.04,1,0.8186358146357945
750,random,uniform,756792,100,239,0.03,3,0.45,0.1,50,1.5,0.06,2,0.7711732409931973
751,random,uniform,757801,100,265,0.03,3,0.45,0.1,50,1.5,0.07,2,0.7146714718860625
752,random,uniform,758810,100,239,0.03,3,0.45,0.1,50,1.5,0.04,1,0.8033293745172826
753,random,uniform,759819,100,259,0.03,3,0.45,0.1,50,1.5,0.04,1,0.801476897351969
754,random,uniform,760828,100,224,0.03,3,0.45,0.1,50,1.5,0.06,1,0.7653242758080673
755,random,uniform,761837,100,235,0.03,3,0.45,0.1,50,1.5,0.03,0,0.8481958409297821
756,random,uniform,762846,100,243,0.03,3,0.45,0.1,50,1.5,0.07,1,0.7643041277402536
757,random,uniform,763855,100,267,0.03,3,0.45,0.1,50,1.5,0.04,1,0.7927056285220553
758,random,uniform,764864,100,249,0.03,3,0.45,0.1,50,1.5,0.06,1,0.7832590725650396
759,random,uniform,765873,100,258,0.03,3,0.45,0.1,50,1.5,0.04,1,0.8177631809397815
760,random,uniform,766882,100,241,0.03,3,0.45,0.1,50,1.5,0.04,1,0.8100383797560005
761,random,uniform,767891,100,228,0.03,3,0.45,0.1,50,1.5,0.06,1,0.7932174983324852
762,random,uniform,768900,100,243,0.03,3,0.45,0.1,50,1.5,0.1,4,0.6865384874416144
763,random,uniform,769909,100,231,0.03,3,0.45,0.1,50,1.5,0.04,1,0.8260603183407882
764,random,uniform,770918,100,279,0.03,3,0.45,0.1,50,1.5,0.03,0,0.8168283099895074
765,random,uniform,771927,100,249,0.03,3,0.45,0.1,50,1.5,0.1,4,0.675797859390849
766,random,uniform,772936,100,242,0.03,3,0.45,0.1,50,1.5,0.03,0,0.8339394533640426
767,random,uniform,773945,100,253,0.03,3,0.45,0.1,50,1.5,0.07,3,0.7379723927810189
768,random,uniform,774954,100,251,0.03,3,0.45,0.1,50,1.5,0.04,1,0.8345355111814549
769,random,uniform,775963,100,223,0.03,3,0.45,0.1,50,1.5,0.07,1,0.7749668116311935
770,random,uniform,776972,100,241,0.03,3,0.45,0.1,50,1.5,0.04,1,0.8171682774036144
771,random,uniform,777981,100,260,0.03,3,0.45,0.1,50,1.5,0.03,0,0.8271194384512145
772,random,uniform,778990,100,235,0.03,3,0.45,0.1,50,1.5,0.09,2,0.7032736294239725
773,random,uniform,779999,100,244,0.03,3,0.45,0.1,50,1.5,0.08,3,0.7105498754569539
774,random,uniform,781008,100,239,0.03,3,0.45,0.1,50,1.5,0.03,0,0.825891420845122
775,random,uniform,782017,100,243,0.03,3,0.45,0.1,50,1.5,0.04,1,0.824325658360094
776,random,uniform,783026,100,276,0.03,3,0.45,0.1,50,1.5,0.04,1,0.8014264992681945
777,random,uniform,784035,100,216,0.03,3,0.45,0.1,50,1.5,0.07,1,0.7597629977687933
778,random,uniform,785044,100,231,0.03,3,0.45,0.1,50,1.5,0.05,1,0.8041923238734501
779,random,uniform,786053,100,233,0.03,3,0.45,0.1,50,1.5,0.06,1,0.7789730250686125
780,random,uniform,787062,100,239,0.03,3,0.45,0.1,50,1.5,0.07,2,0.7514513524135091
781,random,uniform,788071,100,258,0.03,3,0.45,0.1,50,1.5,0.06,3,0.7606903690380368
782,random,uniform,789080,100,246,0.03,3,0.45,0.1,50,1.5,0.05,2,0.7962555965610519
783,random,uniform,790089,100,210,0.03,3,0.45,0.1,50,1.5,0.08,2,0.7187742522549943
784,random,uniform,791098,100,254,0.03,3,0.45,0.1,50,1.5,0.04,1,0.793337525491094
785,random,uniform,792107,100,233,0.03,3,0.45,0.1,50,1.5,0.08,2,0.7631650779832446
786,random,uniform,793116,100,255,0.03,3,0.45,0.1,50,1.5,0.06,1,0.766106874869008
787,random,uniform,794125,100,253,0.03,3,0.45,0.1,50,1.5,0.05,1,0.7705133239552727
788,random,uniform,795134,100,232,0.03,3,0.45,0.1,50,1.5,0.07,3,0.7660935001674403
789,random,uniform,796143,100,257,0.03,3,0.45,0.1,50,1.5,0.03,0,0.8304329520776591
790,random,uniform,797152,100,251,0.03,3,0.45,0.1,50,1.5,0.05,1,0.8022301329910956
791,random,uniform,798161,100,247,0.03,3,0.45,0.1,50,1.5,0.03,0,0.8461132122077012
792,random,uniform,799170,100,260,0.03,3,0.45,0.1,50,1.5,0.04,1,0.803693943938057
793,random,uniform,800179,100,247,0.03,3,0.45,0.1,50,1.5,0.04,1,0.8099152043752889
794,random,uniform,801188,100,217,0.03,3,0.45,0.1,50,1.5,0.07,1,0.7621615917433143
795,random,uniform,802197,100,250,0.03,3,0.45,0.1,50,1.5,0.04,1,0.8095238135729711
796,random,uniform,803206,100,246,0.03,3,0.45,0.1,50,1.5,0.03,0,0.8403159509347353
797,random,uniform,804215,100,247,0.03,3,0.45,0.1,50,1.5,0.05,1,0.7879247746053192
798,random,uniform,805224,100,243,0.03,3,0.45,0.1,50,1.5,0.06,2,0.760344597608844
799,random,uniform,806233,100,245,0.03,3,0.45,0.1,50,1.5,0.06,2,0.7560142498654093
800,random,uniform,807242,100,276,0.03,3,0.45,0.1,50,1.5,0.04,1,0.7988390490648831
801,random,uniform,808251,100,263,0.03,3,0.45,0.1,50,1.5,0.05,1,0.7654247054989425
802,random,uniform,809260,100,260,0.03,3,0.45,0.1,50,1.5,0.07,2,0.7304104126006168
803,random,uniform,810269,100,225,0.03,3,0.45,0.1,50,1.5,0.05,2,0.7916046612504085
804,random,uniform,811278,100,274,0.03,3,0.45,0.1,50,1.5,0.05,1,0.7801916561723676
805,random,uniform,812287,100,246,0.03,3,0.45,0.1,50,1.5,0.06,1,0.7701117485815583
806,random,uniform,813296,100,260,0.03,3,0.45,0.1,50,1.5,0.04,1,0.8125732398968424
807,random,uniform,814305,100,249,0.03,3,0.45,0.1,50,1.5,0.05,1,0.7912146370886003
808,random,uniform,815314,100,253,0.03,3,0.45,0.1,50,1.5,0.04,1,0.8082094308738123
809,random,uniform,816323,100,228,0.03,3,0.45,0.1,50,1.5,0.03,0,0.8446353598508057
810,random,uniform,817332,100,244,0.03,3,0.45,0.1,50,1.5,0.08,2,0.7280293268442012
811,random,uniform,818341,100,230,0.03,3,0.45,0.1,50,1.5,0.08,2,0.7235798066065077
812,random,uniform,819350,100,274,0.03,3,0.45,0.1,50,1.5,0.05,1,0.7598142918498836
813,random,uniform,820359,100,221,0.03,3,0.45,0.1,50,1.5,0.07,2,0.7691386151873586
814,random,uniform,821368,100,252,0.03,3,0.45,0.1,50,1.5,0.05,1,0.7724167608590901
815,random,uniform,822377,100,234,0.03,3,0.45,0.1,50,1.5,0.06,2,0.7519544047548793
816,random,uniform,823386,100,250,0.03,3,0.45,0.1,50,1.5,0.08,1,0.7251912309959014
817,random,uniform,824395,100,242,0.03,3,0.45,0.1,50,1.5,0.07,2,0.7454635868316735
818,random,uniform,825404,100,240,0.03,3,0.45,0.1,50,1.5,0.08,3,0.711914673996001
819,random,uniform,826413,100,260,0.03,3,0.45,0.1,50,1.5,0.08,2,0.723041940266582
820,random,uniform,827422,100,247,0.03,3,0.45,0.1,50,1.5,0.09,2,0.7172977252182073
821,random,uniform,828431,100,259,0.03,3,0.45,0.1,50,1.5,0.08,3,0.7291025555866901
822,random,uniform,829440,100,215,0.03,3,0.45,0.1,50,1.5,0.07,2,0.7635309124140668
823,random,uniform,830449,100,250,0.03,3,0.45,0.1,50,1.5,0.04,1,0.8131143401867417
824,random,uniform,831458,100,242,0.03,3,0.45,0.1,50,1.5,0.04,1,0.8127111971992484
825,random,uniform,832467,100,255,0.03,3,0.45,0.1,50,1.5,0.04,1,0.8165581072851106
826,random,uniform,833476,100,245,0.03,3,0.45,0.1,50,1.5,0.03,0,0.8384376578724525
827,random,uniform,834485,100,277,0.03,3,0.45,0.1,50,1.5,0.07,1,0.712768836993951
828,random,uniform,835494,100,246,0.03,3,0.45,0.1,50,1.5,0.1,2,0.6623075047313471
829,random,uniform,836503,100,244,0.03,3,0.45,0.1,50,1.5,0.05,2,0.7866188501196655
830,random,uniform,837512,100,266,0.03,3,0.45,0.1,50,1.5,0.05,1,0.7984702029663693
831,random,uniform,838521,100,245,0.03,3,0.45,0.1,50,1.5,0.04,1,0.8164909735968442
832,random,uniform,839530,100,253,0.03,3,0.45,0.1,50,1.5,0.05,1,0.7812282386148405
833,random,uniform,840539,100,264,0.03,3,0.45,0.1,50,1.5,0.06,1,0.7681518883176635
834,random,uniform,841548,100,246,0.03,3,0.45,0.1,50,1.5,0.05,1,0.7673764231376636
835,random,uniform,842557,100,234,0.03,3,0.45,0.1,50,1.5,0.07,1,0.771516454538191
836,random,uniform,843566,100,232,0.03,3,0.45,0.1,50,1.5,0.1,3,0.684390475890702
837,random,uniform,844575,100,257,0.03,3,0.45,0.1,50,1.5,0.04,1,0.8091762108337813
838,random,uniform,845584,100,254,0.03,3,0.45,0.1,50,1.5,0.05,1,0.7825005716029991
839,random,uniform,846593,100,237,0.03,3,0.45,0.1,50,1.5,0.07,3,0.7431085700629283
840,random,uniform,847602,100,218,0.03,3,0.45,0.1,50,1.5,0.09,3,0.7429551317867962
841,random,uniform,848611,100,236,0.03,3,0.45,0.1,50,1.5,0.1,4,0.6738824320059582
842,random,uniform,849620,100,264,0.03,3,0.45,0.1,50,1.5,0.04,1,0.8149363506643913
843,random,uniform,850629,100,229,0.03,3,0.45,0.1,50,1.5,0.07,2,0.7525058175356767
844,random,uniform,851638,100,260,0.03,3,0.45,0.1,50,1.5,0.03,0,0.8297630182696868
845,random,uniform,852647,100,254,0.03,3,0.45,0.1,50,1.5,0.06,1,0.7708293879879227
846,random,uniform,853656,100,255,0.03,3,0.45,0.1,50,1.5,0.06,1,0.7670312151877693
847,random,uniform,854665,100,277,0.03,3,0.45,0.1,50,1.5,0.06,1,0.7530954606574808
848,random,uniform,855674,100,259,0.03,3,0.45,0.1,50,1.5,0.04,1,0.8137026566775843
849,random,uniform,856683,100,250,0.03,3,0.45,0.1,50,1.5,0.06,1,0.7647203792822337
850,random,uniform,857692,100,246,0.03,3,0.45,0.1,50,1.5,0.04,1,0.8178382733737993
851,random,uniform,858701,100,265,0.03,3,0.45,0.1,50,1.5,0.05,1,0.7618756521095666
852,random,uniform,859710,100,242,0.03,3,0.45,0.1,50,1.5,0.06,1,0.7972463789858718
853,random,uniform,860719,100,233,0.03,3,0.45,0.1,50,1.5,0.07,2,0.7650284018952251
854,random,uniform,861728,100,254,0.03,3,0.45,0.1,50,1.5,0.04,1,0.8209062917527593
855,random,uniform,862737,100,250,0.03,3,0.45,0.1,50,1.5,0.07,2,0.7342562618375785
856,random,uniform,863746,100,248,0.03,3,0.45,0.1,50,1.5,0.05,2,0.7918856969912145
857,random,uniform,864755,100,243,0.03,3,0.45,0.1,50,1.5,0.05,1,0.7934734404743307
858,random,uniform,865764,100,236,0.03,3,0.45,0.1,50,1.5,0.03,0,0.8415722076925705
859,random,uniform,866773,100,252,0.03,3,0.45,0.1,50,1.5,0.04,1,0.807057241140819
860,random,uniform,867782,100,242,0.03,3,0.45,0.1,50,1.5,0.05,1,0.798291954470467
861,random,uniform,868791,100,273,0.03,3,0.45,0.1,50,1.5,0.04,1,0.79451100636346
862,random,uniform,869800,100,271,0.03,3,0.45,0.1,50,1.5,0.04,1,0.8000633793976195
863,random,uniform,870809,100,235,0.03,3,0.45,0.1,50,1.5,0.05,1,0.7840432972259034
864,random,uniform,871818,100,230,0.03,3,0.45,0.1,50,1.5,0.06,2,0.796624595341885
865,random,uniform,872827,100,236,0.03,3,0.45,0.1,50,1.5,0.07,1,0.7844657090966849
866,random,uniform,873836,100,267,0.03,3,0.45,0.1,50,1.5,0.05,1,0.7850050680244242
867,random,uniform,874845,100,240,0.03,3,0.45,0.1,50,1.5,0.06,1,0.7781483751647653
868,random,uniform,875854,100,263,0.03,3,0.45,0.1,50,1.5,0.04,1,0.8053194077239239
869,random,uniform,876863,100,236,0.03,3,0.45,0.1,50,1.5,0.06,1,0.7707483990063528
870,random,uniform,877872,100,277,0.03,3,0.45,0.1,50,1.5,0.05,1,0.7605740471608402
871,random,uniform,878881,100,264,0.03,3,0.45,0.1,50,1.5,0.03,0,0.843347209554209
872,random,uniform,879890,100,278,0.03,3,0.45,0.1,50,1.5,0.04,1,0.8151108870446834
873,random,uniform,880899,100,239,0.03,3,0.45,0.1,50,1.5,0.1,2,0.6731983234738615
874,random,uniform,881908,100,224,0.03,3,0.45,0.1,50,1.5,0.08,1,0.7475423681970955
875,random,uniform,882917,100,254,0.03,3,0.45,0.1,50,1.5,0.06,1,0.7578402309447053
876,random,uniform,883926,100,234,0.03,3,0.45,0.1,50,1.5,0.04,1,0.8274186372363785
877,random,uniform,884935,100,243,0.03,3,0.45,0.1,50,1.5,0.07,2,0.7403851389915816
878,random,uniform,885944,100,241,0.03,3,0.45,0.1,50,1.5,0.09,3,0.69498482935282
879,random,uniform,886953,100,221,0.03,3,0.45,0.1,50,1.5,0.09,3,0.6846172008962581
880,random,uniform,887962,100,254,0.03,3,0.45,0.1,50,1.5,0.04,1,0.7997520145467719
881,random,uniform,888971,100,266,0.03,3,0.45,0.1,50,1.5,0.05,1,0.7939006660418186
882,random,uniform,889980,100,230,0.03,3,0.45,0.1,50,1.5,0.05,1,0.8037024771812636
883,random,uniform,890989,100,235,0.03,3,0.45,0.1,50,1.5,0.04,1,0.8094214150072392
884,random,uniform,891998,100,224,0.03,3,0.45,0.1,50,1.5,0.04,1,0.8252950092059712
885,random,uniform,893007,100,245,0.03,3,0.45,0.1,50,1.5,0.06,2,0.7792062141124722
886,random,uniform,894016,100,286,0.03,3,0.45,0.1,50,1.5,0.03,0,0.8247091229278845
887,random,uniform,895025,100,255,0.03,3,0.45,0.1,50,1.5,0.05,1,0.8078358671503513
888,random,uniform,896034,100,237,0.03,3,0.45,0.1,50,1.5,0.04,1,0.8226205689607466
889,random,uniform,897043,100,248,0.03,3,0.45,0.1,50,1.5,0.05,2,0.7837880091374881
890,random,uniform,898052,100,268,0.03,3,0.45,0.1,50,1.5,0.05,2,0.7811936711323958
891,random,uniform,899061,100,267,0.03,3,0.45,0.1,50,1.5,0.05,1,0.7929873389681451
892,random,uniform,900070,100,257,0.03,3,0.45,0.1,50,1.5,0.03,0,0.8502932693296714
893,random,uniform,901079,100,265,0.03,3,0.45,0.1,50,1.5,0.06,1,0.7282100516553202
894,random,uniform,902088,100,247,0.03,3,0.45,0.1,50,1.5,0.05,1,0.8035324382343161
895,random,uniform,903097,100,268,0.03,3,0.45,0.1,50,1.5,0.07,4,0.7450483761849652
896,random,uniform,904106,100,246,0.03,3,0.45,0.1,50,1.5,0.04,1,0.8079587159373368
897,random,uniform,905115,100,249,0.03,3,0.45,0.1,50,1.5,0.04,1,0.8151053363091902
898,random,uniform,906124,100,238,0.03,3,0.45,0.1,50,1.5,0.08,3,0.7407691478203385
899,random,uniform,907133,100,235,0.03,3,0.45,0.1,50,1.5,0.07,1,0.7652434865535684
900,random,uniform,908142,100,235,0.03,3,0.45,0.1,50,1.5,0.06,1,0.782506358134793
901,random,uniform,909151,100,228,0.03,3,0.45,0.1,50,1.5,0.05,1,0.8000016312768626
902,random,uniform,910160,100,253,0.03,3,0.45,0.1,50,1.5,0.06,1,0.7537269868627519
903,random,uniform,911169,100,255,0.03,3,0.45,0.1,50,1.5,0.05,1,0.7787939533611768
904,random,uniform,912178,100,239,0.03,3,0.45,0.1,50,1.5,0.06,1,0.7739220972313554
905,random,uniform,913187,100,264,0.03,3,0.45,0.1,50,1.5,0.03,0,0.8336608278834651
906,random,uniform,914196,100,256,0.03,3,0.45,0.1,50,1.5,0.07,2,0.7215888962838587
907,random,uniform,915205,100,248,0.03,3,0.45,0.1,50,1.5,0.03,0,0.8387040225049094
908,random,uniform,916214,100,243,0.03,3,0.45,0.1,50,1.5,0.04,1,0.8258933995167013
909,random,uniform,917223,100,225,0.03,3,0.45,0.1,50,1.5,0.03,0,0.8495622092790219
910,random,uniform,918232,100,252,0.03,3,0.45,0.1,50,1.5,0.05,1,0.7847716355152943
911,random,uniform,919241,100,268,0.03,3,0.45,0.1,50,1.5,0.04,1,0.7894081230950104
912,random,uniform,920250,100,259,0.03,3,0.45,0.1,50,1.5,0.05,2,0.7979852451718831
913,random,uniform,921259,100,247,0.03,3,0.45,0.1,50,1.5,0.05,1,0.7990406956132486
914,random,uniform,922268,100,268,0.03,3,0.45,0.1,50,1.5,0.04,1,0.8032927926542135
915,random,uniform,923277,100,231,0.03,3,0.45,0.1,50,1.5,0.1,3,0.6992504575870391
916,random,uniform,924286,100,217,0.03,3,0.45,0.1,50,1.5,0.12,3,0.7087564873390348
917,random,uniform,925295,100,242,0.03,3,0.45,0.1,50,1.5,0.05,1,0.8050081208768516
918,random,uniform,926304,100,237,0.03,3,0.45,0.1,50,1.5,0.05,2,0.8028362726204756
919,random,uniform,927313,100,230,0.03,3,0.45,0.1,50,1.5,0.06,1,0.7691520942320299
920,random,uniform,928322,100,263,0.03,3,0.45,0.1,50,1.5,0.04,1,0.810625259599022
921,random,uniform,929331,100,219,0.03,3,0.45,0.1,50,1.5,0.03,0,0.8527886225622104
922,random,uniform,930340,100,221,0.03,3,0.45,0.1,50,1.5,0.06,1,0.7925514221523708
923,random,uniform,931349,100,231,0.03,3,0.45,0.1,50,1.5,0.04,1,0.822328701794445
924,random,uniform,932358,100,241,0.03,3,0.45,0.1,50,1.5,0.1,2,0.6723936307266293
925,random,uniform,933367,100,229,0.03,3,0.45,0.1,50,1.5,0.08,3,0.7479636901253299
926,random,uniform,934376,100,258,0.03,3,0.45,0.1,50,1.5,0.07,1,0.7468285825573995
927,random,uniform,935385,100,236,0.03,3,0.45,0.1,50,1.5,0.04,1,0.8211622444641502
928,random,uniform,936394,100,242,0.03,3,0.45,0.1,50,1.5,0.03,0,0.8392469003042267
929,random,uniform,937403,100,212,0.03,3,0.45,0.1,50,1.5,0.05,1,0.8286704871185028
930,random,uniform,938412,100,255,0.03,3,0.45,0.1,50,1.5,0.06,2,0.7678240037282046
931,random,uniform,939421,100,254,0.03,3,0.45,0.1,50,1.5,0.06,1,0.7527773042647419
932,random,uniform,940430,100,270,0.03,3,0.45,0.1,50,1.5,0.06,1,0.7547098675921141
933,random,uniform,941439,100,231,0.03,3,0.45,0.1,50,1.5,0.06,2,0.7971696683225561
934,random,uniform,942448,100,231,0.03,3,0.45,0.1,50,1.5,0.08,2,0.7440482751757723
935,random,uniform,943457,100,246,0.03,3,0.45,0.1,50,1.5,0.04,1,0.8047216117305129
936,random,uniform,944466,100,238,0.03,3,0.45,0.1,50,1.5,0.08,2,0.7365052025463603
937,random,uniform,945475,100,239,0.03,3,0.45,0.1,50,1.5,0.05,1,0.7740974136086463
938,random,uniform,946484,100,244,0.03,3,0.45,0.1,50,1.5,0.04,1,0.8162241075202453
939,random,uniform,947493,100,218,0.03,3,0.45,0.1,50,1.5,0.09,3,0.7302872398172983
940,random,uniform,948502,100,245,0.03,3,0.45,0.1,50,1.5,0.09,3,0.7055498829904238
941,random,uniform,949511,100,232,0.03,3,0.45,0.1,50,1.5,0.06,1,0.7796859741045197
942,random,uniform,950520,100,245,0.03,3,0.45,0.1,50,1.5,0.05,1,0.7989485332078441
943,random,uniform,951529,100,224,0.03,3,0.45,0.1,50,1.5,0.07,2,0.7446950014813004
944,random,uniform,952538,100,247,0.03,3,0.45,0.1,50,1.5,0.06,2,0.7526313204840087
945,random,uniform,953547,100,246,0.03,3,0.45,0.1,50,1.5,0.04,1,0.8248836741272902
946,random,uniform,954556,100,248,0.03,3,0.45,0.1,50,1.5,0.06,1,0.7617571674792617
947,random,uniform,955565,100,238,0.03,3,0.45,0.1,50,1.5,0.05,1,0.8069445176161235
948,random,uniform,956574,100,262,0.03,3,0.45,0.1,50,1.5,0.06,1,0.7863714387997639
949,random,uniform,957583,100,239,0.03,3,0.45,0.1,50,1.5,0.04,1,0.803957737381422
950,random,uniform,958592,100,251,0.03,3,0.45,0.1,50,1.5,0.05,1,0.7947357197232858
951,random,uniform,959601,100,252,0.03,3,0.45,0.1,50,1.5,0.08,2,0.7171895003138882
952,random,uniform,960610,100,255,0.03,3,0.45,0.1,50,1.5,0.06,1,0.7593710221850586
953,random,uniform,961619,100,272,0.03,3,0.45,0.1,50,1.5,0.04,1,0.7980791907856799
954,random,uniform,962628,100,261,0.03,3,0.45,0.1,50,1.5,0.1,5,0.6778408154028754
955,random,uniform,963637,100,264,0.03,3,0.45,0.1,50,1.5,0.04,1,0.8152825484952614
956,random,uniform,964646,100,224,0.03,3,0.45,0.1,50,1.5,0.06,1,0.7809794003295483
957,random,uniform,965655,100,279,0.03,3,0.45,0.1,50,1.5,0.11,3,0.6271791915365246
958,random,uniform,966664,100,217,0.03,3,0.45,0.1,50,1.5,0.04,1,0.8241039224728287
959,random,uniform,967673,100,260,0.03,3,0.45,0.1,50,1.5,0.04,1,0.8095188244922068
960,random,uniform,968682,100,246,0.03,3,0.45,0.1,50,1.5,0.04,1,0.8180164317817062
961,random,uniform,969691,100,254,0.03,3,0.45,0.1,50,1.5,0.06,1,0.754044787537254
962,random,uniform,970700,100,233,0.03,3,0.45,0.1,50,1.5,0.06,1,0.778066942328588
963,random,uniform,971709,100,266,0.03,3,0.45,0.1,50,1.5,0.05,1,0.7780485658305861
964,random,uniform,972718,100,243,0.03,3,0.45,0.1,50,1.5,0.03,0,0.843620281514111
965,random,uniform,973727,100,253,0.03,3,0.45,0.1,50,1.5,0.04,1,0.8098720809351366
966,random,uniform,974736,100,233,0.03,3,0.45,0.1,50,1.5,0.09,2,0.685233014409777
967,random,uniform,975745,100,257,0.03,3,0.45,0.1,50,1.5,0.09,2,0.6793799096748167
968,random,uniform,976754,100,250,0.03,3,0.45,0.1,50,1.5,0.04,1,0.8074611810801023
969,random,uniform,977763,100,225,0.03,3,0.45,0.1,50,1.5,0.04,1,0.822107555274036
970,random,uniform,978772,100,248,0.03,3,0.45,0.1,50,1.5,0.04,1,0.8015332373372446
971,random,uniform,979781,100,244,0.03,3,0.45,0.1,50,1.5,0.06,2,0.7691782547899497
972,random,uniform,980790,100,246,0.03,3,0.45,0.1,50,1.5,0.08,2,0.7407373226902831
973,random,uniform,981799,100,234,0.03,3,0.45,0.1,50,1.5,0.06,1,0.7810575670452393
974,random,uniform,982808,100,246,0.03,3,0.45,0.1,50,1.5,0.04,1,0.8137652276867642
975,random,uniform,983817,100,225,0.03,3,0.45,0.1,50,1.5,0.06,1,0.7801408339987225
976,random,uniform,984826,100,245,0.03,3,0.45,0.1,50,1.5,0.05,1,0.8176060147393591
977,random,uniform,985835,100,237,0.03,3,0.45,0.1,50,1.5,0.06,1,0.7935751653007724
978,random,uniform,986844,100,257,0.03,3,0.45,0.1,50,1.5,0.04,1,0.8164109772195964
979,random,uniform,987853,100,236,0.03,3,0.45,0.1,50,1.5,0.03,0,0.8452836090786632
980,random,uniform,988862,100,231,0.03,3,0.45,0.1,50,1.5,0.08,2,0.7376167170340352
981,random,uniform,989871,100,246,0.03,3,0.45,0.1,50,1.5,0.05,1,0.7984594544284361
982,random,uniform,990880,100,238,0.03,3,0.45,0.1,50,1.5,0.04,1,0.8113492034233145
983,random,uniform,991889,100,230,0.03,3,0.45,0.1,50,1.5,0.03,0,0.8411286903504347
984,random,uniform,992898,100,255,0.03,3,0.45,0.1,50,1.5,0.08,3,0.7064056736414495
985,random,uniform,993907,100,263,0.03,3,0.45,0.1,50,1.5,0.04,1,0.8258545728222095
986,random,uniform,994916,100,251,0.03,3,0.45,0.1,50,1.5,0.04,1,0.8047429056550677
987,random,uniform,995925,100,267,0.03,3,0.45,0.1,50,1.5,0.04,1,0.8008547775584269
988,random,uniform,996934,100,253,0.03,3,0.45,0.1,50,1.5,0.08,1,0.7023267333832499
989,random,uniform,997943,100,228,0.03,3,0.45,0.1,50,1.5,0.03,0,0.8540402266672567
990,random,uniform,998952,100,244,0.03,3,0.45,0.1,50,1.5,0.04,1,0.818388195142192
991,random,uniform,999961,100,252,0.03,3,0.45,0.1,50,1.5,0.07,2,0.7105901907006771
992,random,uniform,1000970,100,211,0.03,3,0.45,0.1,50,1.5,0.08,2,0.7299435566025213
993,random,uniform,1001979,100,232,0.03,3,0.45,0.1,50,1.5,0.1,2,0.711221673972809
994,random,uniform,1002988,100,257,0.03,3,0.45,0.1,50,1.5,0.05,1,0.7697996918689823
995,random,uniform,1003997,100,256,0.03,3,0.45,0.1,50,1.5,0.05,1,0.7968398352372715
996,random,uniform,1005006,100,251,0.03,3,0.45,0.1,50,1.5,0.05,1,0.8027378294020407
997,random,uniform,1006015,100,232,0.03,3,0.45,0.1,50,1.5,0.07,2,0.746566854072652
998,random,uniform,1007024,100,253,0.03,3,0.45,0.1,50,1.5,0.05,2,0.7910560938621767
999,random,uniform,1008033,100,244,0.03,3,0.45,0.1,50,1.5,0.12,5,0.6080090422621396
1000,random,uniform,1009042,100,220,0.03,3,0.45,0.1,50,1.5,0.06,2,0.793329957837852
1001,scale_free,uniform,1010051,100,291,0.03,3,0.45,0.1,50,1.5,0.13,4,0.41967422216900724
1002,scale_free,uniform,1011060,100,291,0.03,3,0.45,0.1,50,1.5,0.09,3,0.5462348255926025
1003,scale_free,uniform,1012069,100,291,0.03,3,0.45,0.1,50,1.5,0.16,2,0.3573897584509307
1004,scale_free,uniform,1013078,100,291,0.03,3,0.45,0.1,50,1.5,0.22,6,0.17761923127835844
1005,scale_free,uniform,1014087,100,291,0.03,3,0.45,0.1,50,1.5,0.05,1,0.6727681636536041
1006,scale_free,uniform,1015096,100,291,0.03,3,0.45,0.1,50,1.5,0.32,8,0.08976918550685786
1007,scale_free,uniform,1016105,100,291,0.03,3,0.45,0.1,50,1.5,0.12,2,0.4350905134803213
1008,scale_free,uniform,1017114,100,291,0.03,3,0.45,0.1,50,1.5,0.13,3,0.4378961289429182
1009,scale_free,uniform,1018123,100,291,0.03,3,0.45,0.1,50,1.5,0.17,4,0.3203923330529693
1010,scale_free,uniform,1019132,100,291,0.03,3,0.45,0.1,50,1.5,0.07,2,0.5944254721016121
1011,scale_free,uniform,1020141,100,291,0.03,3,0.45,0.1,50,1.5,0.21,3,0.15329552388080306
1012,scale_free,uniform,1021150,100,291,0.03,3,0.45,0.1,50,1.5,0.11,5,0.47226064526981676
1013,scale_free,uniform,1022159,100,291,0.03,3,0.45,0.1,50,1.5,0.25,6,0.18112665169652087
1014,scale_free,uniform,1023168,100,291,0.03,3,0.45,0.1,50,1.5,0.05,1,0.6763350310902203
1015,scale_free,uniform,1024177,100,291,0.03,3,0.45,0.1,50,1.5,0.19,4,0.25579802553070136
1016,scale_free,uniform,1025186,100,291,0.03,3,0.45,0.1,50,1.5,0.12,2,0.40283063378113837
1017,scale_free,uniform,1026195,100,291,0.03,3,0.45,0.1,50,1.5,0.14,2,0.37874735747733146
1018,scale_free,uniform,1027204,100,291,0.03,3,0.45,0.1,50,1.5,0.09,1,0.5391197829575229
1019,scale_free,uniform,1028213,100,291,0.03,3,0.45,0.1,50,1.5,0.09,1,0.4944766233983783
1020,scale_free,uniform,1029222,100,291,0.03,3,0.45,0.1,50,1.5,0.11,1,0.4614863509559805
1021,scale_free,uniform,1030231,100,291,0.03,3,0.45,0.1,50,1.5,0.1,1,0.45642378643032594
1022,scale_free,uniform,1031240,100,291,0.03,3,0.45,0.1,50,1.5,0.12,3,0.425809136418792
1023,scale_free,uniform,1032249,100,291,0.03,3,0.45,0.1,50,1.5,0.17,5,0.2770284272528569
1024,scale_free,uniform,1033258,100,291,0.03,3,0.45,0.1,50,1.5,0.12,2,0.40686704584889877
1025,scale_free,uniform,1034267,100,291,0.03,3,0.45,0.1,50,1.5,0.08,2,0.5486942914322896
1026,scale_free,uniform,1035276,100,291,0.03,3,0.45,0.1,50,1.5,0.1,2,0.49718912207592175
1027,scale_free,uniform,1036285,100,291,0.03,3,0.45,0.1,50,1.5,0.11,2,0.47982379256340013
1028,scale_free,uniform,1037294,100,291,0.03,3,0.45,0.1,50,1.5,0.09,1,0.5129310882024865
1029,scale_free,uniform,1038303,100,291,0.03,3,0.45,0.1,50,1.5,0.07,2,0.61162544879006
1030,scale_free,uniform,1039312,100,291,0.03,3,0.45,0.1,50,1.5,0.09,2,0.5158629125364365
1031,scale_free,uniform,1040321,100,291,0.03,3,0.45,0.1,50,1.5,0.1,3,0.4722562170685834
1032,scale_free,uniform,1041330,100,291,0.03,3,0.45,0.1,50,1.5,0.12,2,0.4032419779287282
1033,scale_free,uniform,1042339,100,291,0.03,3,0.45,0.1,50,1.5,0.15,3,0.3793407520803988
1034,scale_free,uniform,1043348,100,291,0.03,3,0.45,0.1,50,1.5,0.12,2,0.4898439264717648
1035,scale_free,uniform,1044357,100,291,0.03,3,0.45,0.1,50,1.5,0.17,4,0.2917056609678472
1036,scale_free,uniform,1045366,100,291,0.03,3,0.45,0.1,50,1.5,0.09,2,0.538068459899623
1037,scale_free,uniform,1046375,100,291,0.03,3,0.45,0.1,50,1.5,0.04,1,0.7067288570758419
1038,scale_free,uniform,1047384,100,291,0.03,3,0.45,0.1,50,1.5,0.18,4,0.23421206512542012
1039,scale_free,uniform,1048393,100,291,0.03,3,0.45,0.1,50,1.5,0.18,2,0.32476481599182017
1040,scale_free,uniform,1049402,100,291,0.03,3,0.45,0.1,50,1.5,0.17,3,0.3420359207642159
1041,scale_free,uniform,1050411,100,291,0.03,3,0.45,0.1,50,1.5,0.09,1,0.531698350023668
1042,scale_free,uniform,1051420,100,291,0.03,3,0.45,0.1,50,1.5,0.1,1,0.467229853063571
1043,scale_free,uniform,1052429,100,291,0.03,3,0.45,0.1,50,1.5,0.1,1,0.5067563140367453
1044,scale_free,uniform,1053438,100,291,0.03,3,0.45,0.1,50,1.5,0.2,4,0.26579692714454967
1045,scale_free,uniform,1054447,100,291,0.03,3,0.45,0.1,50,1.5,0.04,1,0.7016148667660405
1046,scale_free,uniform,1055456,100,291,0.03,3,0.45,0.1,50,1.5,0.08,1,0.5730527102244651
1047,scale_free,uniform,1056465,100,291,0.03,3,0.45,0.1,50,1.5,0.38,11,0.07080713092680152
1048,scale_free,uniform,1057474,100,291,0.03,3,0.45,0.1,50,1.5,0.09,4,0.5453761907752824
1049,scale_free,uniform,1058483,100,291,0.03,3,0.45,0.1,50,1.5,0.09,3,0.5656663230106209
1050,scale_free,uniform,1059492,100,291,0.03,3,0.45,0.1,50,1.5,0.13,2,0.3825679031819972
1051,scale_free,uniform,1060501,100,291,0.03,3,0.45,0.1,50,1.5,0.12,5,0.42228160918895946
1052,scale_free,uniform,1061510,100,291,0.03,3,0.45,0.1,50,1.5,0.1,1,0.47575364577492285
1053,scale_free,uniform,1062519,100,291,0.03,3,0.45,0.1,50,1.5,0.15,3,0.361955763168428
1054,scale_free,uniform,1063528,100,291,0.03,3,0.45,0.1,50,1.5,0.07,2,0.5745194497157318
1055,scale_free,uniform,1064537,100,291,0.03,3,0.45,0.1,50,1.5,0.15,4,0.3937295392149084
1056,scale_free,uniform,1065546,100,291,0.03,3,0.45,0.1,50,1.5,0.12,1,0.39560428222796046
1057,scale_free,uniform,1066555,100,291,0.03,3,0.45,0.1,50,1.5,0.12,3,0.45422059681844884
1058,scale_free,uniform,1067564,100,291,0.03,3,0.45,0.1,50,1.5,0.11,2,0.49544922417180026
1059,scale_free,uniform,1068573,100,291,0.03,3,0.45,0.1,50,1.5,0.2,6,0.25050049402428537
1060,scale_free,uniform,1069582,100,291,0.03,3,0.45,0.1,50,1.5,0.12,2,0.38299849043512746
1061,scale_free,uniform,1070591,100,291,0.03,3,0.45,0.1,50,1.5,0.14,2,0.3793336803365144
1062,scale_free,uniform,1071600,100,291,0.03,3,0.45,0.1,50,1.5,0.15,3,0.37766167759290686
1063,scale_free,uniform,1072609,100,291,0.03,3,0.45,0.1,50,1.5,0.22,5,0.18301725974376765
1064,scale_free,uniform,1073618,100,291,0.03,3,0.45,0.1,50,1.5,0.15,5,0.37458638160646507
1065,scale_free,uniform,1074627,100,291,0.03,3,0.45,0.1,50,1.5,0.09,2,0.5210424792136018
1066,scale_free,uniform,1075636,100,291,0.03,3,0.45,0.1,50,1.5,0.13,3,0.4346496738532245
1067,scale_free,uniform,1076645,100,291,0.03,3,0.45,0.1,50,1.5,0.1,1,0.4712191389310105
1068,scale_free,uniform,1077654,100,291,0.03,3,0.45,0.1,50,1.5,0.18,3,0.31446377461432595
1069,scale_free,uniform,1078663,100,291,0.03,3,0.45,0.1,50,1.5,0.11,3,0.44676942845242207
1070,scale_free,uniform,1079672,100,291,0.03,3,0.45,0.1,50,1.5,0.12,2,0.44201951039084236
1071,scale_free,uniform,1080681,100,291,0.03,3,0.45,0.1,50,1.5,0.16,3,0.3483520655166238
1072,scale_free,uniform,1081690,100,291,0.03,3,0.45,0.1,50,1.5,0.12,2,0.4356317033413756
1073,scale_free,uniform,1082699,100,291,0.03,3,0.45,0.1,50,1.5,0.05,1,0.658613018250537
1074,scale_free,uniform,1083708,100,291,0.03,3,0.45,0.1,50,1.5,0.12,2,0.46794484215187315
1075,scale_free,uniform,1084717,100,291,0.03,3,0.45,0.1,50,1.5,0.14,3,0.33496327987552976
1076,scale_free,uniform,1085726,100,291,0.03,3,0.45,0.1,50,1.5,0.1,1,0.4792949658206723
1077,scale_free,uniform,1086735,100,291,0.03,3,0.45,0.1,50,1.5,0.16,3,0.31897039781489744
1078,scale_free,uniform,1087744,100,291,0.03,3,0.45,0.1,50,1.5,0.14,3,0.40763321321578166
1079,scale_free,uniform,1088753,100,291,0.03,3,0.45,0.1,50,1.5,0.1,3,0.566006229077397
1080,scale_free,uniform,1089762,100,291,0.03,3,0.45,0.1,50,1.5,0.14,2,0.3760024686900043
1081,scale_free,uniform,1090771,100,291,0.03,3,0.45,0.1,50,1.5,0.11,1,0.47253370133763395
1082,scale_free,uniform,1091780,100,291,0.03,3,0.45,0.1,50,1.5,0.08,3,0.5555478670275703
1083,scale_free,uniform,1092789,100,291,0.03,3,0.45,0.1,50,1.5,0.11,2,0.5182058613435782
1084,scale_free,uniform,1093798,100,291,0.03,3,0.45,0.1,50,1.5,0.13,2,0.42707525955895426
1085,scale_free,uniform,1094807,100,291,0.03,3,0.45,0.1,50,1.5,0.19,4,0.21681520928076783
1086,scale_free,uniform,1095816,100,291,0.03,3,0.45,0.1,50,1.5,0.19,4,0.2572176447627279
1087,scale_free,uniform,1096825,100,291,0.03,3,0.45,0.1,50,1.5,0.09,2,0.5219218991912336
1088,scale_free,uniform,1097834,100,291,0.03,3,0.45,0.1,50,1.5,0.2,6,0.2373192425154186
1089,scale_free,uniform,1098843,100,291,0.03,3,0.45,0.1,50,1.5,0.19,5,0.27209340764355633
1090,scale_free,uniform,1099852,100,291,0.03,3,0.45,0.1,50,1.5,0.1,3,0.49705162903036365
1091,scale_free,uniform,1100861,100,291,0.03,3,0.45,0.1,50,1.5,0.24,7,0.17970134964211146
1092,scale_free,uniform,1101870,100,291,0.03,3,0.45,0.1,50,1.5,0.15,4,0.335941670753314
1093,scale_free,uniform,1102879,100,291,0.03,3,0.45,0.1,50,1.5,0.13,1,0.3467306286656591
1094,scale_free,uniform,1103888,100,291,0.03,3,0.45,0.1,50,1.5,0.15,3,0.37269734750502737
1095,scale_free,uniform,1104897,100,291,0.03,3,0.45,0.1,50,1.5,0.12,2,0.45722984791492144
1096,scale_free,uniform,1105906,100,291,0.03,3,0.45,0.1,50,1.5,0.22,5,0.18146757577655961
1097,scale_free,uniform,1106915,100,291,0.03,3,0.45,0.1,50,1.5,0.08,2,0.5664763483258737
1098,scale_free,uniform,1107924,100,291,0.03,3,0.45,0.1,50,1.5,0.11,2,0.48039641985465176
1099,scale_free,uniform,1108933,100,291,0.03,3,0.45,0.1,50,1.5,0.17,2,0.3487911003305903
1100,scale_free,uniform,1109942,100,291,0.03,3,0.45,0.1,50,1.5,0.07,1,0.6144814109367971
1101,scale_free,uniform,1110951,100,291,0.03,3,0.45,0.1,50,1.5,0.16,3,0.3495268920378784
1102,scale_free,uniform,1111960,100,291,0.03,3,0.45,0.1,50,1.5,0.19,4,0.26863658067283336
1103,scale_free,uniform,1112969,100,291,0.03,3,0.45,0.1,50,1.5,0.21,3,0.21595245532574192
1104,scale_free,uniform,1113978,100,291,0.03,3,0.45,0.1,50,1.5,0.05,1,0.6660928858415633
1105,scale_free,uniform,1114987,100,291,0.03,3,0.45,0.1,50,1.5,0.15,3,0.3855099450560555
1106,scale_free,uniform,1115996,100,291,0.03,3,0.45,0.1,50,1.5,0.12,1,0.43101889815354766
1107,scale_free,uniform,1117005,100,291,0.03,3,0.45,0.1,50,1.5,0.15,4,0.32061834495062397
1108,scale_free,uniform,1118014,100,291,0.03,3,0.45,0.1,50,1.5,0.15,3,0.3761280177171834
1109,scale_free,uniform,1119023,100,291,0.03,3,0.45,0.1,50,1.5,0.17,2,0.2325103138382918
1110,scale_free,uniform,1120032,100,291,0.03,3,0.45,0.1,50,1.5,0.12,4,0.47765978725434377
1111,scale_free,uniform,1121041,100,291,0.03,3,0.45,0.1,50,1.5,0.16,3,0.33608401446129216
1112,scale_free,uniform,1122050,100,291,0.03,3,0.45,0.1,50,1.5,0.14,3,0.3918165285632316
1113,scale_free,uniform,1123059,100,291,0.03,3,0.45,0.1,50,1.5,0.24,3,0.17665636127517956
1114,scale_free,uniform,1124068,100,291,0.03,3,0.45,0.1,50,1.5,0.11,3,0.4734244396778904
1115,scale_free,uniform,1125077,100,291,0.03,3,0.45,0.1,50,1.5,0.17,3,0.29295296861302583
1116,scale_free,uniform,1126086,100,291,0.03,3,0.45,0.1,50,1.5,0.11,1,0.4707341300603914
1117,scale_free,uniform,1127095,100,291,0.03,3,0.45,0.1,50,1.5,0.2,7,0.23547210283921868
1118,scale_free,uniform,1128104,100,291,0.03,3,0.45,0.1,50,1.5,0.27,4,0.15243132502101445
1119,scale_free,uniform,1129113,100,291,0.03,3,0.45,0.1,50,1.5,0.13,4,0.4036051111661644
1120,scale_free,uniform,1130122,100,291,0.03,3,0.45,0.1,50,1.5,0.2,5,0.27035326110151064
1121,scale_free,uniform,1131131,100,291,0.03,3,0.45,0.1,50,1.5,0.08,2,0.5853724064778352
1122,scale_free,uniform,1132140,100,291,0.03,3,0.45,0.1,50,1.5,0.07,1,0.6207826882446003
1123,scale_free,uniform,1133149,100,291,0.03,3,0.45,0.1,50,1.5,0.19,4,0.24644221761788462
1124,scale_free,uniform,1134158,100,291,0.03,3,0.45,0.1,50,1.5,0.21,4,0.28346356932009514
1125,scale_free,uniform,1135167,100,291,0.03,3,0.45,0.1,50,1.5,0.23,3,0.19617581201600096
1126,scale_free,uniform,1136176,100,291,0.03,3,0.45,0.1,50,1.5,0.17,3,0.3127381428466355
1127,scale_free,uniform,1137185,100,291,0.03,3,0.45,0.1,50,1.5,0.09,2,0.5511643363825974
1128,scale_free,uniform,1138194,100,291,0.03,3,0.45,0.1,50,1.5,0.25,4,0.16868024567755277
1129,scale_free,uniform,1139203,100,291,0.03,3,0.45,0.1,50,1.5,0.08,3,0.5467615357658722
1130,scale_free,uniform,1140212,100,291,0.03,3,0.45,0.1,50,1.5,0.11,2,0.4873102890310158
1131,scale_free,uniform,1141221,100,291,0.03,3,0.45,0.1,50,1.5,0.19,5,0.2577193224430573
1132,scale_free,uniform,1142230,100,291,0.03,3,0.45,0.1,50,1.5,0.11,3,0.4331815280641228
1133,scale_free,uniform,1143239,100,291,0.03,3,0.45,0.1,50,1.5,0.09,2,0.5300060285780306
1134,scale_free,uniform,1144248,100,291,0.03,3,0.45,0.1,50,1.5,0.17,5,0.3243316945812018
1135,scale_free,uniform,1145257,100,291,0.03,3,0.45,0.1,50,1.5,0.11,2,0.4772339660860257
1136,scale_free,uniform,1146266,100,291,0.03,3,0.45,0.1,50,1.5,1.0,21,0.0
1137,scale_free,uniform,1147275,100,291,0.03,3,0.45,0.1,50,1.5,0.15,5,0.350164737753823
1138,scale_free,uniform,1148284,100,291,0.03,3,0.45,0.1,50,1.5,0.09,1,0.5350499739954292
1139,scale_free,uniform,1149293,100,291,0.03,3,0.45,0.1,50,1.5,0.15,3,0.3359521047575268
1140,scale_free,uniform,1150302,100,291,0.03,3,0.45,0.1,50,1.5,0.07,1,0.6052950572710781
1141,scale_free,uniform,1151311,100,291,0.03,3,0.45,0.1,50,1.5,0.13,2,0.3758943152333272
1142,scale_free,uniform,1152320,100,291,0.03,3,0.45,0.1,50,1.5,0.14,2,0.3693545971927421
1143,scale_free,uniform,1153329,100,291,0.03,3,0.45,0.1,50,1.5,0.19,3,0.2894617784499086
1144,scale_free,uniform,1154338,100,291,0.03,3,0.45,0.1,50,1.5,0.08,2,0.5752729274615718
1145,scale_free,uniform,1155347,100,291,0.03,3,0.45,0.1,50,1.5,0.11,2,0.43212134539258423
1146,scale_free,uniform,1156356,100,291,0.03,3,0.45,0.1,50,1.5,0.17,4,0.328264697840394
1147,scale_free,uniform,1157365,100,291,0.03,3,0.45,0.1,50,1.5,0.08,1,0.544612308418263
1148,scale_free,uniform,1158374,100,291,0.03,3,0.45,0.1,50,1.5,0.15,4,0.36445245835373574
1149,scale_free,uniform,1159383,100,291,0.03,3,0.45,0.1,50,1.5,0.08,2,0.5610450160280529
1150,scale_free,uniform,1160392,100,291,0.03,3,0.45,0.1,50,1.5,0.11,2,0.503958108277081
1151,scale_free,uniform,1161401,100,291,0.03,3,0.45,0.1,50,1.5,0.14,3,0.3568781443828849
1152,scale_free,uniform,1162410,100,291,0.03,3,0.45,0.1,50,1.5,0.09,2,0.5569339578810555
1153,scale_free,uniform,1163419,100,291,0.03,3,0.45,0.1,50,1.5,0.1,2,0.4895726751907826
1154,scale_free,uniform,1164428,100,291,0.03,3,0.45,0.1,50,1.5,0.11,1,0.439775731826686
1155,scale_free,uniform,1165437,100,291,0.03,3,0.45,0.1,50,1.5,0.12,2,0.40452995929744806
1156,scale_free,uniform,1166446,100,291,0.03,3,0.45,0.1,50,1.5,0.31,8,0.10297162717537572
1157,scale_free,uniform,1167455,100,291,0.03,3,0.45,0.1,50,1.5,0.03,0,0.732545054114497
1158,scale_free,uniform,1168464,100,291,0.03,3,0.45,0.1,50,1.5,0.08,1,0.5826065067925899
1159,scale_free,uniform,1169473,100,291,0.03,3,0.45,0.1,50,1.5,0.19,5,0.23877229268457534
1160,scale_free,uniform,1170482,100,291,0.03,3,0.45,0.1,50,1.5,0.24,5,0.18173246499473428
1161,scale_free,uniform,1171491,100,291,0.03,3,0.45,0.1,50,1.5,0.2,3,0.2267560188429604
1162,scale_free,uniform,1172500,100,291,0.03,3,0.45,0.1,50,1.5,0.13,3,0.37998900120034484
1163,scale_free,uniform,1173509,100,291,0.03,3,0.45,0.1,50,1.5,0.07,2,0.5777090696392082
1164,scale_free,uniform,1174518,100,291,0.03,3,0.45,0.1,50,1.5,0.12,2,0.4251018600320966
1165,scale_free,uniform,1175527,100,291,0.03,3,0.45,0.1,50,1.5,0.15,4,0.3651149388841665
1166,scale_free,uniform,1176536,100,291,0.03,3,0.45,0.1,50,1.5,0.23,3,0.23021267375180732
1167,scale_free,uniform,1177545,100,291,0.03,3,0.45,0.1,50,1.5,0.41,9,0.05826180678850371
1168,scale_free,uniform,1178554,100,291,0.03,3,0.45,0.1,50,1.5,0.07,1,0.5987101654019333
1169,scale_free,uniform,1179563,100,291,0.03,3,0.45,0.1,50,1.5,0.26,8,0.15019915968710612
1170,scale_free,uniform,1180572,100,291,0.03,3,0.45,0.1,50,1.5,0.16,4,0.29690025057511016
1171,scale_free,uniform,1181581,100,291,0.03,3,0.45,0.1,50,1.5,0.09,1,0.5099048967713975
1172,scale_free,uniform,1182590,100,291,0.03,3,0.45,0.1,50,1.5,0.19,5,0.29506476378859037
1173,scale_free,uniform,1183599,100,291,0.03,3,0.45,0.1,50,1.5,0.11,2,0.4428775293929759
1174,scale_free,uniform,1184608,100,291,0.03,3,0.45,0.1,50,1.5,0.14,2,0.370886315072546
1175,scale_free,uniform,1185617,100,291,0.03,3,0.45,0.1,50,1.5,0.13,2,0.3782541858675429
1176,scale_free,uniform,1186626,100,291,0.03,3,0.45,0.1,50,1.5,0.22,4,0.2457479783405688
1177,scale_free,uniform,1187635,100,291,0.03,3,0.45,0.1,50,1.5,0.09,2,0.51840399144414
1178,scale_free,uniform,1188644,100,291,0.03,3,0.45,0.1,50,1.5,0.1,2,0.45902892546181745
1179,scale_free,uniform,1189653,100,291,0.03,3,0.45,0.1,50,1.5,0.09,1,0.5174400384636466
1180,scale_free,uniform,1190662,100,291,0.03,3,0.45,0.1,50,1.5,0.11,4,0.5033191869194177
1181,scale_free,uniform,1191671,100,291,0.03,3,0.45,0.1,50,1.5,0.11,2,0.4550331083842447
1182,scale_free,uniform,1192680,100,291,0.03,3,0.45,0.1,50,1.5,0.09,2,0.5161197269451249
1183,scale_free,uniform,1193689,100,291,0.03,3,0.45,0.1,50,1.5,0.14,2,0.38488734683275
1184,scale_free,uniform,1194698,100,291,0.03,3,0.45,0.1,50,1.5,1.0,10,0.0
1185,scale_free,uniform,1195707,100,291,0.03,3,0.45,0.1,50,1.5,0.11,2,0.4853001641256933
1186,scale_free,uniform,1196716,100,291,0.03,3,0.45,0.1,50,1.5,0.08,1,0.5391263884726181
1187,scale_free,uniform,1197725,100,291,0.03,3,0.45,0.1,50,1.5,0.07,2,0.568564661936035
1188,scale_free,uniform,1198734,100,291,0.03,3,0.45,0.1,50,1.5,0.17,3,0.29788571573369454
1189,scale_free,uniform,1199743,100,291,0.03,3,0.45,0.1,50,1.5,0.17,5,0.33320433431553265
1190,scale_free,uniform,1200752,100,291,0.03,3,0.45,0.1,50,1.5,0.1,1,0.5023099685603603
1191,scale_free,uniform,1201761,100,291,0.03,3,0.45,0.1,50,1.5,0.09,2,0.5421724577600593
1192,scale_free,uniform,1202770,100,291,0.03,3,0.45,0.1,50,1.5,0.1,3,0.4893334042486313
1193,scale_free,uniform,1203779,100,291,0.03,3,0.45,0.1,50,1.5,0.12,4,0.42631793775987303
1194,scale_free,uniform,1204788,100,291,0.03,3,0.45,0.1,50,1.5,0.07,2,0.585134672525296
1195,scale_free,uniform,1205797,100,291,0.03,3,0.45,0.1,50,1.5,0.04,1,0.697329711994054
1196,scale_free,uniform,1206806,100,291,0.03,3,0.45,0.1,50,1.5,0.16,3,0.37547560278506764
1197,scale_free,uniform,1207815,100,291,0.03,3,0.45,0.1,50,1.5,0.13,3,0.34628665069841136
1198,scale_free,uniform,1208824,100,291,0.03,3,0.45,0.1,50,1.5,0.06,1,0.6270814803104475
1199,scale_free,uniform,1209833,100,291,0.03,3,0.45,0.1,50,1.5,0.1,3,0.5337463736156303
1200,scale_free,uniform,1210842,100,291,0.03,3,0.45,0.1,50,1.5,0.13,3,0.38963403619509956
1201,scale_free,uniform,1211851,100,291,0.03,3,0.45,0.1,50,1.5,0.26,4,0.19117554130857997
1202,scale_free,uniform,1212860,100,291,0.03,3,0.45,0.1,50,1.5,0.09,2,0.498929693396191
1203,scale_free,uniform,1213869,100,291,0.03,3,0.45,0.1,50,1.5,0.2,5,0.22756900605003058
1204,scale_free,uniform,1214878,100,291,0.03,3,0.45,0.1,50,1.5,0.11,3,0.445332408202101
1205,scale_free,uniform,1215887,100,291,0.03,3,0.45,0.1,50,1.5,0.19,5,0.2825890967947672
1206,scale_free,uniform,1216896,100,291,0.03,3,0.45,0.1,50,1.5,0.12,3,0.4322750244199001
1207,scale_free,uniform,1217905,100,291,0.03,3,0.45,0.1,50,1.5,0.16,2,0.309302740134362
1208,scale_free,uniform,1218914,100,291,0.03,3,0.45,0.1,50,1.5,0.1,2,0.5085258019686905
1209,scale_free,uniform,1219923,100,291,0.03,3,0.45,0.1,50,1.5,0.06,1,0.6176403028131614
1210,scale_free,uniform,1220932,100,291,0.03,3,0.45,0.1,50,1.5,0.11,2,0.4198155772783356
1211,scale_free,uniform,1221941,100,291,0.03,3,0.45,0.1,50,1.5,0.17,2,0.328560107456927
1212,scale_free,uniform,1222950,100,291,0.03,3,0.45,0.1,50,1.5,0.08,2,0.5495141937653929
1213,scale_free,uniform,1223959,100,291,0.03,3,0.45,0.1,50,1.5,0.07,2,0.6079650348545985
1214,scale_free,uniform,1224968,100,291,0.03,3,0.45,0.1,50,1.5,0.29,10,0.1201514613574142
1215,scale_free,uniform,1225977,100,291,0.03,3,0.45,0.1,50,1.5,0.14,2,0.3610626091673157
1216,scale_free,uniform,1226986,100,291,0.03,3,0.45,0.1,50,1.5,0.17,2,0.3412996354567222
1217,scale_free,uniform,1227995,100,291,0.03,3,0.45,0.1,50,1.5,0.24,5,0.17541677610724057
1218,scale_free,uniform,1229004,100,291,0.03,3,0.45,0.1,50,1.5,0.07,1,0.602118592580373
1219,scale_free,uniform,1230013,100,291,0.03,3,0.45,0.1,50,1.5,0.07,1,0.5823915477309304
1220,scale_free,uniform,1231022,100,291,0.03,3,0.45,0.1,50,1.5,0.1,2,0.5093212887685349
1221,scale_free,uniform,1232031,100,291,0.03,3,0.45,0.1,50,1.5,0.22,3,0.1744704791488353
1222,scale_free,uniform,1233040,100,291,0.03,3,0.45,0.1,50,1.5,0.22,5,0.1753944371007251
1223,scale_free,uniform,1234049,100,291,0.03,3,0.45,0.1,50,1.5,0.09,3,0.5340705484167924
1224,scale_free,uniform,1235058,100,291,0.03,3,0.45,0.1,50,1.5,0.16,3,0.29408601924086225
1225,scale_free,uniform,1236067,100,291,0.03,3,0.45,0.1,50,1.5,0.07,1,0.6086518323759098
1226,scale_free,uniform,1237076,100,291,0.03,3,0.45,0.1,50,1.5,0.09,1,0.5471538850210059
1227,scale_free,uniform,1238085,100,291,0.03,3,0.45,0.1,50,1.5,0.1,2,0.4934683501601889
1228,scale_free,uniform,1239094,100,291,0.03,3,0.45,0.1,50,1.5,0.13,3,0.40740486403384546
1229,scale_free,uniform,1240103,100,291,0.03,3,0.45,0.1,50,1.5,0.06,1,0.639789508441335
1230,scale_free,uniform,1241112,100,291,0.03,3,0.45,0.1,50,1.5,0.16,3,0.3606623088561097
1231,scale_free,uniform,1242121,100,291,0.03,3,0.45,0.1,50,1.5,0.11,2,0.49641934455721737
1232,scale_free,uniform,1243130,100,291,0.03,3,0.45,0.1,50,1.5,0.24,4,0.18378330022653117
1233,scale_free,uniform,1244139,100,291,0.03,3,0.45,0.1,50,1.5,0.06,1,0.610364529923425
1234,scale_free,uniform,1245148,100,291,0.03,3,0.45,0.1,50,1.5,0.11,3,0.4720429852260277
1235,scale_free,uniform,1246157,100,291,0.03,3,0.45,0.1,50,1.5,0.21,4,0.22317124443566413
1236,scale_free,uniform,1247166,100,291,0.03,3,0.45,0.1,50,1.5,0.11,2,0.47973027802409357
1237,scale_free,uniform,1248175,100,291,0.03,3,0.45,0.1,50,1.5,0.15,2,0.36667875654281373
1238,scale_free,uniform,1249184,100,291,0.03,3,0.45,0.1,50,1.5,0.16,4,0.32148619289838526
1239,scale_free,uniform,1250193,100,291,0.03,3,0.45,0.1,50,1.5,0.28,11,0.1402826401086759
1240,scale_free,uniform,1251202,100,291,0.03,3,0.45,0.1,50,1.5,0.13,2,0.3792804198006667
1241,scale_free,uniform,1252211,100,291,0.03,3,0.45,0.1,50,1.5,0.19,4,0.25079301555759975
1242,scale_free,uniform,1253220,100,291,0.03,3,0.45,0.1,50,1.5,0.17,2,0.29729997849479
1243,scale_free,uniform,1254229,100,291,0.03,3,0.45,0.1,50,1.5,0.07,1,0.5793515666894996
1244,scale_free,uniform,1255238,100,291,0.03,3,0.45,0.1,50,1.5,0.11,3,0.45769931023317584
1245,scale_free,uniform,1256247,100,291,0.03,3,0.45,0.1,50,1.5,0.07,1,0.6041155622529237
1246,scale_free,uniform,1257256,100,291,0.03,3,0.45,0.1,50,1.5,0.1,2,0.4652361395918072
1247,scale_free,uniform,1258265,100,291,0.03,3,0.45,0.1,50,1.5,0.14,3,0.3679252665772315
1248,scale_free,uniform,1259274,100,291,0.03,3,0.45,0.1,50,1.5,0.15,3,0.3569283154621703
1249,scale_free,uniform,1260283,100,291,0.03,3,0.45,0.1,50,1.5,0.15,3,0.32268891251065285
1250,scale_free,uniform,1261292,100,291,0.03,3,0.45,0.1,50,1.5,0.06,1,0.6233725748573276
1251,scale_free,uniform,1262301,100,291,0.03,3,0.45,0.1,50,1.5,0.09,2,0.5037441283746422
1252,scale_free,uniform,1263310,100,291,0.03,3,0.45,0.1,50,1.5,0.13,3,0.3888131304520228
1253,scale_free,uniform,1264319,100,291,0.03,3,0.45,0.1,50,1.5,0.07,1,0.5874827631498521
1254,scale_free,uniform,1265328,100,291,0.03,3,0.45,0.1,50,1.5,0.09,2,0.5701982110615212
1255,scale_free,uniform,1266337,100,291,0.03,3,0.45,0.1,50,1.5,0.17,3,0.27653063686045043
1256,scale_free,uniform,1267346,100,291,0.03,3,0.45,0.1,50,1.5,0.1,2,0.47543626161685104
1257,scale_free,uniform,1268355,100,291,0.03,3,0.45,0.1,50,1.5,0.14,3,0.36012813130314747
1258,scale_free,uniform,1269364,100,291,0.03,3,0.45,0.1,50,1.5,0.05,1,0.6560375101091924
1259,scale_free,uniform,1270373,100,291,0.03,3,0.45,0.1,50,1.5,0.11,2,0.47058971661637833
1260,scale_free,uniform,1271382,100,291,0.03,3,0.45,0.1,50,1.5,0.15,3,0.3510525723887217
1261,scale_free,uniform,1272391,100,291,0.03,3,0.45,0.1,50,1.5,0.06,1,0.6251896091344649
1262,scale_free,uniform,1273400,100,291,0.03,3,0.45,0.1,50,1.5,0.18,3,0.2843024705103467
1263,scale_free,uniform,1274409,100,291,0.03,3,0.45,0.1,50,1.5,0.09,2,0.546283478539358
1264,scale_free,uniform,1275418,100,291,0.03,3,0.45,0.1,50,1.5,0.1,1,0.49874942223564267
1265,scale_free,uniform,1276427,100,291,0.03,3,0.45,0.1,50,1.5,0.2,5,0.2267938753199155
1266,scale_free,uniform,1277436,100,291,0.03,3,0.45,0.1,50,1.5,0.13,3,0.43940897272071455
1267,scale_free,uniform,1278445,100,291,0.03,3,0.45,0.1,50,1.5,0.09,3,0.5239036948384467
1268,scale_free,uniform,1279454,100,291,0.03,3,0.45,0.1,50,1.5,0.16,5,0.2989412620884719
1269,scale_free,uniform,1280463,100,291,0.03,3,0.45,0.1,50,1.5,0.29,7,0.1662386670743903
1270,scale_free,uniform,1281472,100,291,0.03,3,0.45,0.1,50,1.5,0.15,2,0.35679049366278603
1271,scale_free,uniform,1282481,100,291,0.03,3,0.45,0.1,50,1.5,0.23,5,0.1719345223506857
1272,scale_free,uniform,1283490,100,291,0.03,3,0.45,0.1,50,1.5,0.1,3,0.49931981191427577
1273,scale_free,uniform,1284499,100,291,0.03,3,0.45,0.1,50,1.5,0.17,2,0.28718688956479893
1274,scale_free,uniform,1285508,100,291,0.03,3,0.45,0.1,50,1.5,0.16,3,0.33176596732594954
1275,scale_free,uniform,1286517,100,291,0.03,3,0.45,0.1,50,1.5,0.14,2,0.3906500139063677
1276,scale_free,uniform,1287526,100,291,0.03,3,0.45,0.1,50,1.5,1.0,12,0.0
1277,scale_free,uniform,1288535,100,291,0.03,3,0.45,0.1,50,1.5,0.15,4,0.3696712393954155
1278,scale_free,uniform,1289544,100,291,0.03,3,0.45,0.1,50,1.5,0.22,5,0.19680280029609937
1279,scale_free,uniform,1290553,100,291,0.03,3,0.45,0.1,50,1.5,0.22,7,0.21994339718912548
1280,scale_free,uniform,1291562,100,291,0.03,3,0.45,0.1,50,1.5,0.19,3,0.2761021919094306
1281,scale_free,uniform,1292571,100,291,0.03,3,0.45,0.1,50,1.5,0.09,2,0.5225439476436733
1282,scale_free,uniform,1293580,100,291,0.03,3,0.45,0.1,50,1.5,0.17,4,0.30344772124513747
1283,scale_free,uniform,1294589,100,291,0.03,3,0.45,0.1,50,1.5,0.12,1,0.41490198137255546
1284,scale_free,uniform,1295598,100,291,0.03,3,0.45,0.1,50,1.5,0.08,1,0.5678350922860438
1285,scale_free,uniform,1296607,100,291,0.03,3,0.45,0.1,50,1.5,0.11,2,0.4427428893140472
1286,scale_free,uniform,1297616,100,291,0.03,3,0.45,0.1,50,1.5,0.16,4,0.3119288031471192
1287,scale_free,uniform,1298625,100,291,0.03,3,0.45,0.1,50,1.5,0.12,2,0.43746537403380337
1288,scale_free,uniform,1299634,100,291,0.03,3,0.45,0.1,50,1.5,0.09,2,0.5124292143107998
1289,scale_free,uniform,1300643,100,291,0.03,3,0.45,0.1,50,1.5,0.21,4,0.23888879970562715
1290,scale_free,uniform,1301652,100,291,0.03,3,0.45,0.1,50,1.5,0.08,1,0.5661174353940212
1291,scale_free,uniform,1302661,100,291,0.03,3,0.45,0.1,50,1.5,0.33,6,0.056295925434739144
1292,scale_free,uniform,1303670,100,291,0.03,3,0.45,0.1,50,1.5,0.14,2,0.38771391119832793
1293,scale_free,uniform,1304679,100,291,0.03,3,0.45,0.1,50,1.5,0.17,3,0.29846021990778904
1294,scale_free,uniform,1305688,100,291,0.03,3,0.45,0.1,50,1.5,0.19,7,0.24636890231989841
1295,scale_free,uniform,1306697,100,291,0.03,3,0.45,0.1,50,1.5,0.14,4,0.3768033621364135
1296,scale_free,uniform,1307706,100,291,0.03,3,0.45,0.1,50,1.5,0.19,5,0.3045387981530842
1297,scale_free,uniform,1308715,100,291,0.03,3,0.45,0.1,50,1.5,0.11,3,0.46341678622682203
1298,scale_free,uniform,1309724,100,291,0.03,3,0.45,0.1,50,1.5,0.11,2,0.49337029178229563
1299,scale_free,uniform,1310733,100,291,0.03,3,0.45,0.1,50,1.5,0.38,6,0.07994676921581545
1300,scale_free,uniform,1311742,100,291,0.03,3,0.45,0.1,50,1.5,0.28,4,0.116182449925516
1301,scale_free,uniform,1312751,100,291,0.03,3,0.45,0.1,50,1.5,0.09,3,0.5267122331013158
1302,scale_free,uniform,1313760,100,291,0.03,3,0.45,0.1,50,1.5,0.14,2,0.4100954740703974
1303,scale_free,uniform,1314769,100,291,0.03,3,0.45,0.1,50,1.5,0.2,2,0.21236076814830937
1304,scale_free,uniform,1315778,100,291,0.03,3,0.45,0.1,50,1.5,0.08,1,0.5850856313605436
1305,scale_free,uniform,1316787,100,291,0.03,3,0.45,0.1,50,1.5,0.05,1,0.6482133556870338
1306,scale_free,uniform,1317796,100,291,0.03,3,0.45,0.1,50,1.5,0.1,2,0.5023492191086166
1307,scale_free,uniform,1318805,100,291,0.03,3,0.45,0.1,50,1.5,0.15,2,0.3456718662529317
1308,scale_free,uniform,1319814,100,291,0.03,3,0.45,0.1,50,1.5,0.13,2,0.4156823918135178
1309,scale_free,uniform,1320823,100,291,0.03,3,0.45,0.1,50,1.5,0.14,3,0.4123008190605457
1310,scale_free,uniform,1321832,100,291,0.03,3,0.45,0.1,50,1.5,0.19,3,0.2873914774867356
1311,scale_free,uniform,1322841,100,291,0.03,3,0.45,0.1,50,1.5,0.15,3,0.3843684399465844
1312,scale_free,uniform,1323850,100,291,0.03,3,0.45,0.1,50,1.5,0.07,1,0.6100957890921401
1313,scale_free,uniform,1324859,100,291,0.03,3,0.45,0.1,50,1.5,0.23,4,0.15522579620118612
1314,scale_free,uniform,1325868,100,291,0.03,3,0.45,0.1,50,1.5,0.14,4,0.3774494373522605
1315,scale_free,uniform,1326877,100,291,0.03,3,0.45,0.1,50,1.5,0.1,2,0.4740668052808113
1316,scale_free,uniform,1327886,100,291,0.03,3,0.45,0.1,50,1.5,0.12,3,0.4371027010840755
1317,scale_free,uniform,1328895,100,291,0.03,3,0.45,0.1,50,1.5,0.1,2,0.518569302046563
1318,scale_free,uniform,1329904,100,291,0.03,3,0.45,0.1,50,1.5,0.21,7,0.24669655939070978
1319,scale_free,uniform,1330913,100,291,0.03,3,0.45,0.1,50,1.5,0.25,4,0.18571277256764038
1320,scale_free,uniform,1331922,100,291,0.03,3,0.45,0.1,50,1.5,0.08,1,0.5984977821977464
1321,scale_free,uniform,1332931,100,291,0.03,3,0.45,0.1,50,1.5,0.17,4,0.3393941928614215
1322,scale_free,uniform,1333940,100,291,0.03,3,0.45,0.1,50,1.5,0.08,2,0.5762074614964
1323,scale_free,uniform,1334949,100,291,0.03,3,0.45,0.1,50,1.5,0.2,4,0.1843778080207054
1324,scale_free,uniform,1335958,100,291,0.03,3,0.45,0.1,50,1.5,0.21,4,0.23841527008124408
1325,scale_free,uniform,1336967,100,291,0.03,3,0.45,0.1,50,1.5,0.13,2,0.4531463953406746
1326,scale_free,uniform,1337976,100,291,0.03,3,0.45,0.1,50,1.5,0.16,3,0.3393264776017102
1327,scale_free,uniform,1338985,100,291,0.03,3,0.45,0.1,50,1.5,0.07,1,0.6043429797697124
1328,scale_free,uniform,1339994,100,291,0.03,3,0.45,0.1,50,1.5,0.16,5,0.3634108833563511
1329,scale_free,uniform,1341003,100,291,0.03,3,0.45,0.1,50,1.5,0.1,3,0.46142768081746266
1330,scale_free,uniform,1342012,100,291,0.03,3,0.45,0.1,50,1.5,0.08,2,0.6090161599622548
1331,scale_free,uniform,1343021,100,291,0.03,3,0.45,0.1,50,1.5,0.2,4,0.2097378960542615
1332,scale_free,uniform,1344030,100,291,0.03,3,0.45,0.1,50,1.5,0.2,2,0.22214793814732178
1333,scale_free,uniform,1345039,100,291,0.03,3,0.45,0.1,50,1.5,0.11,2,0.4912880290624122
1334,scale_free,uniform,1346048,100,291,0.03,3,0.45,0.1,50,1.5,0.08,1,0.5642839988752103
1335,scale_free,uniform,1347057,100,291,0.03,3,0.45,0.1,50,1.5,0.11,3,0.4590914609934532
1336,scale_free,uniform,1348066,100,291,0.03,3,0.45,0.1,50,1.5,0.06,1,0.6344435556437995
1337,scale_free,uniform,1349075,100,291,0.03,3,0.45,0.1,50,1.5,0.09,2,0.5586810919562506
1338,scale_free,uniform,1350084,100,291,0.03,3,0.45,0.1,50,1.5,0.15,3,0.34459898964491736
1339,scale_free,uniform,1351093,100,291,0.03,3,0.45,0.1,50,1.5,0.15,2,0.3684613806098707
1340,scale_free,uniform,1352102,100,291,0.03,3,0.45,0.1,50,1.5,0.12,2,0.46400243224368326
1341,scale_free,uniform,1353111,100,291,0.03,3,0.45,0.1,50,1.5,0.07,2,0.6157590838776946
1342,scale_free,uniform,1354120,100,291,0.03,3,0.45,0.1,50,1.5,0.12,2,0.38940254904949717
1343,scale_free,uniform,1355129,100,291,0.03,3,0.45,0.1,50,1.5,0.2,3,0.19004947442644426
1344,scale_free,uniform,1356138,100,291,0.03,3,0.45,0.1,50,1.5,0.45,8,0.02339681347920231
1345,scale_free,uniform,1357147,100,291,0.03,3,0.45,0.1,50,1.5,0.06,1,0.6507768858684748
1346,scale_free,uniform,1358156,100,291,0.03,3,0.45,0.1,50,1.5,0.16,3,0.32949285533459277
1347,scale_free,uniform,1359165,100,291,0.03,3,0.45,0.1,50,1.5,0.09,1,0.5427866559951443
1348,scale_free,uniform,1360174,100,291,0.03,3,0.45,0.1,50,1.5,0.07,2,0.6143156750860824
1349,scale_free,uniform,1361183,100,291,0.03,3,0.45,0.1,50,1.5,0.08,2,0.5914741340552929
1350,scale_free,uniform,1362192,100,291,0.03,3,0.45,0.1,50,1.5,0.18,3,0.27958942626178485
1351,scale_free,uniform,1363201,100,291,0.03,3,0.45,0.1,50,1.5,0.15,4,0.3707047585516032
1352,scale_free,uniform,1364210,100,291,0.03,3,0.45,0.1,50,1.5,0.07,1,0.6041109308290258
1353,scale_free,uniform,1365219,100,291,0.03,3,0.45,0.1,50,1.5,0.29,5,0.1382795097377687
1354,scale_free,uniform,1366228,100,291,0.03,3,0.45,0.1,50,1.5,0.18,3,0.2656280845525984
1355,scale_free,uniform,1367237,100,291,0.03,3,0.45,0.1,50,1.5,0.13,3,0.4246454887227957
1356,scale_free,uniform,1368246,100,291,0.03,3,0.45,0.1,50,1.5,0.14,4,0.43554710061530605
1357,scale_free,uniform,1369255,100,291,0.03,3,0.45,0.1,50,1.5,0.21,5,0.21182562247425976
1358,scale_free,uniform,1370264,100,291,0.03,3,0.45,0.1,50,1.5,0.04,1,0.6914005893038275
1359,scale_free,uniform,1371273,100,291,0.03,3,0.45,0.1,50,1.5,0.15,3,0.3751681482359704
1360,scale_free,uniform,1372282,100,291,0.03,3,0.45,0.1,50,1.5,0.08,2,0.5580503144110233
1361,scale_free,uniform,1373291,100,291,0.03,3,0.45,0.1,50,1.5,0.11,1,0.46846195316035677
1362,scale_free,uniform,1374300,100,291,0.03,3,0.45,0.1,50,1.5,0.15,3,0.3605486997072462
1363,scale_free,uniform,1375309,100,291,0.03,3,0.45,0.1,50,1.5,0.19,2,0.29536724412301874
1364,scale_free,uniform,1376318,100,291,0.03,3,0.45,0.1,50,1.5,0.08,2,0.5727369776331742
1365,scale_free,uniform,1377327,100,291,0.03,3,0.45,0.1,50,1.5,0.22,4,0.1577469738521826
1366,scale_free,uniform,1378336,100,291,0.03,3,0.45,0.1,50,1.5,0.16,6,0.35854571924762263
1367,scale_free,uniform,1379345,100,291,0.03,3,0.45,0.1,50,1.5,0.15,3,0.38805042467720324
1368,scale_free,uniform,1380354,100,291,0.03,3,0.45,0.1,50,1.5,0.09,1,0.4963943717836831
1369,scale_free,uniform,1381363,100,291,0.03,3,0.45,0.1,50,1.5,0.14,2,0.3875612330440699
1370,scale_free,uniform,1382372,100,291,0.03,3,0.45,0.1,50,1.5,0.12,3,0.4284896634793219
1371,scale_free,uniform,1383381,100,291,0.03,3,0.45,0.1,50,1.5,0.06,1,0.6209487243905957
1372,scale_free,uniform,1384390,100,291,0.03,3,0.45,0.1,50,1.5,0.07,2,0.5687500470373252
1373,scale_free,uniform,1385399,100,291,0.03,3,0.45,0.1,50,1.5,0.08,2,0.5600541182044465
1374,scale_free,uniform,1386408,100,291,0.03,3,0.45,0.1,50,1.5,0.1,1,0.4775925632452597
1375,scale_free,uniform,1387417,100,291,0.03,3,0.45,0.1,50,1.5,0.18,3,0.28493505629180454
1376,scale_free,uniform,1388426,100,291,0.03,3,0.45,0.1,50,1.5,0.17,5,0.2426471984795072
1377,scale_free,uniform,1389435,100,291,0.03,3,0.45,0.1,50,1.5,0.11,4,0.455757393174739
1378,scale_free,uniform,1390444,100,291,0.03,3,0.45,0.1,50,1.5,0.12,3,0.38318418633131235
1379,scale_free,uniform,1391453,100,291,0.03,3,0.45,0.1,50,1.5,0.15,2,0.3334430022359273
1380,scale_free,uniform,1392462,100,291,0.03,3,0.45,0.1,50,1.5,0.08,3,0.6089992962489161
1381,scale_free,uniform,1393471,100,291,0.03,3,0.45,0.1,50,1.5,0.08,1,0.563423673523337
1382,scale_free,uniform,1394480,100,291,0.03,3,0.45,0.1,50,1.5,0.1,1,0.5256345211328494
1383,scale_free,uniform,1395489,100,291,0.03,3,0.45,0.1,50,1.5,0.18,3,0.30559778407453736
1384,scale_free,uniform,1396498,100,291,0.03,3,0.45,0.1,50,1.5,0.14,2,0.36777261165432634
1385,scale_free,uniform,1397507,100,291,0.03,3,0.45,0.1,50,1.5,0.08,2,0.5960323607871814
1386,scale_free,uniform,1398516,100,291,0.03,3,0.45,0.1,50,1.5,0.13,2,0.4140258679490622
1387,scale_free,uniform,1399525,100,291,0.03,3,0.45,0.1,50,1.5,0.15,2,0.37631654452623275
1388,scale_free,uniform,1400534,100,291,0.03,3,0.45,0.1,50,1.5,0.06,1,0.6273129813265161
1389,scale_free,uniform,1401543,100,291,0.03,3,0.45,0.1,50,1.5,0.28,6,0.1157675814519547
1390,scale_free,uniform,1402552,100,291,0.03,3,0.45,0.1,50,1.5,0.23,4,0.1680224459803412
1391,scale_free,uniform,1403561,100,291,0.03,3,0.45,0.1,50,1.5,0.12,3,0.438983496241013
1392,scale_free,uniform,1404570,100,291,0.03,3,0.45,0.1,50,1.5,0.1,1,0.5244837342368819
1393,scale_free,uniform,1405579,100,291,0.03,3,0.45,0.1,50,1.5,0.13,3,0.4177862874855288
1394,scale_free,uniform,1406588,100,291,0.03,3,0.45,0.1,50,1.5,0.09,2,0.5192319040386242
1395,scale_free,uniform,1407597,100,291,0.03,3,0.45,0.1,50,1.5,0.17,6,0.32921140521326697
1396,scale_free,uniform,1408606,100,291,0.03,3,0.45,0.1,50,1.5,0.1,2,0.545487676090667
1397,scale_free,uniform,1409615,100,291,0.03,3,0.45,0.1,50,1.5,0.07,1,0.6299133063374311
1398,scale_free,uniform,1410624,100,291,0.03,3,0.45,0.1,50,1.5,0.14,2,0.379233533715044
1399,scale_free,uniform,1411633,100,291,0.03,3,0.45,0.1,50,1.5,0.15,5,0.3418883640608945
1400,scale_free,uniform,1412642,100,291,0.03,3,0.45,0.1,50,1.5,0.11,1,0.4669604847302851
1401,scale_free,uniform,1413651,100,291,0.03,3,0.45,0.1,50,1.5,0.12,2,0.39932874360070053
1402,scale_free,uniform,1414660,100,291,0.03,3,0.45,0.1,50,1.5,0.08,2,0.5437097839066658
1403,scale_free,uniform,1415669,100,291,0.03,3,0.45,0.1,50,1.5,0.09,2,0.5230586017494184
1404,scale_free,uniform,1416678,100,291,0.03,3,0.45,0.1,50,1.5,0.12,2,0.4140414218470646
1405,scale_free,uniform,1417687,100,291,0.03,3,0.45,0.1,50,1.5,0.07,1,0.5879502054915818
1406,scale_free,uniform,1418696,100,291,0.03,3,0.45,0.1,50,1.5,0.21,3,0.19197757015882022
1407,scale_free,uniform,1419705,100,291,0.03,3,0.45,0.1,50,1.5,0.06,3,0.6197614373925938
1408,scale_free,uniform,1420714,100,291,0.03,3,0.45,0.1,50,1.5,0.13,3,0.38396982748272906
1409,scale_free,uniform,1421723,100,291,0.03,3,0.45,0.1,50,1.5,0.13,2,0.4216093631687085
1410,scale_free,uniform,1422732,100,291,0.03,3,0.45,0.1,50,1.5,0.13,4,0.4441670726643516
1411,scale_free,uniform,1423741,100,291,0.03,3,0.45,0.1,50,1.5,0.06,1,0.6108070462146094
1412,scale_free,uniform,1424750,100,291,0.03,3,0.45,0.1,50,1.5,0.07,1,0.5552273479976776
1413,scale_free,uniform,1425759,100,291,0.03,3,0.45,0.1,50,1.5,0.11,2,0.5007908017728192
1414,scale_free,uniform,1426768,100,291,0.03,3,0.45,0.1,50,1.5,0.13,3,0.3745810779956056
1415,scale_free,uniform,1427777,100,291,0.03,3,0.45,0.1,50,1.5,0.13,2,0.46185558234520163
1416,scale_free,uniform,1428786,100,291,0.03,3,0.45,0.1,50,1.5,0.14,3,0.4062576004452211
1417,scale_free,uniform,1429795,100,291,0.03,3,0.45,0.1,50,1.5,0.12,3,0.4442020128853482
1418,scale_free,uniform,1430804,100,291,0.03,3,0.45,0.1,50,1.5,0.08,1,0.577733578919459
1419,scale_free,uniform,1431813,100,291,0.03,3,0.45,0.1,50,1.5,0.16,4,0.3532956922959054
1420,scale_free,uniform,1432822,100,291,0.03,3,0.45,0.1,50,1.5,0.09,2,0.5056602453094537
1421,scale_free,uniform,1433831,100,291,0.03,3,0.45,0.1,50,1.5,0.09,2,0.49997270476507016
1422,scale_free,uniform,1434840,100,291,0.03,3,0.45,0.1,50,1.5,0.13,2,0.417604976867004
1423,scale_free,uniform,1435849,100,291,0.03,3,0.45,0.1,50,1.5,0.18,4,0.2475411862509484
1424,scale_free,uniform,1436858,100,291,0.03,3,0.45,0.1,50,1.5,0.11,1,0.4486027271563417
1425,scale_free,uniform,1437867,100,291,0.03,3,0.45,0.1,50,1.5,1.0,21,0.0
1426,scale_free,uniform,1438876,100,291,0.03,3,0.45,0.1,50,1.5,0.1,3,0.46822444650586553
1427,scale_free,uniform,1439885,100,291,0.03,3,0.45,0.1,50,1.5,0.1,1,0.479984923897933
1428,scale_free,uniform,1440894,100,291,0.03,3,0.45,0.1,50,1.5,0.12,2,0.39883949237073246
1429,scale_free,uniform,1441903,100,291,0.03,3,0.45,0.1,50,1.5,0.07,1,0.6182071801032556
1430,scale_free,uniform,1442912,100,291,0.03,3,0.45,0.1,50,1.5,0.17,4,0.32146838763734586
1431,scale_free,uniform,1443921,100,291,0.03,3,0.45,0.1,50,1.5,0.25,4,0.1490479125034303
1432,scale_free,uniform,1444930,100,291,0.03,3,0.45,0.1,50,1.5,0.1,1,0.5058877664790085
1433,scale_free,uniform,1445939,100,291,0.03,3,0.45,0.1,50,1.5,0.14,2,0.3433217922215219
1434,scale_free,uniform,1446948,100,291,0.03,3,0.45,0.1,50,1.5,0.22,4,0.2241415819122886
1435,scale_free,uniform,1447957,100,291,0.03,3,0.45,0.1,50,1.5,0.12,2,0.4697005153895064
1436,scale_free,uniform,1448966,100,291,0.03,3,0.45,0.1,50,1.5,0.14,7,0.41590180109054314
1437,scale_free,uniform,1449975,100,291,0.03,3,0.45,0.1,50,1.5,0.15,3,0.36322384057182866
1438,scale_free,uniform,1450984,100,291,0.03,3,0.45,0.1,50,1.5,0.17,2,0.2757243815140763
1439,scale_free,uniform,1451993,100,291,0.03,3,0.45,0.1,50,1.5,0.15,2,0.34457112185847366
1440,scale_free,uniform,1453002,100,291,0.03,3,0.45,0.1,50,1.5,0.27,4,0.1583320799523536
1441,scale_free,uniform,1454011,100,291,0.03,3,0.45,0.1,50,1.5,0.1,2,0.5124132445184248
1442,scale_free,uniform,1455020,100,291,0.03,3,0.45,0.1,50,1.5,0.26,4,0.14657328753079424
1443,scale_free,uniform,1456029,100,291,0.03,3,0.45,0.1,50,1.5,0.15,2,0.3256541164938934
1444,scale_free,uniform,1457038,100,291,0.03,3,0.45,0.1,50,1.5,0.06,1,0.6575420881517465
1445,scale_free,uniform,1458047,100,291,0.03,3,0.45,0.1,50,1.5,0.11,2,0.4631548722223705
1446,scale_free,uniform,1459056,100,291,0.03,3,0.45,0.1,50,1.5,0.19,5,0.22989412282043173
1447,scale_free,uniform,1460065,100,291,0.03,3,0.45,0.1,50,1.5,0.23,6,0.21611377254106975
1448,scale_free,uniform,1461074,100,291,0.03,3,0.45,0.1,50,1.5,0.2,2,0.3445679288712153
1449,scale_free,uniform,1462083,100,291,0.03,3,0.45,0.1,50,1.5,0.14,2,0.35314637455572767
1450,scale_free,uniform,1463092,100,291,0.03,3,0.45,0.1,50,1.5,0.15,2,0.37170081965627166
1451,scale_free,uniform,1464101,100,291,0.03,3,0.45,0.1,50,1.5,0.15,3,0.28094781519575845
1452,scale_free,uniform,1465110,100,291,0.03,3,0.45,0.1,50,1.5,0.05,1,0.6762939216180528
1453,scale_free,uniform,1466119,100,291,0.03,3,0.45,0.1,50,1.5,0.23,7,0.22907455586093717
1454,scale_free,uniform,1467128,100,291,0.03,3,0.45,0.1,50,1.5,0.12,4,0.49065250356667406
1455,scale_free,uniform,1468137,100,291,0.03,3,0.45,0.1,50,1.5,0.29,6,0.1292620440912265
1456,scale_free,uniform,1469146,100,291,0.03,3,0.45,0.1,50,1.5,0.12,2,0.46655053407024893
1457,scale_free,uniform,1470155,100,291,0.03,3,0.45,0.1,50,1.5,0.08,3,0.554642810175914
1458,scale_free,uniform,1471164,100,291,0.03,3,0.45,0.1,50,1.5,0.08,1,0.5804725919990983
1459,scale_free,uniform,1472173,100,291,0.03,3,0.45,0.1,50,1.5,0.07,1,0.5767893002338793
1460,scale_free,uniform,1473182,100,291,0.03,3,0.45,0.1,50,1.5,0.13,3,0.3778393130949594
1461,scale_free,uniform,1474191,100,291,0.03,3,0.45,0.1,50,1.5,0.32,7,0.09772716362381324
1462,scale_free,uniform,1475200,100,291,0.03,3,0.45,0.1,50,1.5,0.22,4,0.21600239125801057
1463,scale_free,uniform,1476209,100,291,0.03,3,0.45,0.1,50,1.5,0.14,3,0.4108042130224152
1464,scale_free,uniform,1477218,100,291,0.03,3,0.45,0.1,50,1.5,0.09,2,0.5385736390377189
1465,scale_free,uniform,1478227,100,291,0.03,3,0.45,0.1,50,1.5,0.06,1,0.6224095448201649
1466,scale_free,uniform,1479236,100,291,0.03,3,0.45,0.1,50,1.5,0.16,3,0.2908407334161078
1467,scale_free,uniform,1480245,100,291,0.03,3,0.45,0.1,50,1.5,0.1,3,0.4652238116575287
1468,scale_free,uniform,1481254,100,291,0.03,3,0.45,0.1,50,1.5,0.17,3,0.2767649961155703
1469,scale_free,uniform,1482263,100,291,0.03,3,0.45,0.1,50,1.5,0.15,3,0.3649282458723536
1470,scale_free,uniform,1483272,100,291,0.03,3,0.45,0.1,50,1.5,0.11,1,0.4841974873916206
1471,scale_free,uniform,1484281,100,291,0.03,3,0.45,0.1,50,1.5,0.17,2,0.272924876399779
1472,scale_free,uniform,1485290,100,291,0.03,3,0.45,0.1,50,1.5,0.15,3,0.3506864866336914
1473,scale_free,uniform,1486299,100,291,0.03,3,0.45,0.1,50,1.5,0.13,2,0.377516422012133
1474,scale_free,uniform,1487308,100,291,0.03,3,0.45,0.1,50,1.5,0.15,4,0.3507757754329584
1475,scale_free,uniform,1488317,100,291,0.03,3,0.45,0.1,50,1.5,0.07,1,0.5713031553065022
1476,scale_free,uniform,1489326,100,291,0.03,3,0.45,0.1,50,1.5,0.14,3,0.4092275948317567
1477,scale_free,uniform,1490335,100,291,0.03,3,0.45,0.1,50,1.5,0.15,4,0.36857695410311686
1478,scale_free,uniform,1491344,100,291,0.03,3,0.45,0.1,50,1.5,0.15,4,0.3959132107989835
1479,scale_free,uniform,1492353,100,291,0.03,3,0.45,0.1,50,1.5,0.08,2,0.5840704877781081
1480,scale_free,uniform,1493362,100,291,0.03,3,0.45,0.1,50,1.5,0.1,2,0.5315334648329406
1481,scale_free,uniform,1494371,100,291,0.03,3,0.45,0.1,50,1.5,0.08,1,0.5160157039665029
1482,scale_free,uniform,1495380,100,291,0.03,3,0.45,0.1,50,1.5,0.24,3,0.14323953873550269
1483,scale_free,uniform,1496389,100,291,0.03,3,0.45,0.1,50,1.5,0.17,3,0.35428176906440717
1484,scale_free,uniform,1497398,100,291,0.03,3,0.45,0.1,50,1.5,0.2,2,0.2363124963610674
1485,scale_free,uniform,1498407,100,291,0.03,3,0.45,0.1,50,1.5,0.09,2,0.5569134721401021
1486,scale_free,uniform,1499416,100,291,0.03,3,0.45,0.1,50,1.5,0.08,2,0.5767043289454762
1487,scale_free,uniform,1500425,100,291,0.03,3,0.45,0.1,50,1.5,0.11,2,0.43815001221215055
1488,scale_free,uniform,1501434,100,291,0.03,3,0.45,0.1,50,1.5,0.08,2,0.5864637713741118
1489,scale_free,uniform,1502443,100,291,0.03,3,0.45,0.1,50,1.5,0.13,3,0.40252337494451157
1490,scale_free,uniform,1503452,100,291,0.03,3,0.45,0.1,50,1.5,0.11,3,0.47448477623177404
1491,scale_free,uniform,1504461,100,291,0.03,3,0.45,0.1,50,1.5,0.11,1,0.42273528811417554
1492,scale_free,uniform,1505470,100,291,0.03,3,0.45,0.1,50,1.5,0.14,2,0.4134336805956943
1493,scale_free,uniform,1506479,100,291,0.03,3,0.45,0.1,50,1.5,0.15,3,0.32605868386885883
1494,scale_free,uniform,1507488,100,291,0.03,3,0.45,0.1,50,1.5,0.07,1,0.6207004693002642
1495,scale_free,uniform,1508497,100,291,0.03,3,0.45,0.1,50,1.5,0.21,3,0.2642131871557975
1496,scale_free,uniform,1509506,100,291,0.03,3,0.45,0.1,50,1.5,0.13,2,0.42149079497447917
1497,scale_free,uniform,1510515,100,291,0.03,3,0.45,0.1,50,1.5,0.07,1,0.5900540148860106
1498,scale_free,uniform,1511524,100,291,0.03,3,0.45,0.1,50,1.5,0.06,1,0.6012512370155981
1499,scale_free,uniform,1512533,100,291,0.03,3,0.45,0.1,50,1.5,0.1,2,0.4896000815055612
1500,scale_free,uniform,1513542,100,291,0.03,3,0.45,0.1,50,1.5,0.11,2,0.47632530309883925
1501,scale_free,uniform,1514551,100,291,0.03,3,0.45,0.1,50,1.5,0.09,1,0.5174895552696726
1502,scale_free,uniform,1515560,100,291,0.03,3,0.45,0.1,50,1.5,0.06,1,0.620834554160536
1503,scale_free,uniform,1516569,100,291,0.03,3,0.45,0.1,50,1.5,0.06,2,0.6396373892950568
1504,scale_free,uniform,1517578,100,291,0.03,3,0.45,0.1,50,1.5,0.11,3,0.4907391858829542
1505,scale_free,uniform,1518587,100,291,0.03,3,0.45,0.1,50,1.5,0.12,2,0.44607372180178184
1506,scale_free,uniform,1519596,100,291,0.03,3,0.45,0.1,50,1.5,0.12,5,0.49732718191678854
1507,scale_free,uniform,1520605,100,291,0.03,3,0.45,0.1,50,1.5,0.1,2,0.4749243579573277
1508,scale_free,uniform,1521614,100,291,0.03,3,0.45,0.1,50,1.5,0.11,2,0.4833560255220925
1509,scale_free,uniform,1522623,100,291,0.03,3,0.45,0.1,50,1.5,0.14,2,0.4171074105218415
1510,scale_free,uniform,1523632,100,291,0.03,3,0.45,0.1,50,1.5,0.11,2,0.4833634075675828
1511,scale_free,uniform,1524641,100,291,0.03,3,0.45,0.1,50,1.5,0.13,1,0.41045469274532237
1512,scale_free,uniform,1525650,100,291,0.03,3,0.45,0.1,50,1.5,0.19,3,0.2804984480809018
1513,scale_free,uniform,1526659,100,291,0.03,3,0.45,0.1,50,1.5,0.11,3,0.49286980230560506
1514,scale_free,uniform,1527668,100,291,0.03,3,0.45,0.1,50,1.5,0.11,1,0.43587768142977057
1515,scale_free,uniform,1528677,100,291,0.03,3,0.45,0.1,50,1.5,0.21,4,0.24177754203972845
1516,scale_free,uniform,1529686,100,291,0.03,3,0.45,0.1,50,1.5,0.13,2,0.3443317998943115
1517,scale_free,uniform,1530695,100,291,0.03,3,0.45,0.1,50,1.5,0.35,13,0.09059182128496074
1518,scale_free,uniform,1531704,100,291,0.03,3,0.45,0.1,50,1.5,0.14,3,0.38821447497998013
1519,scale_free,uniform,1532713,100,291,0.03,3,0.45,0.1,50,1.5,0.08,1,0.563220040293712
1520,scale_free,uniform,1533722,100,291,0.03,3,0.45,0.1,50,1.5,0.35,11,0.08468530620287068
1521,scale_free,uniform,1534731,100,291,0.03,3,0.45,0.1,50,1.5,0.05,1,0.6934560873805432
1522,scale_free,uniform,1535740,100,291,0.03,3,0.45,0.1,50,1.5,0.17,4,0.2723144593470758
1523,scale_free,uniform,1536749,100,291,0.03,3,0.45,0.1,50,1.5,0.18,3,0.30622755716794187
1524,scale_free,uniform,1537758,100,291,0.03,3,0.45,0.1,50,1.5,0.11,3,0.5009328397893232
1525,scale_free,uniform,1538767,100,291,0.03,3,0.45,0.1,50,1.5,0.1,1,0.5206342395814426
1526,scale_free,uniform,1539776,100,291,0.03,3,0.45,0.1,50,1.5,0.16,4,0.34326770099991827
1527,scale_free,uniform,1540785,100,291,0.03,3,0.45,0.1,50,1.5,0.11,3,0.4790292998062732
1528,scale_free,uniform,1541794,100,291,0.03,3,0.45,0.1,50,1.5,0.14,4,0.3506321411763044
1529,scale_free,uniform,1542803,100,291,0.03,3,0.45,0.1,50,1.5,0.1,3,0.5163349201804016
1530,scale_free,uniform,1543812,100,291,0.03,3,0.45,0.1,50,1.5,0.12,4,0.4643966911908262
1531,scale_free,uniform,1544821,100,291,0.03,3,0.45,0.1,50,1.5,0.18,4,0.2858789850030098
1532,scale_free,uniform,1545830,100,291,0.03,3,0.45,0.1,50,1.5,0.09,1,0.5249451771018702
1533,scale_free,uniform,1546839,100,291,0.03,3,0.45,0.1,50,1.5,0.23,6,0.22889353460692152
1534,scale_free,uniform,1547848,100,291,0.03,3,0.45,0.1,50,1.5,0.19,2,0.29071537916691054
1535,scale_free,uniform,1548857,100,291,0.03,3,0.45,0.1,50,1.5,0.11,1,0.46106931095627673
1536,scale_free,uniform,1549866,100,291,0.03,3,0.45,0.1,50,1.5,1.0,21,0.0
1537,scale_free,uniform,1550875,100,291,0.03,3,0.45,0.1,50,1.5,0.07,1,0.5672491265318719
1538,scale_free,uniform,1551884,100,291,0.03,3,0.45,0.1,50,1.5,0.1,2,0.46357892998784295
1539,scale_free,uniform,1552893,100,291,0.03,3,0.45,0.1,50,1.5,0.09,1,0.5404518070563121
1540,scale_free,uniform,1553902,100,291,0.03,3,0.45,0.1,50,1.5,0.2,4,0.24494907947231073
1541,scale_free,uniform,1554911,100,291,0.03,3,0.45,0.1,50,1.5,0.14,3,0.35849633654758123
1542,scale_free,uniform,1555920,100,291,0.03,3,0.45,0.1,50,1.5,0.07,2,0.5995673301978575
1543,scale_free,uniform,1556929,100,291,0.03,3,0.45,0.1,50,1.5,0.1,1,0.4580617475261871
1544,scale_free,uniform,1557938,100,291,0.03,3,0.45,0.1,50,1.5,0.23,7,0.19553685241142138
1545,scale_free,uniform,1558947,100,291,0.03,3,0.45,0.1,50,1.5,0.15,2,0.36143689284556374
1546,scale_free,uniform,1559956,100,291,0.03,3,0.45,0.1,50,1.5,0.14,3,0.3948792844955429
1547,scale_free,uniform,1560965,100,291,0.03,3,0.45,0.1,50,1.5,0.17,5,0.3375995486247764
1548,scale_free,uniform,1561974,100,291,0.03,3,0.45,0.1,50,1.5,0.11,1,0.4948616790825926
1549,scale_free,uniform,1562983,100,291,0.03,3,0.45,0.1,50,1.5,0.11,2,0.46755059108888636
1550,scale_free,uniform,1563992,100,291,0.03,3,0.45,0.1,50,1.5,0.23,5,0.187828050975169
1551,scale_free,uniform,1565001,100,291,0.03,3,0.45,0.1,50,1.5,0.11,3,0.48683296848747815
1552,scale_free,uniform,1566010,100,291,0.03,3,0.45,0.1,50,1.5,0.09,2,0.5217976478313993
1553,scale_free,uniform,1567019,100,291,0.03,3,0.45,0.1,50,1.5,0.03,0,0.7449078724709207
1554,scale_free,uniform,1568028,100,291,0.03,3,0.45,0.1,50,1.5,0.19,3,0.2656570938982357
1555,scale_free,uniform,1569037,100,291,0.03,3,0.45,0.1,50,1.5,0.07,2,0.6029373469884134
1556,scale_free,uniform,1570046,100,291,0.03,3,0.45,0.1,50,1.5,0.1,1,0.4487232839060751
1557,scale_free,uniform,1571055,100,291,0.03,3,0.45,0.1,50,1.5,0.15,3,0.349960402892605
1558,scale_free,uniform,1572064,100,291,0.03,3,0.45,0.1,50,1.5,0.1,2,0.5087700609696827
1559,scale_free,uniform,1573073,100,291,0.03,3,0.45,0.1,50,1.5,0.11,2,0.45559958433802694
1560,scale_free,uniform,1574082,100,291,0.03,3,0.45,0.1,50,1.5,0.23,5,0.202206965255112
1561,scale_free,uniform,1575091,100,291,0.03,3,0.45,0.1,50,1.5,0.18,4,0.31216673660145156
1562,scale_free,uniform,1576100,100,291,0.03,3,0.45,0.1,50,1.5,0.14,3,0.3410757962006663
1563,scale_free,uniform,1577109,100,291,0.03,3,0.45,0.1,50,1.5,0.09,1,0.5487189392413205
1564,scale_free,uniform,1578118,100,291,0.03,3,0.45,0.1,50,1.5,0.23,4,0.18342154614807993
1565,scale_free,uniform,1579127,100,291,0.03,3,0.45,0.1,50,1.5,0.27,6,0.12319357787698411
1566,scale_free,uniform,1580136,100,291,0.03,3,0.45,0.1,50,1.5,0.09,1,0.5265564919274233
1567,scale_free,uniform,1581145,100,291,0.03,3,0.45,0.1,50,1.5,0.07,1,0.6005546059938496
1568,scale_free,uniform,1582154,100,291,0.03,3,0.45,0.1,50,1.5,0.13,2,0.3873088159308914
1569,scale_free,uniform,1583163,100,291,0.03,3,0.45,0.1,50,1.5,0.09,1,0.5095312130483652
1570,scale_free,uniform,1584172,100,291,0.03,3,0.45,0.1,50,1.5,0.08,2,0.5663516354943738
1571,scale_free,uniform,1585181,100,291,0.03,3,0.45,0.1,50,1.5,0.17,3,0.28141230395274175
1572,scale_free,uniform,1586190,100,291,0.03,3,0.45,0.1,50,1.5,0.13,2,0.42307334415422704
1573,scale_free,uniform,1587199,100,291,0.03,3,0.45,0.1,50,1.5,0.12,3,0.4357339396794299
1574,scale_free,uniform,1588208,100,291,0.03,3,0.45,0.1,50,1.5,0.14,4,0.3686696425278877
1575,scale_free,uniform,1589217,100,291,0.03,3,0.45,0.1,50,1.5,0.08,1,0.5754154269497406
1576,scale_free,uniform,1590226,100,291,0.03,3,0.45,0.1,50,1.5,0.14,4,0.3871577604537114
1577,scale_free,uniform,1591235,100,291,0.03,3,0.45,0.1,50,1.5,0.14,2,0.3614797106101018
1578,scale_free,uniform,1592244,100,291,0.03,3,0.45,0.1,50,1.5,0.18,3,0.2790502022019175
1579,scale_free,uniform,1593253,100,291,0.03,3,0.45,0.1,50,1.5,0.21,2,0.1925114392848015
1580,scale_free,uniform,1594262,100,291,0.03,3,0.45,0.1,50,1.5,0.09,2,0.5174558345431944
1581,scale_free,uniform,1595271,100,291,0.03,3,0.45,0.1,50,1.5,0.13,2,0.4212893220964054
1582,scale_free,uniform,1596280,100,291,0.03,3,0.45,0.1,50,1.5,0.12,2,0.4391851017942199
1583,scale_free,uniform,1597289,100,291,0.03,3,0.45,0.1,50,1.5,0.07,1,0.6280488414762272
1584,scale_free,uniform,1598298,100,291,0.03,3,0.45,0.1,50,1.5,0.08,1,0.5656254176503768
1585,scale_free,uniform,1599307,100,291,0.03,3,0.45,0.1,50,1.5,0.14,5,0.3871994057025063
1586,scale_free,uniform,1600316,100,291,0.03,3,0.45,0.1,50,1.5,0.12,2,0.4114604389158746
1587,scale_free,uniform,1601325,100,291,0.03,3,0.45,0.1,50,1.5,0.09,2,0.5130295646980354
1588,scale_free,uniform,1602334,100,291,0.03,3,0.45,0.1,50,1.5,0.05,1,0.69177793056396
1589,scale_free,uniform,1603343,100,291,0.03,3,0.45,0.1,50,1.5,0.2,4,0.2811894423257036
1590,scale_free,uniform,1604352,100,291,0.03,3,0.45,0.1,50,1.5,0.15,2,0.37266360953350647
1591,scale_free,uniform,1605361,100,291,0.03,3,0.45,0.1,50,1.5,0.13,1,0.3894429589116896
1592,scale_free,uniform,1606370,100,291,0.03,3,0.45,0.1,50,1.5,0.07,1,0.5890516515176331
1593,scale_free,uniform,1607379,100,291,0.03,3,0.45,0.1,50,1.5,0.15,3,0.34010165649455715
1594,scale_free,uniform,1608388,100,291,0.03,3,0.45,0.1,50,1.5,0.11,2,0.45798876836729624
1595,scale_free,uniform,1609397,100,291,0.03,3,0.45,0.1,50,1.5,0.12,2,0.4470003322035523
1596,scale_free,uniform,1610406,100,291,0.03,3,0.45,0.1,50,1.5,0.23,6,0.19255397743845473
1597,scale_free,uniform,1611415,100,291,0.03,3,0.45,0.1,50,1.5,0.17,4,0.3138657115143588
1598,scale_free,uniform,1612424,100,291,0.03,3,0.45,0.1,50,1.5,0.1,1,0.49475511688834245
1599,scale_free,uniform,1613433,100,291,0.03,3,0.45,0.1,50,1.5,0.1,2,0.45286099330110446
1600,scale_free,uniform,1614442,100,291,0.03,3,0.45,0.1,50,1.5,0.11,2,0.4483094929368912
1601,scale_free,uniform,1615451,100,291,0.03,3,0.45,0.1,50,1.5,0.08,2,0.5389958160008848
1602,scale_free,uniform,1616460,100,291,0.03,3,0.45,0.1,50,1.5,0.17,2,0.34329302458411776
1603,scale_free,uniform,1617469,100,291,0.03,3,0.45,0.1,50,1.5,0.09,2,0.5580280151614173
1604,scale_free,uniform,1618478,100,291,0.03,3,0.45,0.1,50,1.5,0.11,2,0.48250248292915343
1605,scale_free,uniform,1619487,100,291,0.03,3,0.45,0.1,50,1.5,0.07,1,0.5588267146446361
1606,scale_free,uniform,1620496,100,291,0.03,3,0.45,0.1,50,1.5,0.08,1,0.5504709026906569
1607,scale_free,uniform,1621505,100,291,0.03,3,0.45,0.1,50,1.5,0.11,2,0.4710835772164799
1608,scale_free,uniform,1622514,100,291,0.03,3,0.45,0.1,50,1.5,0.11,2,0.4452053040510078
1609,scale_free,uniform,1623523,100,291,0.03,3,0.45,0.1,50,1.5,0.12,1,0.3965225807653405
1610,scale_free,uniform,1624532,100,291,0.03,3,0.45,0.1,50,1.5,0.09,1,0.5411673953073984
1611,scale_free,uniform,1625541,100,291,0.03,3,0.45,0.1,50,1.5,0.06,1,0.6033134754661934
1612,scale_free,uniform,1626550,100,291,0.03,3,0.45,0.1,50,1.5,0.09,1,0.5418267865139308
1613,scale_free,uniform,1627559,100,291,0.03,3,0.45,0.1,50,1.5,0.08,2,0.5812609462806361
1614,scale_free,uniform,1628568,100,291,0.03,3,0.45,0.1,50,1.5,0.12,3,0.4438350222627227
1615,scale_free,uniform,1629577,100,291,0.03,3,0.45,0.1,50,1.5,0.18,2,0.2968319817299076
1616,scale_free,uniform,1630586,100,291,0.03,3,0.45,0.1,50,1.5,0.12,2,0.4424561866038719
1617,scale_free,uniform,1631595,100,291,0.03,3,0.45,0.1,50,1.5,0.15,2,0.3580457128030733
1618,scale_free,uniform,1632604,100,291,0.03,3,0.45,0.1,50,1.5,0.08,1,0.5738658299740041
1619,scale_free,uniform,1633613,100,291,0.03,3,0.45,0.1,50,1.5,0.19,3,0.2651334650567961
1620,scale_free,uniform,1634622,100,291,0.03,3,0.45,0.1,50,1.5,0.12,2,0.48065811777455797
1621,scale_free,uniform,1635631,100,291,0.03,3,0.45,0.1,50,1.5,0.13,4,0.4241254364484827
1622,scale_free,uniform,1636640,100,291,0.03,3,0.45,0.1,50,1.5,0.22,4,0.22139032726646282
1623,scale_free,uniform,1637649,100,291,0.03,3,0.45,0.1,50,1.5,0.08,2,0.5434677402891573
1624,scale_free,uniform,1638658,100,291,0.03,3,0.45,0.1,50,1.5,0.08,2,0.5548706891643682
1625,scale_free,uniform,1639667,100,291,0.03,3,0.45,0.1,50,1.5,0.2,3,0.26511308110595055
1626,scale_free,uniform,1640676,100,291,0.03,3,0.45,0.1,50,1.5,0.08,2,0.5892986483179691
1627,scale_free,uniform,1641685,100,291,0.03,3,0.45,0.1,50,1.5,0.14,4,0.40141430346223783
1628,scale_free,uniform,1642694,100,291,0.03,3,0.45,0.1,50,1.5,0.11,3,0.45363386727571287
1629,scale_free,uniform,1643703,100,291,0.03,3,0.45,0.1,50,1.5,0.06,1,0.6409808789386164
1630,scale_free,uniform,1644712,100,291,0.03,3,0.45,0.1,50,1.5,1.0,28,0.0
1631,scale_free,uniform,1645721,100,291,0.03,3,0.45,0.1,50,1.5,0.13,1,0.4397609650787415
1632,scale_free,uniform,1646730,100,291,0.03,3,0.45,0.1,50,1.5,0.07,1,0.6101136622017627
1633,scale_free,uniform,1647739,100,291,0.03,3,0.45,0.1,50,1.5,0.12,3,0.45934805611202195
1634,scale_free,uniform,1648748,100,291,0.03,3,0.45,0.1,50,1.5,0.1,2,0.4973849935494254
1635,scale_free,uniform,1649757,100,291,0.03,3,0.45,0.1,50,1.5,0.3,7,0.12003195448672928
1636,scale_free,uniform,1650766,100,291,0.03,3,0.45,0.1,50,1.5,0.08,1,0.5634652444671702
1637,scale_free,uniform,1651775,100,291,0.03,3,0.45,0.1,50,1.5,0.27,5,0.1668369256329149
1638,scale_free,uniform,1652784,100,291,0.03,3,0.45,0.1,50,1.5,0.2,3,0.20814126405501773
1639,scale_free,uniform,1653793,100,291,0.03,3,0.45,0.1,50,1.5,0.15,3,0.36090761791152004
1640,scale_free,uniform,1654802,100,291,0.03,3,0.45,0.1,50,1.5,0.26,4,0.13402198934409568
1641,scale_free,uniform,1655811,100,291,0.03,3,0.45,0.1,50,1.5,0.11,2,0.4888036237164581
1642,scale_free,uniform,1656820,100,291,0.03,3,0.45,0.1,50,1.5,0.12,3,0.4300172235548836
1643,scale_free,uniform,1657829,100,291,0.03,3,0.45,0.1,50,1.5,0.11,2,0.4965541544105758
1644,scale_free,uniform,1658838,100,291,0.03,3,0.45,0.1,50,1.5,0.14,2,0.42101017790634915
1645,scale_free,uniform,1659847,100,291,0.03,3,0.45,0.1,50,1.5,0.11,2,0.4334954019068723
1646,scale_free,uniform,1660856,100,291,0.03,3,0.45,0.1,50,1.5,0.09,1,0.4876272115936498
1647,scale_free,uniform,1661865,100,291,0.03,3,0.45,0.1,50,1.5,0.25,6,0.18926983864125232
1648,scale_free,uniform,1662874,100,291,0.03,3,0.45,0.1,50,1.5,0.11,3,0.4787631643122803
1649,scale_free,uniform,1663883,100,291,0.03,3,0.45,0.1,50,1.5,0.1,2,0.5037159763603724
1650,scale_free,uniform,1664892,100,291,0.03,3,0.45,0.1,50,1.5,0.25,5,0.18701941214812798
1651,scale_free,uniform,1665901,100,291,0.03,3,0.45,0.1,50,1.5,0.05,1,0.6723672183062532
1652,scale_free,uniform,1666910,100,291,0.03,3,0.45,0.1,50,1.5,0.14,2,0.3338435857211436
1653,scale_free,uniform,1667919,100,291,0.03,3,0.45,0.1,50,1.5,0.06,1,0.61602058065375
1654,scale_free,uniform,1668928,100,291,0.03,3,0.45,0.1,50,1.5,0.15,2,0.33123740582711875
1655,scale_free,uniform,1669937,100,291,0.03,3,0.45,0.1,50,1.5,0.09,1,0.5488142551809201
1656,scale_free,uniform,1670946,100,291,0.03,3,0.45,0.1,50,1.5,0.08,1,0.5446107572590417
1657,scale_free,uniform,1671955,100,291,0.03,3,0.45,0.1,50,1.5,0.18,4,0.2581002120159592
1658,scale_free,uniform,1672964,100,291,0.03,3,0.45,0.1,50,1.5,0.13,2,0.4028349474893432
1659,scale_free,uniform,1673973,100,291,0.03,3,0.45,0.1,50,1.5,0.11,2,0.4810907691958828
1660,scale_free,uniform,1674982,100,291,0.03,3,0.45,0.1,50,1.5,0.09,2,0.49958908460272333
1661,scale_free,uniform,1675991,100,291,0.03,3,0.45,0.1,50,1.5,0.07,2,0.5632214082227837
1662,scale_free,uniform,1677000,100,291,0.03,3,0.45,0.1,50,1.5,0.25,6,0.17910630890364407
1663,scale_free,uniform,1678009,100,291,0.03,3,0.45,0.1,50,1.5,0.19,4,0.27182028941876824
1664,scale_free,uniform,1679018,100,291,0.03,3,0.45,0.1,50,1.5,0.16,4,0.3046851595460642
1665,scale_free,uniform,1680027,100,291,0.03,3,0.45,0.1,50,1.5,0.06,1,0.6631296230951247
1666,scale_free,uniform,1681036,100,291,0.03,3,0.45,0.1,50,1.5,0.22,5,0.18699469218584397
1667,scale_free,uniform,1682045,100,291,0.03,3,0.45,0.1,50,1.5,0.12,2,0.38487497268518367
1668,scale_free,uniform,1683054,100,291,0.03,3,0.45,0.1,50,1.5,0.06,1,0.6541026326309135
1669,scale_free,uniform,1684063,100,291,0.03,3,0.45,0.1,50,1.5,0.11,3,0.4789877288624402
1670,scale_free,uniform,1685072,100,291,0.03,3,0.45,0.1,50,1.5,0.11,2,0.512151718232532
1671,scale_free,uniform,1686081,100,291,0.03,3,0.45,0.1,50,1.5,0.15,3,0.38689160492757163
1672,scale_free,uniform,1687090,100,291,0.03,3,0.45,0.1,50,1.5,0.13,2,0.35983144416185214
1673,scale_free,uniform,1688099,100,291,0.03,3,0.45,0.1,50,1.5,0.1,2,0.49173123281558034
1674,scale_free,uniform,1689108,100,291,0.03,3,0.45,0.1,50,1.5,0.08,1,0.5607065888371541
1675,scale_free,uniform,1690117,100,291,0.03,3,0.45,0.1,50,1.5,0.15,4,0.34771456075409474
1676,scale_free,uniform,1691126,100,291,0.03,3,0.45,0.1,50,1.5,0.23,6,0.2044572031256166
1677,scale_free,uniform,1692135,100,291,0.03,3,0.45,0.1,50,1.5,0.09,1,0.5158655092756833
1678,scale_free,uniform,1693144,100,291,0.03,3,0.45,0.1,50,1.5,0.2,3,0.23563328773267728
1679,scale_free,uniform,1694153,100,291,0.03,3,0.45,0.1,50,1.5,0.1,2,0.46925329324569054
1680,scale_free,uniform,1695162,100,291,0.03,3,0.45,0.1,50,1.5,0.15,5,0.3977732140107185
1681,scale_free,uniform,1696171,100,291,0.03,3,0.45,0.1,50,1.5,0.1,1,0.5036602407874843
1682,scale_free,uniform,1697180,100,291,0.03,3,0.45,0.1,50,1.5,0.17,4,0.30282507485910004
1683,scale_free,uniform,1698189,100,291,0.03,3,0.45,0.1,50,1.5,0.13,4,0.44917868552495416
1684,scale_free,uniform,1699198,100,291,0.03,3,0.45,0.1,50,1.5,0.08,1,0.5781478241900411
1685,scale_free,uniform,1700207,100,291,0.03,3,0.45,0.1,50,1.5,0.09,2,0.5396223653563721
1686,scale_free,uniform,1701216,100,291,0.03,3,0.45,0.1,50,1.5,0.08,1,0.5584217825752016
1687,scale_free,uniform,1702225,100,291,0.03,3,0.45,0.1,50,1.5,0.1,1,0.49184401863064414
1688,scale_free,uniform,1703234,100,291,0.03,3,0.45,0.1,50,1.5,0.05,1,0.6625817539778347
1689,scale_free,uniform,1704243,100,291,0.03,3,0.45,0.1,50,1.5,0.06,1,0.6251170098482386
1690,scale_free,uniform,1705252,100,291,0.03,3,0.45,0.1,50,1.5,0.06,1,0.6147373777157041
1691,scale_free,uniform,1706261,100,291,0.03,3,0.45,0.1,50,1.5,0.13,2,0.4503074348975376
1692,scale_free,uniform,1707270,100,291,0.03,3,0.45,0.1,50,1.5,0.21,3,0.22183497633354243
1693,scale_free,uniform,1708279,100,291,0.03,3,0.45,0.1,50,1.5,0.1,2,0.44457924420726164
1694,scale_free,uniform,1709288,100,291,0.03,3,0.45,0.1,50,1.5,0.12,2,0.458212655361245
1695,scale_free,uniform,1710297,100,291,0.03,3,0.45,0.1,50,1.5,0.14,3,0.37285532747549605
1696,scale_free,uniform,1711306,100,291,0.03,3,0.45,0.1,50,1.5,0.09,2,0.5317246887046561
1697,scale_free,uniform,1712315,100,291,0.03,3,0.45,0.1,50,1.5,0.11,2,0.5164034531671612
1698,scale_free,uniform,1713324,100,291,0.03,3,0.45,0.1,50,1.5,0.09,1,0.5162338971751846
1699,scale_free,uniform,1714333,100,291,0.03,3,0.45,0.1,50,1.5,0.09,3,0.5647968394723035
1700,scale_free,uniform,1715342,100,291,0.03,3,0.45,0.1,50,1.5,0.12,3,0.3724525625546394
1701,scale_free,uniform,1716351,100,291,0.03,3,0.45,0.1,50,1.5,0.06,1,0.6313077389535964
1702,scale_free,uniform,1717360,100,291,0.03,3,0.45,0.1,50,1.5,0.14,3,0.38693549495925267
1703,scale_free,uniform,1718369,100,291,0.03,3,0.45,0.1,50,1.5,0.12,2,0.4158760154828232
1704,scale_free,uniform,1719378,100,291,0.03,3,0.45,0.1,50,1.5,0.1,2,0.49060152193060774
1705,scale_free,uniform,1720387,100,291,0.03,3,0.45,0.1,50,1.5,0.16,2,0.3078343777906467
1706,scale_free,uniform,1721396,100,291,0.03,3,0.45,0.1,50,1.5,0.1,1,0.529531981435094
1707,scale_free,uniform,1722405,100,291,0.03,3,0.45,0.1,50,1.5,0.12,2,0.42605141420991793
1708,scale_free,uniform,1723414,100,291,0.03,3,0.45,0.1,50,1.5,0.07,2,0.6043702996315382
1709,scale_free,uniform,1724423,100,291,0.03,3,0.45,0.1,50,1.5,0.17,3,0.34747899975919927
1710,scale_free,uniform,1725432,100,291,0.03,3,0.45,0.1,50,1.5,0.12,2,0.44806935859664504
1711,scale_free,uniform,1726441,100,291,0.03,3,0.45,0.1,50,1.5,0.18,4,0.28545017115532634
1712,scale_free,uniform,1727450,100,291,0.03,3,0.45,0.1,50,1.5,0.35,16,0.07238788558182568
1713,scale_free,uniform,1728459,100,291,0.03,3,0.45,0.1,50,1.5,0.14,2,0.3812150832160188
1714,scale_free,uniform,1729468,100,291,0.03,3,0.45,0.1,50,1.5,0.11,2,0.48550755719782346
1715,scale_free,uniform,1730477,100,291,0.03,3,0.45,0.1,50,1.5,0.21,5,0.2776197077924807
1716,scale_free,uniform,1731486,100,291,0.03,3,0.45,0.1,50,1.5,0.23,4,0.1585057771425485
1717,scale_free,uniform,1732495,100,291,0.03,3,0.45,0.1,50,1.5,0.12,2,0.43540582779192294
1718,scale_free,uniform,1733504,100,291,0.03,3,0.45,0.1,50,1.5,0.09,2,0.5077435756631279
1719,scale_free,uniform,1734513,100,291,0.03,3,0.45,0.1,50,1.5,0.11,2,0.49298667161994864
1720,scale_free,uniform,1735522,100,291,0.03,3,0.45,0.1,50,1.5,0.13,2,0.4560370078574195
1721,scale_free,uniform,1736531,100,291,0.03,3,0.45,0.1,50,1.5,0.31,8,0.12353636047607212
1722,scale_free,uniform,1737540,100,291,0.03,3,0.45,0.1,50,1.5,0.07,1,0.5768481963627164
1723,scale_free,uniform,1738549,100,291,0.03,3,0.45,0.1,50,1.5,0.08,2,0.5940069233277415
1724,scale_free,uniform,1739558,100,291,0.03,3,0.45,0.1,50,1.5,0.07,2,0.5993695566084659
1725,scale_free,uniform,1740567,100,291,0.03,3,0.45,0.1,50,1.5,0.14,2,0.3468283821445094
1726,scale_free,uniform,1741576,100,291,0.03,3,0.45,0.1,50,1.5,0.17,5,0.38915174578915507
1727,scale_free,uniform,1742585,100,291,0.03,3,0.45,0.1,50,1.5,0.08,2,0.5639809882604708
1728,scale_free,uniform,1743594,100,291,0.03,3,0.45,0.1,50,1.5,0.09,2,0.5321129985284083
1729,scale_free,uniform,1744603,100,291,0.03,3,0.45,0.1,50,1.5,0.12,2,0.42589181683479305
1730,scale_free,uniform,1745612,100,291,0.03,3,0.45,0.1,50,1.5,0.08,2,0.5638862140838092
1731,scale_free,uniform,1746621,100,291,0.03,3,0.45,0.1,50,1.5,0.16,2,0.3337610046588864
1732,scale_free,uniform,1747630,100,291,0.03,3,0.45,0.1,50,1.5,0.16,2,0.29087946354130284
1733,scale_free,uniform,1748639,100,291,0.03,3,0.45,0.1,50,1.5,0.13,3,0.4483665244546487
1734,scale_free,uniform,1749648,100,291,0.03,3,0.45,0.1,50,1.5,0.06,2,0.6482735155416917
1735,scale_free,uniform,1750657,100,291,0.03,3,0.45,0.1,50,1.5,0.11,3,0.496847558229086
1736,scale_free,uniform,1751666,100,291,0.03,3,0.45,0.1,50,1.5,0.07,1,0.6256865862226169
1737,scale_free,uniform,1752675,100,291,0.03,3,0.45,0.1,50,1.5,0.05,1,0.6774953732451094
1738,scale_free,uniform,1753684,100,291,0.03,3,0.45,0.1,50,1.5,0.12,2,0.4280282800357976
1739,scale_free,uniform,1754693,100,291,0.03,3,0.45,0.1,50,1.5,0.09,3,0.5257071706486548
1740,scale_free,uniform,1755702,100,291,0.03,3,0.45,0.1,50,1.5,0.08,1,0.5986119524278058
1741,scale_free,uniform,1756711,100,291,0.03,3,0.45,0.1,50,1.5,0.11,1,0.4787804736052002
1742,scale_free,uniform,1757720,100,291,0.03,3,0.45,0.1,50,1.5,0.18,4,0.29152905400496654
1743,scale_free,uniform,1758729,100,291,0.03,3,0.45,0.1,50,1.5,0.07,1,0.6154449024456248
1744,scale_free,uniform,1759738,100,291,0.03,3,0.45,0.1,50,1.5,0.15,2,0.3784810261904519
1745,scale_free,uniform,1760747,100,291,0.03,3,0.45,0.1,50,1.5,0.14,2,0.3457359456949783
1746,scale_free,uniform,1761756,100,291,0.03,3,0.45,0.1,50,1.5,0.09,1,0.5378711477818969
1747,scale_free,uniform,1762765,100,291,0.03,3,0.45,0.1,50,1.5,0.14,4,0.41613475779636516
1748,scale_free,uniform,1763774,100,291,0.03,3,0.45,0.1,50,1.5,0.09,2,0.5322993065730292
1749,scale_free,uniform,1764783,100,291,0.03,3,0.45,0.1,50,1.5,0.08,1,0.6002417557169917
1750,scale_free,uniform,1765792,100,291,0.03,3,0.45,0.1,50,1.5,0.09,2,0.5646248407471974
1751,scale_free,uniform,1766801,100,291,0.03,3,0.45,0.1,50,1.5,0.12,3,0.45377923764421296
1752,scale_free,uniform,1767810,100,291,0.03,3,0.45,0.1,50,1.5,0.17,3,0.27432900106475827
1753,scale_free,uniform,1768819,100,291,0.03,3,0.45,0.1,50,1.5,0.08,1,0.5515303163012097
1754,scale_free,uniform,1769828,100,291,0.03,3,0.45,0.1,50,1.5,0.06,2,0.6149921953855904
1755,scale_free,uniform,1770837,100,291,0.03,3,0.45,0.1,50,1.5,0.18,9,0.2619312441061753
1756,scale_free,uniform,1771846,100,291,0.03,3,0.45,0.1,50,1.5,0.12,3,0.4178993820738695
1757,scale_free,uniform,1772855,100,291,0.03,3,0.45,0.1,50,1.5,0.12,3,0.4558063642531348
1758,scale_free,uniform,1773864,100,291,0.03,3,0.45,0.1,50,1.5,0.16,5,0.3510966275098821
1759,scale_free,uniform,1774873,100,291,0.03,3,0.45,0.1,50,1.5,0.09,2,0.536494392183325
1760,scale_free,uniform,1775882,100,291,0.03,3,0.45,0.1,50,1.5,0.21,3,0.19532288722347854
1761,scale_free,uniform,1776891,100,291,0.03,3,0.45,0.1,50,1.5,0.18,3,0.2387946505060181
1762,scale_free,uniform,1777900,100,291,0.03,3,0.45,0.1,50,1.5,0.18,3,0.24543574013360492
1763,scale_free,uniform,1778909,100,291,0.03,3,0.45,0.1,50,1.5,0.14,5,0.36950526064926664
1764,scale_free,uniform,1779918,100,291,0.03,3,0.45,0.1,50,1.5,0.19,4,0.23315322246664977
1765,scale_free,uniform,1780927,100,291,0.03,3,0.45,0.1,50,1.5,0.23,7,0.17525450376844356
1766,scale_free,uniform,1781936,100,291,0.03,3,0.45,0.1,50,1.5,0.11,2,0.48660192894307497
1767,scale_free,uniform,1782945,100,291,0.03,3,0.45,0.1,50,1.5,0.07,1,0.5916810675536037
1768,scale_free,uniform,1783954,100,291,0.03,3,0.45,0.1,50,1.5,0.07,1,0.5954589502653356
1769,scale_free,uniform,1784963,100,291,0.03,3,0.45,0.1,50,1.5,0.12,2,0.4457469050214835
1770,scale_free,uniform,1785972,100,291,0.03,3,0.45,0.1,50,1.5,0.09,2,0.5237289970290564
1771,scale_free,uniform,1786981,100,291,0.03,3,0.45,0.1,50,1.5,0.16,5,0.3320325983179932
1772,scale_free,uniform,1787990,100,291,0.03,3,0.45,0.1,50,1.5,0.24,4,0.232732713965338
1773,scale_free,uniform,1788999,100,291,0.03,3,0.45,0.1,50,1.5,0.22,4,0.1980600686702059
1774,scale_free,uniform,1790008,100,291,0.03,3,0.45,0.1,50,1.5,0.24,4,0.16987308214992086
1775,scale_free,uniform,1791017,100,291,0.03,3,0.45,0.1,50,1.5,0.15,3,0.3754439245525779
1776,scale_free,uniform,1792026,100,291,0.03,3,0.45,0.1,50,1.5,0.08,1,0.5450853915801752
1777,scale_free,uniform,1793035,100,291,0.03,3,0.45,0.1,50,1.5,0.08,2,0.5897296990643824
1778,scale_free,uniform,1794044,100,291,0.03,3,0.45,0.1,50,1.5,0.16,3,0.31419167414004573
1779,scale_free,uniform,1795053,100,291,0.03,3,0.45,0.1,50,1.5,0.12,2,0.4566201053429949
1780,scale_free,uniform,1796062,100,291,0.03,3,0.45,0.1,50,1.5,0.26,5,0.22372222180610804
1781,scale_free,uniform,1797071,100,291,0.03,3,0.45,0.1,50,1.5,0.21,4,0.2145879001318904
1782,scale_free,uniform,1798080,100,291,0.03,3,0.45,0.1,50,1.5,0.05,1,0.6658623077688255
1783,scale_free,uniform,1799089,100,291,0.03,3,0.45,0.1,50,1.5,0.08,2,0.57779454591669
1784,scale_free,uniform,1800098,100,291,0.03,3,0.45,0.1,50,1.5,0.12,3,0.42924158205801255
1785,scale_free,uniform,1801107,100,291,0.03,3,0.45,0.1,50,1.5,0.14,2,0.3625177928715369
1786,scale_free,uniform,1802116,100,291,0.03,3,0.45,0.1,50,1.5,0.22,4,0.22378147018343003
1787,scale_free,uniform,1803125,100,291,0.03,3,0.45,0.1,50,1.5,0.12,2,0.4171221986096625
1788,scale_free,uniform,1804134,100,291,0.03,3,0.45,0.1,50,1.5,0.13,2,0.42773904481019337
1789,scale_free,uniform,1805143,100,291,0.03,3,0.45,0.1,50,1.5,0.06,1,0.6674147778671109
1790,scale_free,uniform,1806152,100,291,0.03,3,0.45,0.1,50,1.5,0.14,3,0.3950952394977654
1791,scale_free,uniform,1807161,100,291,0.03,3,0.45,0.1,50,1.5,0.13,3,0.4048390618281927
1792,scale_free,uniform,1808170,100,291,0.03,3,0.45,0.1,50,1.5,0.08,2,0.5542002938847301
1793,scale_free,uniform,1809179,100,291,0.03,3,0.45,0.1,50,1.5,0.06,1,0.625506951122484
1794,scale_free,uniform,1810188,100,291,0.03,3,0.45,0.1,50,1.5,0.14,3,0.3383898778471378
1795,scale_free,uniform,1811197,100,291,0.03,3,0.45,0.1,50,1.5,0.07,2,0.5792378579311055
1796,scale_free,uniform,1812206,100,291,0.03,3,0.45,0.1,50,1.5,0.15,2,0.3458703414739162
1797,scale_free,uniform,1813215,100,291,0.03,3,0.45,0.1,50,1.5,0.09,1,0.4991591014901006
1798,scale_free,uniform,1814224,100,291,0.03,3,0.45,0.1,50,1.5,0.15,3,0.3974068168637088
1799,scale_free,uniform,1815233,100,291,0.03,3,0.45,0.1,50,1.5,0.09,2,0.5257476739586973
1800,scale_free,uniform,1816242,100,291,0.03,3,0.45,0.1,50,1.5,0.09,2,0.5444511096543383
1801,scale_free,uniform,1817251,100,291,0.03,3,0.45,0.1,50,1.5,0.17,3,0.2789378463533585
1802,scale_free,uniform,1818260,100,291,0.03,3,0.45,0.1,50,1.5,0.05,1,0.6741148138531137
1803,scale_free,uniform,1819269,100,291,0.03,3,0.45,0.1,50,1.5,0.23,3,0.1625311719473629
1804,scale_free,uniform,1820278,100,291,0.03,3,0.45,0.1,50,1.5,0.19,3,0.3031816516170211
1805,scale_free,uniform,1821287,100,291,0.03,3,0.45,0.1,50,1.5,0.24,8,0.1925399502447317
1806,scale_free,uniform,1822296,100,291,0.03,3,0.45,0.1,50,1.5,0.12,4,0.40679536950600304
1807,scale_free,uniform,1823305,100,291,0.03,3,0.45,0.1,50,1.5,0.15,3,0.3617640758034294
1808,scale_free,uniform,1824314,100,291,0.03,3,0.45,0.1,50,1.5,0.16,2,0.34351446759132953
1809,scale_free,uniform,1825323,100,291,0.03,3,0.45,0.1,50,1.5,0.12,4,0.3916222979393693
1810,scale_free,uniform,1826332,100,291,0.03,3,0.45,0.1,50,1.5,0.04,1,0.7117423803129727
1811,scale_free,uniform,1827341,100,291,0.03,3,0.45,0.1,50,1.5,0.34,6,0.07371351278702408
1812,scale_free,uniform,1828350,100,291,0.03,3,0.45,0.1,50,1.5,0.09,2,0.46342723305965167
1813,scale_free,uniform,1829359,100,291,0.03,3,0.45,0.1,50,1.5,0.22,5,0.2134997697105968
1814,scale_free,uniform,1830368,100,291,0.03,3,0.45,0.1,50,1.5,0.17,4,0.3338178847306628
1815,scale_free,uniform,1831377,100,291,0.03,3,0.45,0.1,50,1.5,0.09,2,0.5481809623200772
1816,scale_free,uniform,1832386,100,291,0.03,3,0.45,0.1,50,1.5,0.07,1,0.5983512524700807
1817,scale_free,uniform,1833395,100,291,0.03,3,0.45,0.1,50,1.5,0.08,1,0.5730552425645237
1818,scale_free,uniform,1834404,100,291,0.03,3,0.45,0.1,50,1.5,0.12,3,0.40517695514031027
1819,scale_free,uniform,1835413,100,291,0.03,3,0.45,0.1,50,1.5,0.09,2,0.5296853880438008
1820,scale_free,uniform,1836422,100,291,0.03,3,0.45,0.1,50,1.5,0.17,3,0.33206908128542034
1821,scale_free,uniform,1837431,100,291,0.03,3,0.45,0.1,50,1.5,0.14,4,0.3800013841213263
1822,scale_free,uniform,1838440,100,291,0.03,3,0.45,0.1,50,1.5,0.05,1,0.6677674206305317
1823,scale_free,uniform,1839449,100,291,0.03,3,0.45,0.1,50,1.5,0.21,7,0.2676511497812112
1824,scale_free,uniform,1840458,100,291,0.03,3,0.45,0.1,50,1.5,0.08,1,0.5642257309622642
1825,scale_free,uniform,1841467,100,291,0.03,3,0.45,0.1,50,1.5,0.11,1,0.48274451047920747
1826,scale_free,uniform,1842476,100,291,0.03,3,0.45,0.1,50,1.5,0.09,2,0.548773145708752
1827,scale_free,uniform,1843485,100,291,0.03,3,0.45,0.1,50,1.5,0.15,3,0.41340196532983514
1828,scale_free,uniform,1844494,100,291,0.03,3,0.45,0.1,50,1.5,0.14,2,0.395061896207587
1829,scale_free,uniform,1845503,100,291,0.03,3,0.45,0.1,50,1.5,1.0,12,0.0
1830,scale_free,uniform,1846512,100,291,0.03,3,0.45,0.1,50,1.5,0.11,3,0.4730137209654554
1831,scale_free,uniform,1847521,100,291,0.03,3,0.45,0.1,50,1.5,0.06,1,0.6141287094777674
1832,scale_free,uniform,1848530,100,291,0.03,3,0.45,0.1,50,1.5,0.1,1,0.4795090680606635
1833,scale_free,uniform,1849539,100,291,0.03,3,0.45,0.1,50,1.5,0.14,2,0.4121587067390805
1834,scale_free,uniform,1850548,100,291,0.03,3,0.45,0.1,50,1.5,0.07,1,0.5977376021596144
1835,scale_free,uniform,1851557,100,291,0.03,3,0.45,0.1,50,1.5,0.06,2,0.6404351964904784
1836,scale_free,uniform,1852566,100,291,0.03,3,0.45,0.1,50,1.5,0.07,1,0.5997979082705956
1837,scale_free,uniform,1853575,100,291,0.03,3,0.45,0.1,50,1.5,0.31,9,0.11226980352476094
1838,scale_free,uniform,1854584,100,291,0.03,3,0.45,0.1,50,1.5,0.1,2,0.49954537050715253
1839,scale_free,uniform,1855593,100,291,0.03,3,0.45,0.1,50,1.5,0.14,5,0.3674581840760183
1840,scale_free,uniform,1856602,100,291,0.03,3,0.45,0.1,50,1.5,0.08,2,0.5640794427022552
1841,scale_free,uniform,1857611,100,291,0.03,3,0.45,0.1,50,1.5,0.15,3,0.314419988367426
1842,scale_free,uniform,1858620,100,291,0.03,3,0.45,0.1,50,1.5,0.09,2,0.550825543364871
1843,scale_free,uniform,1859629,100,291,0.03,3,0.45,0.1,50,1.5,0.12,1,0.4044427339105016
1844,scale_free,uniform,1860638,100,291,0.03,3,0.45,0.1,50,1.5,0.16,4,0.35387332228567464
1845,scale_free,uniform,1861647,100,291,0.03,3,0.45,0.1,50,1.5,0.08,1,0.5559611311173146
1846,scale_free,uniform,1862656,100,291,0.03,3,0.45,0.1,50,1.5,0.18,4,0.2748608308275065
1847,scale_free,uniform,1863665,100,291,0.03,3,0.45,0.1,50,1.5,0.1,2,0.5408892840371532
1848,scale_free,uniform,1864674,100,291,0.03,3,0.45,0.1,50,1.5,0.14,2,0.3489687590703646
1849,scale_free,uniform,1865683,100,291,0.03,3,0.45,0.1,50,1.5,0.13,2,0.3916912772195987
1850,scale_free,uniform,1866692,100,291,0.03,3,0.45,0.1,50,1.5,0.11,2,0.46079909196300406
1851,scale_free,uniform,1867701,100,291,0.03,3,0.45,0.1,50,1.5,0.08,2,0.5763638308861838
1852,scale_free,uniform,1868710,100,291,0.03,3,0.45,0.1,50,1.5,0.18,5,0.277997822768959
1853,scale_free,uniform,1869719,100,291,0.03,3,0.45,0.1,50,1.5,0.08,1,0.5256719802381844
1854,scale_free,uniform,1870728,100,291,0.03,3,0.45,0.1,50,1.5,0.05,1,0.6649599500014531
1855,scale_free,uniform,1871737,100,291,0.03,3,0.45,0.1,50,1.5,0.18,3,0.26157491808261507
1856,scale_free,uniform,1872746,100,291,0.03,3,0.45,0.1,50,1.5,0.16,3,0.30891409913919576
1857,scale_free,uniform,1873755,100,291,0.03,3,0.45,0.1,50,1.5,0.13,2,0.4608978124863463
1858,scale_free,uniform,1874764,100,291,0.03,3,0.45,0.1,50,1.5,0.08,2,0.5159314723912807
1859,scale_free,uniform,1875773,100,291,0.03,3,0.45,0.1,50,1.5,0.07,2,0.6236710116114185
1860,scale_free,uniform,1876782,100,291,0.03,3,0.45,0.1,50,1.5,0.14,4,0.4159570008868039
1861,scale_free,uniform,1877791,100,291,0.03,3,0.45,0.1,50,1.5,0.12,3,0.4229996692262815
1862,scale_free,uniform,1878800,100,291,0.03,3,0.45,0.1,50,1.5,0.1,2,0.4833148185588392
1863,scale_free,uniform,1879809,100,291,0.03,3,0.45,0.1,50,1.5,0.07,1,0.6200899795457473
1864,scale_free,uniform,1880818,100,291,0.03,3,0.45,0.1,50,1.5,0.13,2,0.38727031926542516
1865,scale_free,uniform,1881827,100,291,0.03,3,0.45,0.1,50,1.5,0.11,2,0.495314276503551
1866,scale_free,uniform,1882836,100,291,0.03,3,0.45,0.1,50,1.5,0.16,3,0.3878401252937993
1867,scale_free,uniform,1883845,100,291,0.03,3,0.45,0.1,50,1.5,0.19,6,0.3076756187917786
1868,scale_free,uniform,1884854,100,291,0.03,3,0.45,0.1,50,1.5,0.23,5,0.20635443139921059
1869,scale_free,uniform,1885863,100,291,0.03,3,0.45,0.1,50,1.5,0.13,4,0.3854090149601702
1870,scale_free,uniform,1886872,100,291,0.03,3,0.45,0.1,50,1.5,0.11,1,0.49456166227957743
1871,scale_free,uniform,1887881,100,291,0.03,3,0.45,0.1,50,1.5,0.15,2,0.32406588414854054
1872,scale_free,uniform,1888890,100,291,0.03,3,0.45,0.1,50,1.5,0.16,5,0.31018214867789135
1873,scale_free,uniform,1889899,100,291,0.03,3,0.45,0.1,50,1.5,0.1,2,0.5087454273302611
1874,scale_free,uniform,1890908,100,291,0.03,3,0.45,0.1,50,1.5,0.1,1,0.5475061190220606
1875,scale_free,uniform,1891917,100,291,0.03,3,0.45,0.1,50,1.5,0.14,2,0.36368122127741315
1876,scale_free,uniform,1892926,100,291,0.03,3,0.45,0.1,50,1.5,0.11,2,0.446879838839976
1877,scale_free,uniform,1893935,100,291,0.03,3,0.45,0.1,50,1.5,0.08,2,0.557549824934333
1878,scale_free,uniform,1894944,100,291,0.03,3,0.45,0.1,50,1.5,0.19,3,0.26787359738235317
1879,scale_free,uniform,1895953,100,291,0.03,3,0.45,0.1,50,1.5,0.11,2,0.4704646801281043
1880,scale_free,uniform,1896962,100,291,0.03,3,0.45,0.1,50,1.5,0.18,6,0.3277289521658997
1881,scale_free,uniform,1897971,100,291,0.03,3,0.45,0.1,50,1.5,0.05,1,0.6851752520381457
1882,scale_free,uniform,1898980,100,291,0.03,3,0.45,0.1,50,1.5,0.13,4,0.4119681744694122
1883,scale_free,uniform,1899989,100,291,0.03,3,0.45,0.1,50,1.5,0.11,1,0.47316191031942856
1884,scale_free,uniform,1900998,100,291,0.03,3,0.45,0.1,50,1.5,0.06,1,0.6300483141410339
1885,scale_free,uniform,1902007,100,291,0.03,3,0.45,0.1,50,1.5,0.34,5,0.09321425452168582
1886,scale_free,uniform,1903016,100,291,0.03,3,0.45,0.1,50,1.5,0.11,1,0.5069449504848709
1887,scale_free,uniform,1904025,100,291,0.03,3,0.45,0.1,50,1.5,0.11,2,0.4619814581561875
1888,scale_free,uniform,1905034,100,291,0.03,3,0.45,0.1,50,1.5,0.12,4,0.4502369939412442
1889,scale_free,uniform,1906043,100,291,0.03,3,0.45,0.1,50,1.5,0.08,1,0.543996097552292
1890,scale_free,uniform,1907052,100,291,0.03,3,0.45,0.1,50,1.5,0.17,4,0.3251332617944992
1891,scale_free,uniform,1908061,100,291,0.03,3,0.45,0.1,50,1.5,0.12,2,0.44990910935178524
1892,scale_free,uniform,1909070,100,291,0.03,3,0.45,0.1,50,1.5,0.09,2,0.5450610796996829
1893,scale_free,uniform,1910079,100,291,0.03,3,0.45,0.1,50,1.5,0.21,3,0.23184198639052486
1894,scale_free,uniform,1911088,100,291,0.03,3,0.45,0.1,50,1.5,0.11,2,0.41624631834675535
1895,scale_free,uniform,1912097,100,291,0.03,3,0.45,0.1,50,1.5,0.08,1,0.5510576946109632
1896,scale_free,uniform,1913106,100,291,0.03,3,0.45,0.1,50,1.5,0.15,2,0.37839201939012995
1897,scale_free,uniform,1914115,100,291,0.03,3,0.45,0.1,50,1.5,0.21,4,0.21570726616147798
1898,scale_free,uniform,1915124,100,291,0.03,3,0.45,0.1,50,1.5,0.2,4,0.2032566553958301
1899,scale_free,uniform,1916133,100,291,0.03,3,0.45,0.1,50,1.5,0.15,2,0.34703538543820156
1900,scale_free,uniform,1917142,100,291,0.03,3,0.45,0.1,50,1.5,0.19,7,0.26887284565526937
1901,scale_free,uniform,1918151,100,291,0.03,3,0.45,0.1,50,1.5,0.16,3,0.33854065127706884
1902,scale_free,uniform,1919160,100,291,0.03,3,0.45,0.1,50,1.5,0.16,3,0.30579668670189003
1903,scale_free,uniform,1920169,100,291,0.03,3,0.45,0.1,50,1.5,0.09,1,0.5134284171232276
1904,scale_free,uniform,1921178,100,291,0.03,3,0.45,0.1,50,1.5,0.07,1,0.5875602642173361
1905,scale_free,uniform,1922187,100,291,0.03,3,0.45,0.1,50,1.5,0.2,4,0.25984964492625506
1906,scale_free,uniform,1923196,100,291,0.03,3,0.45,0.1,50,1.5,0.13,2,0.4283069635918491
1907,scale_free,uniform,1924205,100,291,0.03,3,0.45,0.1,50,1.5,0.15,3,0.3805556667049169
1908,scale_free,uniform,1925214,100,291,0.03,3,0.45,0.1,50,1.5,0.05,1,0.649230736882088
1909,scale_free,uniform,1926223,100,291,0.03,3,0.45,0.1,50,1.5,0.15,2,0.343753285121342
1910,scale_free,uniform,1927232,100,291,0.03,3,0.45,0.1,50,1.5,0.06,1,0.6418508239485994
1911,scale_free,uniform,1928241,100,291,0.03,3,0.45,0.1,50,1.5,0.2,3,0.2147260657107058
1912,scale_free,uniform,1929250,100,291,0.03,3,0.45,0.1,50,1.5,0.1,2,0.5089591416896602
1913,scale_free,uniform,1930259,100,291,0.03,3,0.45,0.1,50,1.5,0.15,4,0.30372341562841426
1914,scale_free,uniform,1931268,100,291,0.03,3,0.45,0.1,50,1.5,0.18,2,0.2489830454864869
1915,scale_free,uniform,1932277,100,291,0.03,3,0.45,0.1,50,1.5,0.18,5,0.2830251468651222
1916,scale_free,uniform,1933286,100,291,0.03,3,0.45,0.1,50,1.5,0.1,3,0.5021496693782719
1917,scale_free,uniform,1934295,100,291,0.03,3,0.45,0.1,50,1.5,0.13,2,0.408789777614463
1918,scale_free,uniform,1935304,100,291,0.03,3,0.45,0.1,50,1.5,0.13,3,0.4302302383043078
1919,scale_free,uniform,1936313,100,291,0.03,3,0.45,0.1,50,1.5,0.12,2,0.40947172269483645
1920,scale_free,uniform,1937322,100,291,0.03,3,0.45,0.1,50,1.5,0.14,2,0.3951628990568847
1921,scale_free,uniform,1938331,100,291,0.03,3,0.45,0.1,50,1.5,0.17,3,0.32513228043829095
1922,scale_free,uniform,1939340,100,291,0.03,3,0.45,0.1,50,1.5,0.05,1,0.6446734330935305
1923,scale_free,uniform,1940349,100,291,0.03,3,0.45,0.1,50,1.5,0.11,3,0.4517763388804182
1924,scale_free,uniform,1941358,100,291,0.03,3,0.45,0.1,50,1.5,0.23,4,0.20506385034517952
1925,scale_free,uniform,1942367,100,291,0.03,3,0.45,0.1,50,1.5,0.14,1,0.3670623164460356
1926,scale_free,uniform,1943376,100,291,0.03,3,0.45,0.1,50,1.5,0.15,2,0.3566019721261586
1927,scale_free,uniform,1944385,100,291,0.03,3,0.45,0.1,50,1.5,0.09,2,0.5459388749270205
1928,scale_free,uniform,1945394,100,291,0.03,3,0.45,0.1,50,1.5,0.14,3,0.38469503812743056
1929,scale_free,uniform,1946403,100,291,0.03,3,0.45,0.1,50,1.5,0.08,1,0.5249858691702707
1930,scale_free,uniform,1947412,100,291,0.03,3,0.45,0.1,50,1.5,0.1,2,0.467368195461387
1931,scale_free,uniform,1948421,100,291,0.03,3,0.45,0.1,50,1.5,0.06,1,0.6513225683166134
1932,scale_free,uniform,1949430,100,291,0.03,3,0.45,0.1,50,1.5,0.12,1,0.4197485183135015
1933,scale_free,uniform,1950439,100,291,0.03,3,0.45,0.1,50,1.5,0.1,2,0.44921053169704167
1934,scale_free,uniform,1951448,100,291,0.03,3,0.45,0.1,50,1.5,0.17,4,0.33670857682479133
1935,scale_free,uniform,1952457,100,291,0.03,3,0.45,0.1,50,1.5,0.11,3,0.5060019447169963
1936,scale_free,uniform,1953466,100,291,0.03,3,0.45,0.1,50,1.5,0.05,1,0.6470383874314249
1937,scale_free,uniform,1954475,100,291,0.03,3,0.45,0.1,50,1.5,0.12,2,0.4507462567539906
1938,scale_free,uniform,1955484,100,291,0.03,3,0.45,0.1,50,1.5,0.2,8,0.25330033851262196
1939,scale_free,uniform,1956493,100,291,0.03,3,0.45,0.1,50,1.5,0.13,3,0.40245123712995023
1940,scale_free,uniform,1957502,100,291,0.03,3,0.45,0.1,50,1.5,0.08,2,0.5593974260821983
1941,scale_free,uniform,1958511,100,291,0.03,3,0.45,0.1,50,1.5,0.12,4,0.4227117301164726
1942,scale_free,uniform,1959520,100,291,0.03,3,0.45,0.1,50,1.5,0.15,4,0.3593484164558699
1943,scale_free,uniform,1960529,100,291,0.03,3,0.45,0.1,50,1.5,0.08,1,0.5400851100287682
1944,scale_free,uniform,1961538,100,291,0.03,3,0.45,0.1,50,1.5,0.06,1,0.6456354892438952
1945,scale_free,uniform,1962547,100,291,0.03,3,0.45,0.1,50,1.5,0.05,1,0.6930140325610246
1946,scale_free,uniform,1963556,100,291,0.03,3,0.45,0.1,50,1.5,0.19,4,0.22531857090353946
1947,scale_free,uniform,1964565,100,291,0.03,3,0.45,0.1,50,1.5,0.1,2,0.4805511656780977
1948,scale_free,uniform,1965574,100,291,0.03,3,0.45,0.1,50,1.5,0.11,2,0.4366852619902763
1949,scale_free,uniform,1966583,100,291,0.03,3,0.45,0.1,50,1.5,0.08,2,0.5680061460140542
1950,scale_free,uniform,1967592,100,291,0.03,3,0.45,0.1,50,1.5,0.15,4,0.33995878412862124
1951,scale_free,uniform,1968601,100,291,0.03,3,0.45,0.1,50,1.5,0.11,2,0.44528451614636905
1952,scale_free,uniform,1969610,100,291,0.03,3,0.45,0.1,50,1.5,0.15,2,0.3445697133228655
1953,scale_free,uniform,1970619,100,291,0.03,3,0.45,0.1,50,1.5,0.17,3,0.33346229150952694
1954,scale_free,uniform,1971628,100,291,0.03,3,0.45,0.1,50,1.5,0.11,2,0.41110762080645963
1955,scale_free,uniform,1972637,100,291,0.03,3,0.45,0.1,50,1.5,0.18,3,0.31367941969615204
1956,scale_free,uniform,1973646,100,291,0.03,3,0.45,0.1,50,1.5,0.11,2,0.4819123605030978
1957,scale_free,uniform,1974655,100,291,0.03,3,0.45,0.1,50,1.5,0.16,4,0.37579432918808287
1958,scale_free,uniform,1975664,100,291,0.03,3,0.45,0.1,50,1.5,0.17,5,0.28520344951470333
1959,scale_free,uniform,1976673,100,291,0.03,3,0.45,0.1,50,1.5,0.19,3,0.24566706349108794
1960,scale_free,uniform,1977682,100,291,0.03,3,0.45,0.1,50,1.5,0.17,4,0.3033985666808049
1961,scale_free,uniform,1978691,100,291,0.03,3,0.45,0.1,50,1.5,0.13,3,0.34238781517305594
1962,scale_free,uniform,1979700,100,291,0.03,3,0.45,0.1,50,1.5,0.07,1,0.6264880154456531
1963,scale_free,uniform,1980709,100,291,0.03,3,0.45,0.1,50,1.5,0.11,2,0.4427945413876546
1964,scale_free,uniform,1981718,100,291,0.03,3,0.45,0.1,50,1.5,0.19,3,0.26310735311657957
1965,scale_free,uniform,1982727,100,291,0.03,3,0.45,0.1,50,1.5,0.13,2,0.3727358614671348
1966,scale_free,uniform,1983736,100,291,0.03,3,0.45,0.1,50,1.5,0.08,1,0.5774504840672897
1967,scale_free,uniform,1984745,100,291,0.03,3,0.45,0.1,50,1.5,0.12,2,0.4138477317569535
1968,scale_free,uniform,1985754,100,291,0.03,3,0.45,0.1,50,1.5,0.1,2,0.5216557778668499
1969,scale_free,uniform,1986763,100,291,0.03,3,0.45,0.1,50,1.5,0.16,2,0.35216791902296857
1970,scale_free,uniform,1987772,100,291,0.03,3,0.45,0.1,50,1.5,0.16,4,0.3292452718141622
1971,scale_free,uniform,1988781,100,291,0.03,3,0.45,0.1,50,1.5,0.13,2,0.39423291994400494
1972,scale_free,uniform,1989790,100,291,0.03,3,0.45,0.1,50,1.5,0.06,1,0.6229826335830819
1973,scale_free,uniform,1990799,100,291,0.03,3,0.45,0.1,50,1.5,0.07,1,0.6014418761888359
1974,scale_free,uniform,1991808,100,291,0.03,3,0.45,0.1,50,1.5,0.1,2,0.48407692364254634
1975,scale_free,uniform,1992817,100,291,0.03,3,0.45,0.1,50,1.5,0.13,3,0.4285852094524757
1976,scale_free,uniform,1993826,100,291,0.03,3,0.45,0.1,50,1.5,0.09,1,0.5584869336942748
1977,scale_free,uniform,1994835,100,291,0.03,3,0.45,0.1,50,1.5,0.09,1,0.5541844537372844
1978,scale_free,uniform,1995844,100,291,0.03,3,0.45,0.1,50,1.5,0.08,2,0.5478492786345339
1979,scale_free,uniform,1996853,100,291,0.03,3,0.45,0.1,50,1.5,0.14,2,0.4079616335818679
1980,scale_free,uniform,1997862,100,291,0.03,3,0.45,0.1,50,1.5,0.23,4,0.16677659558535773
1981,scale_free,uniform,1998871,100,291,0.03,3,0.45,0.1,50,1.5,0.07,1,0.5763436233867456
1982,scale_free,uniform,1999880,100,291,0.03,3,0.45,0.1,50,1.5,0.24,5,0.16331723876626164
1983,scale_free,uniform,2000889,100,291,0.03,3,0.45,0.1,50,1.5,0.13,1,0.39059752770392736
1984,scale_free,uniform,2001898,100,291,0.03,3,0.45,0.1,50,1.5,0.1,1,0.4833627106145711
1985,scale_free,uniform,2002907,100,291,0.03,3,0.45,0.1,50,1.5,0.14,2,0.34005501589288234
1986,scale_free,uniform,2003916,100,291,0.03,3,0.45,0.1,50,1.5,0.1,4,0.5174048119932061
1987,scale_free,uniform,2004925,100,291,0.03,3,0.45,0.1,50,1.5,0.04,1,0.6705121929032127
1988,scale_free,uniform,2005934,100,291,0.03,3,0.45,0.1,50,1.5,0.07,1,0.621233457987297
1989,scale_free,uniform,2006943,100,291,0.03,3,0.45,0.1,50,1.5,0.11,2,0.4684487114746327
1990,scale_free,uniform,2007952,100,291,0.03,3,0.45,0.1,50,1.5,0.31,6,0.09559922179531727
1991,scale_free,uniform,2008961,100,291,0.03,3,0.45,0.1,50,1.5,0.05,1,0.6580444744585653
1992,scale_free,uniform,2009970,100,291,0.03,3,0.45,0.1,50,1.5,0.07,1,0.6227411610763145
1993,scale_free,uniform,2010979,100,291,0.03,3,0.45,0.1,50,1.5,0.18,2,0.2451995547285524
1994,scale_free,uniform,2011988,100,291,0.03,3,0.45,0.1,50,1.5,0.14,2,0.39130670602861656
1995,scale_free,uniform,2012997,100,291,0.03,3,0.45,0.1,50,1.5,0.12,3,0.4278158734701168
1996,scale_free,uniform,2014006,100,291,0.03,3,0.45,0.1,50,1.5,0.17,3,0.2905948764360792
1997,scale_free,uniform,2015015,100,291,0.03,3,0.45,0.1,50,1.5,0.04,1,0.6997229955900579
1998,scale_free,uniform,2016024,100,291,0.03,3,0.45,0.1,50,1.5,0.11,2,0.4851891544515828
1999,scale_free,uniform,2017033,100,291,0.03,3,0.45,0.1,50,1.5,0.17,5,0.32574528600171326
2000,scale_free,uniform,2018042,100,291,0.03,3,0.45,0.1,50,1.5,0.12,2,0.440419812500719
2001,small_world,uniform,2019051,100,300,0.03,3,0.45,0.1,50,1.5,0.04,1,0.8433090358609475
2002,small_world,uniform,2020060,100,300,0.03,3,0.45,0.1,50,1.5,0.03,0,0.8841046088626265
2003,small_world,uniform,2021069,100,300,0.03,3,0.45,0.1,50,1.5,0.03,0,0.8797897405785516
2004,small_world,uniform,2022078,100,300,0.03,3,0.45,0.1,50,1.5,0.03,0,0.8828088681304004
2005,small_world,uniform,2023087,100,300,0.03,3,0.45,0.1,50,1.5,0.03,0,0.8782001126343641
2006,small_world,uniform,2024096,100,300,0.03,3,0.45,0.1,50,1.5,0.11,6,0.7325560870970829
2007,small_world,uniform,2025105,100,300,0.03,3,0.45,0.1,50,1.5,0.03,0,0.8788901433367087
2008,small_world,uniform,2026114,100,300,0.03,3,0.45,0.1,50,1.5,0.05,2,0.822656687064654
2009,small_world,uniform,2027123,100,300,0.03,3,0.45,0.1,50,1.5,0.03,0,0.883587287967383
2010,small_world,uniform,2028132,100,300,0.03,3,0.45,0.1,50,1.5,0.03,0,0.8699471422932276
2011,small_world,uniform,2029141,100,300,0.03,3,0.45,0.1,50,1.5,0.03,0,0.8762870105311523
2012,small_world,uniform,2030150,100,300,0.03,3,0.45,0.1,50,1.5,0.03,0,0.8916986972170146
2013,small_world,uniform,2031159,100,300,0.03,3,0.45,0.1,50,1.5,0.03,0,0.8776951882096509
2014,small_world,uniform,2032168,100,300,0.03,3,0.45,0.1,50,1.5,0.03,0,0.8750256620027269
2015,small_world,uniform,2033177,100,300,0.03,3,0.45,0.1,50,1.5,0.03,0,0.8739404075450498
2016,small_world,uniform,2034186,100,300,0.03,3,0.45,0.1,50,1.5,0.03,0,0.8871544739364975
2017,small_world,uniform,2035195,100,300,0.03,3,0.45,0.1,50,1.5,0.03,0,0.87606489716404
2018,small_world,uniform,2036204,100,300,0.03,3,0.45,0.1,50,1.5,0.03,0,0.8812554237290893
2019,small_world,uniform,2037213,100,300,0.03,3,0.45,0.1,50,1.5,0.03,0,0.8747421056508219
2020,small_world,uniform,2038222,100,300,0.03,3,0.45,0.1,50,1.5,0.03,0,0.8739371339257838
2021,small_world,uniform,2039231,100,300,0.03,3,0.45,0.1,50,1.5,0.03,0,0.8861771567333533
2022,small_world,uniform,2040240,100,300,0.03,3,0.45,0.1,50,1.5,0.03,0,0.8759283407215315
2023,small_world,uniform,2041249,100,300,0.03,3,0.45,0.1,50,1.5,0.03,0,0.8843690276751656
2024,small_world,uniform,2042258,100,300,0.03,3,0.45,0.1,50,1.5,0.03,0,0.8837413237748479
2025,small_world,uniform,2043267,100,300,0.03,3,0.45,0.1,50,1.5,0.03,0,0.8700062849509372
2026,small_world,uniform,2044276,100,300,0.03,3,0.45,0.1,50,1.5,0.03,0,0.880412998513429
2027,small_world,uniform,2045285,100,300,0.03,3,0.45,0.1,50,1.5,0.03,0,0.8731028654525972
2028,small_world,uniform,2046294,100,300,0.03,3,0.45,0.1,50,1.5,0.03,0,0.8766840234618358
2029,small_world,uniform,2047303,100,300,0.03,3,0.45,0.1,50,1.5,0.04,1,0.840836444562504
2030,small_world,uniform,2048312,100,300,0.03,3,0.45,0.1,50,1.5,0.03,0,0.877714570831284
2031,small_world,uniform,2049321,100,300,0.03,3,0.45,0.1,50,1.5,0.03,0,0.8906646926967542
2032,small_world,uniform,2050330,100,300,0.03,3,0.45,0.1,50,1.5,0.03,0,0.8761642820438864
2033,small_world,uniform,2051339,100,300,0.03,3,0.45,0.1,50,1.5,0.06,3,0.8389398421744406
2034,small_world,uniform,2052348,100,300,0.03,3,0.45,0.1,50,1.5,0.03,0,0.8816636561429827
2035,small_world,uniform,2053357,100,300,0.03,3,0.45,0.1,50,1.5,0.08,4,0.7981956134600503
2036,small_world,uniform,2054366,100,300,0.03,3,0.45,0.1,50,1.5,0.03,0,0.8784975333213422
2037,small_world,uniform,2055375,100,300,0.03,3,0.45,0.1,50,1.5,0.1,6,0.734713352637918
2038,small_world,uniform,2056384,100,300,0.03,3,0.45,0.1,50,1.5,0.03,0,0.8817549034257394
2039,small_world,uniform,2057393,100,300,0.03,3,0.45,0.1,50,1.5,0.03,0,0.8784224381021418
2040,small_world,uniform,2058402,100,300,0.03,3,0.45,0.1,50,1.5,0.03,0,0.8693844525711253
2041,small_world,uniform,2059411,100,300,0.03,3,0.45,0.1,50,1.5,0.03,0,0.8869984576076684
2042,small_world,uniform,2060420,100,300,0.03,3,0.45,0.1,50,1.5,0.04,1,0.8510342193585838
2043,small_world,uniform,2061429,100,300,0.03,3,0.45,0.1,50,1.5,0.03,0,0.8747729904325887
2044,small_world,uniform,2062438,100,300,0.03,3,0.45,0.1,50,1.5,0.03,0,0.8796406661397245
2045,small_world,uniform,2063447,100,300,0.03,3,0.45,0.1,50,1.5,0.03,0,0.8758240336380599
2046,small_world,uniform,2064456,100,300,0.03,3,0.45,0.1,50,1.5,0.03,0,0.8860052416969338
2047,small_world,uniform,2065465,100,300,0.03,3,0.45,0.1,50,1.5,0.03,0,0.8799582108117434
2048,small_world,uniform,2066474,100,300,0.03,3,0.45,0.1,50,1.5,0.03,0,0.8788186104002921
2049,small_world,uniform,2067483,100,300,0.03,3,0.45,0.1,50,1.5,0.1,4,0.7705770487317843
2050,small_world,uniform,2068492,100,300,0.03,3,0.45,0.1,50,1.5,0.03,0,0.8923688945036737
2051,small_world,uniform,2069501,100,300,0.03,3,0.45,0.1,50,1.5,0.03,0,0.8684557096637466
2052,small_world,uniform,2070510,100,300,0.03,3,0.45,0.1,50,1.5,0.04,1,0.8687932502398096
2053,small_world,uniform,2071519,100,300,0.03,3,0.45,0.1,50,1.5,0.03,0,0.8848616574131644
2054,small_world,uniform,2072528,100,300,0.03,3,0.45,0.1,50,1.5,0.04,1,0.8350225191026833
2055,small_world,uniform,2073537,100,300,0.03,3,0.45,0.1,50,1.5,0.03,0,0.8770304947481207
2056,small_world,uniform,2074546,100,300,0.03,3,0.45,0.1,50,1.5,0.03,0,0.8811880871431681
2057,small_world,uniform,2075555,100,300,0.03,3,0.45,0.1,50,1.5,0.03,0,0.878068068444822
2058,small_world,uniform,2076564,100,300,0.03,3,0.45,0.1,50,1.5,0.07,2,0.7680311186597133
2059,small_world,uniform,2077573,100,300,0.03,3,0.45,0.1,50,1.5,0.03,0,0.8781301604525141
2060,small_world,uniform,2078582,100,300,0.03,3,0.45,0.1,50,1.5,0.03,0,0.8826678532402924
2061,small_world,uniform,2079591,100,300,0.03,3,0.45,0.1,50,1.5,0.03,0,0.8771371677056494
2062,small_world,uniform,2080600,100,300,0.03,3,0.45,0.1,50,1.5,0.07,2,0.7948859469414464
2063,small_world,uniform,2081609,100,300,0.03,3,0.45,0.1,50,1.5,0.03,0,0.8776799151030125
2064,small_world,uniform,2082618,100,300,0.03,3,0.45,0.1,50,1.5,0.03,0,0.8784807549591916
2065,small_world,uniform,2083627,100,300,0.03,3,0.45,0.1,50,1.5,0.04,1,0.8452953303163641
2066,small_world,uniform,2084636,100,300,0.03,3,0.45,0.1,50,1.5,0.11,6,0.7459770545414749
2067,small_world,uniform,2085645,100,300,0.03,3,0.45,0.1,50,1.5,0.03,0,0.8807522680843591
2068,small_world,uniform,2086654,100,300,0.03,3,0.45,0.1,50,1.5,0.03,0,0.8877343103305155
2069,small_world,uniform,2087663,100,300,0.03,3,0.45,0.1,50,1.5,0.03,0,0.8758489697803692
2070,small_world,uniform,2088672,100,300,0.03,3,0.45,0.1,50,1.5,0.03,0,0.8765777767418576
2071,small_world,uniform,2089681,100,300,0.03,3,0.45,0.1,50,1.5,0.03,0,0.8856758066381155
2072,small_world,uniform,2090690,100,300,0.03,3,0.45,0.1,50,1.5,0.03,0,0.8731264236131286
2073,small_world,uniform,2091699,100,300,0.03,3,0.45,0.1,50,1.5,0.03,0,0.8986532462741771
2074,small_world,uniform,2092708,100,300,0.03,3,0.45,0.1,50,1.5,0.05,2,0.8386345344176196
2075,small_world,uniform,2093717,100,300,0.03,3,0.45,0.1,50,1.5,0.03,0,0.8716326487063694
2076,small_world,uniform,2094726,100,300,0.03,3,0.45,0.1,50,1.5,0.03,0,0.8816078480991582
2077,small_world,uniform,2095735,100,300,0.03,3,0.45,0.1,50,1.5,0.03,0,0.8776184080262623
2078,small_world,uniform,2096744,100,300,0.03,3,0.45,0.1,50,1.5,0.04,1,0.8508094921611744
2079,small_world,uniform,2097753,100,300,0.03,3,0.45,0.1,50,1.5,0.03,0,0.8871860389416529
2080,small_world,uniform,2098762,100,300,0.03,3,0.45,0.1,50,1.5,0.03,0,0.8865977149443165
2081,small_world,uniform,2099771,100,300,0.03,3,0.45,0.1,50,1.5,0.04,1,0.8580251561460777
2082,small_world,uniform,2100780,100,300,0.03,3,0.45,0.1,50,1.5,0.03,0,0.8828486077642372
2083,small_world,uniform,2101789,100,300,0.03,3,0.45,0.1,50,1.5,0.03,0,0.8879196884106406
2084,small_world,uniform,2102798,100,300,0.03,3,0.45,0.1,50,1.5,0.03,0,0.8743804055493982
2085,small_world,uniform,2103807,100,300,0.03,3,0.45,0.1,50,1.5,0.04,1,0.8512569704424542
2086,small_world,uniform,2104816,100,300,0.03,3,0.45,0.1,50,1.5,0.03,0,0.875314507436898
2087,small_world,uniform,2105825,100,300,0.03,3,0.45,0.1,50,1.5,0.03,0,0.8755943409566664
2088,small_world,uniform,2106834,100,300,0.03,3,0.45,0.1,50,1.5,0.08,5,0.7745699069553612
2089,small_world,uniform,2107843,100,300,0.03,3,0.45,0.1,50,1.5,0.03,0,0.8836474180819063
2090,small_world,uniform,2108852,100,300,0.03,3,0.45,0.1,50,1.5,0.03,0,0.8745750366672083
2091,small_world,uniform,2109861,100,300,0.03,3,0.45,0.1,50,1.5,0.13,8,0.6981262766225994
2092,small_world,uniform,2110870,100,300,0.03,3,0.45,0.1,50,1.5,0.03,0,0.8767679534317555
2093,small_world,uniform,2111879,100,300,0.03,3,0.45,0.1,50,1.5,0.03,0,0.874497997074696
2094,small_world,uniform,2112888,100,300,0.03,3,0.45,0.1,50,1.5,0.03,0,0.8718961188804301
2095,small_world,uniform,2113897,100,300,0.03,3,0.45,0.1,50,1.5,0.03,0,0.8749652835937001
2096,small_world,uniform,2114906,100,300,0.03,3,0.45,0.1,50,1.5,0.09,3,0.7803096171326402
2097,small_world,uniform,2115915,100,300,0.03,3,0.45,0.1,50,1.5,0.03,0,0.8802043484909129
2098,small_world,uniform,2116924,100,300,0.03,3,0.45,0.1,50,1.5,0.03,0,0.8766825067534403
2099,small_world,uniform,2117933,100,300,0.03,3,0.45,0.1,50,1.5,0.03,0,0.8881219618970039
2100,small_world,uniform,2118942,100,300,0.03,3,0.45,0.1,50,1.5,0.03,0,0.8811433360747052
2101,small_world,uniform,2119951,100,300,0.03,3,0.45,0.1,50,1.5,0.08,2,0.7661381189416053
2102,small_world,uniform,2120960,100,300,0.03,3,0.45,0.1,50,1.5,0.03,0,0.8742167653830103
2103,small_world,uniform,2121969,100,300,0.03,3,0.45,0.1,50,1.5,0.06,3,0.8026343533305098
2104,small_world,uniform,2122978,100,300,0.03,3,0.45,0.1,50,1.5,0.03,0,0.883142737214891
2105,small_world,uniform,2123987,100,300,0.03,3,0.45,0.1,50,1.5,0.03,0,0.8801563081377495
2106,small_world,uniform,2124996,100,300,0.03,3,0.45,0.1,50,1.5,0.03,0,0.8748274563502099
2107,small_world,uniform,2126005,100,300,0.03,3,0.45,0.1,50,1.5,0.03,0,0.875164211457171
2108,small_world,uniform,2127014,100,300,0.03,3,0.45,0.1,50,1.5,0.03,0,0.8842737259937082
2109,small_world,uniform,2128023,100,300,0.03,3,0.45,0.1,50,1.5,0.03,0,0.8919352931560666
2110,small_world,uniform,2129032,100,300,0.03,3,0.45,0.1,50,1.5,0.03,0,0.8762734604079996
2111,small_world,uniform,2130041,100,300,0.03,3,0.45,0.1,50,1.5,0.03,0,0.877675477581909
2112,small_world,uniform,2131050,100,300,0.03,3,0.45,0.1,50,1.5,0.03,0,0.8715812322330051
2113,small_world,uniform,2132059,100,300,0.03,3,0.45,0.1,50,1.5,0.04,1,0.8481136958291825
2114,small_world,uniform,2133068,100,300,0.03,3,0.45,0.1,50,1.5,0.03,0,0.8738504325405175
2115,small_world,uniform,2134077,100,300,0.03,3,0.45,0.1,50,1.5,0.03,0,0.8896462318250126
2116,small_world,uniform,2135086,100,300,0.03,3,0.45,0.1,50,1.5,0.03,0,0.8608335026734644
2117,small_world,uniform,2136095,100,300,0.03,3,0.45,0.1,50,1.5,0.03,0,0.8734908900656566
2118,small_world,uniform,2137104,100,300,0.03,3,0.45,0.1,50,1.5,0.03,0,0.8875916826144195
2119,small_world,uniform,2138113,100,300,0.03,3,0.45,0.1,50,1.5,0.04,1,0.8512641240434421
2120,small_world,uniform,2139122,100,300,0.03,3,0.45,0.1,50,1.5,0.03,0,0.8830421734545872
2121,small_world,uniform,2140131,100,300,0.03,3,0.45,0.1,50,1.5,0.04,1,0.8539793919962915
2122,small_world,uniform,2141140,100,300,0.03,3,0.45,0.1,50,1.5,0.03,0,0.8819451337420818
2123,small_world,uniform,2142149,100,300,0.03,3,0.45,0.1,50,1.5,0.03,0,0.8958293628533176
2124,small_world,uniform,2143158,100,300,0.03,3,0.45,0.1,50,1.5,0.05,2,0.8528965278125712
2125,small_world,uniform,2144167,100,300,0.03,3,0.45,0.1,50,1.5,0.05,2,0.8303297681497714
2126,small_world,uniform,2145176,100,300,0.03,3,0.45,0.1,50,1.5,0.04,1,0.8411096100170407
2127,small_world,uniform,2146185,100,300,0.03,3,0.45,0.1,50,1.5,0.03,0,0.881560045509963
2128,small_world,uniform,2147194,100,300,0.03,3,0.45,0.1,50,1.5,0.03,0,0.8801819183766467
2129,small_world,uniform,2148203,100,300,0.03,3,0.45,0.1,50,1.5,0.14,8,0.7238208090112961
2130,small_world,uniform,2149212,100,300,0.03,3,0.45,0.1,50,1.5,0.03,0,0.872784823607487
2131,small_world,uniform,2150221,100,300,0.03,3,0.45,0.1,50,1.5,0.03,0,0.8843950660144461
2132,small_world,uniform,2151230,100,300,0.03,3,0.45,0.1,50,1.5,0.17,7,0.6722858400672267
2133,small_world,uniform,2152239,100,300,0.03,3,0.45,0.1,50,1.5,0.03,0,0.8721108591514064
2134,small_world,uniform,2153248,100,300,0.03,3,0.45,0.1,50,1.5,0.03,0,0.8722488164538129
2135,small_world,uniform,2154257,100,300,0.03,3,0.45,0.1,50,1.5,0.04,1,0.8495657927085152
2136,small_world,uniform,2155266,100,300,0.03,3,0.45,0.1,50,1.5,0.03,0,0.875524942818769
2137,small_world,uniform,2156275,100,300,0.03,3,0.45,0.1,50,1.5,0.03,0,0.8751826375977716
2138,small_world,uniform,2157284,100,300,0.03,3,0.45,0.1,50,1.5,0.05,2,0.8233896428033504
2139,small_world,uniform,2158293,100,300,0.03,3,0.45,0.1,50,1.5,0.03,0,0.8797459969710485
2140,small_world,uniform,2159302,100,300,0.03,3,0.45,0.1,50,1.5,0.03,0,0.8736622658900005
2141,small_world,uniform,2160311,100,300,0.03,3,0.45,0.1,50,1.5,0.03,0,0.873282829409998
2142,small_world,uniform,2161320,100,300,0.03,3,0.45,0.1,50,1.5,0.03,0,0.8759036869636669
2143,small_world,uniform,2162329,100,300,0.03,3,0.45,0.1,50,1.5,0.03,0,0.8760853081731306
2144,small_world,uniform,2163338,100,300,0.03,3,0.45,0.1,50,1.5,0.03,0,0.8767452820580904
2145,small_world,uniform,2164347,100,300,0.03,3,0.45,0.1,50,1.5,0.04,1,0.8555266083641111
2146,small_world,uniform,2165356,100,300,0.03,3,0.45,0.1,50,1.5,0.03,0,0.8904366434732337
2147,small_world,uniform,2166365,100,300,0.03,3,0.45,0.1,50,1.5,0.03,0,0.8871423865248538
2148,small_world,uniform,2167374,100,300,0.03,3,0.45,0.1,50,1.5,0.13,9,0.6852886029571502
2149,small_world,uniform,2168383,100,300,0.03,3,0.45,0.1,50,1.5,0.03,0,0.881720999939628
2150,small_world,uniform,2169392,100,300,0.03,3,0.45,0.1,50,1.5,0.03,0,0.8758395504883895
2151,small_world,uniform,2170401,100,300,0.03,3,0.45,0.1,50,1.5,0.03,0,0.8811416720093616
2152,small_world,uniform,2171410,100,300,0.03,3,0.45,0.1,50,1.5,0.03,0,0.8681606866783013
2153,small_world,uniform,2172419,100,300,0.03,3,0.45,0.1,50,1.5,0.03,0,0.871306685514901
2154,small_world,uniform,2173428,100,300,0.03,3,0.45,0.1,50,1.5,0.03,0,0.8886988033679093
2155,small_world,uniform,2174437,100,300,0.03,3,0.45,0.1,50,1.5,0.04,1,0.8595114460390998
2156,small_world,uniform,2175446,100,300,0.03,3,0.45,0.1,50,1.5,0.05,1,0.8301797391815343
2157,small_world,uniform,2176455,100,300,0.03,3,0.45,0.1,50,1.5,0.05,2,0.8658637124886086
2158,small_world,uniform,2177464,100,300,0.03,3,0.45,0.1,50,1.5,0.03,0,0.875226134676402
2159,small_world,uniform,2178473,100,300,0.03,3,0.45,0.1,50,1.5,0.04,1,0.8351248018199163
2160,small_world,uniform,2179482,100,300,0.03,3,0.45,0.1,50,1.5,0.03,0,0.8761028798870065
2161,small_world,uniform,2180491,100,300,0.03,3,0.45,0.1,50,1.5,0.03,0,0.8695949943278828
2162,small_world,uniform,2181500,100,300,0.03,3,0.45,0.1,50,1.5,0.03,0,0.8704554475749474
2163,small_world,uniform,2182509,100,300,0.03,3,0.45,0.1,50,1.5,0.03,0,0.8715115727343594
2164,small_world,uniform,2183518,100,300,0.03,3,0.45,0.1,50,1.5,0.03,0,0.8876426193776029
2165,small_world,uniform,2184527,100,300,0.03,3,0.45,0.1,50,1.5,0.03,0,0.8766715412238894
2166,small_world,uniform,2185536,100,300,0.03,3,0.45,0.1,50,1.5,0.1,6,0.751100128146522
2167,small_world,uniform,2186545,100,300,0.03,3,0.45,0.1,50,1.5,0.03,0,0.8839976397264633
2168,small_world,uniform,2187554,100,300,0.03,3,0.45,0.1,50,1.5,0.04,1,0.8650337744317246
2169,small_world,uniform,2188563,100,300,0.03,3,0.45,0.1,50,1.5,0.03,0,0.8837835851021597
2170,small_world,uniform,2189572,100,300,0.03,3,0.45,0.1,50,1.5,0.04,1,0.8409116427499503
2171,small_world,uniform,2190581,100,300,0.03,3,0.45,0.1,50,1.5,0.11,7,0.7415341898480541
2172,small_world,uniform,2191590,100,300,0.03,3,0.45,0.1,50,1.5,0.03,0,0.8802618543791791
2173,small_world,uniform,2192599,100,300,0.03,3,0.45,0.1,50,1.5,0.03,0,0.8952430101396035
2174,small_world,uniform,2193608,100,300,0.03,3,0.45,0.1,50,1.5,0.04,1,0.8518966686383009
2175,small_world,uniform,2194617,100,300,0.03,3,0.45,0.1,50,1.5,0.03,0,0.8738144907897069
2176,small_world,uniform,2195626,100,300,0.03,3,0.45,0.1,50,1.5,0.03,0,0.8862451278611685
2177,small_world,uniform,2196635,100,300,0.03,3,0.45,0.1,50,1.5,0.03,0,0.8706486688835061
2178,small_world,uniform,2197644,100,300,0.03,3,0.45,0.1,50,1.5,0.03,0,0.8794114274080087
2179,small_world,uniform,2198653,100,300,0.03,3,0.45,0.1,50,1.5,0.03,0,0.8823916288678864
2180,small_world,uniform,2199662,100,300,0.03,3,0.45,0.1,50,1.5,0.04,1,0.8547169041822521
2181,small_world,uniform,2200671,100,300,0.03,3,0.45,0.1,50,1.5,0.03,0,0.8955233862504386
2182,small_world,uniform,2201680,100,300,0.03,3,0.45,0.1,50,1.5,0.03,0,0.8693914816835614
2183,small_world,uniform,2202689,100,300,0.03,3,0.45,0.1,50,1.5,0.03,0,0.8783646809481983
2184,small_world,uniform,2203698,100,300,0.03,3,0.45,0.1,50,1.5,0.03,0,0.8751527454450894
2185,small_world,uniform,2204707,100,300,0.03,3,0.45,0.1,50,1.5,0.08,5,0.7699373595253214
2186,small_world,uniform,2205716,100,300,0.03,3,0.45,0.1,50,1.5,0.03,0,0.8767995581719634
2187,small_world,uniform,2206725,100,300,0.03,3,0.45,0.1,50,1.5,0.03,0,0.8895481300049406
2188,small_world,uniform,2207734,100,300,0.03,3,0.45,0.1,50,1.5,0.03,0,0.8806004326526907
2189,small_world,uniform,2208743,100,300,0.03,3,0.45,0.1,50,1.5,0.04,1,0.8377391541086834
2190,small_world,uniform,2209752,100,300,0.03,3,0.45,0.1,50,1.5,0.03,0,0.8710483222217269
2191,small_world,uniform,2210761,100,300,0.03,3,0.45,0.1,50,1.5,0.06,3,0.817825391143193
2192,small_world,uniform,2211770,100,300,0.03,3,0.45,0.1,50,1.5,0.04,1,0.8606972677525121
2193,small_world,uniform,2212779,100,300,0.03,3,0.45,0.1,50,1.5,0.03,0,0.8777335171202971
2194,small_world,uniform,2213788,100,300,0.03,3,0.45,0.1,50,1.5,0.03,0,0.8828303694757611
2195,small_world,uniform,2214797,100,300,0.03,3,0.45,0.1,50,1.5,0.03,0,0.8850428161024487
2196,small_world,uniform,2215806,100,300,0.03,3,0.45,0.1,50,1.5,0.03,0,0.8848470517146843
2197,small_world,uniform,2216815,100,300,0.03,3,0.45,0.1,50,1.5,0.03,0,0.8795895729356645
2198,small_world,uniform,2217824,100,300,0.03,3,0.45,0.1,50,1.5,0.07,4,0.780175821246418
2199,small_world,uniform,2218833,100,300,0.03,3,0.45,0.1,50,1.5,0.03,0,0.866573612908368
2200,small_world,uniform,2219842,100,300,0.03,3,0.45,0.1,50,1.5,0.03,0,0.8830040881988411
2201,small_world,uniform,2220851,100,300,0.03,3,0.45,0.1,50,1.5,0.04,1,0.8366719152194905
2202,small_world,uniform,2221860,100,300,0.03,3,0.45,0.1,50,1.5,0.03,0,0.879140469435029
2203,small_world,uniform,2222869,100,300,0.03,3,0.45,0.1,50,1.5,0.03,0,0.8816667104212469
2204,small_world,uniform,2223878,100,300,0.03,3,0.45,0.1,50,1.5,0.03,0,0.8836604671468554
2205,small_world,uniform,2224887,100,300,0.03,3,0.45,0.1,50,1.5,0.03,0,0.8730025595576092
2206,small_world,uniform,2225896,100,300,0.03,3,0.45,0.1,50,1.5,0.03,0,0.8825721443849475
2207,small_world,uniform,2226905,100,300,0.03,3,0.45,0.1,50,1.5,0.06,3,0.8023729500666898
2208,small_world,uniform,2227914,100,300,0.03,3,0.45,0.1,50,1.5,0.03,0,0.8666454003311115
2209,small_world,uniform,2228923,100,300,0.03,3,0.45,0.1,50,1.5,0.03,0,0.8764071209647445
2210,small_world,uniform,2229932,100,300,0.03,3,0.45,0.1,50,1.5,0.03,0,0.8691731855060759
2211,small_world,uniform,2230941,100,300,0.03,3,0.45,0.1,50,1.5,0.03,0,0.87885007981211
2212,small_world,uniform,2231950,100,300,0.03,3,0.45,0.1,50,1.5,0.03,0,0.8766926393070215
2213,small_world,uniform,2232959,100,300,0.03,3,0.45,0.1,50,1.5,0.04,1,0.8278671595136042
2214,small_world,uniform,2233968,100,300,0.03,3,0.45,0.1,50,1.5,0.03,0,0.8736572768092367
2215,small_world,uniform,2234977,100,300,0.03,3,0.45,0.1,50,1.5,0.03,0,0.8855884946196901
2216,small_world,uniform,2235986,100,300,0.03,3,0.45,0.1,50,1.5,0.03,0,0.8723844521736595
2217,small_world,uniform,2236995,100,300,0.03,3,0.45,0.1,50,1.5,0.04,1,0.8509685551574897
2218,small_world,uniform,2238004,100,300,0.03,3,0.45,0.1,50,1.5,0.04,1,0.8587379098303434
2219,small_world,uniform,2239013,100,300,0.03,3,0.45,0.1,50,1.5,0.05,2,0.8264683635559454
2220,small_world,uniform,2240022,100,300,0.03,3,0.45,0.1,50,1.5,0.06,2,0.8176711345521097
2221,small_world,uniform,2241031,100,300,0.03,3,0.45,0.1,50,1.5,0.03,0,0.8692866277772358
2222,small_world,uniform,2242040,100,300,0.03,3,0.45,0.1,50,1.5,0.08,3,0.7991189454668948
2223,small_world,uniform,2243049,100,300,0.03,3,0.45,0.1,50,1.5,0.08,3,0.7951785119639823
2224,small_world,uniform,2244058,100,300,0.03,3,0.45,0.1,50,1.5,0.03,0,0.884445907952828
2225,small_world,uniform,2245067,100,300,0.03,3,0.45,0.1,50,1.5,0.08,5,0.792039461471288
2226,small_world,uniform,2246076,100,300,0.03,3,0.45,0.1,50,1.5,0.04,1,0.8558719616991998
2227,small_world,uniform,2247085,100,300,0.03,3,0.45,0.1,50,1.5,0.03,0,0.8906019892112799
2228,small_world,uniform,2248094,100,300,0.03,3,0.45,0.1,50,1.5,0.03,0,0.8799496173204224
2229,small_world,uniform,2249103,100,300,0.03,3,0.45,0.1,50,1.5,0.03,0,0.8917953898492906
2230,small_world,uniform,2250112,100,300,0.03,3,0.45,0.1,50,1.5,0.03,0,0.8716666140511614
2231,small_world,uniform,2251121,100,300,0.03,3,0.45,0.1,50,1.5,0.03,0,0.8804836540478002
2232,small_world,uniform,2252130,100,300,0.03,3,0.45,0.1,50,1.5,0.03,0,0.8805475109238161
2233,small_world,uniform,2253139,100,300,0.03,3,0.45,0.1,50,1.5,0.14,5,0.7136552540258398
2234,small_world,uniform,2254148,100,300,0.03,3,0.45,0.1,50,1.5,0.03,0,0.8810535592794463
2235,small_world,uniform,2255157,100,300,0.03,3,0.45,0.1,50,1.5,0.03,0,0.8778692835205182
2236,small_world,uniform,2256166,100,300,0.03,3,0.45,0.1,50,1.5,0.06,2,0.8075081518238305
2237,small_world,uniform,2257175,100,300,0.03,3,0.45,0.1,50,1.5,0.1,7,0.7554588930723365
2238,small_world,uniform,2258184,100,300,0.03,3,0.45,0.1,50,1.5,0.04,1,0.8500067031948763
2239,small_world,uniform,2259193,100,300,0.03,3,0.45,0.1,50,1.5,0.09,4,0.7997352844491651
2240,small_world,uniform,2260202,100,300,0.03,3,0.45,0.1,50,1.5,0.03,0,0.8843517147489554
2241,small_world,uniform,2261211,100,300,0.03,3,0.45,0.1,50,1.5,0.03,0,0.8909477286077678
2242,small_world,uniform,2262220,100,300,0.03,3,0.45,0.1,50,1.5,0.03,0,0.8786632148495656
2243,small_world,uniform,2263229,100,300,0.03,3,0.45,0.1,50,1.5,0.13,7,0.7507243969008282
2244,small_world,uniform,2264238,100,300,0.03,3,0.45,0.1,50,1.5,0.03,0,0.8843191612814789
2245,small_world,uniform,2265247,100,300,0.03,3,0.45,0.1,50,1.5,0.03,0,0.8707902454283443
2246,small_world,uniform,2266256,100,300,0.03,3,0.45,0.1,50,1.5,0.03,0,0.8890462631679317
2247,small_world,uniform,2267265,100,300,0.03,3,0.45,0.1,50,1.5,0.04,1,0.8577778945359911
2248,small_world,uniform,2268274,100,300,0.03,3,0.45,0.1,50,1.5,0.03,0,0.8770240029849274
2249,small_world,uniform,2269283,100,300,0.03,3,0.45,0.1,50,1.5,0.03,0,0.8878570647128609
2250,small_world,uniform,2270292,100,300,0.03,3,0.45,0.1,50,1.5,0.03,0,0.8811472106981618
2251,small_world,uniform,2271301,100,300,0.03,3,0.45,0.1,50,1.5,0.03,0,0.8734648636842788
2252,small_world,uniform,2272310,100,300,0.03,3,0.45,0.1,50,1.5,0.03,0,0.8700439495310871
2253,small_world,uniform,2273319,100,300,0.03,3,0.45,0.1,50,1.5,0.03,0,0.8819289393885255
2254,small_world,uniform,2274328,100,300,0.03,3,0.45,0.1,50,1.5,0.03,0,0.8813180383694855
2255,small_world,uniform,2275337,100,300,0.03,3,0.45,0.1,50,1.5,0.03,0,0.8841918542855656
2256,small_world,uniform,2276346,100,300,0.03,3,0.45,0.1,50,1.5,0.03,0,0.8665465180395657
2257,small_world,uniform,2277355,100,300,0.03,3,0.45,0.1,50,1.5,0.03,0,0.8717415166814303
2258,small_world,uniform,2278364,100,300,0.03,3,0.45,0.1,50,1.5,0.09,4,0.7615537631433991
2259,small_world,uniform,2279373,100,300,0.03,3,0.45,0.1,50,1.5,0.05,2,0.8560941589808073
2260,small_world,uniform,2280382,100,300,0.03,3,0.45,0.1,50,1.5,0.07,3,0.815720049816361
2261,small_world,uniform,2281391,100,300,0.03,3,0.45,0.1,50,1.5,0.03,0,0.8894712606474965
2262,small_world,uniform,2282400,100,300,0.03,3,0.45,0.1,50,1.5,0.06,3,0.8389647111371785
2263,small_world,uniform,2283409,100,300,0.03,3,0.45,0.1,50,1.5,0.03,0,0.8812515177816338
2264,small_world,uniform,2284418,100,300,0.03,3,0.45,0.1,50,1.5,0.03,0,0.8723567279478409
2265,small_world,uniform,2285427,100,300,0.03,3,0.45,0.1,50,1.5,0.03,0,0.8730240480227183
2266,small_world,uniform,2286436,100,300,0.03,3,0.45,0.1,50,1.5,0.09,4,0.7851550864960245
2267,small_world,uniform,2287445,100,300,0.03,3,0.45,0.1,50,1.5,0.04,1,0.8521845718018578
2268,small_world,uniform,2288454,100,300,0.03,3,0.45,0.1,50,1.5,0.04,1,0.8497825769144102
2269,small_world,uniform,2289463,100,300,0.03,3,0.45,0.1,50,1.5,0.03,0,0.8904094127517852
2270,small_world,uniform,2290472,100,300,0.03,3,0.45,0.1,50,1.5,0.03,0,0.8816351150658599
2271,small_world,uniform,2291481,100,300,0.03,3,0.45,0.1,50,1.5,0.03,0,0.8879873080897142
2272,small_world,uniform,2292490,100,300,0.03,3,0.45,0.1,50,1.5,0.18,9,0.6620995900743805
2273,small_world,uniform,2293499,100,300,0.03,3,0.45,0.1,50,1.5,0.03,0,0.8883908185315369
2274,small_world,uniform,2294508,100,300,0.03,3,0.45,0.1,50,1.5,0.03,0,0.8761940589695284
2275,small_world,uniform,2295517,100,300,0.03,3,0.45,0.1,50,1.5,0.03,0,0.887189372787001
2276,small_world,uniform,2296526,100,300,0.03,3,0.45,0.1,50,1.5,0.03,0,0.8819098215342801
2277,small_world,uniform,2297535,100,300,0.03,3,0.45,0.1,50,1.5,0.03,0,0.877227915192356
2278,small_world,uniform,2298544,100,300,0.03,3,0.45,0.1,50,1.5,0.03,0,0.8824837360978557
2279,small_world,uniform,2299553,100,300,0.03,3,0.45,0.1,50,1.5,0.05,2,0.8209594171306308
2280,small_world,uniform,2300562,100,300,0.03,3,0.45,0.1,50,1.5,0.03,0,0.8766000652471223
2281,small_world,uniform,2301571,100,300,0.03,3,0.45,0.1,50,1.5,0.03,0,0.8797358900807712
2282,small_world,uniform,2302580,100,300,0.03,3,0.45,0.1,50,1.5,0.03,0,0.8761772900809903
2283,small_world,uniform,2303589,100,300,0.03,3,0.45,0.1,50,1.5,0.03,0,0.893284886017129
2284,small_world,uniform,2304598,100,300,0.03,3,0.45,0.1,50,1.5,0.03,0,0.8799708061628816
2285,small_world,uniform,2305607,100,300,0.03,3,0.45,0.1,50,1.5,0.03,0,0.8792634945171568
2286,small_world,uniform,2306616,100,300,0.03,3,0.45,0.1,50,1.5,0.03,0,0.8783682907170187
2287,small_world,uniform,2307625,100,300,0.03,3,0.45,0.1,50,1.5,0.03,0,0.8730916730600567
2288,small_world,uniform,2308634,100,300,0.03,3,0.45,0.1,50,1.5,0.03,0,0.876488678071286
2289,small_world,uniform,2309643,100,300,0.03,3,0.45,0.1,50,1.5,0.03,0,0.8777405890692161
2290,small_world,uniform,2310652,100,300,0.03,3,0.45,0.1,50,1.5,0.05,1,0.8124646073110032
2291,small_world,uniform,2311661,100,300,0.03,3,0.45,0.1,50,1.5,0.04,1,0.8568036010165989
2292,small_world,uniform,2312670,100,300,0.03,3,0.45,0.1,50,1.5,0.04,1,0.8626261706258939
2293,small_world,uniform,2313679,100,300,0.03,3,0.45,0.1,50,1.5,0.07,4,0.8193770106859595
2294,small_world,uniform,2314688,100,300,0.03,3,0.45,0.1,50,1.5,0.03,0,0.8815992369907798
2295,small_world,uniform,2315697,100,300,0.03,3,0.45,0.1,50,1.5,0.09,5,0.7717466273966234
2296,small_world,uniform,2316706,100,300,0.03,3,0.45,0.1,50,1.5,0.03,0,0.8782355784978614
2297,small_world,uniform,2317715,100,300,0.03,3,0.45,0.1,50,1.5,0.06,2,0.8080323384885609
2298,small_world,uniform,2318724,100,300,0.03,3,0.45,0.1,50,1.5,0.03,0,0.8806023722891984
2299,small_world,uniform,2319733,100,300,0.03,3,0.45,0.1,50,1.5,0.03,0,0.877940603056408
2300,small_world,uniform,2320742,100,300,0.03,3,0.45,0.1,50,1.5,0.09,5,0.736044000280051
2301,small_world,uniform,2321751,100,300,0.03,3,0.45,0.1,50,1.5,0.03,0,0.8822622427029387
2302,small_world,uniform,2322760,100,300,0.03,3,0.45,0.1,50,1.5,0.03,0,0.8879521561107003
2303,small_world,uniform,2323769,100,300,0.03,3,0.45,0.1,50,1.5,0.03,0,0.881603807355981
2304,small_world,uniform,2324778,100,300,0.03,3,0.45,0.1,50,1.5,0.03,0,0.8782520731454
2305,small_world,uniform,2325787,100,300,0.03,3,0.45,0.1,50,1.5,0.03,0,0.880388098226693
2306,small_world,uniform,2326796,100,300,0.03,3,0.45,0.1,50,1.5,0.03,0,0.8736729142448694
2307,small_world,uniform,2327805,100,300,0.03,3,0.45,0.1,50,1.5,0.03,0,0.8683148430710687
2308,small_world,uniform,2328814,100,300,0.03,3,0.45,0.1,50,1.5,0.04,1,0.8406969052641563
2309,small_world,uniform,2329823,100,300,0.03,3,0.45,0.1,50,1.5,0.03,0,0.870925460268905
2310,small_world,uniform,2330832,100,300,0.03,3,0.45,0.1,50,1.5,0.03,0,0.8812162008370256
2311,small_world,uniform,2331841,100,300,0.03,3,0.45,0.1,50,1.5,0.03,0,0.8822108668219536
2312,small_world,uniform,2332850,100,300,0.03,3,0.45,0.1,50,1.5,0.03,0,0.867200499286048
2313,small_world,uniform,2333859,100,300,0.03,3,0.45,0.1,50,1.5,0.03,0,0.8789618800527645
2314,small_world,uniform,2334868,100,300,0.03,3,0.45,0.1,50,1.5,0.03,0,0.8823891458151654
2315,small_world,uniform,2335877,100,300,0.03,3,0.45,0.1,50,1.5,0.03,0,0.8892196098753908
2316,small_world,uniform,2336886,100,300,0.03,3,0.45,0.1,50,1.5,0.03,0,0.8876480114281161
2317,small_world,uniform,2337895,100,300,0.03,3,0.45,0.1,50,1.5,0.07,3,0.7965749023619524
2318,small_world,uniform,2338904,100,300,0.03,3,0.45,0.1,50,1.5,0.03,0,0.8853944266489997
2319,small_world,uniform,2339913,100,300,0.03,3,0.45,0.1,50,1.5,0.04,1,0.855203412561434
2320,small_world,uniform,2340922,100,300,0.03,3,0.45,0.1,50,1.5,0.16,8,0.7071005996467769
2321,small_world,uniform,2341931,100,300,0.03,3,0.45,0.1,50,1.5,0.03,0,0.878033748866106
2322,small_world,uniform,2342940,100,300,0.03,3,0.45,0.1,50,1.5,0.03,0,0.865486886701037
2323,small_world,uniform,2343949,100,300,0.03,3,0.45,0.1,50,1.5,0.03,0,0.8916621325547753
2324,small_world,uniform,2344958,100,300,0.03,3,0.45,0.1,50,1.5,0.03,0,0.8905340169488136
2325,small_world,uniform,2345967,100,300,0.03,3,0.45,0.1,50,1.5,0.03,0,0.8799536586850571
2326,small_world,uniform,2346976,100,300,0.03,3,0.45,0.1,50,1.5,0.03,0,0.882647626908463
2327,small_world,uniform,2347985,100,300,0.03,3,0.45,0.1,50,1.5,0.03,0,0.8759755681542873
2328,small_world,uniform,2348994,100,300,0.03,3,0.45,0.1,50,1.5,0.06,3,0.8304889637475423
2329,small_world,uniform,2350003,100,300,0.03,3,0.45,0.1,50,1.5,0.03,0,0.8833096808763949
2330,small_world,uniform,2351012,100,300,0.03,3,0.45,0.1,50,1.5,0.03,0,0.8795610276459926
2331,small_world,uniform,2352021,100,300,0.03,3,0.45,0.1,50,1.5,0.03,0,0.8802385651013823
2332,small_world,uniform,2353030,100,300,0.03,3,0.45,0.1,50,1.5,0.03,0,0.8929833108065397
2333,small_world,uniform,2354039,100,300,0.03,3,0.45,0.1,50,1.5,0.06,2,0.7999905269831661
2334,small_world,uniform,2355048,100,300,0.03,3,0.45,0.1,50,1.5,0.03,0,0.8717809996913253
2335,small_world,uniform,2356057,100,300,0.03,3,0.45,0.1,50,1.5,0.03,0,0.8639669263989411
2336,small_world,uniform,2357066,100,300,0.03,3,0.45,0.1,50,1.5,0.05,2,0.8290200874101259
2337,small_world,uniform,2358075,100,300,0.03,3,0.45,0.1,50,1.5,0.03,0,0.877851140056843
2338,small_world,uniform,2359084,100,300,0.03,3,0.45,0.1,50,1.5,0.03,0,0.8824823686008301
2339,small_world,uniform,2360093,100,300,0.03,3,0.45,0.1,50,1.5,0.03,0,0.885146870103194
2340,small_world,uniform,2361102,100,300,0.03,3,0.45,0.1,50,1.5,0.04,1,0.8561831031606242
2341,small_world,uniform,2362111,100,300,0.03,3,0.45,0.1,50,1.5,0.03,0,0.880522162045667
2342,small_world,uniform,2363120,100,300,0.03,3,0.45,0.1,50,1.5,0.08,3,0.7837372092319416
2343,small_world,uniform,2364129,100,300,0.03,3,0.45,0.1,50,1.5,0.03,0,0.8904142343368799
2344,small_world,uniform,2365138,100,300,0.03,3,0.45,0.1,50,1.5,0.03,0,0.8839963605975845
2345,small_world,uniform,2366147,100,300,0.03,3,0.45,0.1,50,1.5,0.03,0,0.8711949129863741
2346,small_world,uniform,2367156,100,300,0.03,3,0.45,0.1,50,1.5,0.03,0,0.8789140856070159
2347,small_world,uniform,2368165,100,300,0.03,3,0.45,0.1,50,1.5,0.03,0,0.8750244505568961
2348,small_world,uniform,2369174,100,300,0.03,3,0.45,0.1,50,1.5,0.03,0,0.8730414910078449
2349,small_world,uniform,2370183,100,300,0.03,3,0.45,0.1,50,1.5,0.03,0,0.8721795926663287
2350,small_world,uniform,2371192,100,300,0.03,3,0.45,0.1,50,1.5,0.03,0,0.8678536446368018
2351,small_world,uniform,2372201,100,300,0.03,3,0.45,0.1,50,1.5,0.03,0,0.8823597828682804
2352,small_world,uniform,2373210,100,300,0.03,3,0.45,0.1,50,1.5,0.03,0,0.8684023846726429
2353,small_world,uniform,2374219,100,300,0.03,3,0.45,0.1,50,1.5,0.03,0,0.8835838352608976
2354,small_world,uniform,2375228,100,300,0.03,3,0.45,0.1,50,1.5,0.18,8,0.6630705368486955
2355,small_world,uniform,2376237,100,300,0.03,3,0.45,0.1,50,1.5,0.03,0,0.8778864928570242
2356,small_world,uniform,2377246,100,300,0.03,3,0.45,0.1,50,1.5,0.04,1,0.8554610807343238
2357,small_world,uniform,2378255,100,300,0.03,3,0.45,0.1,50,1.5,0.03,0,0.8757165402381362
2358,small_world,uniform,2379264,100,300,0.03,3,0.45,0.1,50,1.5,0.1,4,0.7242973869408522
2359,small_world,uniform,2380273,100,300,0.03,3,0.45,0.1,50,1.5,0.04,1,0.8589376621558976
2360,small_world,uniform,2381282,100,300,0.03,3,0.45,0.1,50,1.5,0.03,0,0.8826765902922389
2361,small_world,uniform,2382291,100,300,0.03,3,0.45,0.1,50,1.5,0.03,0,0.876045132828132
2362,small_world,uniform,2383300,100,300,0.03,3,0.45,0.1,50,1.5,0.11,4,0.7463757153378583
2363,small_world,uniform,2384309,100,300,0.03,3,0.45,0.1,50,1.5,0.04,1,0.8540276971168425
2364,small_world,uniform,2385318,100,300,0.03,3,0.45,0.1,50,1.5,0.03,0,0.8713478126041265
2365,small_world,uniform,2386327,100,300,0.03,3,0.45,0.1,50,1.5,0.03,0,0.87561261036391
2366,small_world,uniform,2387336,100,300,0.03,3,0.45,0.1,50,1.5,0.03,0,0.8827857552518439
2367,small_world,uniform,2388345,100,300,0.03,3,0.45,0.1,50,1.5,0.03,0,0.8891660770066622
2368,small_world,uniform,2389354,100,300,0.03,3,0.45,0.1,50,1.5,0.03,0,0.8780512948194782
2369,small_world,uniform,2390363,100,300,0.03,3,0.45,0.1,50,1.5,0.03,0,0.8780226289445029
2370,small_world,uniform,2391372,100,300,0.03,3,0.45,0.1,50,1.5,0.03,0,0.8757981149617347
2371,small_world,uniform,2392381,100,300,0.03,3,0.45,0.1,50,1.5,0.03,0,0.8776546896841392
2372,small_world,uniform,2393390,100,300,0.03,3,0.45,0.1,50,1.5,0.03,0,0.884827704948624
2373,small_world,uniform,2394399,100,300,0.03,3,0.45,0.1,50,1.5,0.03,0,0.8854778150655379
2374,small_world,uniform,2395408,100,300,0.03,3,0.45,0.1,50,1.5,0.03,0,0.8806421500311228
2375,small_world,uniform,2396417,100,300,0.03,3,0.45,0.1,50,1.5,0.03,0,0.8934495745265864
2376,small_world,uniform,2397426,100,300,0.03,3,0.45,0.1,50,1.5,0.03,0,0.8717158982990882
2377,small_world,uniform,2398435,100,300,0.03,3,0.45,0.1,50,1.5,0.03,0,0.8788588216008629
2378,small_world,uniform,2399444,100,300,0.03,3,0.45,0.1,50,1.5,0.06,3,0.802155242839833
2379,small_world,uniform,2400453,100,300,0.03,3,0.45,0.1,50,1.5,0.05,2,0.8446598003441878
2380,small_world,uniform,2401462,100,300,0.03,3,0.45,0.1,50,1.5,0.08,3,0.7991475750966167
2381,small_world,uniform,2402471,100,300,0.03,3,0.45,0.1,50,1.5,0.03,0,0.8844144461517874
2382,small_world,uniform,2403480,100,300,0.03,3,0.45,0.1,50,1.5,0.03,0,0.887037815916911
2383,small_world,uniform,2404489,100,300,0.03,3,0.45,0.1,50,1.5,0.04,1,0.8572442397546642
2384,small_world,uniform,2405498,100,300,0.03,3,0.45,0.1,50,1.5,0.03,0,0.8794230743716853
2385,small_world,uniform,2406507,100,300,0.03,3,0.45,0.1,50,1.5,0.03,0,0.8811032873819815
2386,small_world,uniform,2407516,100,300,0.03,3,0.45,0.1,50,1.5,0.03,0,0.8908098469777082
2387,small_world,uniform,2408525,100,300,0.03,3,0.45,0.1,50,1.5,0.03,0,0.8930874162935725
2388,small_world,uniform,2409534,100,300,0.03,3,0.45,0.1,50,1.5,0.06,2,0.8031458292632485
2389,small_world,uniform,2410543,100,300,0.03,3,0.45,0.1,50,1.5,0.03,0,0.8951121902095802
2390,small_world,uniform,2411552,100,300,0.03,3,0.45,0.1,50,1.5,0.03,0,0.8729090872261146
2391,small_world,uniform,2412561,100,300,0.03,3,0.45,0.1,50,1.5,0.03,0,0.8725732561512527
2392,small_world,uniform,2413570,100,300,0.03,3,0.45,0.1,50,1.5,0.03,0,0.8789414018337997
2393,small_world,uniform,2414579,100,300,0.03,3,0.45,0.1,50,1.5,0.03,0,0.8820558604118299
2394,small_world,uniform,2415588,100,300,0.03,3,0.45,0.1,50,1.5,0.03,0,0.8925324840283969
2395,small_world,uniform,2416597,100,300,0.03,3,0.45,0.1,50,1.5,0.15,7,0.6874866665693591
2396,small_world,uniform,2417606,100,300,0.03,3,0.45,0.1,50,1.5,0.07,3,0.7816784619338746
2397,small_world,uniform,2418615,100,300,0.03,3,0.45,0.1,50,1.5,0.03,0,0.8721833148770084
2398,small_world,uniform,2419624,100,300,0.03,3,0.45,0.1,50,1.5,0.03,0,0.879563495866838
2399,small_world,uniform,2420633,100,300,0.03,3,0.45,0.1,50,1.5,0.03,0,0.8852633914642257
2400,small_world,uniform,2421642,100,300,0.03,3,0.45,0.1,50,1.5,0.04,1,0.8704288266420218
2401,small_world,uniform,2422651,100,300,0.03,3,0.45,0.1,50,1.5,0.14,8,0.6662286070784894
2402,small_world,uniform,2423660,100,300,0.03,3,0.45,0.1,50,1.5,0.06,2,0.8491919936471862
2403,small_world,uniform,2424669,100,300,0.03,3,0.45,0.1,50,1.5,0.03,0,0.8816956504400207
2404,small_world,uniform,2425678,100,300,0.03,3,0.45,0.1,50,1.5,0.03,0,0.8805972315043635
2405,small_world,uniform,2426687,100,300,0.03,3,0.45,0.1,50,1.5,0.04,1,0.8541448972224773
2406,small_world,uniform,2427696,100,300,0.03,3,0.45,0.1,50,1.5,0.03,0,0.888205475635652
2407,small_world,uniform,2428705,100,300,0.03,3,0.45,0.1,50,1.5,0.03,0,0.8784558370553995
2408,small_world,uniform,2429714,100,300,0.03,3,0.45,0.1,50,1.5,0.07,4,0.8167127105501314
2409,small_world,uniform,2430723,100,300,0.03,3,0.45,0.1,50,1.5,0.13,4,0.7488291043801272
2410,small_world,uniform,2431732,100,300,0.03,3,0.45,0.1,50,1.5,0.04,1,0.8506556052726004
2411,small_world,uniform,2432741,100,300,0.03,3,0.45,0.1,50,1.5,0.03,0,0.8964843801064464
2412,small_world,uniform,2433750,100,300,0.03,3,0.45,0.1,50,1.5,0.13,8,0.753132808657448
2413,small_world,uniform,2434759,100,300,0.03,3,0.45,0.1,50,1.5,0.1,3,0.7880531724307476
2414,small_world,uniform,2435768,100,300,0.03,3,0.45,0.1,50,1.5,0.03,0,0.8744822519340107
2415,small_world,uniform,2436777,100,300,0.03,3,0.45,0.1,50,1.5,0.03,0,0.8811224187379358
2416,small_world,uniform,2437786,100,300,0.03,3,0.45,0.1,50,1.5,0.03,0,0.8779662315338207
2417,small_world,uniform,2438795,100,300,0.03,3,0.45,0.1,50,1.5,0.05,2,0.8304399664388701
2418,small_world,uniform,2439804,100,300,0.03,3,0.45,0.1,50,1.5,0.03,0,0.8858287015190628
2419,small_world,uniform,2440813,100,300,0.03,3,0.45,0.1,50,1.5,0.04,1,0.8512255077190644
2420,small_world,uniform,2441822,100,300,0.03,3,0.45,0.1,50,1.5,0.03,0,0.8698191281303356
2421,small_world,uniform,2442831,100,300,0.03,3,0.45,0.1,50,1.5,0.14,9,0.687237983971212
2422,small_world,uniform,2443840,100,300,0.03,3,0.45,0.1,50,1.5,0.03,0,0.8790202117416905
2423,small_world,uniform,2444849,100,300,0.03,3,0.45,0.1,50,1.5,0.04,1,0.8469563055085675
2424,small_world,uniform,2445858,100,300,0.03,3,0.45,0.1,50,1.5,0.03,0,0.8744417303443871
2425,small_world,uniform,2446867,100,300,0.03,3,0.45,0.1,50,1.5,0.04,1,0.8630122650760584
2426,small_world,uniform,2447876,100,300,0.03,3,0.45,0.1,50,1.5,0.03,0,0.8764126568683634
2427,small_world,uniform,2448885,100,300,0.03,3,0.45,0.1,50,1.5,0.04,1,0.8551822243903073
2428,small_world,uniform,2449894,100,300,0.03,3,0.45,0.1,50,1.5,0.14,8,0.7160189679628598
2429,small_world,uniform,2450903,100,300,0.03,3,0.45,0.1,50,1.5,0.03,0,0.8725140139319377
2430,small_world,uniform,2451912,100,300,0.03,3,0.45,0.1,50,1.5,0.03,0,0.8843341083336311
2431,small_world,uniform,2452921,100,300,0.03,3,0.45,0.1,50,1.5,0.06,2,0.8181380271893853
2432,small_world,uniform,2453930,100,300,0.03,3,0.45,0.1,50,1.5,0.06,2,0.8393633229456094
2433,small_world,uniform,2454939,100,300,0.03,3,0.45,0.1,50,1.5,0.03,0,0.8860061712717482
2434,small_world,uniform,2455948,100,300,0.03,3,0.45,0.1,50,1.5,0.03,0,0.881556018889954
2435,small_world,uniform,2456957,100,300,0.03,3,0.45,0.1,50,1.5,0.04,1,0.8520324728457191
2436,small_world,uniform,2457966,100,300,0.03,3,0.45,0.1,50,1.5,0.03,0,0.871189369560768
2437,small_world,uniform,2458975,100,300,0.03,3,0.45,0.1,50,1.5,0.03,0,0.8812033011264319
2438,small_world,uniform,2459984,100,300,0.03,3,0.45,0.1,50,1.5,0.03,0,0.8818272460381489
2439,small_world,uniform,2460993,100,300,0.03,3,0.45,0.1,50,1.5,0.04,1,0.8527512988604968
2440,small_world,uniform,2462002,100,300,0.03,3,0.45,0.1,50,1.5,0.03,0,0.8822247395929526
2441,small_world,uniform,2463011,100,300,0.03,3,0.45,0.1,50,1.5,0.03,0,0.8912024821321215
2442,small_world,uniform,2464020,100,300,0.03,3,0.45,0.1,50,1.5,0.03,0,0.8937996548843853
2443,small_world,uniform,2465029,100,300,0.03,3,0.45,0.1,50,1.5,0.03,0,0.8733824169168982
2444,small_world,uniform,2466038,100,300,0.03,3,0.45,0.1,50,1.5,0.03,0,0.8871415688676408
2445,small_world,uniform,2467047,100,300,0.03,3,0.45,0.1,50,1.5,0.04,1,0.8499590576680174
2446,small_world,uniform,2468056,100,300,0.03,3,0.45,0.1,50,1.5,0.03,0,0.8829485131821779
2447,small_world,uniform,2469065,100,300,0.03,3,0.45,0.1,50,1.5,0.03,0,0.8855980753319572
2448,small_world,uniform,2470074,100,300,0.03,3,0.45,0.1,50,1.5,0.03,0,0.8746666231273061
2449,small_world,uniform,2471083,100,300,0.03,3,0.45,0.1,50,1.5,0.04,1,0.8610113157190261
2450,small_world,uniform,2472092,100,300,0.03,3,0.45,0.1,50,1.5,0.04,1,0.8525806336097727
2451,small_world,uniform,2473101,100,300,0.03,3,0.45,0.1,50,1.5,0.13,9,0.713319493878537
2452,small_world,uniform,2474110,100,300,0.03,3,0.45,0.1,50,1.5,0.04,1,0.8653037117610607
2453,small_world,uniform,2475119,100,300,0.03,3,0.45,0.1,50,1.5,0.08,2,0.8343857570464048
2454,small_world,uniform,2476128,100,300,0.03,3,0.45,0.1,50,1.5,0.03,0,0.8665621554751979
2455,small_world,uniform,2477137,100,300,0.03,3,0.45,0.1,50,1.5,0.03,0,0.8789366693769775
2456,small_world,uniform,2478146,100,300,0.03,3,0.45,0.1,50,1.5,0.03,0,0.8880436683146583
2457,small_world,uniform,2479155,100,300,0.03,3,0.45,0.1,50,1.5,0.03,0,0.8835510145417428
2458,small_world,uniform,2480164,100,300,0.03,3,0.45,0.1,50,1.5,0.03,0,0.8925629736913814
2459,small_world,uniform,2481173,100,300,0.03,3,0.45,0.1,50,1.5,0.03,0,0.8782906989433893
2460,small_world,uniform,2482182,100,300,0.03,3,0.45,0.1,50,1.5,0.06,3,0.8187137504732269
2461,small_world,uniform,2483191,100,300,0.03,3,0.45,0.1,50,1.5,0.03,0,0.8755081874319407
2462,small_world,uniform,2484200,100,300,0.03,3,0.45,0.1,50,1.5,0.04,1,0.8705324150084275
2463,small_world,uniform,2485209,100,300,0.03,3,0.45,0.1,50,1.5,0.03,0,0.8741558347928656
2464,small_world,uniform,2486218,100,300,0.03,3,0.45,0.1,50,1.5,0.03,0,0.8781858355634512
2465,small_world,uniform,2487227,100,300,0.03,3,0.45,0.1,50,1.5,0.1,4,0.7725942479245811
2466,small_world,uniform,2488236,100,300,0.03,3,0.45,0.1,50,1.5,0.03,0,0.8787367759750887
2467,small_world,uniform,2489245,100,300,0.03,3,0.45,0.1,50,1.5,0.03,0,0.8782965219682584
2468,small_world,uniform,2490254,100,300,0.03,3,0.45,0.1,50,1.5,0.03,0,0.8722510658579132
2469,small_world,uniform,2491263,100,300,0.03,3,0.45,0.1,50,1.5,0.03,0,0.8815396627372558
2470,small_world,uniform,2492272,100,300,0.03,3,0.45,0.1,50,1.5,0.03,0,0.8868685375001175
2471,small_world,uniform,2493281,100,300,0.03,3,0.45,0.1,50,1.5,0.03,0,0.876194884770187
2472,small_world,uniform,2494290,100,300,0.03,3,0.45,0.1,50,1.5,0.03,0,0.8732027857024134
2473,small_world,uniform,2495299,100,300,0.03,3,0.45,0.1,50,1.5,0.03,0,0.8799472649480746
2474,small_world,uniform,2496308,100,300,0.03,3,0.45,0.1,50,1.5,0.06,2,0.8475411236668775
2475,small_world,uniform,2497317,100,300,0.03,3,0.45,0.1,50,1.5,0.03,0,0.8749990638715497
2476,small_world,uniform,2498326,100,300,0.03,3,0.45,0.1,50,1.5,0.03,0,0.8785428447143692
2477,small_world,uniform,2499335,100,300,0.03,3,0.45,0.1,50,1.5,0.03,0,0.8688037173243088
2478,small_world,uniform,2500344,100,300,0.03,3,0.45,0.1,50,1.5,0.08,4,0.7561875518736249
2479,small_world,uniform,2501353,100,300,0.03,3,0.45,0.1,50,1.5,0.08,3,0.775342006390694
2480,small_world,uniform,2502362,100,300,0.03,3,0.45,0.1,50,1.5,0.07,2,0.8198589794897285
2481,small_world,uniform,2503371,100,300,0.03,3,0.45,0.1,50,1.5,0.04,1,0.8597944690698608
2482,small_world,uniform,2504380,100,300,0.03,3,0.45,0.1,50,1.5,0.03,0,0.88130944961497
2483,small_world,uniform,2505389,100,300,0.03,3,0.45,0.1,50,1.5,0.05,2,0.8305693349867602
2484,small_world,uniform,2506398,100,300,0.03,3,0.45,0.1,50,1.5,0.03,0,0.8714217946089365
2485,small_world,uniform,2507407,100,300,0.03,3,0.45,0.1,50,1.5,0.03,0,0.8738961192784167
2486,small_world,uniform,2508416,100,300,0.03,3,0.45,0.1,50,1.5,0.03,0,0.8715673990167001
2487,small_world,uniform,2509425,100,300,0.03,3,0.45,0.1,50,1.5,0.04,1,0.8457426235307004
2488,small_world,uniform,2510434,100,300,0.03,3,0.45,0.1,50,1.5,0.04,1,0.8556077521133539
2489,small_world,uniform,2511443,100,300,0.03,3,0.45,0.1,50,1.5,0.03,0,0.8759638093702109
2490,small_world,uniform,2512452,100,300,0.03,3,0.45,0.1,50,1.5,0.04,1,0.847700183514154
2491,small_world,uniform,2513461,100,300,0.03,3,0.45,0.1,50,1.5,0.03,0,0.882901281012616
2492,small_world,uniform,2514470,100,300,0.03,3,0.45,0.1,50,1.5,0.1,4,0.7364916680897435
2493,small_world,uniform,2515479,100,300,0.03,3,0.45,0.1,50,1.5,0.06,2,0.8355018881819112
2494,small_world,uniform,2516488,100,300,0.03,3,0.45,0.1,50,1.5,0.03,0,0.8906581865179132
2495,small_world,uniform,2517497,100,300,0.03,3,0.45,0.1,50,1.5,0.03,0,0.8770545068583289
2496,small_world,uniform,2518506,100,300,0.03,3,0.45,0.1,50,1.5,0.03,0,0.8697403107004567
2497,small_world,uniform,2519515,100,300,0.03,3,0.45,0.1,50,1.5,0.04,1,0.8516919718440493
2498,small_world,uniform,2520524,100,300,0.03,3,0.45,0.1,50,1.5,0.03,0,0.8844692059955286
2499,small_world,uniform,2521533,100,300,0.03,3,0.45,0.1,50,1.5,0.03,0,0.8851028161066388
2500,small_world,uniform,2522542,100,300,0.03,3,0.45,0.1,50,1.5,0.04,1,0.8548412931229895
2501,small_world,uniform,2523551,100,300,0.03,3,0.45,0.1,50,1.5,0.04,1,0.8473648063889695
2502,small_world,uniform,2524560,100,300,0.03,3,0.45,0.1,50,1.5,0.03,0,0.8861097971721097
2503,small_world,uniform,2525569,100,300,0.03,3,0.45,0.1,50,1.5,0.03,0,0.8782578650515019
2504,small_world,uniform,2526578,100,300,0.03,3,0.45,0.1,50,1.5,0.03,0,0.8807640083374396
2505,small_world,uniform,2527587,100,300,0.03,3,0.45,0.1,50,1.5,0.03,0,0.8754621809186269
2506,small_world,uniform,2528596,100,300,0.03,3,0.45,0.1,50,1.5,0.03,0,0.8935652497803791
2507,small_world,uniform,2529605,100,300,0.03,3,0.45,0.1,50,1.5,0.04,1,0.8494087141452232
2508,small_world,uniform,2530614,100,300,0.03,3,0.45,0.1,50,1.5,0.15,6,0.6707167880564089
2509,small_world,uniform,2531623,100,300,0.03,3,0.45,0.1,50,1.5,0.03,0,0.8880234690734973
2510,small_world,uniform,2532632,100,300,0.03,3,0.45,0.1,50,1.5,0.03,0,0.8862426624255048
2511,small_world,uniform,2533641,100,300,0.03,3,0.45,0.1,50,1.5,0.04,1,0.8408553895213521
2512,small_world,uniform,2534650,100,300,0.03,3,0.45,0.1,50,1.5,0.03,0,0.8809668333834628
2513,small_world,uniform,2535659,100,300,0.03,3,0.45,0.1,50,1.5,0.07,3,0.7902701339993883
2514,small_world,uniform,2536668,100,300,0.03,3,0.45,0.1,50,1.5,0.03,0,0.881354481408735
2515,small_world,uniform,2537677,100,300,0.03,3,0.45,0.1,50,1.5,0.03,0,0.8751852459726023
2516,small_world,uniform,2538686,100,300,0.03,3,0.45,0.1,50,1.5,0.03,0,0.8713638911091849
2517,small_world,uniform,2539695,100,300,0.03,3,0.45,0.1,50,1.5,0.03,0,0.88323322396231
2518,small_world,uniform,2540704,100,300,0.03,3,0.45,0.1,50,1.5,0.05,1,0.8506457414627496
2519,small_world,uniform,2541713,100,300,0.03,3,0.45,0.1,50,1.5,0.03,0,0.8652235519441558
2520,small_world,uniform,2542722,100,300,0.03,3,0.45,0.1,50,1.5,0.03,0,0.8757432995469948
2521,small_world,uniform,2543731,100,300,0.03,3,0.45,0.1,50,1.5,0.03,0,0.8836681885943947
2522,small_world,uniform,2544740,100,300,0.03,3,0.45,0.1,50,1.5,0.08,3,0.8141527923740753
2523,small_world,uniform,2545749,100,300,0.03,3,0.45,0.1,50,1.5,0.03,0,0.8894885733684754
2524,small_world,uniform,2546758,100,300,0.03,3,0.45,0.1,50,1.5,0.03,0,0.8824808399803161
2525,small_world,uniform,2547767,100,300,0.03,3,0.45,0.1,50,1.5,0.03,0,0.8830422965241825
2526,small_world,uniform,2548776,100,300,0.03,3,0.45,0.1,50,1.5,0.03,0,0.8885483644490144
2527,small_world,uniform,2549785,100,300,0.03,3,0.45,0.1,50,1.5,0.03,0,0.889263308502797
2528,small_world,uniform,2550794,100,300,0.03,3,0.45,0.1,50,1.5,0.03,0,0.8855129043412475
2529,small_world,uniform,2551803,100,300,0.03,3,0.45,0.1,50,1.5,0.03,0,0.8786830514208767
2530,small_world,uniform,2552812,100,300,0.03,3,0.45,0.1,50,1.5,0.03,0,0.8755942379884201
2531,small_world,uniform,2553821,100,300,0.03,3,0.45,0.1,50,1.5,0.03,0,0.8721869293826349
2532,small_world,uniform,2554830,100,300,0.03,3,0.45,0.1,50,1.5,0.03,0,0.8795853892533201
2533,small_world,uniform,2555839,100,300,0.03,3,0.45,0.1,50,1.5,0.03,0,0.8763362094278895
2534,small_world,uniform,2556848,100,300,0.03,3,0.45,0.1,50,1.5,0.08,3,0.7764348885583384
2535,small_world,uniform,2557857,100,300,0.03,3,0.45,0.1,50,1.5,0.03,0,0.8825851524220515
2536,small_world,uniform,2558866,100,300,0.03,3,0.45,0.1,50,1.5,0.03,0,0.8849116452952649
2537,small_world,uniform,2559875,100,300,0.03,3,0.45,0.1,50,1.5,0.03,0,0.8816563342585517
2538,small_world,uniform,2560884,100,300,0.03,3,0.45,0.1,50,1.5,0.04,1,0.8584598742492912
2539,small_world,uniform,2561893,100,300,0.03,3,0.45,0.1,50,1.5,0.03,0,0.8939013167563759
2540,small_world,uniform,2562902,100,300,0.03,3,0.45,0.1,50,1.5,0.03,0,0.8719544486177321
2541,small_world,uniform,2563911,100,300,0.03,3,0.45,0.1,50,1.5,0.04,1,0.839852575851333
2542,small_world,uniform,2564920,100,300,0.03,3,0.45,0.1,50,1.5,0.03,0,0.8838505049241432
2543,small_world,uniform,2565929,100,300,0.03,3,0.45,0.1,50,1.5,0.03,0,0.8795410657525727
2544,small_world,uniform,2566938,100,300,0.03,3,0.45,0.1,50,1.5,0.03,0,0.8877246615525886
2545,small_world,uniform,2567947,100,300,0.03,3,0.45,0.1,50,1.5,0.03,0,0.8611911893276111
2546,small_world,uniform,2568956,100,300,0.03,3,0.45,0.1,50,1.5,0.03,0,0.8877366892194004
2547,small_world,uniform,2569965,100,300,0.03,3,0.45,0.1,50,1.5,0.26,18,0.5324978322541086
2548,small_world,uniform,2570974,100,300,0.03,3,0.45,0.1,50,1.5,0.03,0,0.875454708785142
2549,small_world,uniform,2571983,100,300,0.03,3,0.45,0.1,50,1.5,0.03,0,0.8853654761454754
2550,small_world,uniform,2572992,100,300,0.03,3,0.45,0.1,50,1.5,0.03,0,0.8788906811021792
2551,small_world,uniform,2574001,100,300,0.03,3,0.45,0.1,50,1.5,0.03,0,0.8834036065361094
2552,small_world,uniform,2575010,100,300,0.03,3,0.45,0.1,50,1.5,0.03,0,0.8724434843411335
2553,small_world,uniform,2576019,100,300,0.03,3,0.45,0.1,50,1.5,0.03,0,0.8772651664152076
2554,small_world,uniform,2577028,100,300,0.03,3,0.45,0.1,50,1.5,0.03,0,0.8817830714562906
2555,small_world,uniform,2578037,100,300,0.03,3,0.45,0.1,50,1.5,0.03,0,0.8728267535220506
2556,small_world,uniform,2579046,100,300,0.03,3,0.45,0.1,50,1.5,0.09,5,0.7899825666855841
2557,small_world,uniform,2580055,100,300,0.03,3,0.45,0.1,50,1.5,0.03,0,0.8804879454351974
2558,small_world,uniform,2581064,100,300,0.03,3,0.45,0.1,50,1.5,0.03,0,0.8752846899188775
2559,small_world,uniform,2582073,100,300,0.03,3,0.45,0.1,50,1.5,0.03,0,0.8747815839239097
2560,small_world,uniform,2583082,100,300,0.03,3,0.45,0.1,50,1.5,0.03,0,0.8786019792286326
2561,small_world,uniform,2584091,100,300,0.03,3,0.45,0.1,50,1.5,0.03,0,0.8784643146982215
2562,small_world,uniform,2585100,100,300,0.03,3,0.45,0.1,50,1.5,0.03,0,0.8823983456794706
2563,small_world,uniform,2586109,100,300,0.03,3,0.45,0.1,50,1.5,0.07,3,0.7939263334627163
2564,small_world,uniform,2587118,100,300,0.03,3,0.45,0.1,50,1.5,0.04,1,0.8564021191535643
2565,small_world,uniform,2588127,100,300,0.03,3,0.45,0.1,50,1.5,0.03,0,0.8724329464765002
2566,small_world,uniform,2589136,100,300,0.03,3,0.45,0.1,50,1.5,0.03,0,0.8860329039254053
2567,small_world,uniform,2590145,100,300,0.03,3,0.45,0.1,50,1.5,0.03,0,0.8836742679142272
2568,small_world,uniform,2591154,100,300,0.03,3,0.45,0.1,50,1.5,0.03,0,0.8949663377957018
2569,small_world,uniform,2592163,100,300,0.03,3,0.45,0.1,50,1.5,0.03,0,0.8818408320168745
2570,small_world,uniform,2593172,100,300,0.03,3,0.45,0.1,50,1.5,0.03,0,0.8789110557314399
2571,small_world,uniform,2594181,100,300,0.03,3,0.45,0.1,50,1.5,0.03,0,0.8771569583263172
2572,small_world,uniform,2595190,100,300,0.03,3,0.45,0.1,50,1.5,0.03,0,0.8810549366397663
2573,small_world,uniform,2596199,100,300,0.03,3,0.45,0.1,50,1.5,0.03,0,0.8753621753176216
2574,small_world,uniform,2597208,100,300,0.03,3,0.45,0.1,50,1.5,0.04,1,0.8563993591718629
2575,small_world,uniform,2598217,100,300,0.03,3,0.45,0.1,50,1.5,0.03,0,0.8912552631743434
2576,small_world,uniform,2599226,100,300,0.03,3,0.45,0.1,50,1.5,0.03,0,0.8744061310153345
2577,small_world,uniform,2600235,100,300,0.03,3,0.45,0.1,50,1.5,0.05,2,0.8479726404955027
2578,small_world,uniform,2601244,100,300,0.03,3,0.45,0.1,50,1.5,0.03,0,0.8834523841373328
2579,small_world,uniform,2602253,100,300,0.03,3,0.45,0.1,50,1.5,0.03,0,0.8920394849237074
2580,small_world,uniform,2603262,100,300,0.03,3,0.45,0.1,50,1.5,0.04,1,0.8476920209971882
2581,small_world,uniform,2604271,100,300,0.03,3,0.45,0.1,50,1.5,0.03,0,0.8736734758995988
2582,small_world,uniform,2605280,100,300,0.03,3,0.45,0.1,50,1.5,0.03,0,0.8804326631905295
2583,small_world,uniform,2606289,100,300,0.03,3,0.45,0.1,50,1.5,0.03,0,0.8811758643143448
2584,small_world,uniform,2607298,100,300,0.03,3,0.45,0.1,50,1.5,0.03,0,0.8816556243063915
2585,small_world,uniform,2608307,100,300,0.03,3,0.45,0.1,50,1.5,0.03,0,0.879290213233638
2586,small_world,uniform,2609316,100,300,0.03,3,0.45,0.1,50,1.5,0.03,0,0.8799612649928058
2587,small_world,uniform,2610325,100,300,0.03,3,0.45,0.1,50,1.5,0.03,0,0.8930796230829304
2588,small_world,uniform,2611334,100,300,0.03,3,0.45,0.1,50,1.5,0.03,0,0.8807110967036345
2589,small_world,uniform,2612343,100,300,0.03,3,0.45,0.1,50,1.5,0.03,0,0.8746513452838617
2590,small_world,uniform,2613352,100,300,0.03,3,0.45,0.1,50,1.5,0.03,0,0.8779097283697099
2591,small_world,uniform,2614361,100,300,0.03,3,0.45,0.1,50,1.5,0.03,0,0.8750324823934874
2592,small_world,uniform,2615370,100,300,0.03,3,0.45,0.1,50,1.5,0.04,1,0.8695459480174957
2593,small_world,uniform,2616379,100,300,0.03,3,0.45,0.1,50,1.5,0.03,0,0.8713712400842846
2594,small_world,uniform,2617388,100,300,0.03,3,0.45,0.1,50,1.5,0.03,0,0.8827585831099415
2595,small_world,uniform,2618397,100,300,0.03,3,0.45,0.1,50,1.5,0.03,0,0.8724067664394272
2596,small_world,uniform,2619406,100,300,0.03,3,0.45,0.1,50,1.5,0.03,0,0.8842223257100348
2597,small_world,uniform,2620415,100,300,0.03,3,0.45,0.1,50,1.5,0.03,0,0.8844514662103095
2598,small_world,uniform,2621424,100,300,0.03,3,0.45,0.1,50,1.5,0.04,1,0.8662142249907206
2599,small_world,uniform,2622433,100,300,0.03,3,0.45,0.1,50,1.5,0.03,0,0.8724310121982566
2600,small_world,uniform,2623442,100,300,0.03,3,0.45,0.1,50,1.5,0.03,0,0.8800670740499984
2601,small_world,uniform,2624451,100,300,0.03,3,0.45,0.1,50,1.5,0.05,1,0.818636393282973
2602,small_world,uniform,2625460,100,300,0.03,3,0.45,0.1,50,1.5,0.04,1,0.8651226747654208
2603,small_world,uniform,2626469,100,300,0.03,3,0.45,0.1,50,1.5,0.03,0,0.8747882783711028
2604,small_world,uniform,2627478,100,300,0.03,3,0.45,0.1,50,1.5,0.03,0,0.8807611304584149
2605,small_world,uniform,2628487,100,300,0.03,3,0.45,0.1,50,1.5,0.15,8,0.6824131815137549
2606,small_world,uniform,2629496,100,300,0.03,3,0.45,0.1,50,1.5,0.04,1,0.8456339892042587
2607,small_world,uniform,2630505,100,300,0.03,3,0.45,0.1,50,1.5,0.08,4,0.775595685333002
2608,small_world,uniform,2631514,100,300,0.03,3,0.45,0.1,50,1.5,0.04,1,0.8467226966973995
2609,small_world,uniform,2632523,100,300,0.03,3,0.45,0.1,50,1.5,0.17,5,0.6785333769173176
2610,small_world,uniform,2633532,100,300,0.03,3,0.45,0.1,50,1.5,0.03,0,0.8962729801000978
2611,small_world,uniform,2634541,100,300,0.03,3,0.45,0.1,50,1.5,0.03,0,0.8758241514381822
2612,small_world,uniform,2635550,100,300,0.03,3,0.45,0.1,50,1.5,0.03,0,0.8658469257275307
2613,small_world,uniform,2636559,100,300,0.03,3,0.45,0.1,50,1.5,0.03,0,0.8775404035167914
2614,small_world,uniform,2637568,100,300,0.03,3,0.45,0.1,50,1.5,0.05,2,0.8231634352773751
2615,small_world,uniform,2638577,100,300,0.03,3,0.45,0.1,50,1.5,0.03,0,0.8933811278039364
2616,small_world,uniform,2639586,100,300,0.03,3,0.45,0.1,50,1.5,0.04,1,0.8453081566931651
2617,small_world,uniform,2640595,100,300,0.03,3,0.45,0.1,50,1.5,0.03,0,0.8763140211056895
2618,small_world,uniform,2641604,100,300,0.03,3,0.45,0.1,50,1.5,0.03,0,0.8714130575569901
2619,small_world,uniform,2642613,100,300,0.03,3,0.45,0.1,50,1.5,0.03,0,0.891415145185688
2620,small_world,uniform,2643622,100,300,0.03,3,0.45,0.1,50,1.5,0.04,1,0.8579623787926026
2621,small_world,uniform,2644631,100,300,0.03,3,0.45,0.1,50,1.5,0.08,5,0.7849991971351212
2622,small_world,uniform,2645640,100,300,0.03,3,0.45,0.1,50,1.5,0.07,3,0.8277896679072632
2623,small_world,uniform,2646649,100,300,0.03,3,0.45,0.1,50,1.5,0.09,4,0.7959752969377734
2624,small_world,uniform,2647658,100,300,0.03,3,0.45,0.1,50,1.5,0.18,8,0.6358015991900369
2625,small_world,uniform,2648667,100,300,0.03,3,0.45,0.1,50,1.5,0.03,0,0.8902063002920325
2626,small_world,uniform,2649676,100,300,0.03,3,0.45,0.1,50,1.5,0.03,0,0.879544266900901
2627,small_world,uniform,2650685,100,300,0.03,3,0.45,0.1,50,1.5,0.04,1,0.8674855443707871
2628,small_world,uniform,2651694,100,300,0.03,3,0.45,0.1,50,1.5,0.03,0,0.8942847711472208
2629,small_world,uniform,2652703,100,300,0.03,3,0.45,0.1,50,1.5,0.03,0,0.8879252361375864
2630,small_world,uniform,2653712,100,300,0.03,3,0.45,0.1,50,1.5,0.03,0,0.8784005906663029
2631,small_world,uniform,2654721,100,300,0.03,3,0.45,0.1,50,1.5,0.03,0,0.8946155131962376
2632,small_world,uniform,2655730,100,300,0.03,3,0.45,0.1,50,1.5,0.04,1,0.8476640096501192
2633,small_world,uniform,2656739,100,300,0.03,3,0.45,0.1,50,1.5,0.03,0,0.8787370586520141
2634,small_world,uniform,2657748,100,300,0.03,3,0.45,0.1,50,1.5,0.05,2,0.8627556150404938
2635,small_world,uniform,2658757,100,300,0.03,3,0.45,0.1,50,1.5,0.09,4,0.7662599058593303
2636,small_world,uniform,2659766,100,300,0.03,3,0.45,0.1,50,1.5,0.03,0,0.886117719440816
2637,small_world,uniform,2660775,100,300,0.03,3,0.45,0.1,50,1.5,0.03,0,0.8926189347694437
2638,small_world,uniform,2661784,100,300,0.03,3,0.45,0.1,50,1.5,0.05,2,0.8431756824933759
2639,small_world,uniform,2662793,100,300,0.03,3,0.45,0.1,50,1.5,0.03,0,0.8930009073585704
2640,small_world,uniform,2663802,100,300,0.03,3,0.45,0.1,50,1.5,0.05,1,0.8267961174650305
2641,small_world,uniform,2664811,100,300,0.03,3,0.45,0.1,50,1.5,0.03,0,0.8871843938013064
2642,small_world,uniform,2665820,100,300,0.03,3,0.45,0.1,50,1.5,0.03,0,0.8850710954291428
2643,small_world,uniform,2666829,100,300,0.03,3,0.45,0.1,50,1.5,0.03,0,0.8841062388187886
2644,small_world,uniform,2667838,100,300,0.03,3,0.45,0.1,50,1.5,0.03,0,0.8900641404473079
2645,small_world,uniform,2668847,100,300,0.03,3,0.45,0.1,50,1.5,0.03,0,0.8816254035261427
2646,small_world,uniform,2669856,100,300,0.03,3,0.45,0.1,50,1.5,0.04,1,0.853068509875663
2647,small_world,uniform,2670865,100,300,0.03,3,0.45,0.1,50,1.5,0.03,0,0.8887333303674311
2648,small_world,uniform,2671874,100,300,0.03,3,0.45,0.1,50,1.5,0.05,2,0.8419569009445104
2649,small_world,uniform,2672883,100,300,0.03,3,0.45,0.1,50,1.5,0.04,1,0.8478888621696378
2650,small_world,uniform,2673892,100,300,0.03,3,0.45,0.1,50,1.5,0.03,0,0.8745316901385226
2651,small_world,uniform,2674901,100,300,0.03,3,0.45,0.1,50,1.5,0.03,0,0.8899822923400365
2652,small_world,uniform,2675910,100,300,0.03,3,0.45,0.1,50,1.5,0.09,4,0.8318636057960864
2653,small_world,uniform,2676919,100,300,0.03,3,0.45,0.1,50,1.5,0.06,1,0.8074588288463573
2654,small_world,uniform,2677928,100,300,0.03,3,0.45,0.1,50,1.5,0.03,0,0.8891525017444646
2655,small_world,uniform,2678937,100,300,0.03,3,0.45,0.1,50,1.5,0.03,0,0.8816855394343949
2656,small_world,uniform,2679946,100,300,0.03,3,0.45,0.1,50,1.5,0.03,0,0.8745930413070637
2657,small_world,uniform,2680955,100,300,0.03,3,0.45,0.1,50,1.5,0.14,4,0.7424228925157813
2658,small_world,uniform,2681964,100,300,0.03,3,0.45,0.1,50,1.5,0.03,0,0.8848972208866444
2659,small_world,uniform,2682973,100,300,0.03,3,0.45,0.1,50,1.5,0.03,0,0.8876051016217326
2660,small_world,uniform,2683982,100,300,0.03,3,0.45,0.1,50,1.5,0.06,3,0.8118524979809391
2661,small_world,uniform,2684991,100,300,0.03,3,0.45,0.1,50,1.5,0.04,1,0.8490442306970956
2662,small_world,uniform,2686000,100,300,0.03,3,0.45,0.1,50,1.5,0.03,0,0.875490151673317
2663,small_world,uniform,2687009,100,300,0.03,3,0.45,0.1,50,1.5,0.06,2,0.8082978823861425
2664,small_world,uniform,2688018,100,300,0.03,3,0.45,0.1,50,1.5,0.03,0,0.8675990488834907
2665,small_world,uniform,2689027,100,300,0.03,3,0.45,0.1,50,1.5,0.08,5,0.7943539454597013
2666,small_world,uniform,2690036,100,300,0.03,3,0.45,0.1,50,1.5,0.03,0,0.8746376550067241
2667,small_world,uniform,2691045,100,300,0.03,3,0.45,0.1,50,1.5,0.05,2,0.8307261031609994
2668,small_world,uniform,2692054,100,300,0.03,3,0.45,0.1,50,1.5,0.03,0,0.8858633437456247
2669,small_world,uniform,2693063,100,300,0.03,3,0.45,0.1,50,1.5,0.03,0,0.8766052006736941
2670,small_world,uniform,2694072,100,300,0.03,3,0.45,0.1,50,1.5,0.03,0,0.8653588778964089
2671,small_world,uniform,2695081,100,300,0.03,3,0.45,0.1,50,1.5,0.03,0,0.8652012505586392
2672,small_world,uniform,2696090,100,300,0.03,3,0.45,0.1,50,1.5,0.03,0,0.8811405338680263
2673,small_world,uniform,2697099,100,300,0.03,3,0.45,0.1,50,1.5,0.03,0,0.8766611752534658
2674,small_world,uniform,2698108,100,300,0.03,3,0.45,0.1,50,1.5,0.07,4,0.7987523223775206
2675,small_world,uniform,2699117,100,300,0.03,3,0.45,0.1,50,1.5,0.03,0,0.8680589933279247
2676,small_world,uniform,2700126,100,300,0.03,3,0.45,0.1,50,1.5,0.06,3,0.8364829767212424
2677,small_world,uniform,2701135,100,300,0.03,3,0.45,0.1,50,1.5,0.03,0,0.8813826905488519
2678,small_world,uniform,2702144,100,300,0.03,3,0.45,0.1,50,1.5,0.03,0,0.8749444692251784
2679,small_world,uniform,2703153,100,300,0.03,3,0.45,0.1,50,1.5,0.03,0,0.8891530001131456
2680,small_world,uniform,2704162,100,300,0.03,3,0.45,0.1,50,1.5,0.03,0,0.876366789178869
2681,small_world,uniform,2705171,100,300,0.03,3,0.45,0.1,50,1.5,0.03,0,0.9002123681796974
2682,small_world,uniform,2706180,100,300,0.03,3,0.45,0.1,50,1.5,0.03,0,0.8680782472208078
2683,small_world,uniform,2707189,100,300,0.03,3,0.45,0.1,50,1.5,0.03,0,0.8855490599667665
2684,small_world,uniform,2708198,100,300,0.03,3,0.45,0.1,50,1.5,0.03,0,0.8781920760609667
2685,small_world,uniform,2709207,100,300,0.03,3,0.45,0.1,50,1.5,0.04,1,0.8469301254714954
2686,small_world,uniform,2710216,100,300,0.03,3,0.45,0.1,50,1.5,0.03,0,0.8697832643628732
2687,small_world,uniform,2711225,100,300,0.03,3,0.45,0.1,50,1.5,0.03,0,0.8850724700042797
2688,small_world,uniform,2712234,100,300,0.03,3,0.45,0.1,50,1.5,0.03,0,0.9034706016753588
2689,small_world,uniform,2713243,100,300,0.03,3,0.45,0.1,50,1.5,0.04,1,0.8581039735759565
2690,small_world,uniform,2714252,100,300,0.03,3,0.45,0.1,50,1.5,0.05,2,0.8214895651113835
2691,small_world,uniform,2715261,100,300,0.03,3,0.45,0.1,50,1.5,0.04,1,0.8506859432315129
2692,small_world,uniform,2716270,100,300,0.03,3,0.45,0.1,50,1.5,0.03,0,0.8712248152341254
2693,small_world,uniform,2717279,100,300,0.03,3,0.45,0.1,50,1.5,0.03,0,0.876076278970647
2694,small_world,uniform,2718288,100,300,0.03,3,0.45,0.1,50,1.5,0.07,3,0.8185242910872738
2695,small_world,uniform,2719297,100,300,0.03,3,0.45,0.1,50,1.5,0.04,1,0.8481156584410112
2696,small_world,uniform,2720306,100,300,0.03,3,0.45,0.1,50,1.5,0.06,3,0.825473230011932
2697,small_world,uniform,2721315,100,300,0.03,3,0.45,0.1,50,1.5,0.03,0,0.8802956528955441
2698,small_world,uniform,2722324,100,300,0.03,3,0.45,0.1,50,1.5,0.03,0,0.8816535408167796
2699,small_world,uniform,2723333,100,300,0.03,3,0.45,0.1,50,1.5,0.03,0,0.8943760778931577
2700,small_world,uniform,2724342,100,300,0.03,3,0.45,0.1,50,1.5,0.04,1,0.8648822916013831
2701,small_world,uniform,2725351,100,300,0.03,3,0.45,0.1,50,1.5,0.03,0,0.881993489221103
2702,small_world,uniform,2726360,100,300,0.03,3,0.45,0.1,50,1.5,0.03,0,0.8794963295159843
2703,small_world,uniform,2727369,100,300,0.03,3,0.45,0.1,50,1.5,0.03,0,0.8829879102209667
2704,small_world,uniform,2728378,100,300,0.03,3,0.45,0.1,50,1.5,0.03,0,0.8601934711132435
2705,small_world,uniform,2729387,100,300,0.03,3,0.45,0.1,50,1.5,0.03,0,0.8790052640680799
2706,small_world,uniform,2730396,100,300,0.03,3,0.45,0.1,50,1.5,0.03,0,0.8745169123990884
2707,small_world,uniform,2731405,100,300,0.03,3,0.45,0.1,50,1.5,0.03,0,0.8793072557417162
2708,small_world,uniform,2732414,100,300,0.03,3,0.45,0.1,50,1.5,0.03,0,0.8785173469173307
2709,small_world,uniform,2733423,100,300,0.03,3,0.45,0.1,50,1.5,0.03,0,0.8823995347609102
2710,small_world,uniform,2734432,100,300,0.03,3,0.45,0.1,50,1.5,0.03,0,0.8712787194970173
2711,small_world,uniform,2735441,100,300,0.03,3,0.45,0.1,50,1.5,0.04,1,0.8532415328569983
2712,small_world,uniform,2736450,100,300,0.03,3,0.45,0.1,50,1.5,0.11,4,0.7445411569104092
2713,small_world,uniform,2737459,100,300,0.03,3,0.45,0.1,50,1.5,0.03,0,0.8750650241348373
2714,small_world,uniform,2738468,100,300,0.03,3,0.45,0.1,50,1.5,0.06,1,0.8440276254437495
2715,small_world,uniform,2739477,100,300,0.03,3,0.45,0.1,50,1.5,0.07,2,0.8102689495138161
2716,small_world,uniform,2740486,100,300,0.03,3,0.45,0.1,50,1.5,0.03,0,0.876910252809006
2717,small_world,uniform,2741495,100,300,0.03,3,0.45,0.1,50,1.5,0.03,0,0.8939660461438186
2718,small_world,uniform,2742504,100,300,0.03,3,0.45,0.1,50,1.5,0.03,0,0.8755836777699229
2719,small_world,uniform,2743513,100,300,0.03,3,0.45,0.1,50,1.5,0.03,0,0.880852563059129
2720,small_world,uniform,2744522,100,300,0.03,3,0.45,0.1,50,1.5,0.03,0,0.8718368382324599
2721,small_world,uniform,2745531,100,300,0.03,3,0.45,0.1,50,1.5,0.03,0,0.8801075311579845
2722,small_world,uniform,2746540,100,300,0.03,3,0.45,0.1,50,1.5,0.03,0,0.878407249879381
2723,small_world,uniform,2747549,100,300,0.03,3,0.45,0.1,50,1.5,0.03,0,0.8734125218486506
2724,small_world,uniform,2748558,100,300,0.03,3,0.45,0.1,50,1.5,0.03,0,0.9006570552717171
2725,small_world,uniform,2749567,100,300,0.03,3,0.45,0.1,50,1.5,0.03,0,0.8847422100671523
2726,small_world,uniform,2750576,100,300,0.03,3,0.45,0.1,50,1.5,0.04,1,0.8505346552441586
2727,small_world,uniform,2751585,100,300,0.03,3,0.45,0.1,50,1.5,0.03,0,0.8887826051417457
2728,small_world,uniform,2752594,100,300,0.03,3,0.45,0.1,50,1.5,0.08,4,0.7719954162159006
2729,small_world,uniform,2753603,100,300,0.03,3,0.45,0.1,50,1.5,0.03,0,0.8729917656904915
2730,small_world,uniform,2754612,100,300,0.03,3,0.45,0.1,50,1.5,0.04,1,0.8380519556073511
2731,small_world,uniform,2755621,100,300,0.03,3,0.45,0.1,50,1.5,0.03,0,0.8795870770026913
2732,small_world,uniform,2756630,100,300,0.03,3,0.45,0.1,50,1.5,0.03,0,0.8708596435662429
2733,small_world,uniform,2757639,100,300,0.03,3,0.45,0.1,50,1.5,0.03,0,0.8890969065376616
2734,small_world,uniform,2758648,100,300,0.03,3,0.45,0.1,50,1.5,0.03,0,0.871803601078344
2735,small_world,uniform,2759657,100,300,0.03,3,0.45,0.1,50,1.5,0.03,0,0.8785637687395663
2736,small_world,uniform,2760666,100,300,0.03,3,0.45,0.1,50,1.5,0.04,1,0.8457725257784519
2737,small_world,uniform,2761675,100,300,0.03,3,0.45,0.1,50,1.5,0.07,3,0.8404575755470325
2738,small_world,uniform,2762684,100,300,0.03,3,0.45,0.1,50,1.5,0.03,0,0.8825969398406031
2739,small_world,uniform,2763693,100,300,0.03,3,0.45,0.1,50,1.5,0.05,1,0.8461297167964336
2740,small_world,uniform,2764702,100,300,0.03,3,0.45,0.1,50,1.5,0.03,0,0.8822173538483409
2741,small_world,uniform,2765711,100,300,0.03,3,0.45,0.1,50,1.5,0.03,0,0.880180117563959
2742,small_world,uniform,2766720,100,300,0.03,3,0.45,0.1,50,1.5,0.03,0,0.8884638533444746
2743,small_world,uniform,2767729,100,300,0.03,3,0.45,0.1,50,1.5,0.03,0,0.8721410616931403
2744,small_world,uniform,2768738,100,300,0.03,3,0.45,0.1,50,1.5,0.03,0,0.8769483732016664
2745,small_world,uniform,2769747,100,300,0.03,3,0.45,0.1,50,1.5,0.03,0,0.8792062861376907
2746,small_world,uniform,2770756,100,300,0.03,3,0.45,0.1,50,1.5,0.03,0,0.8777257726974368
2747,small_world,uniform,2771765,100,300,0.03,3,0.45,0.1,50,1.5,0.03,0,0.8699026573223175
2748,small_world,uniform,2772774,100,300,0.03,3,0.45,0.1,50,1.5,0.03,0,0.8874433140124057
2749,small_world,uniform,2773783,100,300,0.03,3,0.45,0.1,50,1.5,0.03,0,0.879337332961341
2750,small_world,uniform,2774792,100,300,0.03,3,0.45,0.1,50,1.5,0.04,1,0.8512950751780912
2751,small_world,uniform,2775801,100,300,0.03,3,0.45,0.1,50,1.5,0.08,3,0.7991466731219732
2752,small_world,uniform,2776810,100,300,0.03,3,0.45,0.1,50,1.5,0.13,5,0.6810650521631892
2753,small_world,uniform,2777819,100,300,0.03,3,0.45,0.1,50,1.5,0.03,0,0.8829864907328725
2754,small_world,uniform,2778828,100,300,0.03,3,0.45,0.1,50,1.5,0.03,0,0.8830011741717635
2755,small_world,uniform,2779837,100,300,0.03,3,0.45,0.1,50,1.5,0.03,0,0.8847519038926106
2756,small_world,uniform,2780846,100,300,0.03,3,0.45,0.1,50,1.5,0.05,2,0.8371352093968243
2757,small_world,uniform,2781855,100,300,0.03,3,0.45,0.1,50,1.5,0.04,1,0.8553836869078867
2758,small_world,uniform,2782864,100,300,0.03,3,0.45,0.1,50,1.5,0.03,0,0.8810757428648414
2759,small_world,uniform,2783873,100,300,0.03,3,0.45,0.1,50,1.5,0.03,0,0.8821521217757305
2760,small_world,uniform,2784882,100,300,0.03,3,0.45,0.1,50,1.5,0.07,3,0.8151811877589827
2761,small_world,uniform,2785891,100,300,0.03,3,0.45,0.1,50,1.5,0.03,0,0.8848718713870369
2762,small_world,uniform,2786900,100,300,0.03,3,0.45,0.1,50,1.5,0.03,0,0.8846284761697116
2763,small_world,uniform,2787909,100,300,0.03,3,0.45,0.1,50,1.5,0.03,0,0.8795027365494461
2764,small_world,uniform,2788918,100,300,0.03,3,0.45,0.1,50,1.5,0.04,1,0.8595019067832737
2765,small_world,uniform,2789927,100,300,0.03,3,0.45,0.1,50,1.5,0.07,4,0.8073143937321805
2766,small_world,uniform,2790936,100,300,0.03,3,0.45,0.1,50,1.5,0.04,1,0.8536363443549623
2767,small_world,uniform,2791945,100,300,0.03,3,0.45,0.1,50,1.5,0.03,0,0.8798567863441025
2768,small_world,uniform,2792954,100,300,0.03,3,0.45,0.1,50,1.5,0.03,0,0.8865816411760639
2769,small_world,uniform,2793963,100,300,0.03,3,0.45,0.1,50,1.5,0.03,0,0.8709037104430493
2770,small_world,uniform,2794972,100,300,0.03,3,0.45,0.1,50,1.5,0.04,1,0.8609791571277283
2771,small_world,uniform,2795981,100,300,0.03,3,0.45,0.1,50,1.5,0.03,0,0.8775711677132554
2772,small_world,uniform,2796990,100,300,0.03,3,0.45,0.1,50,1.5,0.03,0,0.8839325112435564
2773,small_world,uniform,2797999,100,300,0.03,3,0.45,0.1,50,1.5,0.03,0,0.8839049755785695
2774,small_world,uniform,2799008,100,300,0.03,3,0.45,0.1,50,1.5,0.03,0,0.8750355170058686
2775,small_world,uniform,2800017,100,300,0.03,3,0.45,0.1,50,1.5,0.03,0,0.8792120909240441
2776,small_world,uniform,2801026,100,300,0.03,3,0.45,0.1,50,1.5,0.03,0,0.872050031529508
2777,small_world,uniform,2802035,100,300,0.03,3,0.45,0.1,50,1.5,0.03,0,0.8754001222822165
2778,small_world,uniform,2803044,100,300,0.03,3,0.45,0.1,50,1.5,0.03,0,0.8939276461478043
2779,small_world,uniform,2804053,100,300,0.03,3,0.45,0.1,50,1.5,0.03,0,0.8759383216682418
2780,small_world,uniform,2805062,100,300,0.03,3,0.45,0.1,50,1.5,0.03,0,0.8779952226297237
2781,small_world,uniform,2806071,100,300,0.03,3,0.45,0.1,50,1.5,0.03,0,0.8823898104381425
2782,small_world,uniform,2807080,100,300,0.03,3,0.45,0.1,50,1.5,0.03,0,0.8907975757531992
2783,small_world,uniform,2808089,100,300,0.03,3,0.45,0.1,50,1.5,0.03,0,0.8881262410256062
2784,small_world,uniform,2809098,100,300,0.03,3,0.45,0.1,50,1.5,0.03,0,0.8860899687442452
2785,small_world,uniform,2810107,100,300,0.03,3,0.45,0.1,50,1.5,0.03,0,0.8838957980786547
2786,small_world,uniform,2811116,100,300,0.03,3,0.45,0.1,50,1.5,0.03,0,0.8780356573838453
2787,small_world,uniform,2812125,100,300,0.03,3,0.45,0.1,50,1.5,0.03,0,0.8857522311032676
2788,small_world,uniform,2813134,100,300,0.03,3,0.45,0.1,50,1.5,0.17,11,0.7060951327805922
2789,small_world,uniform,2814143,100,300,0.03,3,0.45,0.1,50,1.5,0.03,0,0.8812746531112551
2790,small_world,uniform,2815152,100,300,0.03,3,0.45,0.1,50,1.5,0.03,0,0.8884924583789794
2791,small_world,uniform,2816161,100,300,0.03,3,0.45,0.1,50,1.5,0.04,1,0.851985225844282
2792,small_world,uniform,2817170,100,300,0.03,3,0.45,0.1,50,1.5,0.07,4,0.7949067572818683
2793,small_world,uniform,2818179,100,300,0.03,3,0.45,0.1,50,1.5,0.07,3,0.8261977537894637
2794,small_world,uniform,2819188,100,300,0.03,3,0.45,0.1,50,1.5,0.03,0,0.8900323073279537
2795,small_world,uniform,2820197,100,300,0.03,3,0.45,0.1,50,1.5,0.03,0,0.8760339127234643
2796,small_world,uniform,2821206,100,300,0.03,3,0.45,0.1,50,1.5,0.07,3,0.793305340056295
2797,small_world,uniform,2822215,100,300,0.03,3,0.45,0.1,50,1.5,0.03,0,0.871382029214597
2798,small_world,uniform,2823224,100,300,0.03,3,0.45,0.1,50,1.5,0.03,0,0.8751689445354522
2799,small_world,uniform,2824233,100,300,0.03,3,0.45,0.1,50,1.5,0.05,1,0.8312968484037226
2800,small_world,uniform,2825242,100,300,0.03,3,0.45,0.1,50,1.5,0.03,0,0.8687742230755918
2801,small_world,uniform,2826251,100,300,0.03,3,0.45,0.1,50,1.5,0.03,0,0.8686338957837806
2802,small_world,uniform,2827260,100,300,0.03,3,0.45,0.1,50,1.5,0.03,0,0.8735363267807947
2803,small_world,uniform,2828269,100,300,0.03,3,0.45,0.1,50,1.5,0.12,6,0.7380131229577194
2804,small_world,uniform,2829278,100,300,0.03,3,0.45,0.1,50,1.5,0.03,0,0.8868436013578088
2805,small_world,uniform,2830287,100,300,0.03,3,0.45,0.1,50,1.5,0.03,0,0.8821705454320399
2806,small_world,uniform,2831296,100,300,0.03,3,0.45,0.1,50,1.5,0.03,0,0.8779033565703627
2807,small_world,uniform,2832305,100,300,0.03,3,0.45,0.1,50,1.5,0.09,6,0.7543586705796167
2808,small_world,uniform,2833314,100,300,0.03,3,0.45,0.1,50,1.5,0.03,0,0.8755669271199001
2809,small_world,uniform,2834323,100,300,0.03,3,0.45,0.1,50,1.5,0.04,1,0.847082912025932
2810,small_world,uniform,2835332,100,300,0.03,3,0.45,0.1,50,1.5,0.04,1,0.8481674565314481
2811,small_world,uniform,2836341,100,300,0.03,3,0.45,0.1,50,1.5,0.1,6,0.7494413813861378
2812,small_world,uniform,2837350,100,300,0.03,3,0.45,0.1,50,1.5,0.03,0,0.8725844992312419
2813,small_world,uniform,2838359,100,300,0.03,3,0.45,0.1,50,1.5,0.03,0,0.8914156571906537
2814,small_world,uniform,2839368,100,300,0.03,3,0.45,0.1,50,1.5,0.03,0,0.8704488838081275
2815,small_world,uniform,2840377,100,300,0.03,3,0.45,0.1,50,1.5,0.03,0,0.884563939217386
2816,small_world,uniform,2841386,100,300,0.03,3,0.45,0.1,50,1.5,0.03,0,0.8774929147232884
2817,small_world,uniform,2842395,100,300,0.03,3,0.45,0.1,50,1.5,0.03,0,0.873780848714219
2818,small_world,uniform,2843404,100,300,0.03,3,0.45,0.1,50,1.5,0.06,3,0.8183559378755132
2819,small_world,uniform,2844413,100,300,0.03,3,0.45,0.1,50,1.5,0.03,0,0.8935191558685927
2820,small_world,uniform,2845422,100,300,0.03,3,0.45,0.1,50,1.5,0.11,6,0.746229048753587
2821,small_world,uniform,2846431,100,300,0.03,3,0.45,0.1,50,1.5,0.05,2,0.8336980250124979
2822,small_world,uniform,2847440,100,300,0.03,3,0.45,0.1,50,1.5,0.03,0,0.8826491710972084
2823,small_world,uniform,2848449,100,300,0.03,3,0.45,0.1,50,1.5,0.03,0,0.8902194826795509
2824,small_world,uniform,2849458,100,300,0.03,3,0.45,0.1,50,1.5,0.03,0,0.8914982669720055
2825,small_world,uniform,2850467,100,300,0.03,3,0.45,0.1,50,1.5,0.03,0,0.8746912589756327
2826,small_world,uniform,2851476,100,300,0.03,3,0.45,0.1,50,1.5,0.03,0,0.8759886066887
2827,small_world,uniform,2852485,100,300,0.03,3,0.45,0.1,50,1.5,0.03,0,0.8839255743828395
2828,small_world,uniform,2853494,100,300,0.03,3,0.45,0.1,50,1.5,0.03,0,0.8805022102473167
2829,small_world,uniform,2854503,100,300,0.03,3,0.45,0.1,50,1.5,0.03,0,0.877488743921196
2830,small_world,uniform,2855512,100,300,0.03,3,0.45,0.1,50,1.5,0.06,2,0.8006704350494193
2831,small_world,uniform,2856521,100,300,0.03,3,0.45,0.1,50,1.5,0.08,5,0.781352382077482
2832,small_world,uniform,2857530,100,300,0.03,3,0.45,0.1,50,1.5,0.06,3,0.824418163495854
2833,small_world,uniform,2858539,100,300,0.03,3,0.45,0.1,50,1.5,0.03,0,0.8709664547261328
2834,small_world,uniform,2859548,100,300,0.03,3,0.45,0.1,50,1.5,0.06,3,0.8182687816266307
2835,small_world,uniform,2860557,100,300,0.03,3,0.45,0.1,50,1.5,0.03,0,0.8821158354698375
2836,small_world,uniform,2861566,100,300,0.03,3,0.45,0.1,50,1.5,0.03,0,0.8744643373821498
2837,small_world,uniform,2862575,100,300,0.03,3,0.45,0.1,50,1.5,0.03,0,0.8775307458393846
2838,small_world,uniform,2863584,100,300,0.03,3,0.45,0.1,50,1.5,0.03,0,0.8810573119874353
2839,small_world,uniform,2864593,100,300,0.03,3,0.45,0.1,50,1.5,0.04,1,0.8574158840455149
2840,small_world,uniform,2865602,100,300,0.03,3,0.45,0.1,50,1.5,0.03,0,0.8826551433334464
2841,small_world,uniform,2866611,100,300,0.03,3,0.45,0.1,50,1.5,0.03,0,0.8787321921081767
2842,small_world,uniform,2867620,100,300,0.03,3,0.45,0.1,50,1.5,0.03,0,0.8782769957859989
2843,small_world,uniform,2868629,100,300,0.03,3,0.45,0.1,50,1.5,0.08,4,0.7633186159961595
2844,small_world,uniform,2869638,100,300,0.03,3,0.45,0.1,50,1.5,0.03,0,0.8745283330819853
2845,small_world,uniform,2870647,100,300,0.03,3,0.45,0.1,50,1.5,0.03,0,0.8688828322629872
2846,small_world,uniform,2871656,100,300,0.03,3,0.45,0.1,50,1.5,0.03,0,0.8782042935315262
2847,small_world,uniform,2872665,100,300,0.03,3,0.45,0.1,50,1.5,0.03,0,0.878170198127818
2848,small_world,uniform,2873674,100,300,0.03,3,0.45,0.1,50,1.5,0.03,0,0.8680852763332433
2849,small_world,uniform,2874683,100,300,0.03,3,0.45,0.1,50,1.5,0.03,0,0.8754971156247037
2850,small_world,uniform,2875692,100,300,0.03,3,0.45,0.1,50,1.5,0.03,0,0.8802798766360921
2851,small_world,uniform,2876701,100,300,0.03,3,0.45,0.1,50,1.5,0.03,0,0.8713302713875605
2852,small_world,uniform,2877710,100,300,0.03,3,0.45,0.1,50,1.5,0.06,3,0.8073378592492348
2853,small_world,uniform,2878719,100,300,0.03,3,0.45,0.1,50,1.5,0.04,1,0.8570792901162363
2854,small_world,uniform,2879728,100,300,0.03,3,0.45,0.1,50,1.5,0.06,3,0.8022636281419514
2855,small_world,uniform,2880737,100,300,0.03,3,0.45,0.1,50,1.5,0.03,0,0.8760184941045764
2856,small_world,uniform,2881746,100,300,0.03,3,0.45,0.1,50,1.5,0.12,4,0.7664262972603515
2857,small_world,uniform,2882755,100,300,0.03,3,0.45,0.1,50,1.5,0.03,0,0.8722952357029663
2858,small_world,uniform,2883764,100,300,0.03,3,0.45,0.1,50,1.5,0.03,0,0.8763597499713636
2859,small_world,uniform,2884773,100,300,0.03,3,0.45,0.1,50,1.5,0.04,1,0.8519674643266582
2860,small_world,uniform,2885782,100,300,0.03,3,0.45,0.1,50,1.5,0.04,1,0.8497805355525734
2861,small_world,uniform,2886791,100,300,0.03,3,0.45,0.1,50,1.5,0.03,0,0.8841997363781202
2862,small_world,uniform,2887800,100,300,0.03,3,0.45,0.1,50,1.5,0.04,1,0.8392037068440016
2863,small_world,uniform,2888809,100,300,0.03,3,0.45,0.1,50,1.5,0.03,0,0.8797206345911903
2864,small_world,uniform,2889818,100,300,0.03,3,0.45,0.1,50,1.5,0.04,1,0.8529401028380914
2865,small_world,uniform,2890827,100,300,0.03,3,0.45,0.1,50,1.5,0.03,0,0.8783863000936809
2866,small_world,uniform,2891836,100,300,0.03,3,0.45,0.1,50,1.5,0.03,0,0.8875161516840584
2867,small_world,uniform,2892845,100,300,0.03,3,0.45,0.1,50,1.5,0.03,0,0.8832201821184579
2868,small_world,uniform,2893854,100,300,0.03,3,0.45,0.1,50,1.5,0.03,0,0.8730910991465332
2869,small_world,uniform,2894863,100,300,0.03,3,0.45,0.1,50,1.5,0.06,3,0.825786004030214
2870,small_world,uniform,2895872,100,300,0.03,3,0.45,0.1,50,1.5,0.03,0,0.8814534991174595
2871,small_world,uniform,2896881,100,300,0.03,3,0.45,0.1,50,1.5,0.03,0,0.8767032571645796
2872,small_world,uniform,2897890,100,300,0.03,3,0.45,0.1,50,1.5,0.03,0,0.8793872994493015
2873,small_world,uniform,2898899,100,300,0.03,3,0.45,0.1,50,1.5,0.04,1,0.8519771886494262
2874,small_world,uniform,2899908,100,300,0.03,3,0.45,0.1,50,1.5,0.12,5,0.6838872777288656
2875,small_world,uniform,2900917,100,300,0.03,3,0.45,0.1,50,1.5,0.03,0,0.86951992682081
2876,small_world,uniform,2901926,100,300,0.03,3,0.45,0.1,50,1.5,0.03,0,0.8925097768963601
2877,small_world,uniform,2902935,100,300,0.03,3,0.45,0.1,50,1.5,0.03,0,0.8746494415029272
2878,small_world,uniform,2903944,100,300,0.03,3,0.45,0.1,50,1.5,0.03,0,0.8670272921517075
2879,small_world,uniform,2904953,100,300,0.03,3,0.45,0.1,50,1.5,0.03,0,0.8766292880400225
2880,small_world,uniform,2905962,100,300,0.03,3,0.45,0.1,50,1.5,0.03,0,0.8815731923708866
2881,small_world,uniform,2906971,100,300,0.03,3,0.45,0.1,50,1.5,0.03,0,0.876124080938385
2882,small_world,uniform,2907980,100,300,0.03,3,0.45,0.1,50,1.5,0.03,0,0.8956134869364579
2883,small_world,uniform,2908989,100,300,0.03,3,0.45,0.1,50,1.5,0.03,0,0.8822988346610772
2884,small_world,uniform,2909998,100,300,0.03,3,0.45,0.1,50,1.5,0.06,2,0.8066462383495479
2885,small_world,uniform,2911007,100,300,0.03,3,0.45,0.1,50,1.5,0.03,0,0.8754267380304506
2886,small_world,uniform,2912016,100,300,0.03,3,0.45,0.1,50,1.5,0.04,1,0.8598984023507268
2887,small_world,uniform,2913025,100,300,0.03,3,0.45,0.1,50,1.5,0.04,1,0.8483217618431054
2888,small_world,uniform,2914034,100,300,0.03,3,0.45,0.1,50,1.5,0.03,0,0.8916330614659465
2889,small_world,uniform,2915043,100,300,0.03,3,0.45,0.1,50,1.5,0.03,0,0.8730071490752649
2890,small_world,uniform,2916052,100,300,0.03,3,0.45,0.1,50,1.5,0.04,1,0.8429096374875255
2891,small_world,uniform,2917061,100,300,0.03,3,0.45,0.1,50,1.5,0.03,0,0.8733158021257041
2892,small_world,uniform,2918070,100,300,0.03,3,0.45,0.1,50,1.5,0.12,7,0.7312573455343468
2893,small_world,uniform,2919079,100,300,0.03,3,0.45,0.1,50,1.5,0.03,0,0.8813675798154861
2894,small_world,uniform,2920088,100,300,0.03,3,0.45,0.1,50,1.5,0.03,0,0.8871727332486714
2895,small_world,uniform,2921097,100,300,0.03,3,0.45,0.1,50,1.5,0.03,0,0.8779816353208336
2896,small_world,uniform,2922106,100,300,0.03,3,0.45,0.1,50,1.5,0.03,0,0.8759633783958551
2897,small_world,uniform,2923115,100,300,0.03,3,0.45,0.1,50,1.5,0.05,1,0.8318785306579602
2898,small_world,uniform,2924124,100,300,0.03,3,0.45,0.1,50,1.5,0.03,0,0.8706423071792285
2899,small_world,uniform,2925133,100,300,0.03,3,0.45,0.1,50,1.5,0.03,0,0.878465261084185
2900,small_world,uniform,2926142,100,300,0.03,3,0.45,0.1,50,1.5,0.03,0,0.8809412021208682
2901,small_world,uniform,2927151,100,300,0.03,3,0.45,0.1,50,1.5,0.08,4,0.7776537102833558
2902,small_world,uniform,2928160,100,300,0.03,3,0.45,0.1,50,1.5,0.03,0,0.8719213499584575
2903,small_world,uniform,2929169,100,300,0.03,3,0.45,0.1,50,1.5,0.09,5,0.7756718157671998
2904,small_world,uniform,2930178,100,300,0.03,3,0.45,0.1,50,1.5,0.03,0,0.8845737679357681
2905,small_world,uniform,2931187,100,300,0.03,3,0.45,0.1,50,1.5,0.03,0,0.8762537727555784
2906,small_world,uniform,2932196,100,300,0.03,3,0.45,0.1,50,1.5,0.03,0,0.8798792288059518
2907,small_world,uniform,2933205,100,300,0.03,3,0.45,0.1,50,1.5,0.03,0,0.8716066040864761
2908,small_world,uniform,2934214,100,300,0.03,3,0.45,0.1,50,1.5,0.03,0,0.8835086366572233
2909,small_world,uniform,2935223,100,300,0.03,3,0.45,0.1,50,1.5,0.03,0,0.8643613079794727
2910,small_world,uniform,2936232,100,300,0.03,3,0.45,0.1,50,1.5,0.04,1,0.842662973387741
2911,small_world,uniform,2937241,100,300,0.03,3,0.45,0.1,50,1.5,0.05,2,0.8266390646622425
2912,small_world,uniform,2938250,100,300,0.03,3,0.45,0.1,50,1.5,0.08,5,0.8190767668290769
2913,small_world,uniform,2939259,100,300,0.03,3,0.45,0.1,50,1.5,0.03,0,0.8801055921429354
2914,small_world,uniform,2940268,100,300,0.03,3,0.45,0.1,50,1.5,0.03,0,0.8793170931278012
2915,small_world,uniform,2941277,100,300,0.03,3,0.45,0.1,50,1.5,0.19,11,0.6236473509575742
2916,small_world,uniform,2942286,100,300,0.03,3,0.45,0.1,50,1.5,0.03,0,0.8934059299564328
2917,small_world,uniform,2943295,100,300,0.03,3,0.45,0.1,50,1.5,0.04,1,0.848928141232769
2918,small_world,uniform,2944304,100,300,0.03,3,0.45,0.1,50,1.5,0.03,0,0.8857540624132642
2919,small_world,uniform,2945313,100,300,0.03,3,0.45,0.1,50,1.5,0.03,0,0.885366707159987
2920,small_world,uniform,2946322,100,300,0.03,3,0.45,0.1,50,1.5,0.03,0,0.8739144963907123
2921,small_world,uniform,2947331,100,300,0.03,3,0.45,0.1,50,1.5,0.03,0,0.8681634344984094
2922,small_world,uniform,2948340,100,300,0.03,3,0.45,0.1,50,1.5,0.04,1,0.8608333404264381
2923,small_world,uniform,2949349,100,300,0.03,3,0.45,0.1,50,1.5,0.03,0,0.8807480919240024
2924,small_world,uniform,2950358,100,300,0.03,3,0.45,0.1,50,1.5,0.03,0,0.8835443567560317
2925,small_world,uniform,2951367,100,300,0.03,3,0.45,0.1,50,1.5,0.03,0,0.8810379218438139
2926,small_world,uniform,2952376,100,300,0.03,3,0.45,0.1,50,1.5,0.03,0,0.869857782261909
2927,small_world,uniform,2953385,100,300,0.03,3,0.45,0.1,50,1.5,0.03,0,0.8908514131847356
2928,small_world,uniform,2954394,100,300,0.03,3,0.45,0.1,50,1.5,0.03,0,0.8902855399313627
2929,small_world,uniform,2955403,100,300,0.03,3,0.45,0.1,50,1.5,0.03,0,0.8721319065470895
2930,small_world,uniform,2956412,100,300,0.03,3,0.45,0.1,50,1.5,0.03,0,0.8711962828247062
2931,small_world,uniform,2957421,100,300,0.03,3,0.45,0.1,50,1.5,0.03,0,0.8890573150842789
2932,small_world,uniform,2958430,100,300,0.03,3,0.45,0.1,50,1.5,0.03,0,0.8681411120891963
2933,small_world,uniform,2959439,100,300,0.03,3,0.45,0.1,50,1.5,0.03,0,0.8806659879946062
2934,small_world,uniform,2960448,100,300,0.03,3,0.45,0.1,50,1.5,0.04,1,0.8586937053726351
2935,small_world,uniform,2961457,100,300,0.03,3,0.45,0.1,50,1.5,0.03,0,0.8749624948887325
2936,small_world,uniform,2962466,100,300,0.03,3,0.45,0.1,50,1.5,0.03,0,0.8742887101413305
2937,small_world,uniform,2963475,100,300,0.03,3,0.45,0.1,50,1.5,0.03,0,0.8944956205078476
2938,small_world,uniform,2964484,100,300,0.03,3,0.45,0.1,50,1.5,0.05,2,0.8339178444522335
2939,small_world,uniform,2965493,100,300,0.03,3,0.45,0.1,50,1.5,0.03,0,0.8747421056508204
2940,small_world,uniform,2966502,100,300,0.03,3,0.45,0.1,50,1.5,0.03,0,0.8867064340004888
2941,small_world,uniform,2967511,100,300,0.03,3,0.45,0.1,50,1.5,0.03,0,0.8902950851669114
2942,small_world,uniform,2968520,100,300,0.03,3,0.45,0.1,50,1.5,0.03,0,0.8779194756677995
2943,small_world,uniform,2969529,100,300,0.03,3,0.45,0.1,50,1.5,0.03,0,0.8941486175314757
2944,small_world,uniform,2970538,100,300,0.03,3,0.45,0.1,50,1.5,0.03,0,0.8893780215149125
2945,small_world,uniform,2971547,100,300,0.03,3,0.45,0.1,50,1.5,0.03,0,0.8833915618736987
2946,small_world,uniform,2972556,100,300,0.03,3,0.45,0.1,50,1.5,0.04,1,0.8580042560101401
2947,small_world,uniform,2973565,100,300,0.03,3,0.45,0.1,50,1.5,0.06,3,0.8173704172705446
2948,small_world,uniform,2974574,100,300,0.03,3,0.45,0.1,50,1.5,0.03,0,0.87635753168603
2949,small_world,uniform,2975583,100,300,0.03,3,0.45,0.1,50,1.5,0.03,0,0.8824486984235327
2950,small_world,uniform,2976592,100,300,0.03,3,0.45,0.1,50,1.5,0.04,1,0.8706559602389683
2951,small_world,uniform,2977601,100,300,0.03,3,0.45,0.1,50,1.5,0.23,11,0.5909831344851489
2952,small_world,uniform,2978610,100,300,0.03,3,0.45,0.1,50,1.5,0.06,3,0.8044096426058797
2953,small_world,uniform,2979619,100,300,0.03,3,0.45,0.1,50,1.5,0.03,0,0.8726887962196445
2954,small_world,uniform,2980628,100,300,0.03,3,0.45,0.1,50,1.5,0.03,0,0.8730686535789333
2955,small_world,uniform,2981637,100,300,0.03,3,0.45,0.1,50,1.5,0.03,0,0.8763994930118402
2956,small_world,uniform,2982646,100,300,0.03,3,0.45,0.1,50,1.5,0.03,0,0.889160536366238
2957,small_world,uniform,2983655,100,300,0.03,3,0.45,0.1,50,1.5,0.03,0,0.8858673979905121
2958,small_world,uniform,2984664,100,300,0.03,3,0.45,0.1,50,1.5,0.03,0,0.8825438509824108
2959,small_world,uniform,2985673,100,300,0.03,3,0.45,0.1,50,1.5,0.14,10,0.7043350984414315
2960,small_world,uniform,2986682,100,300,0.03,3,0.45,0.1,50,1.5,0.15,8,0.6799515978918756
2961,small_world,uniform,2987691,100,300,0.03,3,0.45,0.1,50,1.5,0.03,0,0.8740862883575368
2962,small_world,uniform,2988700,100,300,0.03,3,0.45,0.1,50,1.5,0.03,0,0.8703444507810885
2963,small_world,uniform,2989709,100,300,0.03,3,0.45,0.1,50,1.5,0.03,0,0.8767114807649543
2964,small_world,uniform,2990718,100,300,0.03,3,0.45,0.1,50,1.5,0.03,0,0.8725749131108356
2965,small_world,uniform,2991727,100,300,0.03,3,0.45,0.1,50,1.5,0.03,0,0.8779479857233571
2966,small_world,uniform,2992736,100,300,0.03,3,0.45,0.1,50,1.5,0.03,0,0.8835703741880542
2967,small_world,uniform,2993745,100,300,0.03,3,0.45,0.1,50,1.5,0.04,1,0.8562514076528142
2968,small_world,uniform,2994754,100,300,0.03,3,0.45,0.1,50,1.5,0.04,1,0.8707024824563686
2969,small_world,uniform,2995763,100,300,0.03,3,0.45,0.1,50,1.5,0.03,0,0.8896391472883226
2970,small_world,uniform,2996772,100,300,0.03,3,0.45,0.1,50,1.5,0.03,0,0.8971288127107405
2971,small_world,uniform,2997781,100,300,0.03,3,0.45,0.1,50,1.5,0.04,1,0.8690298505108374
2972,small_world,uniform,2998790,100,300,0.03,3,0.45,0.1,50,1.5,0.03,0,0.884861226438808
2973,small_world,uniform,2999799,100,300,0.03,3,0.45,0.1,50,1.5,0.03,0,0.8763305123465882
2974,small_world,uniform,3000808,100,300,0.03,3,0.45,0.1,50,1.5,0.03,0,0.8761595367068118
2975,small_world,uniform,3001817,100,300,0.03,3,0.45,0.1,50,1.5,0.05,2,0.8342982640877097
2976,small_world,uniform,3002826,100,300,0.03,3,0.45,0.1,50,1.5,0.04,1,0.8461349401526149
2977,small_world,uniform,3003835,100,300,0.03,3,0.45,0.1,50,1.5,0.03,0,0.8746623364767155
2978,small_world,uniform,3004844,100,300,0.03,3,0.45,0.1,50,1.5,0.03,0,0.8826239754585268
2979,small_world,uniform,3005853,100,300,0.03,3,0.45,0.1,50,1.5,0.08,4,0.7829897555667155
2980,small_world,uniform,3006862,100,300,0.03,3,0.45,0.1,50,1.5,0.17,11,0.6907271334877442
2981,small_world,uniform,3007871,100,300,0.03,3,0.45,0.1,50,1.5,0.03,0,0.8864629181978604
2982,small_world,uniform,3008880,100,300,0.03,3,0.45,0.1,50,1.5,0.03,0,0.8867463429554544
2983,small_world,uniform,3009889,100,300,0.03,3,0.45,0.1,50,1.5,0.03,0,0.8864655529546535
2984,small_world,uniform,3010898,100,300,0.03,3,0.45,0.1,50,1.5,0.03,0,0.8860185056477302
2985,small_world,uniform,3011907,100,300,0.03,3,0.45,0.1,50,1.5,0.03,0,0.8834307703501147
2986,small_world,uniform,3012916,100,300,0.03,3,0.45,0.1,50,1.5,0.04,1,0.8559227954941367
2987,small_world,uniform,3013925,100,300,0.03,3,0.45,0.1,50,1.5,0.03,0,0.8795480120869003
2988,small_world,uniform,3014934,100,300,0.03,3,0.45,0.1,50,1.5,0.07,4,0.8238251626465118
2989,small_world,uniform,3015943,100,300,0.03,3,0.45,0.1,50,1.5,0.03,0,0.8761321175117817
2990,small_world,uniform,3016952,100,300,0.03,3,0.45,0.1,50,1.5,0.03,0,0.8775427659842081
2991,small_world,uniform,3017961,100,300,0.03,3,0.45,0.1,50,1.5,0.03,0,0.8809031203605515
2992,small_world,uniform,3018970,100,300,0.03,3,0.45,0.1,50,1.5,0.03,0,0.8831556409535831
2993,small_world,uniform,3019979,100,300,0.03,3,0.45,0.1,50,1.5,0.03,0,0.8792661444955066
2994,small_world,uniform,3020988,100,300,0.03,3,0.45,0.1,50,1.5,0.04,1,0.8613721758093731
2995,small_world,uniform,3021997,100,300,0.03,3,0.45,0.1,50,1.5,0.03,0,0.8791040257743207
2996,small_world,uniform,3023006,100,300,0.03,3,0.45,0.1,50,1.5,0.03,0,0.8787263936024368
2997,small_world,uniform,3024015,100,300,0.03,3,0.45,0.1,50,1.5,0.03,0,0.8814875721673043
2998,small_world,uniform,3025024,100,300,0.03,3,0.45,0.1,50,1.5,0.03,0,0.8760951713197188
2999,small_world,uniform,3026033,100,300,0.03,3,0.45,0.1,50,1.5,0.03,0,0.8790005187310049
3000,small_world,uniform,3027042,100,300,0.03,3,0.45,0.1,50,1.5,0.03,0,0.8835627905074099
3001,random,degree,3028051,100,258,0.03,3,0.45,0.1,50,1.5,0.03,0,0.7882241076927028
3002,random,degree,3029060,100,263,0.03,3,0.45,0.1,50,1.5,0.05,1,0.7121300296762724
3003,random,degree,3030069,100,231,0.03,3,0.45,0.1,50,1.5,0.03,0,0.7823755066101171
3004,random,degree,3031078,100,234,0.03,3,0.45,0.1,50,1.5,0.07,2,0.7322156171002581
3005,random,degree,3032087,100,263,0.03,3,0.45,0.1,50,1.5,0.07,1,0.7000014447573849
3006,random,degree,3033096,100,251,0.03,3,0.45,0.1,50,1.5,0.04,1,0.7986137276666686
3007,random,degree,3034105,100,246,0.03,3,0.45,0.1,50,1.5,0.03,0,0.7937994568717491
3008,random,degree,3035114,100,265,0.03,3,0.45,0.1,50,1.5,0.04,1,0.7148181395226596
3009,random,degree,3036123,100,241,0.03,3,0.45,0.1,50,1.5,0.07,1,0.7092621388444657
3010,random,degree,3037132,100,245,0.03,3,0.45,0.1,50,1.5,0.04,1,0.7881881502321701
3011,random,degree,3038141,100,228,0.03,3,0.45,0.1,50,1.5,0.05,1,0.7875524379335826
3012,random,degree,3039150,100,234,0.03,3,0.45,0.1,50,1.5,0.04,1,0.7865719744612608
3013,random,degree,3040159,100,251,0.03,3,0.45,0.1,50,1.5,0.09,3,0.6291070687540096
3014,random,degree,3041168,100,248,0.03,3,0.45,0.1,50,1.5,0.03,0,0.800673491435715
3015,random,degree,3042177,100,271,0.03,3,0.45,0.1,50,1.5,0.04,1,0.7623526853241326
3016,random,degree,3043186,100,259,0.03,3,0.45,0.1,50,1.5,0.09,1,0.6484962410134707
3017,random,degree,3044195,100,239,0.03,3,0.45,0.1,50,1.5,0.06,2,0.7317361356950609
3018,random,degree,3045204,100,230,0.03,3,0.45,0.1,50,1.5,0.08,2,0.6381704912664573
3019,random,degree,3046213,100,246,0.03,3,0.45,0.1,50,1.5,0.06,1,0.7674421675132063
3020,random,degree,3047222,100,256,0.03,3,0.45,0.1,50,1.5,0.04,1,0.7345996871898267
3021,random,degree,3048231,100,252,0.03,3,0.45,0.1,50,1.5,0.06,1,0.7408607567392246
3022,random,degree,3049240,100,219,0.03,3,0.45,0.1,50,1.5,0.06,2,0.7569039972117884
3023,random,degree,3050249,100,250,0.03,3,0.45,0.1,50,1.5,0.05,1,0.7494723773313074
3024,random,degree,3051258,100,288,0.03,3,0.45,0.1,50,1.5,0.03,0,0.7494493280243478
3025,random,degree,3052267,100,248,0.03,3,0.45,0.1,50,1.5,0.07,2,0.7160129266875536
3026,random,degree,3053276,100,265,0.03,3,0.45,0.1,50,1.5,0.09,4,0.7234266098510006
3027,random,degree,3054285,100,196,0.03,3,0.45,0.1,50,1.5,0.07,2,0.6980209969869925
3028,random,degree,3055294,100,236,0.03,3,0.45,0.1,50,1.5,0.07,2,0.7040627716047817
3029,random,degree,3056303,100,248,0.03,3,0.45,0.1,50,1.5,0.1,3,0.6305329287889009
3030,random,degree,3057312,100,236,0.03,3,0.45,0.1,50,1.5,0.04,1,0.7575147081276226
3031,random,degree,3058321,100,237,0.03,3,0.45,0.1,50,1.5,0.04,1,0.7834134526724857
3032,random,degree,3059330,100,237,0.03,3,0.45,0.1,50,1.5,0.03,0,0.7821485054863497
3033,random,degree,3060339,100,269,0.03,3,0.45,0.1,50,1.5,0.05,1,0.7131612748749415
3034,random,degree,3061348,100,210,0.03,3,0.45,0.1,50,1.5,0.07,1,0.7222425143747346
3035,random,degree,3062357,100,259,0.03,3,0.45,0.1,50,1.5,0.04,1,0.7743941205742544
3036,random,degree,3063366,100,253,0.03,3,0.45,0.1,50,1.5,0.05,1,0.7381510402766511
3037,random,degree,3064375,100,238,0.03,3,0.45,0.1,50,1.5,0.09,3,0.6616174898599202
3038,random,degree,3065384,100,240,0.03,3,0.45,0.1,50,1.5,0.05,1,0.7529021701029183
3039,random,degree,3066393,100,229,0.03,3,0.45,0.1,50,1.5,0.05,1,0.7644872547598249
3040,random,degree,3067402,100,249,0.03,3,0.45,0.1,50,1.5,0.04,1,0.7353325334557754
3041,random,degree,3068411,100,249,0.03,3,0.45,0.1,50,1.5,0.05,1,0.7473671661598509
3042,random,degree,3069420,100,236,0.03,3,0.45,0.1,50,1.5,0.06,2,0.7286304588569749
3043,random,degree,3070429,100,251,0.03,3,0.45,0.1,50,1.5,0.07,2,0.6927597072444988
3044,random,degree,3071438,100,211,0.03,3,0.45,0.1,50,1.5,0.04,1,0.7853329681964808
3045,random,degree,3072447,100,235,0.03,3,0.45,0.1,50,1.5,0.05,1,0.7377483380824177
3046,random,degree,3073456,100,249,0.03,3,0.45,0.1,50,1.5,0.04,1,0.7721303296738351
3047,random,degree,3074465,100,248,0.03,3,0.45,0.1,50,1.5,0.05,1,0.7674955401465404
3048,random,degree,3075474,100,239,0.03,3,0.45,0.1,50,1.5,0.07,2,0.7455583765024515
3049,random,degree,3076483,100,262,0.03,3,0.45,0.1,50,1.5,0.07,2,0.7027163985309852
3050,random,degree,3077492,100,245,0.03,3,0.45,0.1,50,1.5,0.04,1,0.7427585272924526
3051,random,degree,3078501,100,260,0.03,3,0.45,0.1,50,1.5,0.04,1,0.7763701789048073
3052,random,degree,3079510,100,250,0.03,3,0.45,0.1,50,1.5,0.07,2,0.686835342237474
3053,random,degree,3080519,100,245,0.03,3,0.45,0.1,50,1.5,0.05,1,0.7855025931856787
3054,random,degree,3081528,100,262,0.03,3,0.45,0.1,50,1.5,0.09,5,0.6478389257536523
3055,random,degree,3082537,100,257,0.03,3,0.45,0.1,50,1.5,0.05,2,0.7270111589572452
3056,random,degree,3083546,100,260,0.03,3,0.45,0.1,50,1.5,0.04,1,0.7460784417188291
3057,random,degree,3084555,100,245,0.03,3,0.45,0.1,50,1.5,0.05,1,0.7605852514976731
3058,random,degree,3085564,100,251,0.03,3,0.45,0.1,50,1.5,0.08,2,0.6564157615567743
3059,random,degree,3086573,100,264,0.03,3,0.45,0.1,50,1.5,0.05,2,0.7391532332338514
3060,random,degree,3087582,100,233,0.03,3,0.45,0.1,50,1.5,0.04,1,0.8027741619778607
3061,random,degree,3088591,100,248,0.03,3,0.45,0.1,50,1.5,0.05,2,0.7593227674101403
3062,random,degree,3089600,100,245,0.03,3,0.45,0.1,50,1.5,0.03,0,0.8016358985548299
3063,random,degree,3090609,100,261,0.03,3,0.45,0.1,50,1.5,0.09,2,0.6354178294457801
3064,random,degree,3091618,100,255,0.03,3,0.45,0.1,50,1.5,0.1,3,0.6531955745336288
3065,random,degree,3092627,100,262,0.03,3,0.45,0.1,50,1.5,0.04,1,0.7472627708410234
3066,random,degree,3093636,100,266,0.03,3,0.45,0.1,50,1.5,0.04,1,0.7699996302234897
3067,random,degree,3094645,100,254,0.03,3,0.45,0.1,50,1.5,0.06,1,0.7482265431691896
3068,random,degree,3095654,100,242,0.03,3,0.45,0.1,50,1.5,0.06,1,0.7570461909345254
3069,random,degree,3096663,100,265,0.03,3,0.45,0.1,50,1.5,0.05,2,0.7186932162819983
3070,random,degree,3097672,100,262,0.03,3,0.45,0.1,50,1.5,0.04,1,0.7623145403353532
3071,random,degree,3098681,100,276,0.03,3,0.45,0.1,50,1.5,0.08,2,0.7099866940173142
3072,random,degree,3099690,100,243,0.03,3,0.45,0.1,50,1.5,0.09,1,0.7086982696445543
3073,random,degree,3100699,100,244,0.03,3,0.45,0.1,50,1.5,0.07,1,0.6991432179511082
3074,random,degree,3101708,100,254,0.03,3,0.45,0.1,50,1.5,0.04,1,0.7798149830570559
3075,random,degree,3102717,100,263,0.03,3,0.45,0.1,50,1.5,0.06,2,0.7132231150691792
3076,random,degree,3103726,100,228,0.03,3,0.45,0.1,50,1.5,0.07,2,0.697859927056822
3077,random,degree,3104735,100,244,0.03,3,0.45,0.1,50,1.5,0.06,2,0.7384658858476459
3078,random,degree,3105744,100,244,0.03,3,0.45,0.1,50,1.5,0.09,2,0.653951180767933
3079,random,degree,3106753,100,271,0.03,3,0.45,0.1,50,1.5,0.05,1,0.7240375651078023
3080,random,degree,3107762,100,228,0.03,3,0.45,0.1,50,1.5,0.06,1,0.7448332843927764
3081,random,degree,3108771,100,237,0.03,3,0.45,0.1,50,1.5,0.05,1,0.7660593245549413
3082,random,degree,3109780,100,253,0.03,3,0.45,0.1,50,1.5,0.04,1,0.7675261781702898
3083,random,degree,3110789,100,241,0.03,3,0.45,0.1,50,1.5,0.06,1,0.7396898292178327
3084,random,degree,3111798,100,232,0.03,3,0.45,0.1,50,1.5,0.05,1,0.767938600617641
3085,random,degree,3112807,100,237,0.03,3,0.45,0.1,50,1.5,0.03,0,0.788165868911097
3086,random,degree,3113816,100,276,0.03,3,0.45,0.1,50,1.5,0.04,1,0.7913448047377576
3087,random,degree,3114825,100,220,0.03,3,0.45,0.1,50,1.5,0.06,1,0.7290692552740446
3088,random,degree,3115834,100,241,0.03,3,0.45,0.1,50,1.5,0.05,1,0.7527864401020775
3089,random,degree,3116843,100,255,0.03,3,0.45,0.1,50,1.5,0.07,2,0.6869865850283012
3090,random,degree,3117852,100,241,0.03,3,0.45,0.1,50,1.5,0.05,1,0.749764295595351
3091,random,degree,3118861,100,263,0.03,3,0.45,0.1,50,1.5,0.05,1,0.7551535394013627
3092,random,degree,3119870,100,229,0.03,3,0.45,0.1,50,1.5,0.08,3,0.6747447874223695
3093,random,degree,3120879,100,243,0.03,3,0.45,0.1,50,1.5,0.11,3,0.6358546953075358
3094,random,degree,3121888,100,250,0.03,3,0.45,0.1,50,1.5,0.03,0,0.823441007216853
3095,random,degree,3122897,100,242,0.03,3,0.45,0.1,50,1.5,0.05,1,0.7339567035718417
3096,random,degree,3123906,100,217,0.03,3,0.45,0.1,50,1.5,0.05,1,0.7475462261074767
3097,random,degree,3124915,100,200,0.03,3,0.45,0.1,50,1.5,0.05,1,0.7846155302797595
3098,random,degree,3125924,100,246,0.03,3,0.45,0.1,50,1.5,0.04,1,0.7553762834869905
3099,random,degree,3126933,100,247,0.03,3,0.45,0.1,50,1.5,0.07,1,0.7413159121301743
3100,random,degree,3127942,100,252,0.03,3,0.45,0.1,50,1.5,0.04,1,0.780412330120403
3101,random,degree,3128951,100,260,0.03,3,0.45,0.1,50,1.5,0.06,1,0.67937252861929
3102,random,degree,3129960,100,261,0.03,3,0.45,0.1,50,1.5,0.05,1,0.7187517171999712
3103,random,degree,3130969,100,273,0.03,3,0.45,0.1,50,1.5,0.04,1,0.749390286292582
3104,random,degree,3131978,100,260,0.03,3,0.45,0.1,50,1.5,0.04,1,0.7533959051005084
3105,random,degree,3132987,100,257,0.03,3,0.45,0.1,50,1.5,0.05,1,0.742893715930617
3106,random,degree,3133996,100,289,0.03,3,0.45,0.1,50,1.5,0.03,0,0.7987121017805403
3107,random,degree,3135005,100,232,0.03,3,0.45,0.1,50,1.5,0.05,1,0.7555756862870301
3108,random,degree,3136014,100,257,0.03,3,0.45,0.1,50,1.5,0.08,2,0.6614011281862501
3109,random,degree,3137023,100,259,0.03,3,0.45,0.1,50,1.5,0.09,2,0.649315603205571
3110,random,degree,3138032,100,267,0.03,3,0.45,0.1,50,1.5,0.06,2,0.7672528426583548
3111,random,degree,3139041,100,254,0.03,3,0.45,0.1,50,1.5,0.07,1,0.6924083417562983
3112,random,degree,3140050,100,253,0.03,3,0.45,0.1,50,1.5,0.05,1,0.7581459585797049
3113,random,degree,3141059,100,251,0.03,3,0.45,0.1,50,1.5,0.05,2,0.7622426421463175
3114,random,degree,3142068,100,281,0.03,3,0.45,0.1,50,1.5,0.05,1,0.7351205078165072
3115,random,degree,3143077,100,238,0.03,3,0.45,0.1,50,1.5,0.06,1,0.7215533318423285
3116,random,degree,3144086,100,247,0.03,3,0.45,0.1,50,1.5,0.03,0,0.7865979678642387
3117,random,degree,3145095,100,262,0.03,3,0.45,0.1,50,1.5,0.03,0,0.7555033930977364
3118,random,degree,3146104,100,231,0.03,3,0.45,0.1,50,1.5,0.05,2,0.7250116521869149
3119,random,degree,3147113,100,217,0.03,3,0.45,0.1,50,1.5,0.06,1,0.739313185036672
3120,random,degree,3148122,100,232,0.03,3,0.45,0.1,50,1.5,0.1,3,0.6229738516647398
3121,random,degree,3149131,100,240,0.03,3,0.45,0.1,50,1.5,0.05,1,0.7732295179997073
3122,random,degree,3150140,100,224,0.03,3,0.45,0.1,50,1.5,0.06,1,0.7651540714641653
3123,random,degree,3151149,100,269,0.03,3,0.45,0.1,50,1.5,0.05,2,0.7412987522851783
3124,random,degree,3152158,100,240,0.03,3,0.45,0.1,50,1.5,0.05,1,0.7756834746858121
3125,random,degree,3153167,100,270,0.03,3,0.45,0.1,50,1.5,0.07,3,0.6711878191690224
3126,random,degree,3154176,100,244,0.03,3,0.45,0.1,50,1.5,0.06,2,0.7076119769218634
3127,random,degree,3155185,100,236,0.03,3,0.45,0.1,50,1.5,0.1,2,0.6704026073024544
3128,random,degree,3156194,100,292,0.03,3,0.45,0.1,50,1.5,0.04,1,0.7294378282959695
3129,random,degree,3157203,100,225,0.03,3,0.45,0.1,50,1.5,0.08,1,0.6896462679456626
3130,random,degree,3158212,100,227,0.03,3,0.45,0.1,50,1.5,0.05,2,0.6868554799473802
3131,random,degree,3159221,100,236,0.03,3,0.45,0.1,50,1.5,0.06,2,0.7511595879926317
3132,random,degree,3160230,100,238,0.03,3,0.45,0.1,50,1.5,0.04,1,0.7790433985497666
3133,random,degree,3161239,100,237,0.03,3,0.45,0.1,50,1.5,0.05,1,0.7449587180218014
3134,random,degree,3162248,100,258,0.03,3,0.45,0.1,50,1.5,0.03,0,0.7865586055874925
3135,random,degree,3163257,100,242,0.03,3,0.45,0.1,50,1.5,0.05,1,0.7561386191445197
3136,random,degree,3164266,100,247,0.03,3,0.45,0.1,50,1.5,0.07,1,0.7022043269449584
3137,random,degree,3165275,100,229,0.03,3,0.45,0.1,50,1.5,0.05,2,0.785995424753192
3138,random,degree,3166284,100,229,0.03,3,0.45,0.1,50,1.5,0.05,2,0.7028657638156519
3139,random,degree,3167293,100,236,0.03,3,0.45,0.1,50,1.5,0.05,1,0.7451368889610654
3140,random,degree,3168302,100,243,0.03,3,0.45,0.1,50,1.5,0.03,0,0.7874198614940586
3141,random,degree,3169311,100,234,0.03,3,0.45,0.1,50,1.5,0.03,0,0.7878709880590309
3142,random,degree,3170320,100,248,0.03,3,0.45,0.1,50,1.5,0.1,4,0.6401906506842009
3143,random,degree,3171329,100,246,0.03,3,0.45,0.1,50,1.5,0.04,1,0.7496327245959807
3144,random,degree,3172338,100,232,0.03,3,0.45,0.1,50,1.5,0.07,3,0.7455993900153058
3145,random,degree,3173347,100,238,0.03,3,0.45,0.1,50,1.5,0.03,0,0.7952473368474072
3146,random,degree,3174356,100,273,0.03,3,0.45,0.1,50,1.5,0.03,0,0.7829404640114836
3147,random,degree,3175365,100,253,0.03,3,0.45,0.1,50,1.5,0.04,1,0.7785285884079015
3148,random,degree,3176374,100,264,0.03,3,0.45,0.1,50,1.5,0.06,1,0.6892441964883733
3149,random,degree,3177383,100,250,0.03,3,0.45,0.1,50,1.5,0.04,1,0.7928474168597273
3150,random,degree,3178392,100,252,0.03,3,0.45,0.1,50,1.5,0.07,3,0.641421472462253
3151,random,degree,3179401,100,237,0.03,3,0.45,0.1,50,1.5,0.05,1,0.7676083490269618
3152,random,degree,3180410,100,233,0.03,3,0.45,0.1,50,1.5,0.03,0,0.8123131352955204
3153,random,degree,3181419,100,252,0.03,3,0.45,0.1,50,1.5,0.09,2,0.59619678817385
3154,random,degree,3182428,100,248,0.03,3,0.45,0.1,50,1.5,0.08,2,0.7056540138255281
3155,random,degree,3183437,100,258,0.03,3,0.45,0.1,50,1.5,0.04,1,0.7535920872433615
3156,random,degree,3184446,100,228,0.03,3,0.45,0.1,50,1.5,0.08,1,0.6723982324769903
3157,random,degree,3185455,100,269,0.03,3,0.45,0.1,50,1.5,0.03,0,0.7895354604054524
3158,random,degree,3186464,100,239,0.03,3,0.45,0.1,50,1.5,0.04,1,0.7666945144605934
3159,random,degree,3187473,100,264,0.03,3,0.45,0.1,50,1.5,0.06,3,0.6473967124356214
3160,random,degree,3188482,100,243,0.03,3,0.45,0.1,50,1.5,0.06,3,0.7211496297032511
3161,random,degree,3189491,100,232,0.03,3,0.45,0.1,50,1.5,0.06,1,0.7337714375653233
3162,random,degree,3190500,100,246,0.03,3,0.45,0.1,50,1.5,0.06,1,0.6957338745797322
3163,random,degree,3191509,100,241,0.03,3,0.45,0.1,50,1.5,0.03,0,0.7920774396276109
3164,random,degree,3192518,100,255,0.03,3,0.45,0.1,50,1.5,0.07,2,0.6947621234539824
3165,random,degree,3193527,100,228,0.03,3,0.45,0.1,50,1.5,0.06,2,0.7510357290819814
3166,random,degree,3194536,100,222,0.03,3,0.45,0.1,50,1.5,0.03,0,0.7906237198233224
3167,random,degree,3195545,100,233,0.03,3,0.45,0.1,50,1.5,0.03,0,0.7848024392809819
3168,random,degree,3196554,100,233,0.03,3,0.45,0.1,50,1.5,0.03,0,0.7791410762053991
3169,random,degree,3197563,100,237,0.03,3,0.45,0.1,50,1.5,0.05,1,0.7516725748725188
3170,random,degree,3198572,100,264,0.03,3,0.45,0.1,50,1.5,0.06,1,0.7024873229598518
3171,random,degree,3199581,100,272,0.03,3,0.45,0.1,50,1.5,0.04,1,0.7758750874101209
3172,random,degree,3200590,100,276,0.03,3,0.45,0.1,50,1.5,0.04,1,0.773312509601649
3173,random,degree,3201599,100,250,0.03,3,0.45,0.1,50,1.5,0.03,0,0.7907515653387978
3174,random,degree,3202608,100,256,0.03,3,0.45,0.1,50,1.5,0.05,1,0.7560381956156764
3175,random,degree,3203617,100,231,0.03,3,0.45,0.1,50,1.5,0.05,1,0.7633177964028866
3176,random,degree,3204626,100,233,0.03,3,0.45,0.1,50,1.5,0.09,2,0.6447141867774719
3177,random,degree,3205635,100,267,0.03,3,0.45,0.1,50,1.5,0.05,1,0.7400485089413191
3178,random,degree,3206644,100,270,0.03,3,0.45,0.1,50,1.5,0.04,1,0.7615137390225468
3179,random,degree,3207653,100,242,0.03,3,0.45,0.1,50,1.5,0.07,2,0.6589008034857644
3180,random,degree,3208662,100,239,0.03,3,0.45,0.1,50,1.5,0.09,3,0.6955464817917155
3181,random,degree,3209671,100,234,0.03,3,0.45,0.1,50,1.5,0.07,3,0.7147486171816108
3182,random,degree,3210680,100,250,0.03,3,0.45,0.1,50,1.5,0.03,0,0.7860040408680798
3183,random,degree,3211689,100,243,0.03,3,0.45,0.1,50,1.5,0.06,1,0.70404019669404
3184,random,degree,3212698,100,259,0.03,3,0.45,0.1,50,1.5,0.06,2,0.7327891741794834
3185,random,degree,3213707,100,239,0.03,3,0.45,0.1,50,1.5,0.11,4,0.5412845186466084
3186,random,degree,3214716,100,257,0.03,3,0.45,0.1,50,1.5,0.03,0,0.7989859757966675
3187,random,degree,3215725,100,242,0.03,3,0.45,0.1,50,1.5,0.07,1,0.7205080611589838
3188,random,degree,3216734,100,261,0.03,3,0.45,0.1,50,1.5,0.05,1,0.7303206556281578
3189,random,degree,3217743,100,282,0.03,3,0.45,0.1,50,1.5,0.03,0,0.8073617155677661
3190,random,degree,3218752,100,250,0.03,3,0.45,0.1,50,1.5,0.06,2,0.7254568526274031
3191,random,degree,3219761,100,266,0.03,3,0.45,0.1,50,1.5,0.05,1,0.7611943492543798
3192,random,degree,3220770,100,254,0.03,3,0.45,0.1,50,1.5,0.06,2,0.6985052876791377
3193,random,degree,3221779,100,258,0.03,3,0.45,0.1,50,1.5,0.04,1,0.7776594749442174
3194,random,degree,3222788,100,268,0.03,3,0.45,0.1,50,1.5,0.03,0,0.8027200519592602
3195,random,degree,3223797,100,249,0.03,3,0.45,0.1,50,1.5,0.06,1,0.7103782794303082
3196,random,degree,3224806,100,270,0.03,3,0.45,0.1,50,1.5,0.04,1,0.7671432536251798
3197,random,degree,3225815,100,227,0.03,3,0.45,0.1,50,1.5,0.08,3,0.6420143187239212
3198,random,degree,3226824,100,239,0.03,3,0.45,0.1,50,1.5,0.05,1,0.7523517111090352
3199,random,degree,3227833,100,221,0.03,3,0.45,0.1,50,1.5,0.07,1,0.6993964142088335
3200,random,degree,3228842,100,250,0.03,3,0.45,0.1,50,1.5,0.05,1,0.7665056547261738
3201,random,degree,3229851,100,244,0.03,3,0.45,0.1,50,1.5,0.07,1,0.6983781992745604
3202,random,degree,3230860,100,259,0.03,3,0.45,0.1,50,1.5,0.04,1,0.7799590102440086
3203,random,degree,3231869,100,245,0.03,3,0.45,0.1,50,1.5,0.04,1,0.8025277942658076
3204,random,degree,3232878,100,277,0.03,3,0.45,0.1,50,1.5,0.04,1,0.7517550143985849
3205,random,degree,3233887,100,262,0.03,3,0.45,0.1,50,1.5,0.08,2,0.6759282333796179
3206,random,degree,3234896,100,245,0.03,3,0.45,0.1,50,1.5,0.06,2,0.7378010642142727
3207,random,degree,3235905,100,258,0.03,3,0.45,0.1,50,1.5,0.05,2,0.7510251791124203
3208,random,degree,3236914,100,242,0.03,3,0.45,0.1,50,1.5,0.08,3,0.6513304159112606
3209,random,degree,3237923,100,276,0.03,3,0.45,0.1,50,1.5,0.04,1,0.7355098668681275
3210,random,degree,3238932,100,248,0.03,3,0.45,0.1,50,1.5,0.06,1,0.719653983892792
3211,random,degree,3239941,100,236,0.03,3,0.45,0.1,50,1.5,0.05,1,0.7325387777945426
3212,random,degree,3240950,100,249,0.03,3,0.45,0.1,50,1.5,0.03,0,0.7885074666021973
3213,random,degree,3241959,100,236,0.03,3,0.45,0.1,50,1.5,0.07,1,0.7252861556294625
3214,random,degree,3242968,100,251,0.03,3,0.45,0.1,50,1.5,0.05,1,0.7297279483325461
3215,random,degree,3243977,100,226,0.03,3,0.45,0.1,50,1.5,0.06,1,0.717640954491475
3216,random,degree,3244986,100,248,0.03,3,0.45,0.1,50,1.5,0.05,1,0.74530356237599
3217,random,degree,3245995,100,246,0.03,3,0.45,0.1,50,1.5,0.04,1,0.7701821980622678
3218,random,degree,3247004,100,252,0.03,3,0.45,0.1,50,1.5,0.05,2,0.7136573100320297
3219,random,degree,3248013,100,247,0.03,3,0.45,0.1,50,1.5,0.05,1,0.7294167429277317
3220,random,degree,3249022,100,240,0.03,3,0.45,0.1,50,1.5,0.06,1,0.6971648885319511
3221,random,degree,3250031,100,255,0.03,3,0.45,0.1,50,1.5,0.03,0,0.7588857147434054
3222,random,degree,3251040,100,250,0.03,3,0.45,0.1,50,1.5,0.08,2,0.6546827422819949
3223,random,degree,3252049,100,283,0.03,3,0.45,0.1,50,1.5,0.03,0,0.7859578112124983
3224,random,degree,3253058,100,257,0.03,3,0.45,0.1,50,1.5,0.07,1,0.6739297792803428
3225,random,degree,3254067,100,250,0.03,3,0.45,0.1,50,1.5,0.05,1,0.746453657885968
3226,random,degree,3255076,100,260,0.03,3,0.45,0.1,50,1.5,0.05,2,0.7546946958202196
3227,random,degree,3256085,100,255,0.03,3,0.45,0.1,50,1.5,0.05,1,0.6881824181338291
3228,random,degree,3257094,100,248,0.03,3,0.45,0.1,50,1.5,0.12,2,0.5690560598032294
3229,random,degree,3258103,100,260,0.03,3,0.45,0.1,50,1.5,0.08,3,0.6534266402430039
3230,random,degree,3259112,100,247,0.03,3,0.45,0.1,50,1.5,0.04,1,0.7608083162765036
3231,random,degree,3260121,100,269,0.03,3,0.45,0.1,50,1.5,0.07,1,0.7673923580579899
3232,random,degree,3261130,100,257,0.03,3,0.45,0.1,50,1.5,0.07,3,0.6752675849795114
3233,random,degree,3262139,100,271,0.03,3,0.45,0.1,50,1.5,0.05,2,0.7338002313800126
3234,random,degree,3263148,100,250,0.03,3,0.45,0.1,50,1.5,0.04,1,0.7675693337592493
3235,random,degree,3264157,100,244,0.03,3,0.45,0.1,50,1.5,0.08,2,0.6932960258328119
3236,random,degree,3265166,100,256,0.03,3,0.45,0.1,50,1.5,0.03,0,0.7885925286488595
3237,random,degree,3266175,100,259,0.03,3,0.45,0.1,50,1.5,0.07,1,0.6931684145787909
3238,random,degree,3267184,100,229,0.03,3,0.45,0.1,50,1.5,0.06,1,0.7497673423479543
3239,random,degree,3268193,100,243,0.03,3,0.45,0.1,50,1.5,0.08,2,0.6585235969309526
3240,random,degree,3269202,100,251,0.03,3,0.45,0.1,50,1.5,0.11,5,0.636026770704435
3241,random,degree,3270211,100,229,0.03,3,0.45,0.1,50,1.5,0.06,2,0.7013162817001203
3242,random,degree,3271220,100,254,0.03,3,0.45,0.1,50,1.5,0.1,2,0.5908119228885793
3243,random,degree,3272229,100,266,0.03,3,0.45,0.1,50,1.5,0.04,1,0.7475999775608094
3244,random,degree,3273238,100,246,0.03,3,0.45,0.1,50,1.5,0.04,1,0.7523800005058315
3245,random,degree,3274247,100,256,0.03,3,0.45,0.1,50,1.5,0.04,1,0.7689441816101465
3246,random,degree,3275256,100,237,0.03,3,0.45,0.1,50,1.5,0.05,1,0.7409440606844248
3247,random,degree,3276265,100,251,0.03,3,0.45,0.1,50,1.5,0.05,1,0.7553318319511088
3248,random,degree,3277274,100,249,0.03,3,0.45,0.1,50,1.5,0.04,1,0.7897045302378375
3249,random,degree,3278283,100,257,0.03,3,0.45,0.1,50,1.5,0.03,0,0.7833757968143443
3250,random,degree,3279292,100,257,0.03,3,0.45,0.1,50,1.5,0.05,1,0.7449176067227316
3251,random,degree,3280301,100,226,0.03,3,0.45,0.1,50,1.5,0.07,1,0.6996248336062049
3252,random,degree,3281310,100,271,0.03,3,0.45,0.1,50,1.5,0.03,0,0.7732255653802783
3253,random,degree,3282319,100,265,0.03,3,0.45,0.1,50,1.5,0.04,1,0.7495438095045088
3254,random,degree,3283328,100,246,0.03,3,0.45,0.1,50,1.5,0.06,2,0.7083956944770375
3255,random,degree,3284337,100,255,0.03,3,0.45,0.1,50,1.5,0.04,1,0.7419397401260533
3256,random,degree,3285346,100,276,0.03,3,0.45,0.1,50,1.5,0.07,2,0.6666377017383788
3257,random,degree,3286355,100,232,0.03,3,0.45,0.1,50,1.5,0.03,0,0.7845560713471341
3258,random,degree,3287364,100,230,0.03,3,0.45,0.1,50,1.5,0.07,1,0.6810578488045309
3259,random,degree,3288373,100,233,0.03,3,0.45,0.1,50,1.5,0.05,1,0.7678120669241344
3260,random,degree,3289382,100,243,0.03,3,0.45,0.1,50,1.5,0.04,1,0.7915645404775075
3261,random,degree,3290391,100,226,0.03,3,0.45,0.1,50,1.5,0.09,3,0.6386220379850717
3262,random,degree,3291400,100,237,0.03,3,0.45,0.1,50,1.5,0.04,1,0.7828092713703066
3263,random,degree,3292409,100,247,0.03,3,0.45,0.1,50,1.5,0.05,1,0.7283865688147536
3264,random,degree,3293418,100,242,0.03,3,0.45,0.1,50,1.5,0.03,0,0.7859362543608797
3265,random,degree,3294427,100,234,0.03,3,0.45,0.1,50,1.5,0.04,1,0.8012480456255173
3266,random,degree,3295436,100,237,0.03,3,0.45,0.1,50,1.5,0.04,1,0.7737526931313863
3267,random,degree,3296445,100,250,0.03,3,0.45,0.1,50,1.5,0.07,2,0.6795858937304667
3268,random,degree,3297454,100,248,0.03,3,0.45,0.1,50,1.5,0.04,1,0.7571916435093629
3269,random,degree,3298463,100,230,0.03,3,0.45,0.1,50,1.5,0.05,1,0.7807462630883945
3270,random,degree,3299472,100,253,0.03,3,0.45,0.1,50,1.5,0.03,0,0.8010877132923752
3271,random,degree,3300481,100,244,0.03,3,0.45,0.1,50,1.5,0.05,1,0.7826516168787268
3272,random,degree,3301490,100,278,0.03,3,0.45,0.1,50,1.5,0.07,1,0.6755723728806285
3273,random,degree,3302499,100,291,0.03,3,0.45,0.1,50,1.5,0.06,1,0.6776476237579151
3274,random,degree,3303508,100,217,0.03,3,0.45,0.1,50,1.5,0.06,2,0.7202663630932017
3275,random,degree,3304517,100,224,0.03,3,0.45,0.1,50,1.5,0.06,1,0.6975680918359797
3276,random,degree,3305526,100,223,0.03,3,0.45,0.1,50,1.5,0.07,1,0.7307971395857431
3277,random,degree,3306535,100,240,0.03,3,0.45,0.1,50,1.5,0.07,2,0.7118630225573704
3278,random,degree,3307544,100,238,0.03,3,0.45,0.1,50,1.5,0.03,0,0.8152765909328245
3279,random,degree,3308553,100,260,0.03,3,0.45,0.1,50,1.5,0.05,1,0.7866188988690201
3280,random,degree,3309562,100,270,0.03,3,0.45,0.1,50,1.5,0.07,1,0.6707711117294232
3281,random,degree,3310571,100,263,0.03,3,0.45,0.1,50,1.5,0.06,1,0.7370053605149756
3282,random,degree,3311580,100,247,0.03,3,0.45,0.1,50,1.5,0.05,1,0.7184626693154305
3283,random,degree,3312589,100,225,0.03,3,0.45,0.1,50,1.5,0.03,0,0.8139642900886022
3284,random,degree,3313598,100,247,0.03,3,0.45,0.1,50,1.5,0.03,0,0.7771978676456053
3285,random,degree,3314607,100,264,0.03,3,0.45,0.1,50,1.5,0.05,1,0.7317396354356569
3286,random,degree,3315616,100,278,0.03,3,0.45,0.1,50,1.5,0.06,1,0.7602537232164138
3287,random,degree,3316625,100,266,0.03,3,0.45,0.1,50,1.5,0.08,2,0.66090394061288
3288,random,degree,3317634,100,234,0.03,3,0.45,0.1,50,1.5,0.03,0,0.791781729379695
3289,random,degree,3318643,100,248,0.03,3,0.45,0.1,50,1.5,0.04,1,0.7644333886862887
3290,random,degree,3319652,100,266,0.03,3,0.45,0.1,50,1.5,0.07,2,0.6819926231777929
3291,random,degree,3320661,100,220,0.03,3,0.45,0.1,50,1.5,0.04,1,0.7880168044832958
3292,random,degree,3321670,100,264,0.03,3,0.45,0.1,50,1.5,0.03,0,0.7931791201437866
3293,random,degree,3322679,100,257,0.03,3,0.45,0.1,50,1.5,0.04,1,0.7495101480726261
3294,random,degree,3323688,100,234,0.03,3,0.45,0.1,50,1.5,0.08,1,0.6939034570209652
3295,random,degree,3324697,100,234,0.03,3,0.45,0.1,50,1.5,0.07,2,0.709987686116257
3296,random,degree,3325706,100,252,0.03,3,0.45,0.1,50,1.5,0.07,1,0.644673154651652
3297,random,degree,3326715,100,258,0.03,3,0.45,0.1,50,1.5,0.06,1,0.729959669477297
3298,random,degree,3327724,100,252,0.03,3,0.45,0.1,50,1.5,0.07,2,0.6816340206122251
3299,random,degree,3328733,100,231,0.03,3,0.45,0.1,50,1.5,0.06,1,0.7471177920112678
3300,random,degree,3329742,100,228,0.03,3,0.45,0.1,50,1.5,0.06,1,0.7118752226901323
3301,random,degree,3330751,100,243,0.03,3,0.45,0.1,50,1.5,0.06,2,0.7492416518851298
3302,random,degree,3331760,100,248,0.03,3,0.45,0.1,50,1.5,0.04,1,0.7633827349621468
3303,random,degree,3332769,100,231,0.03,3,0.45,0.1,50,1.5,0.05,1,0.7554241338086677
3304,random,degree,3333778,100,244,0.03,3,0.45,0.1,50,1.5,0.03,0,0.7870108452102963
3305,random,degree,3334787,100,255,0.03,3,0.45,0.1,50,1.5,0.05,1,0.7147722785383875
3306,random,degree,3335796,100,251,0.03,3,0.45,0.1,50,1.5,0.09,3,0.6274036803477961
3307,random,degree,3336805,100,228,0.03,3,0.45,0.1,50,1.5,0.06,1,0.7537093338991886
3308,random,degree,3337814,100,262,0.03,3,0.45,0.1,50,1.5,0.08,3,0.615744243862794
3309,random,degree,3338823,100,218,0.03,3,0.45,0.1,50,1.5,0.05,1,0.7827653609800126
3310,random,degree,3339832,100,266,0.03,3,0.45,0.1,50,1.5,0.05,1,0.7539901525271429
3311,random,degree,3340841,100,240,0.03,3,0.45,0.1,50,1.5,0.06,1,0.7409609025839693
3312,random,degree,3341850,100,258,0.03,3,0.45,0.1,50,1.5,0.05,1,0.7715644561581673
3313,random,degree,3342859,100,267,0.03,3,0.45,0.1,50,1.5,0.04,1,0.7479142217853021
3314,random,degree,3343868,100,229,0.03,3,0.45,0.1,50,1.5,0.07,2,0.7346552340230573
3315,random,degree,3344877,100,235,0.03,3,0.45,0.1,50,1.5,0.07,2,0.7352895049977691
3316,random,degree,3345886,100,260,0.03,3,0.45,0.1,50,1.5,0.04,1,0.7729694361518232
3317,random,degree,3346895,100,235,0.03,3,0.45,0.1,50,1.5,0.05,1,0.7266482628070946
3318,random,degree,3347904,100,236,0.03,3,0.45,0.1,50,1.5,0.08,1,0.697589254134507
3319,random,degree,3348913,100,262,0.03,3,0.45,0.1,50,1.5,0.06,1,0.7281151785179235
3320,random,degree,3349922,100,256,0.03,3,0.45,0.1,50,1.5,0.1,3,0.6101047544665348
3321,random,degree,3350931,100,257,0.03,3,0.45,0.1,50,1.5,0.07,1,0.701537681312862
3322,random,degree,3351940,100,247,0.03,3,0.45,0.1,50,1.5,0.07,2,0.6800636188705326
3323,random,degree,3352949,100,255,0.03,3,0.45,0.1,50,1.5,0.06,1,0.6872479427883889
3324,random,degree,3353958,100,248,0.03,3,0.45,0.1,50,1.5,0.09,1,0.7220623308728247
3325,random,degree,3354967,100,240,0.03,3,0.45,0.1,50,1.5,0.06,1,0.7203048484035731
3326,random,degree,3355976,100,218,0.03,3,0.45,0.1,50,1.5,0.05,1,0.7519116066494547
3327,random,degree,3356985,100,256,0.03,3,0.45,0.1,50,1.5,0.03,0,0.7923335885462076
3328,random,degree,3357994,100,252,0.03,3,0.45,0.1,50,1.5,0.03,0,0.7719783985591803
3329,random,degree,3359003,100,274,0.03,3,0.45,0.1,50,1.5,0.05,1,0.6962766235845065
3330,random,degree,3360012,100,238,0.03,3,0.45,0.1,50,1.5,0.07,2,0.723892031162078
3331,random,degree,3361021,100,236,0.03,3,0.45,0.1,50,1.5,0.03,0,0.8079729299803756
3332,random,degree,3362030,100,245,0.03,3,0.45,0.1,50,1.5,0.05,2,0.7091673292179598
3333,random,degree,3363039,100,252,0.03,3,0.45,0.1,50,1.5,0.04,1,0.7384807506625475
3334,random,degree,3364048,100,258,0.03,3,0.45,0.1,50,1.5,0.03,0,0.7961751720025311
3335,random,degree,3365057,100,245,0.03,3,0.45,0.1,50,1.5,0.05,1,0.7790377478474817
3336,random,degree,3366066,100,241,0.03,3,0.45,0.1,50,1.5,0.04,1,0.7474972874697048
3337,random,degree,3367075,100,231,0.03,3,0.45,0.1,50,1.5,0.05,1,0.7216046425356406
3338,random,degree,3368084,100,248,0.03,3,0.45,0.1,50,1.5,0.05,1,0.7464781995007767
3339,random,degree,3369093,100,246,0.03,3,0.45,0.1,50,1.5,0.06,1,0.7346943856013332
3340,random,degree,3370102,100,246,0.03,3,0.45,0.1,50,1.5,0.06,2,0.6971346699156926
3341,random,degree,3371111,100,224,0.03,3,0.45,0.1,50,1.5,0.04,1,0.7861671125657079
3342,random,degree,3372120,100,229,0.03,3,0.45,0.1,50,1.5,0.05,1,0.7669117592412129
3343,random,degree,3373129,100,267,0.03,3,0.45,0.1,50,1.5,0.08,2,0.6763803297851522
3344,random,degree,3374138,100,255,0.03,3,0.45,0.1,50,1.5,0.04,1,0.7677067224091324
3345,random,degree,3375147,100,243,0.03,3,0.45,0.1,50,1.5,0.04,1,0.7435993757868824
3346,random,degree,3376156,100,236,0.03,3,0.45,0.1,50,1.5,0.04,1,0.7771536330714385
3347,random,degree,3377165,100,237,0.03,3,0.45,0.1,50,1.5,0.05,1,0.7639525038899013
3348,random,degree,3378174,100,217,0.03,3,0.45,0.1,50,1.5,0.05,1,0.7724420998880653
3349,random,degree,3379183,100,263,0.03,3,0.45,0.1,50,1.5,0.06,1,0.7395278858876709
3350,random,degree,3380192,100,267,0.03,3,0.45,0.1,50,1.5,0.06,2,0.7095495825145192
3351,random,degree,3381201,100,229,0.03,3,0.45,0.1,50,1.5,0.14,3,0.5703937073225336
3352,random,degree,3382210,100,264,0.03,3,0.45,0.1,50,1.5,0.04,1,0.7679416394823102
3353,random,degree,3383219,100,219,0.03,3,0.45,0.1,50,1.5,0.06,2,0.7535173635728442
3354,random,degree,3384228,100,241,0.03,3,0.45,0.1,50,1.5,0.05,1,0.7666860076798283
3355,random,degree,3385237,100,253,0.03,3,0.45,0.1,50,1.5,0.04,1,0.7768069620218033
3356,random,degree,3386246,100,242,0.03,3,0.45,0.1,50,1.5,0.08,2,0.6863677965292996
3357,random,degree,3387255,100,256,0.03,3,0.45,0.1,50,1.5,0.1,3,0.6516002986101104
3358,random,degree,3388264,100,257,0.03,3,0.45,0.1,50,1.5,0.1,3,0.6519038352335966
3359,random,degree,3389273,100,241,0.03,3,0.45,0.1,50,1.5,0.1,2,0.6416446667247722
3360,random,degree,3390282,100,243,0.03,3,0.45,0.1,50,1.5,0.05,2,0.7611607168914281
3361,random,degree,3391291,100,244,0.03,3,0.45,0.1,50,1.5,0.06,2,0.6980360351796693
3362,random,degree,3392300,100,258,0.03,3,0.45,0.1,50,1.5,0.04,1,0.7713608503884278
3363,random,degree,3393309,100,251,0.03,3,0.45,0.1,50,1.5,0.03,0,0.828276182465005
3364,random,degree,3394318,100,247,0.03,3,0.45,0.1,50,1.5,0.04,1,0.7756183426878457
3365,random,degree,3395327,100,239,0.03,3,0.45,0.1,50,1.5,0.05,1,0.7741757363717577
3366,random,degree,3396336,100,228,0.03,3,0.45,0.1,50,1.5,0.04,1,0.7930911252113982
3367,random,degree,3397345,100,266,0.03,3,0.45,0.1,50,1.5,0.06,2,0.678175549833603
3368,random,degree,3398354,100,254,0.03,3,0.45,0.1,50,1.5,0.05,1,0.7634712938666713
3369,random,degree,3399363,100,279,0.03,3,0.45,0.1,50,1.5,0.05,2,0.729185845779475
3370,random,degree,3400372,100,240,0.03,3,0.45,0.1,50,1.5,0.07,1,0.6917436154071469
3371,random,degree,3401381,100,235,0.03,3,0.45,0.1,50,1.5,0.07,2,0.6945433910106009
3372,random,degree,3402390,100,254,0.03,3,0.45,0.1,50,1.5,0.03,0,0.7701328860386387
3373,random,degree,3403399,100,242,0.03,3,0.45,0.1,50,1.5,0.07,2,0.7354549833675924
3374,random,degree,3404408,100,275,0.03,3,0.45,0.1,50,1.5,0.03,0,0.7783582810942121
3375,random,degree,3405417,100,263,0.03,3,0.45,0.1,50,1.5,0.05,2,0.7033352092089087
3376,random,degree,3406426,100,230,0.03,3,0.45,0.1,50,1.5,0.06,1,0.7642178118362365
3377,random,degree,3407435,100,239,0.03,3,0.45,0.1,50,1.5,0.06,2,0.6937696227941568
3378,random,degree,3408444,100,257,0.03,3,0.45,0.1,50,1.5,0.07,3,0.6838954899711275
3379,random,degree,3409453,100,246,0.03,3,0.45,0.1,50,1.5,0.06,1,0.7204955373579554
3380,random,degree,3410462,100,228,0.03,3,0.45,0.1,50,1.5,0.07,3,0.7412616603207627
3381,random,degree,3411471,100,226,0.03,3,0.45,0.1,50,1.5,0.06,1,0.7237159083820004
3382,random,degree,3412480,100,242,0.03,3,0.45,0.1,50,1.5,0.08,2,0.6643510067519101
3383,random,degree,3413489,100,232,0.03,3,0.45,0.1,50,1.5,0.06,2,0.6946666012913288
3384,random,degree,3414498,100,236,0.03,3,0.45,0.1,50,1.5,0.04,1,0.7718689650033669
3385,random,degree,3415507,100,262,0.03,3,0.45,0.1,50,1.5,0.03,0,0.7743077567683259
3386,random,degree,3416516,100,229,0.03,3,0.45,0.1,50,1.5,0.04,1,0.7775776203281157
3387,random,degree,3417525,100,242,0.03,3,0.45,0.1,50,1.5,0.03,0,0.8041349165839023
3388,random,degree,3418534,100,254,0.03,3,0.45,0.1,50,1.5,0.05,1,0.7563282148551443
3389,random,degree,3419543,100,257,0.03,3,0.45,0.1,50,1.5,0.05,1,0.7265039817005772
3390,random,degree,3420552,100,256,0.03,3,0.45,0.1,50,1.5,0.03,0,0.8025597977939292
3391,random,degree,3421561,100,220,0.03,3,0.45,0.1,50,1.5,0.03,0,0.7950088342727323
3392,random,degree,3422570,100,233,0.03,3,0.45,0.1,50,1.5,0.05,1,0.7526479145742053
3393,random,degree,3423579,100,272,0.03,3,0.45,0.1,50,1.5,0.04,1,0.7397498031128745
3394,random,degree,3424588,100,217,0.03,3,0.45,0.1,50,1.5,0.06,2,0.7364849357059067
3395,random,degree,3425597,100,240,0.03,3,0.45,0.1,50,1.5,0.05,1,0.7259727574544239
3396,random,degree,3426606,100,222,0.03,3,0.45,0.1,50,1.5,0.06,1,0.7197243808333357
3397,random,degree,3427615,100,252,0.03,3,0.45,0.1,50,1.5,0.04,1,0.8018903562872763
3398,random,degree,3428624,100,241,0.03,3,0.45,0.1,50,1.5,0.06,2,0.7308701241997655
3399,random,degree,3429633,100,261,0.03,3,0.45,0.1,50,1.5,0.04,1,0.7676595711949956
3400,random,degree,3430642,100,221,0.03,3,0.45,0.1,50,1.5,0.06,1,0.7766386906679796
3401,random,degree,3431651,100,239,0.03,3,0.45,0.1,50,1.5,0.07,2,0.7367092570481308
3402,random,degree,3432660,100,251,0.03,3,0.45,0.1,50,1.5,0.1,3,0.6519456967407535
3403,random,degree,3433669,100,222,0.03,3,0.45,0.1,50,1.5,0.05,1,0.7243407163346433
3404,random,degree,3434678,100,230,0.03,3,0.45,0.1,50,1.5,0.06,1,0.7234605870534061
3405,random,degree,3435687,100,244,0.03,3,0.45,0.1,50,1.5,0.04,1,0.7883618712752929
3406,random,degree,3436696,100,257,0.03,3,0.45,0.1,50,1.5,0.05,1,0.7509318078351138
3407,random,degree,3437705,100,253,0.03,3,0.45,0.1,50,1.5,0.06,1,0.7248802322315221
3408,random,degree,3438714,100,246,0.03,3,0.45,0.1,50,1.5,0.04,1,0.75296736960034
3409,random,degree,3439723,100,251,0.03,3,0.45,0.1,50,1.5,0.05,2,0.7082750858485785
3410,random,degree,3440732,100,276,0.03,3,0.45,0.1,50,1.5,0.07,2,0.6789634105740534
3411,random,degree,3441741,100,249,0.03,3,0.45,0.1,50,1.5,0.03,0,0.7962094344712458
3412,random,degree,3442750,100,258,0.03,3,0.45,0.1,50,1.5,0.05,1,0.7056657059140284
3413,random,degree,3443759,100,233,0.03,3,0.45,0.1,50,1.5,0.12,3,0.5830111289703638
3414,random,degree,3444768,100,256,0.03,3,0.45,0.1,50,1.5,0.05,1,0.7138139558512231
3415,random,degree,3445777,100,231,0.03,3,0.45,0.1,50,1.5,0.05,1,0.7725937493982746
3416,random,degree,3446786,100,270,0.03,3,0.45,0.1,50,1.5,0.06,1,0.7359742395435723
3417,random,degree,3447795,100,257,0.03,3,0.45,0.1,50,1.5,0.05,1,0.7122739601725836
3418,random,degree,3448804,100,248,0.03,3,0.45,0.1,50,1.5,0.06,1,0.6644865792603846
3419,random,degree,3449813,100,262,0.03,3,0.45,0.1,50,1.5,0.04,1,0.7411956190081723
3420,random,degree,3450822,100,266,0.03,3,0.45,0.1,50,1.5,0.04,1,0.7174457913347498
3421,random,degree,3451831,100,262,0.03,3,0.45,0.1,50,1.5,0.07,2,0.682789496328314
3422,random,degree,3452840,100,272,0.03,3,0.45,0.1,50,1.5,0.04,1,0.7497160248608189
3423,random,degree,3453849,100,244,0.03,3,0.45,0.1,50,1.5,0.05,2,0.7593576219776657
3424,random,degree,3454858,100,250,0.03,3,0.45,0.1,50,1.5,0.05,1,0.7355134126885178
3425,random,degree,3455867,100,245,0.03,3,0.45,0.1,50,1.5,0.07,2,0.7254286222921568
3426,random,degree,3456876,100,218,0.03,3,0.45,0.1,50,1.5,0.04,1,0.7825358765309082
3427,random,degree,3457885,100,244,0.03,3,0.45,0.1,50,1.5,0.06,2,0.7196095719282005
3428,random,degree,3458894,100,257,0.03,3,0.45,0.1,50,1.5,0.04,1,0.7782059512773025
3429,random,degree,3459903,100,227,0.03,3,0.45,0.1,50,1.5,0.08,2,0.651365113440566
3430,random,degree,3460912,100,223,0.03,3,0.45,0.1,50,1.5,0.11,3,0.6766264025660479
3431,random,degree,3461921,100,257,0.03,3,0.45,0.1,50,1.5,0.04,1,0.7561425463333525
3432,random,degree,3462930,100,246,0.03,3,0.45,0.1,50,1.5,0.05,1,0.7202128325711414
3433,random,degree,3463939,100,241,0.03,3,0.45,0.1,50,1.5,0.03,0,0.7819222293681617
3434,random,degree,3464948,100,271,0.03,3,0.45,0.1,50,1.5,0.04,1,0.757936485640645
3435,random,degree,3465957,100,229,0.03,3,0.45,0.1,50,1.5,0.06,1,0.7314269635867979
3436,random,degree,3466966,100,233,0.03,3,0.45,0.1,50,1.5,0.08,1,0.7024087517887713
3437,random,degree,3467975,100,256,0.03,3,0.45,0.1,50,1.5,0.06,1,0.711900023440753
3438,random,degree,3468984,100,262,0.03,3,0.45,0.1,50,1.5,0.05,1,0.7282617957428871
3439,random,degree,3469993,100,253,0.03,3,0.45,0.1,50,1.5,0.04,1,0.7293775756641269
3440,random,degree,3471002,100,250,0.03,3,0.45,0.1,50,1.5,0.05,1,0.7191346279747123
3441,random,degree,3472011,100,281,0.03,3,0.45,0.1,50,1.5,0.06,2,0.7277822302475095
3442,random,degree,3473020,100,255,0.03,3,0.45,0.1,50,1.5,0.05,1,0.7518880620537421
3443,random,degree,3474029,100,276,0.03,3,0.45,0.1,50,1.5,0.04,1,0.7325259520922759
3444,random,degree,3475038,100,244,0.03,3,0.45,0.1,50,1.5,0.04,1,0.7691795786313104
3445,random,degree,3476047,100,231,0.03,3,0.45,0.1,50,1.5,0.09,3,0.6683957604006378
3446,random,degree,3477056,100,240,0.03,3,0.45,0.1,50,1.5,0.07,1,0.6958963158144107
3447,random,degree,3478065,100,246,0.03,3,0.45,0.1,50,1.5,0.05,1,0.7402811088429889
3448,random,degree,3479074,100,261,0.03,3,0.45,0.1,50,1.5,0.04,1,0.7565279380970924
3449,random,degree,3480083,100,221,0.03,3,0.45,0.1,50,1.5,0.03,0,0.8072065300331123
3450,random,degree,3481092,100,258,0.03,3,0.45,0.1,50,1.5,0.04,1,0.7496801216164886
3451,random,degree,3482101,100,257,0.03,3,0.45,0.1,50,1.5,0.09,2,0.6593102945564043
3452,random,degree,3483110,100,271,0.03,3,0.45,0.1,50,1.5,0.04,1,0.7457036505270181
3453,random,degree,3484119,100,250,0.03,3,0.45,0.1,50,1.5,0.11,4,0.5528594589947613
3454,random,degree,3485128,100,242,0.03,3,0.45,0.1,50,1.5,0.05,1,0.7197247384047085
3455,random,degree,3486137,100,259,0.03,3,0.45,0.1,50,1.5,0.05,2,0.7731040534979936
3456,random,degree,3487146,100,223,0.03,3,0.45,0.1,50,1.5,0.05,1,0.7355367112831189
3457,random,degree,3488155,100,248,0.03,3,0.45,0.1,50,1.5,0.08,2,0.6836494636831821
3458,random,degree,3489164,100,244,0.03,3,0.45,0.1,50,1.5,0.04,1,0.7606981962209454
3459,random,degree,3490173,100,242,0.03,3,0.45,0.1,50,1.5,0.05,1,0.7410741710180073
3460,random,degree,3491182,100,256,0.03,3,0.45,0.1,50,1.5,0.06,1,0.6947967183233028
3461,random,degree,3492191,100,254,0.03,3,0.45,0.1,50,1.5,0.07,1,0.6791176597822117
3462,random,degree,3493200,100,259,0.03,3,0.45,0.1,50,1.5,0.06,1,0.7423051238246726
3463,random,degree,3494209,100,248,0.03,3,0.45,0.1,50,1.5,0.03,0,0.7794553988196103
3464,random,degree,3495218,100,245,0.03,3,0.45,0.1,50,1.5,0.03,0,0.7825106405474922
3465,random,degree,3496227,100,239,0.03,3,0.45,0.1,50,1.5,0.04,1,0.7860044539829137
3466,random,degree,3497236,100,233,0.03,3,0.45,0.1,50,1.5,0.03,0,0.776279265258272
3467,random,degree,3498245,100,235,0.03,3,0.45,0.1,50,1.5,0.04,1,0.7681186862140349
3468,random,degree,3499254,100,241,0.03,3,0.45,0.1,50,1.5,0.06,2,0.721298030701371
3469,random,degree,3500263,100,247,0.03,3,0.45,0.1,50,1.5,0.04,1,0.7507797835922648
3470,random,degree,3501272,100,247,0.03,3,0.45,0.1,50,1.5,0.09,2,0.6611024996477095
3471,random,degree,3502281,100,246,0.03,3,0.45,0.1,50,1.5,0.04,1,0.732844634979213
3472,random,degree,3503290,100,238,0.03,3,0.45,0.1,50,1.5,0.08,2,0.7228803236548943
3473,random,degree,3504299,100,259,0.03,3,0.45,0.1,50,1.5,0.06,1,0.691488807536755
3474,random,degree,3505308,100,268,0.03,3,0.45,0.1,50,1.5,0.06,2,0.677255093567236
3475,random,degree,3506317,100,224,0.03,3,0.45,0.1,50,1.5,0.04,1,0.7912942786729003
3476,random,degree,3507326,100,224,0.03,3,0.45,0.1,50,1.5,0.06,1,0.6923923040692477
3477,random,degree,3508335,100,262,0.03,3,0.45,0.1,50,1.5,0.09,5,0.6210542695548641
3478,random,degree,3509344,100,270,0.03,3,0.45,0.1,50,1.5,0.06,2,0.6637738203247154
3479,random,degree,3510353,100,257,0.03,3,0.45,0.1,50,1.5,0.05,1,0.7145464870028131
3480,random,degree,3511362,100,255,0.03,3,0.45,0.1,50,1.5,0.05,2,0.7354312834711324
3481,random,degree,3512371,100,250,0.03,3,0.45,0.1,50,1.5,0.03,0,0.7868028516852454
3482,random,degree,3513380,100,260,0.03,3,0.45,0.1,50,1.5,0.05,1,0.7181206994065208
3483,random,degree,3514389,100,259,0.03,3,0.45,0.1,50,1.5,0.04,1,0.7668953424646033
3484,random,degree,3515398,100,236,0.03,3,0.45,0.1,50,1.5,0.05,1,0.7052080675221294
3485,random,degree,3516407,100,270,0.03,3,0.45,0.1,50,1.5,0.06,1,0.7327830471932686
3486,random,degree,3517416,100,260,0.03,3,0.45,0.1,50,1.5,0.06,1,0.721505822178997
3487,random,degree,3518425,100,254,0.03,3,0.45,0.1,50,1.5,0.05,2,0.7274560512933756
3488,random,degree,3519434,100,248,0.03,3,0.45,0.1,50,1.5,0.05,1,0.7572102739979752
3489,random,degree,3520443,100,246,0.03,3,0.45,0.1,50,1.5,0.06,1,0.7495413553516193
3490,random,degree,3521452,100,253,0.03,3,0.45,0.1,50,1.5,0.06,2,0.7092048941492307
3491,random,degree,3522461,100,255,0.03,3,0.45,0.1,50,1.5,0.06,2,0.6851049595862889
3492,random,degree,3523470,100,240,0.03,3,0.45,0.1,50,1.5,0.06,1,0.7225315800457339
3493,random,degree,3524479,100,241,0.03,3,0.45,0.1,50,1.5,0.03,0,0.8031910767402262
3494,random,degree,3525488,100,279,0.03,3,0.45,0.1,50,1.5,0.04,1,0.7488234436645533
3495,random,degree,3526497,100,257,0.03,3,0.45,0.1,50,1.5,0.07,2,0.7121965809047686
3496,random,degree,3527506,100,211,0.03,3,0.45,0.1,50,1.5,0.07,1,0.7708233587511132
3497,random,degree,3528515,100,231,0.03,3,0.45,0.1,50,1.5,0.06,2,0.729462265742811
3498,random,degree,3529524,100,263,0.03,3,0.45,0.1,50,1.5,0.08,3,0.6363462606859932
3499,random,degree,3530533,100,222,0.03,3,0.45,0.1,50,1.5,0.04,1,0.7793753045406584
3500,random,degree,3531542,100,234,0.03,3,0.45,0.1,50,1.5,0.06,1,0.7513235259101743
3501,random,degree,3532551,100,258,0.03,3,0.45,0.1,50,1.5,0.04,1,0.7407689862019453
3502,random,degree,3533560,100,234,0.03,3,0.45,0.1,50,1.5,0.04,1,0.7945506838497043
3503,random,degree,3534569,100,256,0.03,3,0.45,0.1,50,1.5,0.04,1,0.7568186193715395
3504,random,degree,3535578,100,270,0.03,3,0.45,0.1,50,1.5,0.04,1,0.7586888159457731
3505,random,degree,3536587,100,240,0.03,3,0.45,0.1,50,1.5,0.04,1,0.7883182502832528
3506,random,degree,3537596,100,253,0.03,3,0.45,0.1,50,1.5,0.04,1,0.7848584879323851
3507,random,degree,3538605,100,233,0.03,3,0.45,0.1,50,1.5,0.06,1,0.7503162229942221
3508,random,degree,3539614,100,247,0.03,3,0.45,0.1,50,1.5,0.04,1,0.7790443677529658
3509,random,degree,3540623,100,223,0.03,3,0.45,0.1,50,1.5,0.04,1,0.7898403357362144
3510,random,degree,3541632,100,265,0.03,3,0.45,0.1,50,1.5,0.04,1,0.7727717211963143
3511,random,degree,3542641,100,259,0.03,3,0.45,0.1,50,1.5,0.04,1,0.7725043676387873
3512,random,degree,3543650,100,209,0.03,3,0.45,0.1,50,1.5,0.06,1,0.7334433104507323
3513,random,degree,3544659,100,218,0.03,3,0.45,0.1,50,1.5,0.03,0,0.790699834813519
3514,random,degree,3545668,100,244,0.03,3,0.45,0.1,50,1.5,0.06,2,0.7244272304472613
3515,random,degree,3546677,100,256,0.03,3,0.45,0.1,50,1.5,0.05,1,0.6934098842715355
3516,random,degree,3547686,100,249,0.03,3,0.45,0.1,50,1.5,0.05,1,0.7508785619557864
3517,random,degree,3548695,100,248,0.03,3,0.45,0.1,50,1.5,0.06,1,0.7114493538522403
3518,random,degree,3549704,100,271,0.03,3,0.45,0.1,50,1.5,0.04,1,0.7488929133517592
3519,random,degree,3550713,100,246,0.03,3,0.45,0.1,50,1.5,0.04,1,0.7623607618610689
3520,random,degree,3551722,100,269,0.03,3,0.45,0.1,50,1.5,0.04,1,0.7784657860983601
3521,random,degree,3552731,100,256,0.03,3,0.45,0.1,50,1.5,0.05,1,0.7421537068334663
3522,random,degree,3553740,100,232,0.03,3,0.45,0.1,50,1.5,0.03,0,0.7662669350182593
3523,random,degree,3554749,100,246,0.03,3,0.45,0.1,50,1.5,0.05,1,0.7625365731529469
3524,random,degree,3555758,100,246,0.03,3,0.45,0.1,50,1.5,0.05,1,0.7443477276612155
3525,random,degree,3556767,100,254,0.03,3,0.45,0.1,50,1.5,0.04,1,0.7582299762267626
3526,random,degree,3557776,100,239,0.03,3,0.45,0.1,50,1.5,0.08,2,0.7056460143068933
3527,random,degree,3558785,100,255,0.03,3,0.45,0.1,50,1.5,0.06,1,0.7516824462797518
3528,random,degree,3559794,100,257,0.03,3,0.45,0.1,50,1.5,0.06,2,0.7169522752442411
3529,random,degree,3560803,100,241,0.03,3,0.45,0.1,50,1.5,0.03,0,0.7910252727756104
3530,random,degree,3561812,100,243,0.03,3,0.45,0.1,50,1.5,0.04,1,0.7381283000313871
3531,random,degree,3562821,100,242,0.03,3,0.45,0.1,50,1.5,0.05,1,0.7199543276527208
3532,random,degree,3563830,100,261,0.03,3,0.45,0.1,50,1.5,0.04,1,0.7689715264315332
3533,random,degree,3564839,100,240,0.03,3,0.45,0.1,50,1.5,0.07,3,0.677443828225268
3534,random,degree,3565848,100,243,0.03,3,0.45,0.1,50,1.5,0.06,1,0.7400587815256094
3535,random,degree,3566857,100,251,0.03,3,0.45,0.1,50,1.5,0.04,1,0.7595074744476614
3536,random,degree,3567866,100,262,0.03,3,0.45,0.1,50,1.5,0.04,1,0.7547531023569952
3537,random,degree,3568875,100,246,0.03,3,0.45,0.1,50,1.5,0.07,1,0.6908607771516827
3538,random,degree,3569884,100,247,0.03,3,0.45,0.1,50,1.5,0.07,1,0.7274160526326319
3539,random,degree,3570893,100,274,0.03,3,0.45,0.1,50,1.5,0.04,1,0.7211098384121094
3540,random,degree,3571902,100,232,0.03,3,0.45,0.1,50,1.5,0.07,2,0.7135631145039186
3541,random,degree,3572911,100,256,0.03,3,0.45,0.1,50,1.5,0.06,2,0.7400000288995863
3542,random,degree,3573920,100,241,0.03,3,0.45,0.1,50,1.5,0.1,3,0.6775714392421547
3543,random,degree,3574929,100,203,0.03,3,0.45,0.1,50,1.5,0.07,1,0.7337475412975294
3544,random,degree,3575938,100,234,0.03,3,0.45,0.1,50,1.5,0.12,4,0.6183403673990359
3545,random,degree,3576947,100,246,0.03,3,0.45,0.1,50,1.5,0.04,1,0.723308432281799
3546,random,degree,3577956,100,235,0.03,3,0.45,0.1,50,1.5,0.07,2,0.7176934229627338
3547,random,degree,3578965,100,233,0.03,3,0.45,0.1,50,1.5,0.08,2,0.6674950960179078
3548,random,degree,3579974,100,241,0.03,3,0.45,0.1,50,1.5,0.08,2,0.6684022187726583
3549,random,degree,3580983,100,244,0.03,3,0.45,0.1,50,1.5,0.03,0,0.7991232036736469
3550,random,degree,3581992,100,250,0.03,3,0.45,0.1,50,1.5,0.04,1,0.7791767449587841
3551,random,degree,3583001,100,242,0.03,3,0.45,0.1,50,1.5,0.08,2,0.7271197910717874
3552,random,degree,3584010,100,256,0.03,3,0.45,0.1,50,1.5,0.04,1,0.7756953905505095
3553,random,degree,3585019,100,238,0.03,3,0.45,0.1,50,1.5,0.06,2,0.7097106384614157
3554,random,degree,3586028,100,249,0.03,3,0.45,0.1,50,1.5,0.06,3,0.7298362651223085
3555,random,degree,3587037,100,232,0.03,3,0.45,0.1,50,1.5,0.04,1,0.7802577371009104
3556,random,degree,3588046,100,264,0.03,3,0.45,0.1,50,1.5,0.04,1,0.7623075789545929
3557,random,degree,3589055,100,233,0.03,3,0.45,0.1,50,1.5,0.05,1,0.7525028173274237
3558,random,degree,3590064,100,270,0.03,3,0.45,0.1,50,1.5,0.07,2,0.6746481585527088
3559,random,degree,3591073,100,262,0.03,3,0.45,0.1,50,1.5,0.06,2,0.7127730800425665
3560,random,degree,3592082,100,262,0.03,3,0.45,0.1,50,1.5,0.03,0,0.8109486919196706
3561,random,degree,3593091,100,239,0.03,3,0.45,0.1,50,1.5,0.05,1,0.7495276965510814
3562,random,degree,3594100,100,238,0.03,3,0.45,0.1,50,1.5,0.12,3,0.6209749632415837
3563,random,degree,3595109,100,256,0.03,3,0.45,0.1,50,1.5,0.05,1,0.7436071713030765
3564,random,degree,3596118,100,250,0.03,3,0.45,0.1,50,1.5,0.06,1,0.7438971757970835
3565,random,degree,3597127,100,243,0.03,3,0.45,0.1,50,1.5,0.07,1,0.7048034157051114
3566,random,degree,3598136,100,252,0.03,3,0.45,0.1,50,1.5,0.06,1,0.7411697549879624
3567,random,degree,3599145,100,230,0.03,3,0.45,0.1,50,1.5,0.05,1,0.7574654415627708
3568,random,degree,3600154,100,243,0.03,3,0.45,0.1,50,1.5,0.03,0,0.7930330977507329
3569,random,degree,3601163,100,276,0.03,3,0.45,0.1,50,1.5,0.06,2,0.7035377932622928
3570,random,degree,3602172,100,239,0.03,3,0.45,0.1,50,1.5,0.05,1,0.7625242900562266
3571,random,degree,3603181,100,277,0.03,3,0.45,0.1,50,1.5,0.04,1,0.7372576901158673
3572,random,degree,3604190,100,224,0.03,3,0.45,0.1,50,1.5,0.03,0,0.7957302431920197
3573,random,degree,3605199,100,240,0.03,3,0.45,0.1,50,1.5,0.06,1,0.721456954071439
3574,random,degree,3606208,100,254,0.03,3,0.45,0.1,50,1.5,0.03,0,0.7928627442693654
3575,random,degree,3607217,100,277,0.03,3,0.45,0.1,50,1.5,0.06,1,0.7163656974083082
3576,random,degree,3608226,100,266,0.03,3,0.45,0.1,50,1.5,0.06,1,0.7074790882657954
3577,random,degree,3609235,100,224,0.03,3,0.45,0.1,50,1.5,0.05,1,0.7235322217211955
3578,random,degree,3610244,100,238,0.03,3,0.45,0.1,50,1.5,0.09,2,0.6805063790992075
3579,random,degree,3611253,100,251,0.03,3,0.45,0.1,50,1.5,0.06,1,0.7127694870964701
3580,random,degree,3612262,100,262,0.03,3,0.45,0.1,50,1.5,0.03,0,0.7979195387491574
3581,random,degree,3613271,100,242,0.03,3,0.45,0.1,50,1.5,0.07,1,0.7320490250317048
3582,random,degree,3614280,100,248,0.03,3,0.45,0.1,50,1.5,0.05,1,0.7658281977877952
3583,random,degree,3615289,100,227,0.03,3,0.45,0.1,50,1.5,0.08,1,0.633735988426864
3584,random,degree,3616298,100,245,0.03,3,0.45,0.1,50,1.5,0.05,1,0.7146354965163783
3585,random,degree,3617307,100,232,0.03,3,0.45,0.1,50,1.5,0.09,1,0.6466583037335936
3586,random,degree,3618316,100,249,0.03,3,0.45,0.1,50,1.5,0.07,1,0.7087855802849716
3587,random,degree,3619325,100,252,0.03,3,0.45,0.1,50,1.5,0.06,1,0.734603229702001
3588,random,degree,3620334,100,254,0.03,3,0.45,0.1,50,1.5,0.04,1,0.7847808842558329
3589,random,degree,3621343,100,263,0.03,3,0.45,0.1,50,1.5,0.08,2,0.6734706776361333
3590,random,degree,3622352,100,211,0.03,3,0.45,0.1,50,1.5,0.08,2,0.7150842836460871
3591,random,degree,3623361,100,253,0.03,3,0.45,0.1,50,1.5,0.04,1,0.7803770341113279
3592,random,degree,3624370,100,239,0.03,3,0.45,0.1,50,1.5,0.04,1,0.7604777841558613
3593,random,degree,3625379,100,257,0.03,3,0.45,0.1,50,1.5,0.06,2,0.7274407136018036
3594,random,degree,3626388,100,233,0.03,3,0.45,0.1,50,1.5,0.05,2,0.7793233480590397
3595,random,degree,3627397,100,228,0.03,3,0.45,0.1,50,1.5,0.04,1,0.7743903752861484
3596,random,degree,3628406,100,275,0.03,3,0.45,0.1,50,1.5,0.04,1,0.7579086272217092
3597,random,degree,3629415,100,264,0.03,3,0.45,0.1,50,1.5,0.04,1,0.7264746368431756
3598,random,degree,3630424,100,248,0.03,3,0.45,0.1,50,1.5,0.05,2,0.717358600293154
3599,random,degree,3631433,100,269,0.03,3,0.45,0.1,50,1.5,0.05,1,0.7535552333928234
3600,random,degree,3632442,100,244,0.03,3,0.45,0.1,50,1.5,0.05,1,0.7293169796518512
3601,random,degree,3633451,100,277,0.03,3,0.45,0.1,50,1.5,0.08,2,0.6325187516398657
3602,random,degree,3634460,100,255,0.03,3,0.45,0.1,50,1.5,0.05,1,0.735351756069423
3603,random,degree,3635469,100,265,0.03,3,0.45,0.1,50,1.5,0.07,2,0.6963550640504553
3604,random,degree,3636478,100,245,0.03,3,0.45,0.1,50,1.5,0.06,1,0.7239767321197018
3605,random,degree,3637487,100,248,0.03,3,0.45,0.1,50,1.5,0.06,3,0.6736991132322468
3606,random,degree,3638496,100,261,0.03,3,0.45,0.1,50,1.5,0.05,1,0.7675151949923656
3607,random,degree,3639505,100,241,0.03,3,0.45,0.1,50,1.5,0.04,1,0.7894581885294942
3608,random,degree,3640514,100,265,0.03,3,0.45,0.1,50,1.5,0.03,0,0.7882347767527724
3609,random,degree,3641523,100,260,0.03,3,0.45,0.1,50,1.5,0.05,1,0.7071356237247663
3610,random,degree,3642532,100,262,0.03,3,0.45,0.1,50,1.5,0.05,1,0.7492932485547066
3611,random,degree,3643541,100,254,0.03,3,0.45,0.1,50,1.5,0.07,2,0.717463913821986
3612,random,degree,3644550,100,273,0.03,3,0.45,0.1,50,1.5,0.05,1,0.667127088926815
3613,random,degree,3645559,100,232,0.03,3,0.45,0.1,50,1.5,0.06,1,0.7775708397581922
3614,random,degree,3646568,100,249,0.03,3,0.45,0.1,50,1.5,0.09,3,0.6537079892123936
3615,random,degree,3647577,100,252,0.03,3,0.45,0.1,50,1.5,0.07,1,0.6930562572728163
3616,random,degree,3648586,100,250,0.03,3,0.45,0.1,50,1.5,0.07,2,0.7184521194406397
3617,random,degree,3649595,100,236,0.03,3,0.45,0.1,50,1.5,0.04,1,0.7893381188588928
3618,random,degree,3650604,100,246,0.03,3,0.45,0.1,50,1.5,0.06,2,0.7518595985860606
3619,random,degree,3651613,100,229,0.03,3,0.45,0.1,50,1.5,0.1,1,0.6309777034685319
3620,random,degree,3652622,100,243,0.03,3,0.45,0.1,50,1.5,0.04,1,0.7618072603081735
3621,random,degree,3653631,100,241,0.03,3,0.45,0.1,50,1.5,0.1,2,0.6104364119152654
3622,random,degree,3654640,100,246,0.03,3,0.45,0.1,50,1.5,0.04,1,0.7962967578420674
3623,random,degree,3655649,100,224,0.03,3,0.45,0.1,50,1.5,0.08,3,0.699983221747348
3624,random,degree,3656658,100,271,0.03,3,0.45,0.1,50,1.5,0.06,1,0.6951467679183075
3625,random,degree,3657667,100,246,0.03,3,0.45,0.1,50,1.5,0.13,4,0.5670093286024867
3626,random,degree,3658676,100,264,0.03,3,0.45,0.1,50,1.5,0.03,0,0.7824246889402038
3627,random,degree,3659685,100,259,0.03,3,0.45,0.1,50,1.5,0.09,2,0.6668273859808252
3628,random,degree,3660694,100,255,0.03,3,0.45,0.1,50,1.5,0.05,1,0.7826461622281283
3629,random,degree,3661703,100,260,0.03,3,0.45,0.1,50,1.5,0.06,2,0.7353016135391591
3630,random,degree,3662712,100,236,0.03,3,0.45,0.1,50,1.5,0.12,2,0.5780162187356618
3631,random,degree,3663721,100,267,0.03,3,0.45,0.1,50,1.5,0.08,2,0.6013958439995375
3632,random,degree,3664730,100,248,0.03,3,0.45,0.1,50,1.5,0.07,2,0.6779094567719686
3633,random,degree,3665739,100,231,0.03,3,0.45,0.1,50,1.5,0.09,2,0.6696024463858075
3634,random,degree,3666748,100,267,0.03,3,0.45,0.1,50,1.5,0.06,2,0.7546690871487614
3635,random,degree,3667757,100,261,0.03,3,0.45,0.1,50,1.5,0.03,0,0.7918267195179673
3636,random,degree,3668766,100,298,0.03,3,0.45,0.1,50,1.5,0.04,1,0.7573013355921641
3637,random,degree,3669775,100,245,0.03,3,0.45,0.1,50,1.5,0.06,1,0.7483003517231321
3638,random,degree,3670784,100,233,0.03,3,0.45,0.1,50,1.5,0.04,1,0.7530442634620251
3639,random,degree,3671793,100,240,0.03,3,0.45,0.1,50,1.5,0.06,1,0.7153785708601178
3640,random,degree,3672802,100,240,0.03,3,0.45,0.1,50,1.5,0.08,2,0.6531046860538016
3641,random,degree,3673811,100,280,0.03,3,0.45,0.1,50,1.5,0.04,1,0.7273809407620858
3642,random,degree,3674820,100,252,0.03,3,0.45,0.1,50,1.5,0.04,1,0.75885848527573
3643,random,degree,3675829,100,232,0.03,3,0.45,0.1,50,1.5,0.06,2,0.7369961247838145
3644,random,degree,3676838,100,244,0.03,3,0.45,0.1,50,1.5,0.04,1,0.7564422732990814
3645,random,degree,3677847,100,261,0.03,3,0.45,0.1,50,1.5,0.08,2,0.616397615452413
3646,random,degree,3678856,100,247,0.03,3,0.45,0.1,50,1.5,0.05,1,0.7254003008984695
3647,random,degree,3679865,100,259,0.03,3,0.45,0.1,50,1.5,0.05,1,0.7367595434488243
3648,random,degree,3680874,100,213,0.03,3,0.45,0.1,50,1.5,0.1,2,0.6544157159692244
3649,random,degree,3681883,100,256,0.03,3,0.45,0.1,50,1.5,0.04,1,0.7546014538437598
3650,random,degree,3682892,100,258,0.03,3,0.45,0.1,50,1.5,0.05,1,0.7133114305460155
3651,random,degree,3683901,100,238,0.03,3,0.45,0.1,50,1.5,0.05,1,0.744450344397798
3652,random,degree,3684910,100,240,0.03,3,0.45,0.1,50,1.5,0.08,2,0.7095888615229786
3653,random,degree,3685919,100,229,0.03,3,0.45,0.1,50,1.5,0.06,1,0.7116829881054848
3654,random,degree,3686928,100,270,0.03,3,0.45,0.1,50,1.5,0.04,1,0.7494264544630719
3655,random,degree,3687937,100,223,0.03,3,0.45,0.1,50,1.5,0.07,2,0.6957710976135021
3656,random,degree,3688946,100,260,0.03,3,0.45,0.1,50,1.5,0.05,1,0.7284009299486882
3657,random,degree,3689955,100,259,0.03,3,0.45,0.1,50,1.5,0.08,2,0.619724751907602
3658,random,degree,3690964,100,242,0.03,3,0.45,0.1,50,1.5,0.09,2,0.6762225030286855
3659,random,degree,3691973,100,257,0.03,3,0.45,0.1,50,1.5,0.04,1,0.8013310304070448
3660,random,degree,3692982,100,231,0.03,3,0.45,0.1,50,1.5,0.1,2,0.6178311451496733
3661,random,degree,3693991,100,246,0.03,3,0.45,0.1,50,1.5,0.04,1,0.7443467225423784
3662,random,degree,3695000,100,277,0.03,3,0.45,0.1,50,1.5,0.06,2,0.6771410189508973
3663,random,degree,3696009,100,268,0.03,3,0.45,0.1,50,1.5,0.03,0,0.7820709360327737
3664,random,degree,3697018,100,235,0.03,3,0.45,0.1,50,1.5,0.03,0,0.7837456229621895
3665,random,degree,3698027,100,249,0.03,3,0.45,0.1,50,1.5,0.05,1,0.7170123798485286
3666,random,degree,3699036,100,261,0.03,3,0.45,0.1,50,1.5,0.07,3,0.7264562872662982
3667,random,degree,3700045,100,246,0.03,3,0.45,0.1,50,1.5,0.05,2,0.7473910501539989
3668,random,degree,3701054,100,246,0.03,3,0.45,0.1,50,1.5,0.04,1,0.7758569748165639
3669,random,degree,3702063,100,254,0.03,3,0.45,0.1,50,1.5,0.04,1,0.7478122451622093
3670,random,degree,3703072,100,225,0.03,3,0.45,0.1,50,1.5,0.15,6,0.545351800089335
3671,random,degree,3704081,100,260,0.03,3,0.45,0.1,50,1.5,0.07,2,0.6878951634398442
3672,random,degree,3705090,100,247,0.03,3,0.45,0.1,50,1.5,0.05,1,0.742059884797101
3673,random,degree,3706099,100,235,0.03,3,0.45,0.1,50,1.5,0.1,5,0.6362218779143589
3674,random,degree,3707108,100,272,0.03,3,0.45,0.1,50,1.5,0.08,2,0.6649165153242724
3675,random,degree,3708117,100,243,0.03,3,0.45,0.1,50,1.5,0.07,2,0.6433529354284183
3676,random,degree,3709126,100,222,0.03,3,0.45,0.1,50,1.5,0.05,1,0.7382859554109683
3677,random,degree,3710135,100,257,0.03,3,0.45,0.1,50,1.5,0.05,1,0.704207174206392
3678,random,degree,3711144,100,256,0.03,3,0.45,0.1,50,1.5,0.04,1,0.7617308085700364
3679,random,degree,3712153,100,261,0.03,3,0.45,0.1,50,1.5,0.04,1,0.7739223280623337
3680,random,degree,3713162,100,239,0.03,3,0.45,0.1,50,1.5,0.05,1,0.7203555689199774
3681,random,degree,3714171,100,232,0.03,3,0.45,0.1,50,1.5,0.03,0,0.8002115485828585
3682,random,degree,3715180,100,263,0.03,3,0.45,0.1,50,1.5,0.05,1,0.7261672301949178
3683,random,degree,3716189,100,240,0.03,3,0.45,0.1,50,1.5,0.06,3,0.7133719177278269
3684,random,degree,3717198,100,278,0.03,3,0.45,0.1,50,1.5,0.06,1,0.6905213989324316
3685,random,degree,3718207,100,250,0.03,3,0.45,0.1,50,1.5,0.07,2,0.6789996742057495
3686,random,degree,3719216,100,261,0.03,3,0.45,0.1,50,1.5,0.06,2,0.6836103645872366
3687,random,degree,3720225,100,234,0.03,3,0.45,0.1,50,1.5,0.04,1,0.776819140731861
3688,random,degree,3721234,100,245,0.03,3,0.45,0.1,50,1.5,0.03,0,0.8113088797586255
3689,random,degree,3722243,100,276,0.03,3,0.45,0.1,50,1.5,0.04,1,0.7525079214020715
3690,random,degree,3723252,100,243,0.03,3,0.45,0.1,50,1.5,0.07,3,0.6899847571924368
3691,random,degree,3724261,100,224,0.03,3,0.45,0.1,50,1.5,0.05,1,0.7347312105321467
3692,random,degree,3725270,100,267,0.03,3,0.45,0.1,50,1.5,0.07,2,0.6742239455269111
3693,random,degree,3726279,100,242,0.03,3,0.45,0.1,50,1.5,0.04,1,0.7592295398871851
3694,random,degree,3727288,100,231,0.03,3,0.45,0.1,50,1.5,0.06,2,0.7535055466216467
3695,random,degree,3728297,100,240,0.03,3,0.45,0.1,50,1.5,0.05,1,0.765119844226954
3696,random,degree,3729306,100,249,0.03,3,0.45,0.1,50,1.5,0.04,1,0.7653431849455385
3697,random,degree,3730315,100,240,0.03,3,0.45,0.1,50,1.5,0.06,2,0.7496052879625033
3698,random,degree,3731324,100,229,0.03,3,0.45,0.1,50,1.5,0.03,0,0.8125823942211301
3699,random,degree,3732333,100,274,0.03,3,0.45,0.1,50,1.5,0.03,0,0.7629489177134104
3700,random,degree,3733342,100,230,0.03,3,0.45,0.1,50,1.5,0.03,0,0.7538800703335183
3701,random,degree,3734351,100,260,0.03,3,0.45,0.1,50,1.5,0.07,1,0.6887032479586888
3702,random,degree,3735360,100,240,0.03,3,0.45,0.1,50,1.5,0.04,1,0.7819840592567023
3703,random,degree,3736369,100,262,0.03,3,0.45,0.1,50,1.5,0.03,0,0.800560372363957
3704,random,degree,3737378,100,226,0.03,3,0.45,0.1,50,1.5,0.07,1,0.6872436609531885
3705,random,degree,3738387,100,238,0.03,3,0.45,0.1,50,1.5,0.05,1,0.7413414417044061
3706,random,degree,3739396,100,228,0.03,3,0.45,0.1,50,1.5,0.05,1,0.7514613791754893
3707,random,degree,3740405,100,278,0.03,3,0.45,0.1,50,1.5,0.04,1,0.7552528758126267
3708,random,degree,3741414,100,274,0.03,3,0.45,0.1,50,1.5,0.07,3,0.6763908684752801
3709,random,degree,3742423,100,267,0.03,3,0.45,0.1,50,1.5,0.03,0,0.7757398642648452
3710,random,degree,3743432,100,243,0.03,3,0.45,0.1,50,1.5,0.05,1,0.7439895280516756
3711,random,degree,3744441,100,262,0.03,3,0.45,0.1,50,1.5,0.04,1,0.7585772718430004
3712,random,degree,3745450,100,234,0.03,3,0.45,0.1,50,1.5,0.07,1,0.693240208355368
3713,random,degree,3746459,100,253,0.03,3,0.45,0.1,50,1.5,0.1,4,0.6446813120435282
3714,random,degree,3747468,100,261,0.03,3,0.45,0.1,50,1.5,0.04,1,0.7553930593881749
3715,random,degree,3748477,100,245,0.03,3,0.45,0.1,50,1.5,0.06,2,0.6825666728742896
3716,random,degree,3749486,100,253,0.03,3,0.45,0.1,50,1.5,0.03,0,0.8024070255967519
3717,random,degree,3750495,100,253,0.03,3,0.45,0.1,50,1.5,0.04,1,0.7824963363808624
3718,random,degree,3751504,100,236,0.03,3,0.45,0.1,50,1.5,0.06,1,0.7233022079036546
3719,random,degree,3752513,100,244,0.03,3,0.45,0.1,50,1.5,0.03,0,0.7996997311450803
3720,random,degree,3753522,100,211,0.03,3,0.45,0.1,50,1.5,0.05,1,0.7663845902452093
3721,random,degree,3754531,100,247,0.03,3,0.45,0.1,50,1.5,0.13,4,0.5079407655750067
3722,random,degree,3755540,100,245,0.03,3,0.45,0.1,50,1.5,0.07,2,0.7332130697437705
3723,random,degree,3756549,100,225,0.03,3,0.45,0.1,50,1.5,0.11,5,0.5803352837449123
3724,random,degree,3757558,100,235,0.03,3,0.45,0.1,50,1.5,0.04,1,0.7852897368907299
3725,random,degree,3758567,100,257,0.03,3,0.45,0.1,50,1.5,0.06,2,0.7149136829429309
3726,random,degree,3759576,100,250,0.03,3,0.45,0.1,50,1.5,0.1,2,0.6200994425134966
3727,random,degree,3760585,100,264,0.03,3,0.45,0.1,50,1.5,0.12,2,0.5555275489613087
3728,random,degree,3761594,100,219,0.03,3,0.45,0.1,50,1.5,0.05,1,0.7585930510729021
3729,random,degree,3762603,100,243,0.03,3,0.45,0.1,50,1.5,0.05,1,0.7713894603033523
3730,random,degree,3763612,100,262,0.03,3,0.45,0.1,50,1.5,0.05,1,0.6859637452428546
3731,random,degree,3764621,100,234,0.03,3,0.45,0.1,50,1.5,0.04,1,0.761998513708926
3732,random,degree,3765630,100,242,0.03,3,0.45,0.1,50,1.5,0.04,1,0.755668161242071
3733,random,degree,3766639,100,233,0.03,3,0.45,0.1,50,1.5,0.05,1,0.7546571389192362
3734,random,degree,3767648,100,256,0.03,3,0.45,0.1,50,1.5,0.08,1,0.6507046653540517
3735,random,degree,3768657,100,262,0.03,3,0.45,0.1,50,1.5,0.05,2,0.7336636224320021
3736,random,degree,3769666,100,247,0.03,3,0.45,0.1,50,1.5,0.04,1,0.7455224630020867
3737,random,degree,3770675,100,221,0.03,3,0.45,0.1,50,1.5,0.04,1,0.7959627318048628
3738,random,degree,3771684,100,231,0.03,3,0.45,0.1,50,1.5,0.06,1,0.7301258207139047
3739,random,degree,3772693,100,264,0.03,3,0.45,0.1,50,1.5,0.07,2,0.7028987802080694
3740,random,degree,3773702,100,237,0.03,3,0.45,0.1,50,1.5,0.1,2,0.5873035910158939
3741,random,degree,3774711,100,260,0.03,3,0.45,0.1,50,1.5,0.07,1,0.7025300552460445
3742,random,degree,3775720,100,240,0.03,3,0.45,0.1,50,1.5,0.03,0,0.7937976046978568
3743,random,degree,3776729,100,254,0.03,3,0.45,0.1,50,1.5,0.03,0,0.8130874837304857
3744,random,degree,3777738,100,259,0.03,3,0.45,0.1,50,1.5,0.04,1,0.7434973604653702
3745,random,degree,3778747,100,255,0.03,3,0.45,0.1,50,1.5,0.09,3,0.6785560572048556
3746,random,degree,3779756,100,247,0.03,3,0.45,0.1,50,1.5,0.05,1,0.7547926527624824
3747,random,degree,3780765,100,239,0.03,3,0.45,0.1,50,1.5,0.06,2,0.6995785684770465
3748,random,degree,3781774,100,234,0.03,3,0.45,0.1,50,1.5,0.13,3,0.5784539724128797
3749,random,degree,3782783,100,260,0.03,3,0.45,0.1,50,1.5,0.04,1,0.7822591973484538
3750,random,degree,3783792,100,251,0.03,3,0.45,0.1,50,1.5,0.06,2,0.6846623541274467
3751,random,degree,3784801,100,231,0.03,3,0.45,0.1,50,1.5,0.09,2,0.6883484149345452
3752,random,degree,3785810,100,254,0.03,3,0.45,0.1,50,1.5,0.03,0,0.7921546394096606
3753,random,degree,3786819,100,243,0.03,3,0.45,0.1,50,1.5,0.04,1,0.7370300719604403
3754,random,degree,3787828,100,221,0.03,3,0.45,0.1,50,1.5,0.06,1,0.7301674997454612
3755,random,degree,3788837,100,277,0.03,3,0.45,0.1,50,1.5,0.07,1,0.6884402870432684
3756,random,degree,3789846,100,218,0.03,3,0.45,0.1,50,1.5,0.05,1,0.7357431812867848
3757,random,degree,3790855,100,232,0.03,3,0.45,0.1,50,1.5,0.04,1,0.757952312355541
3758,random,degree,3791864,100,239,0.03,3,0.45,0.1,50,1.5,0.04,1,0.7888216699459206
3759,random,degree,3792873,100,268,0.03,3,0.45,0.1,50,1.5,0.05,2,0.7121219342673256
3760,random,degree,3793882,100,232,0.03,3,0.45,0.1,50,1.5,0.09,2,0.6446690830960691
3761,random,degree,3794891,100,230,0.03,3,0.45,0.1,50,1.5,0.03,0,0.791761939355077
3762,random,degree,3795900,100,246,0.03,3,0.45,0.1,50,1.5,0.03,0,0.7990942407062069
3763,random,degree,3796909,100,250,0.03,3,0.45,0.1,50,1.5,0.06,1,0.732395156651469
3764,random,degree,3797918,100,257,0.03,3,0.45,0.1,50,1.5,0.04,1,0.7574850686273792
3765,random,degree,3798927,100,280,0.03,3,0.45,0.1,50,1.5,0.05,1,0.7457091645764047
3766,random,degree,3799936,100,260,0.03,3,0.45,0.1,50,1.5,0.05,1,0.7446555171517291
3767,random,degree,3800945,100,244,0.03,3,0.45,0.1,50,1.5,0.08,3,0.7190939771028864
3768,random,degree,3801954,100,231,0.03,3,0.45,0.1,50,1.5,0.05,1,0.7694662349363093
3769,random,degree,3802963,100,242,0.03,3,0.45,0.1,50,1.5,0.05,1,0.7655900035870052
3770,random,degree,3803972,100,255,0.03,3,0.45,0.1,50,1.5,0.05,2,0.7559403429753279
3771,random,degree,3804981,100,265,0.03,3,0.45,0.1,50,1.5,0.1,1,0.6545083659327438
3772,random,degree,3805990,100,238,0.03,3,0.45,0.1,50,1.5,0.04,1,0.7832509252947631
3773,random,degree,3806999,100,255,0.03,3,0.45,0.1,50,1.5,0.03,0,0.8185567248555684
3774,random,degree,3808008,100,242,0.03,3,0.45,0.1,50,1.5,0.04,1,0.7592187639131648
3775,random,degree,3809017,100,244,0.03,3,0.45,0.1,50,1.5,0.05,1,0.7318930586495662
3776,random,degree,3810026,100,248,0.03,3,0.45,0.1,50,1.5,0.03,0,0.7726162215905653
3777,random,degree,3811035,100,244,0.03,3,0.45,0.1,50,1.5,0.04,1,0.7586492224023031
3778,random,degree,3812044,100,236,0.03,3,0.45,0.1,50,1.5,0.07,2,0.7179731910880989
3779,random,degree,3813053,100,271,0.03,3,0.45,0.1,50,1.5,0.03,0,0.7810481865536669
3780,random,degree,3814062,100,259,0.03,3,0.45,0.1,50,1.5,0.05,1,0.757741333676415
3781,random,degree,3815071,100,230,0.03,3,0.45,0.1,50,1.5,0.06,1,0.7213645787700164
3782,random,degree,3816080,100,281,0.03,3,0.45,0.1,50,1.5,0.05,1,0.7301428836439319
3783,random,degree,3817089,100,262,0.03,3,0.45,0.1,50,1.5,0.03,0,0.7633730637301481
3784,random,degree,3818098,100,243,0.03,3,0.45,0.1,50,1.5,0.09,2,0.6374945830501741
3785,random,degree,3819107,100,239,0.03,3,0.45,0.1,50,1.5,0.1,2,0.5975918615025553
3786,random,degree,3820116,100,242,0.03,3,0.45,0.1,50,1.5,0.03,0,0.8085943328012024
3787,random,degree,3821125,100,270,0.03,3,0.45,0.1,50,1.5,0.03,0,0.7775159587381744
3788,random,degree,3822134,100,249,0.03,3,0.45,0.1,50,1.5,0.03,0,0.7619645831916424
3789,random,degree,3823143,100,244,0.03,3,0.45,0.1,50,1.5,0.05,1,0.7777870688069487
3790,random,degree,3824152,100,241,0.03,3,0.45,0.1,50,1.5,0.05,1,0.7348119596192226
3791,random,degree,3825161,100,239,0.03,3,0.45,0.1,50,1.5,0.06,2,0.6555276716726344
3792,random,degree,3826170,100,227,0.03,3,0.45,0.1,50,1.5,0.06,1,0.7628091388098288
3793,random,degree,3827179,100,227,0.03,3,0.45,0.1,50,1.5,0.06,2,0.7312609804641065
3794,random,degree,3828188,100,269,0.03,3,0.45,0.1,50,1.5,0.04,1,0.7629496122465308
3795,random,degree,3829197,100,255,0.03,3,0.45,0.1,50,1.5,0.03,0,0.791675578336642
3796,random,degree,3830206,100,274,0.03,3,0.45,0.1,50,1.5,0.04,1,0.7620252699066044
3797,random,degree,3831215,100,247,0.03,3,0.45,0.1,50,1.5,0.04,1,0.7705716147415468
3798,random,degree,3832224,100,240,0.03,3,0.45,0.1,50,1.5,0.05,1,0.7231679861634119
3799,random,degree,3833233,100,228,0.03,3,0.45,0.1,50,1.5,0.03,0,0.804986125381815
3800,random,degree,3834242,100,271,0.03,3,0.45,0.1,50,1.5,0.05,1,0.7306493344251151
3801,random,degree,3835251,100,230,0.03,3,0.45,0.1,50,1.5,0.06,1,0.7262212363202929
3802,random,degree,3836260,100,255,0.03,3,0.45,0.1,50,1.5,0.07,2,0.7035192889088726
3803,random,degree,3837269,100,243,0.03,3,0.45,0.1,50,1.5,0.05,1,0.7277689386291887
3804,random,degree,3838278,100,270,0.03,3,0.45,0.1,50,1.5,0.03,0,0.7722327209635824
3805,random,degree,3839287,100,243,0.03,3,0.45,0.1,50,1.5,0.06,2,0.733386802118369
3806,random,degree,3840296,100,271,0.03,3,0.45,0.1,50,1.5,0.05,1,0.7038824994484167
3807,random,degree,3841305,100,206,0.03,3,0.45,0.1,50,1.5,0.07,1,0.717085306095028
3808,random,degree,3842314,100,260,0.03,3,0.45,0.1,50,1.5,0.04,1,0.7827854440842625
3809,random,degree,3843323,100,255,0.03,3,0.45,0.1,50,1.5,0.05,1,0.7261627254433606
3810,random,degree,3844332,100,208,0.03,3,0.45,0.1,50,1.5,0.05,1,0.7719323596135574
3811,random,degree,3845341,100,248,0.03,3,0.45,0.1,50,1.5,0.05,1,0.7484870137783805
3812,random,degree,3846350,100,239,0.03,3,0.45,0.1,50,1.5,0.06,1,0.7339240115575657
3813,random,degree,3847359,100,246,0.03,3,0.45,0.1,50,1.5,0.05,1,0.7689110113204692
3814,random,degree,3848368,100,248,0.03,3,0.45,0.1,50,1.5,0.05,1,0.7549267888122174
3815,random,degree,3849377,100,253,0.03,3,0.45,0.1,50,1.5,0.04,1,0.746793741481761
3816,random,degree,3850386,100,241,0.03,3,0.45,0.1,50,1.5,0.09,4,0.6396756482853526
3817,random,degree,3851395,100,256,0.03,3,0.45,0.1,50,1.5,0.06,1,0.697518672364365
3818,random,degree,3852404,100,214,0.03,3,0.45,0.1,50,1.5,0.04,1,0.8087808107261176
3819,random,degree,3853413,100,236,0.03,3,0.45,0.1,50,1.5,0.07,2,0.6992603943035807
3820,random,degree,3854422,100,253,0.03,3,0.45,0.1,50,1.5,0.03,0,0.7982311655710465
3821,random,degree,3855431,100,244,0.03,3,0.45,0.1,50,1.5,0.03,0,0.7882311143090276
3822,random,degree,3856440,100,235,0.03,3,0.45,0.1,50,1.5,0.16,3,0.5439503214858679
3823,random,degree,3857449,100,235,0.03,3,0.45,0.1,50,1.5,0.08,3,0.6563101623173941
3824,random,degree,3858458,100,260,0.03,3,0.45,0.1,50,1.5,0.12,7,0.5479674056610689
3825,random,degree,3859467,100,245,0.03,3,0.45,0.1,50,1.5,0.07,1,0.7137477899729543
3826,random,degree,3860476,100,246,0.03,3,0.45,0.1,50,1.5,0.03,0,0.8068488603512848
3827,random,degree,3861485,100,245,0.03,3,0.45,0.1,50,1.5,0.05,1,0.7521402587191471
3828,random,degree,3862494,100,267,0.03,3,0.45,0.1,50,1.5,0.06,2,0.7132079175600679
3829,random,degree,3863503,100,262,0.03,3,0.45,0.1,50,1.5,0.07,2,0.6898391853421177
3830,random,degree,3864512,100,255,0.03,3,0.45,0.1,50,1.5,0.05,1,0.7243609629803284
3831,random,degree,3865521,100,210,0.03,3,0.45,0.1,50,1.5,0.07,2,0.6949700731001207
3832,random,degree,3866530,100,242,0.03,3,0.45,0.1,50,1.5,0.08,1,0.6932950571658982
3833,random,degree,3867539,100,226,0.03,3,0.45,0.1,50,1.5,0.07,1,0.6937993990053106
3834,random,degree,3868548,100,276,0.03,3,0.45,0.1,50,1.5,0.05,1,0.7423081987123143
3835,random,degree,3869557,100,228,0.03,3,0.45,0.1,50,1.5,0.07,2,0.7065060149757213
3836,random,degree,3870566,100,250,0.03,3,0.45,0.1,50,1.5,0.08,2,0.6651857495036473
3837,random,degree,3871575,100,228,0.03,3,0.45,0.1,50,1.5,0.08,2,0.7342098457193316
3838,random,degree,3872584,100,231,0.03,3,0.45,0.1,50,1.5,0.03,0,0.7977463786732895
3839,random,degree,3873593,100,280,0.03,3,0.45,0.1,50,1.5,0.06,2,0.6736931670917613
3840,random,degree,3874602,100,241,0.03,3,0.45,0.1,50,1.5,0.05,1,0.7580858188945019
3841,random,degree,3875611,100,240,0.03,3,0.45,0.1,50,1.5,0.09,2,0.5857841863176312
3842,random,degree,3876620,100,241,0.03,3,0.45,0.1,50,1.5,0.1,3,0.6901047132990497
3843,random,degree,3877629,100,266,0.03,3,0.45,0.1,50,1.5,0.05,1,0.726851321523155
3844,random,degree,3878638,100,236,0.03,3,0.45,0.1,50,1.5,0.05,1,0.7987475736837099
3845,random,degree,3879647,100,235,0.03,3,0.45,0.1,50,1.5,0.04,1,0.7691391365598407
3846,random,degree,3880656,100,253,0.03,3,0.45,0.1,50,1.5,0.07,2,0.688245267270693
3847,random,degree,3881665,100,245,0.03,3,0.45,0.1,50,1.5,0.08,1,0.6638639351625032
3848,random,degree,3882674,100,257,0.03,3,0.45,0.1,50,1.5,0.09,2,0.6102612308936652
3849,random,degree,3883683,100,255,0.03,3,0.45,0.1,50,1.5,0.06,1,0.6830963329580917
3850,random,degree,3884692,100,237,0.03,3,0.45,0.1,50,1.5,0.06,2,0.728681035653894
3851,random,degree,3885701,100,238,0.03,3,0.45,0.1,50,1.5,0.04,1,0.7468673321351443
3852,random,degree,3886710,100,252,0.03,3,0.45,0.1,50,1.5,0.06,1,0.6398650282591282
3853,random,degree,3887719,100,270,0.03,3,0.45,0.1,50,1.5,0.05,1,0.7300124743440625
3854,random,degree,3888728,100,228,0.03,3,0.45,0.1,50,1.5,0.05,1,0.7726191077187198
3855,random,degree,3889737,100,260,0.03,3,0.45,0.1,50,1.5,0.05,1,0.7413607415737152
3856,random,degree,3890746,100,252,0.03,3,0.45,0.1,50,1.5,0.06,2,0.7141512330754778
3857,random,degree,3891755,100,222,0.03,3,0.45,0.1,50,1.5,0.03,0,0.7856523369435601
3858,random,degree,3892764,100,270,0.03,3,0.45,0.1,50,1.5,0.03,0,0.7916570348877996
3859,random,degree,3893773,100,240,0.03,3,0.45,0.1,50,1.5,0.05,1,0.7238461275011873
3860,random,degree,3894782,100,233,0.03,3,0.45,0.1,50,1.5,0.05,1,0.7241765702436582
3861,random,degree,3895791,100,239,0.03,3,0.45,0.1,50,1.5,0.03,0,0.816043363337786
3862,random,degree,3896800,100,244,0.03,3,0.45,0.1,50,1.5,0.05,1,0.7394424822912259
3863,random,degree,3897809,100,230,0.03,3,0.45,0.1,50,1.5,0.05,2,0.7432400905297294
3864,random,degree,3898818,100,247,0.03,3,0.45,0.1,50,1.5,0.06,2,0.7223738297300542
3865,random,degree,3899827,100,220,0.03,3,0.45,0.1,50,1.5,0.08,3,0.746173505131219
3866,random,degree,3900836,100,269,0.03,3,0.45,0.1,50,1.5,0.04,1,0.7207045459370386
3867,random,degree,3901845,100,234,0.03,3,0.45,0.1,50,1.5,0.09,2,0.6717849209748106
3868,random,degree,3902854,100,237,0.03,3,0.45,0.1,50,1.5,0.06,1,0.7384419735491696
3869,random,degree,3903863,100,241,0.03,3,0.45,0.1,50,1.5,0.04,1,0.7878870743209435
3870,random,degree,3904872,100,225,0.03,3,0.45,0.1,50,1.5,0.05,1,0.7366068502839241
3871,random,degree,3905881,100,247,0.03,3,0.45,0.1,50,1.5,0.07,2,0.7029213025835995
3872,random,degree,3906890,100,264,0.03,3,0.45,0.1,50,1.5,0.06,2,0.7611502300077634
3873,random,degree,3907899,100,246,0.03,3,0.45,0.1,50,1.5,0.06,1,0.7030574873199383
3874,random,degree,3908908,100,280,0.03,3,0.45,0.1,50,1.5,0.03,0,0.7732346406508736
3875,random,degree,3909917,100,275,0.03,3,0.45,0.1,50,1.5,0.11,2,0.5171339547807167
3876,random,degree,3910926,100,255,0.03,3,0.45,0.1,50,1.5,0.07,1,0.7188978141507418
3877,random,degree,3911935,100,249,0.03,3,0.45,0.1,50,1.5,0.04,1,0.7879244767324703
3878,random,degree,3912944,100,230,0.03,3,0.45,0.1,50,1.5,0.05,1,0.7569086088120041
3879,random,degree,3913953,100,266,0.03,3,0.45,0.1,50,1.5,0.06,1,0.7271222466789851
3880,random,degree,3914962,100,236,0.03,3,0.45,0.1,50,1.5,0.04,1,0.7570799832276865
3881,random,degree,3915971,100,257,0.03,3,0.45,0.1,50,1.5,0.06,1,0.7207509128735253
3882,random,degree,3916980,100,258,0.03,3,0.45,0.1,50,1.5,0.03,0,0.7698778030495734
3883,random,degree,3917989,100,216,0.03,3,0.45,0.1,50,1.5,0.07,2,0.7549989672992845
3884,random,degree,3918998,100,239,0.03,3,0.45,0.1,50,1.5,0.07,2,0.7035244131670341
3885,random,degree,3920007,100,249,0.03,3,0.45,0.1,50,1.5,0.06,1,0.7008847554155132
3886,random,degree,3921016,100,253,0.03,3,0.45,0.1,50,1.5,0.04,1,0.7896329821932144
3887,random,degree,3922025,100,269,0.03,3,0.45,0.1,50,1.5,0.06,1,0.7100416096239224
3888,random,degree,3923034,100,213,0.03,3,0.45,0.1,50,1.5,0.06,1,0.7216413787860194
3889,random,degree,3924043,100,265,0.03,3,0.45,0.1,50,1.5,0.06,1,0.718979975248902
3890,random,degree,3925052,100,263,0.03,3,0.45,0.1,50,1.5,0.06,2,0.7291594617003871
3891,random,degree,3926061,100,241,0.03,3,0.45,0.1,50,1.5,0.04,1,0.8007011501091911
3892,random,degree,3927070,100,262,0.03,3,0.45,0.1,50,1.5,0.05,2,0.7251902409981014
3893,random,degree,3928079,100,245,0.03,3,0.45,0.1,50,1.5,0.03,0,0.8018121902863857
3894,random,degree,3929088,100,231,0.03,3,0.45,0.1,50,1.5,0.05,2,0.7524662513777095
3895,random,degree,3930097,100,243,0.03,3,0.45,0.1,50,1.5,0.04,1,0.7633322115746083
3896,random,degree,3931106,100,255,0.03,3,0.45,0.1,50,1.5,0.07,2,0.6641918054435653
3897,random,degree,3932115,100,240,0.03,3,0.45,0.1,50,1.5,0.05,1,0.7442448044549781
3898,random,degree,3933124,100,259,0.03,3,0.45,0.1,50,1.5,0.06,1,0.720212381122189
3899,random,degree,3934133,100,253,0.03,3,0.45,0.1,50,1.5,0.08,2,0.6799677371301456
3900,random,degree,3935142,100,219,0.03,3,0.45,0.1,50,1.5,0.04,1,0.7664711983146492
3901,random,degree,3936151,100,243,0.03,3,0.45,0.1,50,1.5,0.05,1,0.7693480532942557
3902,random,degree,3937160,100,233,0.03,3,0.45,0.1,50,1.5,0.05,1,0.7455617150488578
3903,random,degree,3938169,100,242,0.03,3,0.45,0.1,50,1.5,0.09,2,0.6736045786238684
3904,random,degree,3939178,100,247,0.03,3,0.45,0.1,50,1.5,0.07,1,0.7166227976842144
3905,random,degree,3940187,100,269,0.03,3,0.45,0.1,50,1.5,0.06,2,0.7347872695550587
3906,random,degree,3941196,100,216,0.03,3,0.45,0.1,50,1.5,0.08,2,0.7056061506768334
3907,random,degree,3942205,100,253,0.03,3,0.45,0.1,50,1.5,0.03,0,0.7879165872576497
3908,random,degree,3943214,100,277,0.03,3,0.45,0.1,50,1.5,0.03,0,0.7735485959371777
3909,random,degree,3944223,100,259,0.03,3,0.45,0.1,50,1.5,0.04,1,0.7385940808827457
3910,random,degree,3945232,100,279,0.03,3,0.45,0.1,50,1.5,0.07,1,0.7057755188389452
3911,random,degree,3946241,100,239,0.03,3,0.45,0.1,50,1.5,0.04,1,0.7726309729439966
3912,random,degree,3947250,100,259,0.03,3,0.45,0.1,50,1.5,0.03,0,0.7756612189980793
3913,random,degree,3948259,100,272,0.03,3,0.45,0.1,50,1.5,0.06,2,0.6934438431121248
3914,random,degree,3949268,100,262,0.03,3,0.45,0.1,50,1.5,0.04,1,0.7720797347376464
3915,random,degree,3950277,100,242,0.03,3,0.45,0.1,50,1.5,0.03,0,0.8045662457564234
3916,random,degree,3951286,100,245,0.03,3,0.45,0.1,50,1.5,0.04,1,0.7718976155377636
3917,random,degree,3952295,100,249,0.03,3,0.45,0.1,50,1.5,0.09,3,0.6774136289377645
3918,random,degree,3953304,100,238,0.03,3,0.45,0.1,50,1.5,0.04,1,0.7552389953832243
3919,random,degree,3954313,100,264,0.03,3,0.45,0.1,50,1.5,0.04,1,0.7924710932779235
3920,random,degree,3955322,100,241,0.03,3,0.45,0.1,50,1.5,0.04,1,0.7833700258792554
3921,random,degree,3956331,100,251,0.03,3,0.45,0.1,50,1.5,0.05,1,0.7601143465875375
3922,random,degree,3957340,100,270,0.03,3,0.45,0.1,50,1.5,0.05,1,0.727102541520486
3923,random,degree,3958349,100,251,0.03,3,0.45,0.1,50,1.5,0.04,1,0.752966928724047
3924,random,degree,3959358,100,264,0.03,3,0.45,0.1,50,1.5,0.04,1,0.7388403880724393
3925,random,degree,3960367,100,261,0.03,3,0.45,0.1,50,1.5,0.05,1,0.7261503858933449
3926,random,degree,3961376,100,281,0.03,3,0.45,0.1,50,1.5,0.06,1,0.7348443577802134
3927,random,degree,3962385,100,246,0.03,3,0.45,0.1,50,1.5,0.06,1,0.7389107409562686
3928,random,degree,3963394,100,270,0.03,3,0.45,0.1,50,1.5,0.06,1,0.7242288340015826
3929,random,degree,3964403,100,238,0.03,3,0.45,0.1,50,1.5,0.08,3,0.6652824663777048
3930,random,degree,3965412,100,246,0.03,3,0.45,0.1,50,1.5,0.06,1,0.711089484486562
3931,random,degree,3966421,100,265,0.03,3,0.45,0.1,50,1.5,0.07,3,0.73295361865481
3932,random,degree,3967430,100,272,0.03,3,0.45,0.1,50,1.5,0.05,1,0.7410067415563677
3933,random,degree,3968439,100,267,0.03,3,0.45,0.1,50,1.5,0.05,1,0.7458853183877879
3934,random,degree,3969448,100,259,0.03,3,0.45,0.1,50,1.5,0.05,1,0.7528888685409478
3935,random,degree,3970457,100,228,0.03,3,0.45,0.1,50,1.5,0.06,1,0.7608063039473137
3936,random,degree,3971466,100,231,0.03,3,0.45,0.1,50,1.5,0.06,1,0.7114137405846883
3937,random,degree,3972475,100,254,0.03,3,0.45,0.1,50,1.5,0.04,1,0.7681281577306049
3938,random,degree,3973484,100,235,0.03,3,0.45,0.1,50,1.5,0.07,2,0.7071254865809821
3939,random,degree,3974493,100,251,0.03,3,0.45,0.1,50,1.5,0.05,1,0.7758069675521232
3940,random,degree,3975502,100,212,0.03,3,0.45,0.1,50,1.5,0.03,0,0.8243242079150713
3941,random,degree,3976511,100,236,0.03,3,0.45,0.1,50,1.5,0.05,2,0.7265587636375404
3942,random,degree,3977520,100,249,0.03,3,0.45,0.1,50,1.5,0.04,1,0.7678669783264614
3943,random,degree,3978529,100,271,0.03,3,0.45,0.1,50,1.5,0.04,1,0.7495435546905215
3944,random,degree,3979538,100,253,0.03,3,0.45,0.1,50,1.5,0.04,1,0.7705395721765859
3945,random,degree,3980547,100,241,0.03,3,0.45,0.1,50,1.5,0.08,2,0.6673913624736775
3946,random,degree,3981556,100,213,0.03,3,0.45,0.1,50,1.5,0.05,1,0.760121043507465
3947,random,degree,3982565,100,229,0.03,3,0.45,0.1,50,1.5,0.07,2,0.6709376708016277
3948,random,degree,3983574,100,272,0.03,3,0.45,0.1,50,1.5,0.04,1,0.7846516098679764
3949,random,degree,3984583,100,284,0.03,3,0.45,0.1,50,1.5,0.03,0,0.7788837675140502
3950,random,degree,3985592,100,241,0.03,3,0.45,0.1,50,1.5,0.05,1,0.7384590283326845
3951,random,degree,3986601,100,271,0.03,3,0.45,0.1,50,1.5,0.04,1,0.7324267758046528
3952,random,degree,3987610,100,235,0.03,3,0.45,0.1,50,1.5,0.04,1,0.8020677037110715
3953,random,degree,3988619,100,251,0.03,3,0.45,0.1,50,1.5,0.09,1,0.6513436368966294
3954,random,degree,3989628,100,244,0.03,3,0.45,0.1,50,1.5,0.03,0,0.7695190517423709
3955,random,degree,3990637,100,245,0.03,3,0.45,0.1,50,1.5,0.04,1,0.7749048668898969
3956,random,degree,3991646,100,219,0.03,3,0.45,0.1,50,1.5,0.04,1,0.797239123521831
3957,random,degree,3992655,100,255,0.03,3,0.45,0.1,50,1.5,0.07,1,0.7088549213923514
3958,random,degree,3993664,100,221,0.03,3,0.45,0.1,50,1.5,0.06,1,0.7811803246244412
3959,random,degree,3994673,100,248,0.03,3,0.45,0.1,50,1.5,0.1,3,0.6359479435185276
3960,random,degree,3995682,100,254,0.03,3,0.45,0.1,50,1.5,0.1,3,0.6230127190090196
3961,random,degree,3996691,100,258,0.03,3,0.45,0.1,50,1.5,0.05,1,0.7280798183089467
3962,random,degree,3997700,100,267,0.03,3,0.45,0.1,50,1.5,0.05,1,0.733352816543162
3963,random,degree,3998709,100,270,0.03,3,0.45,0.1,50,1.5,0.03,0,0.7657670495220504
3964,random,degree,3999718,100,236,0.03,3,0.45,0.1,50,1.5,0.03,0,0.7847637620065224
3965,random,degree,4000727,100,247,0.03,3,0.45,0.1,50,1.5,0.09,2,0.624422678935225
3966,random,degree,4001736,100,239,0.03,3,0.45,0.1,50,1.5,0.07,2,0.6667188862063154
3967,random,degree,4002745,100,250,0.03,3,0.45,0.1,50,1.5,0.05,1,0.7471998271531131
3968,random,degree,4003754,100,253,0.03,3,0.45,0.1,50,1.5,0.05,1,0.7263532922093785
3969,random,degree,4004763,100,265,0.03,3,0.45,0.1,50,1.5,0.04,1,0.7471880837430117
3970,random,degree,4005772,100,249,0.03,3,0.45,0.1,50,1.5,0.03,0,0.7898029150280864
3971,random,degree,4006781,100,255,0.03,3,0.45,0.1,50,1.5,0.09,2,0.6578900374831687
3972,random,degree,4007790,100,238,0.03,3,0.45,0.1,50,1.5,0.04,1,0.7743143994655122
3973,random,degree,4008799,100,259,0.03,3,0.45,0.1,50,1.5,0.08,3,0.7001158749756469
3974,random,degree,4009808,100,246,0.03,3,0.45,0.1,50,1.5,0.03,0,0.7774486060317631
3975,random,degree,4010817,100,253,0.03,3,0.45,0.1,50,1.5,0.09,3,0.6344472031895948
3976,random,degree,4011826,100,273,0.03,3,0.45,0.1,50,1.5,0.04,1,0.73563054064959
3977,random,degree,4012835,100,245,0.03,3,0.45,0.1,50,1.5,0.04,1,0.7684923960891883
3978,random,degree,4013844,100,280,0.03,3,0.45,0.1,50,1.5,0.03,0,0.801632048140894
3979,random,degree,4014853,100,250,0.03,3,0.45,0.1,50,1.5,0.04,1,0.7459711795061702
3980,random,degree,4015862,100,247,0.03,3,0.45,0.1,50,1.5,0.07,2,0.6847042651349028
3981,random,degree,4016871,100,247,0.03,3,0.45,0.1,50,1.5,0.04,1,0.7667488970581893
3982,random,degree,4017880,100,270,0.03,3,0.45,0.1,50,1.5,0.03,0,0.7735947105449026
3983,random,degree,4018889,100,253,0.03,3,0.45,0.1,50,1.5,0.05,1,0.7349596295556421
3984,random,degree,4019898,100,230,0.03,3,0.45,0.1,50,1.5,0.04,1,0.8069412673081244
3985,random,degree,4020907,100,258,0.03,3,0.45,0.1,50,1.5,0.04,1,0.7378514159611546
3986,random,degree,4021916,100,249,0.03,3,0.45,0.1,50,1.5,0.06,1,0.720085694966829
3987,random,degree,4022925,100,250,0.03,3,0.45,0.1,50,1.5,0.06,1,0.7217123267118697
3988,random,degree,4023934,100,234,0.03,3,0.45,0.1,50,1.5,0.06,2,0.7432897472166572
3989,random,degree,4024943,100,248,0.03,3,0.45,0.1,50,1.5,0.04,1,0.778039974867825
3990,random,degree,4025952,100,287,0.03,3,0.45,0.1,50,1.5,0.03,0,0.7516369632188197
3991,random,degree,4026961,100,273,0.03,3,0.45,0.1,50,1.5,0.06,1,0.7208880379175521
3992,random,degree,4027970,100,248,0.03,3,0.45,0.1,50,1.5,0.07,1,0.7494540457736205
3993,random,degree,4028979,100,235,0.03,3,0.45,0.1,50,1.5,0.06,1,0.7379577715371369
3994,random,degree,4029988,100,244,0.03,3,0.45,0.1,50,1.5,0.04,1,0.783651672091351
3995,random,degree,4030997,100,245,0.03,3,0.45,0.1,50,1.5,0.05,1,0.7656861757843093
3996,random,degree,4032006,100,249,0.03,3,0.45,0.1,50,1.5,0.06,1,0.7363054804684751
3997,random,degree,4033015,100,247,0.03,3,0.45,0.1,50,1.5,0.05,1,0.7377948720221039
3998,random,degree,4034024,100,259,0.03,3,0.45,0.1,50,1.5,0.03,0,0.767731679435376
3999,random,degree,4035033,100,271,0.03,3,0.45,0.1,50,1.5,0.04,1,0.7403987890653425
4000,random,degree,4036042,100,236,0.03,3,0.45,0.1,50,1.5,0.08,2,0.716823411740346
4001,scale_free,degree,4037051,100,291,0.03,3,0.45,0.1,50,1.5,0.08,2,0.3772790387825108
4002,scale_free,degree,4038060,100,291,0.03,3,0.45,0.1,50,1.5,0.15,3,0.13385260022568263
4003,scale_free,degree,4039069,100,291,0.03,3,0.45,0.1,50,1.5,0.1,2,0.3425938146615521
4004,scale_free,degree,4040078,100,291,0.03,3,0.45,0.1,50,1.5,0.08,1,0.41853654541289764
4005,scale_free,degree,4041087,100,291,0.03,3,0.45,0.1,50,1.5,0.15,3,0.1498721443088334
4006,scale_free,degree,4042096,100,291,0.03,3,0.45,0.1,50,1.5,0.11,1,0.21184959515014457
4007,scale_free,degree,4043105,100,291,0.03,3,0.45,0.1,50,1.5,0.1,1,0.3710384645883927
4008,scale_free,degree,4044114,100,291,0.03,3,0.45,0.1,50,1.5,0.19,5,0.09680043108979272
4009,scale_free,degree,4045123,100,291,0.03,3,0.45,0.1,50,1.5,0.19,4,0.10657139234342661
4010,scale_free,degree,4046132,100,291,0.03,3,0.45,0.1,50,1.5,0.08,1,0.40505223404906726
4011,scale_free,degree,4047141,100,291,0.03,3,0.45,0.1,50,1.5,0.13,2,0.15794895826273694
4012,scale_free,degree,4048150,100,291,0.03,3,0.45,0.1,50,1.5,0.17,3,0.1502744498638625
4013,scale_free,degree,4049159,100,291,0.03,3,0.45,0.1,50,1.5,0.17,2,0.19385859729430174
4014,scale_free,degree,4050168,100,291,0.03,3,0.45,0.1,50,1.5,0.08,1,0.3939926847867263
4015,scale_free,degree,4051177,100,291,0.03,3,0.45,0.1,50,1.5,0.21,4,0.10820430594691528
4016,scale_free,degree,4052186,100,291,0.03,3,0.45,0.1,50,1.5,0.09,2,0.4043077801507522
4017,scale_free,degree,4053195,100,291,0.03,3,0.45,0.1,50,1.5,0.15,6,0.18050895657759622
4018,scale_free,degree,4054204,100,291,0.03,3,0.45,0.1,50,1.5,0.13,2,0.15211170650954167
4019,scale_free,degree,4055213,100,291,0.03,3,0.45,0.1,50,1.5,0.06,1,0.4632002253096968
4020,scale_free,degree,4056222,100,291,0.03,3,0.45,0.1,50,1.5,0.15,4,0.13246372936637593
4021,scale_free,degree,4057231,100,291,0.03,3,0.45,0.1,50,1.5,0.19,3,0.07786377160264443
4022,scale_free,degree,4058240,100,291,0.03,3,0.45,0.1,50,1.5,0.06,1,0.4698397230114777
4023,scale_free,degree,4059249,100,291,0.03,3,0.45,0.1,50,1.5,0.1,3,0.314902119890723
4024,scale_free,degree,4060258,100,291,0.03,3,0.45,0.1,50,1.5,0.21,4,0.06607164713597981
4025,scale_free,degree,4061267,100,291,0.03,3,0.45,0.1,50,1.5,0.07,1,0.4087349216043372
4026,scale_free,degree,4062276,100,291,0.03,3,0.45,0.1,50,1.5,0.06,1,0.43056238722603835
4027,scale_free,degree,4063285,100,291,0.03,3,0.45,0.1,50,1.5,0.12,2,0.26664270786874195
4028,scale_free,degree,4064294,100,291,0.03,3,0.45,0.1,50,1.5,0.16,3,0.13074479123637553
4029,scale_free,degree,4065303,100,291,0.03,3,0.45,0.1,50,1.5,0.08,2,0.41935380715422554
4030,scale_free,degree,4066312,100,291,0.03,3,0.45,0.1,50,1.5,0.21,4,0.13119827287502148
4031,scale_free,degree,4067321,100,291,0.03,3,0.45,0.1,50,1.5,0.1,3,0.32376787901668086
4032,scale_free,degree,4068330,100,291,0.03,3,0.45,0.1,50,1.5,0.25,7,0.04782004955830921
4033,scale_free,degree,4069339,100,291,0.03,3,0.45,0.1,50,1.5,0.07,2,0.4747888593728519
4034,scale_free,degree,4070348,100,291,0.03,3,0.45,0.1,50,1.5,0.1,2,0.28490037317212696
4035,scale_free,degree,4071357,100,291,0.03,3,0.45,0.1,50,1.5,0.09,1,0.35215635770904063
4036,scale_free,degree,4072366,100,291,0.03,3,0.45,0.1,50,1.5,0.09,2,0.25562038233663575
4037,scale_free,degree,4073375,100,291,0.03,3,0.45,0.1,50,1.5,0.14,3,0.14616925927709828
4038,scale_free,degree,4074384,100,291,0.03,3,0.45,0.1,50,1.5,0.08,2,0.36612893933966045
4039,scale_free,degree,4075393,100,291,0.03,3,0.45,0.1,50,1.5,0.11,2,0.2694750834651725
4040,scale_free,degree,4076402,100,291,0.03,3,0.45,0.1,50,1.5,0.1,2,0.3126599733959887
4041,scale_free,degree,4077411,100,291,0.03,3,0.45,0.1,50,1.5,0.1,2,0.3561710764108749
4042,scale_free,degree,4078420,100,291,0.03,3,0.45,0.1,50,1.5,0.12,2,0.3252098192748132
4043,scale_free,degree,4079429,100,291,0.03,3,0.45,0.1,50,1.5,0.14,3,0.20166308305141403
4044,scale_free,degree,4080438,100,291,0.03,3,0.45,0.1,50,1.5,0.11,2,0.2672387148906349
4045,scale_free,degree,4081447,100,291,0.03,3,0.45,0.1,50,1.5,0.08,1,0.40958249270402913
4046,scale_free,degree,4082456,100,291,0.03,3,0.45,0.1,50,1.5,0.05,1,0.48351207325131584
4047,scale_free,degree,4083465,100,291,0.03,3,0.45,0.1,50,1.5,0.16,2,0.2111173472342656
4048,scale_free,degree,4084474,100,291,0.03,3,0.45,0.1,50,1.5,0.19,5,0.1972471015041911
4049,scale_free,degree,4085483,100,291,0.03,3,0.45,0.1,50,1.5,0.14,3,0.1684924872371939
4050,scale_free,degree,4086492,100,291,0.03,3,0.45,0.1,50,1.5,0.06,1,0.5223355445164733
4051,scale_free,degree,4087501,100,291,0.03,3,0.45,0.1,50,1.5,0.09,1,0.33032528858435123
4052,scale_free,degree,4088510,100,291,0.03,3,0.45,0.1,50,1.5,0.05,1,0.5056107529489595
4053,scale_free,degree,4089519,100,291,0.03,3,0.45,0.1,50,1.5,0.12,3,0.18914917366617287
4054,scale_free,degree,4090528,100,291,0.03,3,0.45,0.1,50,1.5,0.15,2,0.20308023200536884
4055,scale_free,degree,4091537,100,291,0.03,3,0.45,0.1,50,1.5,0.17,2,0.13089686300982684
4056,scale_free,degree,4092546,100,291,0.03,3,0.45,0.1,50,1.5,0.39,9,0.0058865202228167695
4057,scale_free,degree,4093555,100,291,0.03,3,0.45,0.1,50,1.5,0.09,1,0.436054221011939
4058,scale_free,degree,4094564,100,291,0.03,3,0.45,0.1,50,1.5,0.11,2,0.28068386112518323
4059,scale_free,degree,4095573,100,291,0.03,3,0.45,0.1,50,1.5,0.14,2,0.22292023265505534
4060,scale_free,degree,4096582,100,291,0.03,3,0.45,0.1,50,1.5,0.14,2,0.1681724557495977
4061,scale_free,degree,4097591,100,291,0.03,3,0.45,0.1,50,1.5,0.14,2,0.24060248855556043
4062,scale_free,degree,4098600,100,291,0.03,3,0.45,0.1,50,1.5,0.13,3,0.21328434562695284
4063,scale_free,degree,4099609,100,291,0.03,3,0.45,0.1,50,1.5,0.12,3,0.26243905818808044
4064,scale_free,degree,4100618,100,291,0.03,3,0.45,0.1,50,1.5,0.16,4,0.17809060000947413
4065,scale_free,degree,4101627,100,291,0.03,3,0.45,0.1,50,1.5,0.29,8,0.04238947268304623
4066,scale_free,degree,4102636,100,291,0.03,3,0.45,0.1,50,1.5,0.1,2,0.2656735719479706
4067,scale_free,degree,4103645,100,291,0.03,3,0.45,0.1,50,1.5,0.14,2,0.155858932350768
4068,scale_free,degree,4104654,100,291,0.03,3,0.45,0.1,50,1.5,0.13,3,0.2225944880577138
4069,scale_free,degree,4105663,100,291,0.03,3,0.45,0.1,50,1.5,0.13,2,0.18479989545652709
4070,scale_free,degree,4106672,100,291,0.03,3,0.45,0.1,50,1.5,0.13,2,0.17962639530480798
4071,scale_free,degree,4107681,100,291,0.03,3,0.45,0.1,50,1.5,0.13,3,0.21192968626699796
4072,scale_free,degree,4108690,100,291,0.03,3,0.45,0.1,50,1.5,0.14,2,0.23803534434219825
4073,scale_free,degree,4109699,100,291,0.03,3,0.45,0.1,50,1.5,0.12,3,0.22674126290866972
4074,scale_free,degree,4110708,100,291,0.03,3,0.45,0.1,50,1.5,0.06,1,0.38636252395814025
4075,scale_free,degree,4111717,100,291,0.03,3,0.45,0.1,50,1.5,0.2,4,0.08843267243912697
4076,scale_free,degree,4112726,100,291,0.03,3,0.45,0.1,50,1.5,0.1,2,0.39051032578258965
4077,scale_free,degree,4113735,100,291,0.03,3,0.45,0.1,50,1.5,0.09,3,0.3207435080513397
4078,scale_free,degree,4114744,100,291,0.03,3,0.45,0.1,50,1.5,0.09,1,0.397540763537584
4079,scale_free,degree,4115753,100,291,0.03,3,0.45,0.1,50,1.5,0.18,4,0.06838088966345057
4080,scale_free,degree,4116762,100,291,0.03,3,0.45,0.1,50,1.5,0.12,2,0.26927811947779434
4081,scale_free,degree,4117771,100,291,0.03,3,0.45,0.1,50,1.5,0.14,2,0.20448461923582703
4082,scale_free,degree,4118780,100,291,0.03,3,0.45,0.1,50,1.5,0.1,1,0.2795950148724233
4083,scale_free,degree,4119789,100,291,0.03,3,0.45,0.1,50,1.5,0.06,2,0.3853064587231234
4084,scale_free,degree,4120798,100,291,0.03,3,0.45,0.1,50,1.5,0.12,2,0.2174756456760146
4085,scale_free,degree,4121807,100,291,0.03,3,0.45,0.1,50,1.5,0.08,1,0.3119285195495314
4086,scale_free,degree,4122816,100,291,0.03,3,0.45,0.1,50,1.5,0.15,2,0.1453650763239899
4087,scale_free,degree,4123825,100,291,0.03,3,0.45,0.1,50,1.5,0.2,3,0.07100505369611755
4088,scale_free,degree,4124834,100,291,0.03,3,0.45,0.1,50,1.5,0.06,2,0.3741112191917343
4089,scale_free,degree,4125843,100,291,0.03,3,0.45,0.1,50,1.5,0.15,2,0.1548357137256054
4090,scale_free,degree,4126852,100,291,0.03,3,0.45,0.1,50,1.5,0.21,2,0.05953299117791316
4091,scale_free,degree,4127861,100,291,0.03,3,0.45,0.1,50,1.5,0.13,2,0.16002546918122004
4092,scale_free,degree,4128870,100,291,0.03,3,0.45,0.1,50,1.5,0.12,3,0.19697116075820037
4093,scale_free,degree,4129879,100,291,0.03,3,0.45,0.1,50,1.5,0.1,4,0.2737193403028522
4094,scale_free,degree,4130888,100,291,0.03,3,0.45,0.1,50,1.5,0.12,2,0.22011128228269497
4095,scale_free,degree,4131897,100,291,0.03,3,0.45,0.1,50,1.5,0.07,2,0.38684300447680425
4096,scale_free,degree,4132906,100,291,0.03,3,0.45,0.1,50,1.5,0.12,2,0.2224271089081097
4097,scale_free,degree,4133915,100,291,0.03,3,0.45,0.1,50,1.5,0.07,1,0.42358260814117094
4098,scale_free,degree,4134924,100,291,0.03,3,0.45,0.1,50,1.5,0.08,1,0.34521776945663707
4099,scale_free,degree,4135933,100,291,0.03,3,0.45,0.1,50,1.5,0.16,3,0.18821911654290072
4100,scale_free,degree,4136942,100,291,0.03,3,0.45,0.1,50,1.5,0.11,2,0.21646809006280737
4101,scale_free,degree,4137951,100,291,0.03,3,0.45,0.1,50,1.5,0.12,2,0.28730065442319497
4102,scale_free,degree,4138960,100,291,0.03,3,0.45,0.1,50,1.5,0.07,1,0.3317829410238915
4103,scale_free,degree,4139969,100,291,0.03,3,0.45,0.1,50,1.5,0.1,1,0.296022850100762
4104,scale_free,degree,4140978,100,291,0.03,3,0.45,0.1,50,1.5,0.1,3,0.35648200452821543
4105,scale_free,degree,4141987,100,291,0.03,3,0.45,0.1,50,1.5,0.15,3,0.14334394895201408
4106,scale_free,degree,4142996,100,291,0.03,3,0.45,0.1,50,1.5,0.1,2,0.3069983273882993
4107,scale_free,degree,4144005,100,291,0.03,3,0.45,0.1,50,1.5,0.06,2,0.42747146216516513
4108,scale_free,degree,4145014,100,291,0.03,3,0.45,0.1,50,1.5,0.21,3,0.07957541868264226
4109,scale_free,degree,4146023,100,291,0.03,3,0.45,0.1,50,1.5,0.24,6,0.07095301280732297
4110,scale_free,degree,4147032,100,291,0.03,3,0.45,0.1,50,1.5,0.04,1,0.5280200738432892
4111,scale_free,degree,4148041,100,291,0.03,3,0.45,0.1,50,1.5,0.22,4,0.06396683507074782
4112,scale_free,degree,4149050,100,291,0.03,3,0.45,0.1,50,1.5,0.14,2,0.17249626089065367
4113,scale_free,degree,4150059,100,291,0.03,3,0.45,0.1,50,1.5,0.06,1,0.39782358492508757
4114,scale_free,degree,4151068,100,291,0.03,3,0.45,0.1,50,1.5,0.11,3,0.23584652088378058
4115,scale_free,degree,4152077,100,291,0.03,3,0.45,0.1,50,1.5,0.21,5,0.07561608050066837
4116,scale_free,degree,4153086,100,291,0.03,3,0.45,0.1,50,1.5,0.1,2,0.2785051739317017
4117,scale_free,degree,4154095,100,291,0.03,3,0.45,0.1,50,1.5,0.24,8,0.06413911529962503
4118,scale_free,degree,4155104,100,291,0.03,3,0.45,0.1,50,1.5,0.13,2,0.19602402864789126
4119,scale_free,degree,4156113,100,291,0.03,3,0.45,0.1,50,1.5,0.2,6,0.13084888633297434
4120,scale_free,degree,4157122,100,291,0.03,3,0.45,0.1,50,1.5,0.13,1,0.22206013753058806
4121,scale_free,degree,4158131,100,291,0.03,3,0.45,0.1,50,1.5,0.1,2,0.2743199134142028
4122,scale_free,degree,4159140,100,291,0.03,3,0.45,0.1,50,1.5,0.13,2,0.21732720758925944
4123,scale_free,degree,4160149,100,291,0.03,3,0.45,0.1,50,1.5,0.14,2,0.16753852222471452
4124,scale_free,degree,4161158,100,291,0.03,3,0.45,0.1,50,1.5,0.12,2,0.2298017073520755
4125,scale_free,degree,4162167,100,291,0.03,3,0.45,0.1,50,1.5,0.17,4,0.14763994716332457
4126,scale_free,degree,4163176,100,291,0.03,3,0.45,0.1,50,1.5,0.17,3,0.12354570872184586
4127,scale_free,degree,4164185,100,291,0.03,3,0.45,0.1,50,1.5,0.09,3,0.39367458925870275
4128,scale_free,degree,4165194,100,291,0.03,3,0.45,0.1,50,1.5,0.23,5,0.07070592294372263
4129,scale_free,degree,4166203,100,291,0.03,3,0.45,0.1,50,1.5,0.09,1,0.3207835393137862
4130,scale_free,degree,4167212,100,291,0.03,3,0.45,0.1,50,1.5,0.12,2,0.1668533388085447
4131,scale_free,degree,4168221,100,291,0.03,3,0.45,0.1,50,1.5,0.13,2,0.18728383196430434
4132,scale_free,degree,4169230,100,291,0.03,3,0.45,0.1,50,1.5,0.09,3,0.3194262691496748
4133,scale_free,degree,4170239,100,291,0.03,3,0.45,0.1,50,1.5,0.11,5,0.24207673300345867
4134,scale_free,degree,4171248,100,291,0.03,3,0.45,0.1,50,1.5,0.13,1,0.23715093244067922
4135,scale_free,degree,4172257,100,291,0.03,3,0.45,0.1,50,1.5,0.23,5,0.08871145149758426
4136,scale_free,degree,4173266,100,291,0.03,3,0.45,0.1,50,1.5,0.16,4,0.12641177263488027
4137,scale_free,degree,4174275,100,291,0.03,3,0.45,0.1,50,1.5,0.14,2,0.10256452639389785
4138,scale_free,degree,4175284,100,291,0.03,3,0.45,0.1,50,1.5,0.12,3,0.23915190053270963
4139,scale_free,degree,4176293,100,291,0.03,3,0.45,0.1,50,1.5,0.13,4,0.1727829675200687
4140,scale_free,degree,4177302,100,291,0.03,3,0.45,0.1,50,1.5,0.13,3,0.2021144903499628
4141,scale_free,degree,4178311,100,291,0.03,3,0.45,0.1,50,1.5,0.11,2,0.27442934521409884
4142,scale_free,degree,4179320,100,291,0.03,3,0.45,0.1,50,1.5,0.1,1,0.3202818191865794
4143,scale_free,degree,4180329,100,291,0.03,3,0.45,0.1,50,1.5,0.21,6,0.07090125875992537
4144,scale_free,degree,4181338,100,291,0.03,3,0.45,0.1,50,1.5,0.13,2,0.21469448458328796
4145,scale_free,degree,4182347,100,291,0.03,3,0.45,0.1,50,1.5,0.1,1,0.2602414707248815
4146,scale_free,degree,4183356,100,291,0.03,3,0.45,0.1,50,1.5,0.14,4,0.19314230533751575
4147,scale_free,degree,4184365,100,291,0.03,3,0.45,0.1,50,1.5,0.06,1,0.42105770628805544
4148,scale_free,degree,4185374,100,291,0.03,3,0.45,0.1,50,1.5,0.11,2,0.25624818202178784
4149,scale_free,degree,4186383,100,291,0.03,3,0.45,0.1,50,1.5,0.08,2,0.33190418716004033
4150,scale_free,degree,4187392,100,291,0.03,3,0.45,0.1,50,1.5,0.1,3,0.26914103301680287
4151,scale_free,degree,4188401,100,291,0.03,3,0.45,0.1,50,1.5,0.19,3,0.08711835640762099
4152,scale_free,degree,4189410,100,291,0.03,3,0.45,0.1,50,1.5,0.07,2,0.40289502826935025
4153,scale_free,degree,4190419,100,291,0.03,3,0.45,0.1,50,1.5,0.07,2,0.3803736914218615
4154,scale_free,degree,4191428,100,291,0.03,3,0.45,0.1,50,1.5,0.09,1,0.29723908740066807
4155,scale_free,degree,4192437,100,291,0.03,3,0.45,0.1,50,1.5,0.09,2,0.3252274569787715
4156,scale_free,degree,4193446,100,291,0.03,3,0.45,0.1,50,1.5,0.14,2,0.17152421953898475
4157,scale_free,degree,4194455,100,291,0.03,3,0.45,0.1,50,1.5,0.18,2,0.113172005492499
4158,scale_free,degree,4195464,100,291,0.03,3,0.45,0.1,50,1.5,0.08,2,0.36433433116757946
4159,scale_free,degree,4196473,100,291,0.03,3,0.45,0.1,50,1.5,0.1,2,0.2457642270937845
4160,scale_free,degree,4197482,100,291,0.03,3,0.45,0.1,50,1.5,0.08,1,0.40333478398767225
4161,scale_free,degree,4198491,100,291,0.03,3,0.45,0.1,50,1.5,0.08,2,0.3731489761576989
4162,scale_free,degree,4199500,100,291,0.03,3,0.45,0.1,50,1.5,0.23,3,0.09941211595145438
4163,scale_free,degree,4200509,100,291,0.03,3,0.45,0.1,50,1.5,0.13,3,0.2256528482002209
4164,scale_free,degree,4201518,100,291,0.03,3,0.45,0.1,50,1.5,0.11,2,0.3367337608673615
4165,scale_free,degree,4202527,100,291,0.03,3,0.45,0.1,50,1.5,0.1,3,0.2628434678034309
4166,scale_free,degree,4203536,100,291,0.03,3,0.45,0.1,50,1.5,0.08,2,0.4393792295891522
4167,scale_free,degree,4204545,100,291,0.03,3,0.45,0.1,50,1.5,0.3,10,0.04463818786513733
4168,scale_free,degree,4205554,100,291,0.03,3,0.45,0.1,50,1.5,0.08,1,0.38012010141107955
4169,scale_free,degree,4206563,100,291,0.03,3,0.45,0.1,50,1.5,0.09,1,0.2845135342805264
4170,scale_free,degree,4207572,100,291,0.03,3,0.45,0.1,50,1.5,0.17,3,0.17104864684981366
4171,scale_free,degree,4208581,100,291,0.03,3,0.45,0.1,50,1.5,0.23,3,0.07538337610464341
4172,scale_free,degree,4209590,100,291,0.03,3,0.45,0.1,50,1.5,0.08,2,0.41069138280551465
4173,scale_free,degree,4210599,100,291,0.03,3,0.45,0.1,50,1.5,0.13,3,0.2479445836123891
4174,scale_free,degree,4211608,100,291,0.03,3,0.45,0.1,50,1.5,0.09,1,0.24220403493457923
4175,scale_free,degree,4212617,100,291,0.03,3,0.45,0.1,50,1.5,0.04,1,0.5240919680767605
4176,scale_free,degree,4213626,100,291,0.03,3,0.45,0.1,50,1.5,0.09,2,0.29720756956727673
4177,scale_free,degree,4214635,100,291,0.03,3,0.45,0.1,50,1.5,0.12,3,0.20821387234195174
4178,scale_free,degree,4215644,100,291,0.03,3,0.45,0.1,50,1.5,0.07,1,0.4059085950006855
4179,scale_free,degree,4216653,100,291,0.03,3,0.45,0.1,50,1.5,0.16,4,0.13469481594416965
4180,scale_free,degree,4217662,100,291,0.03,3,0.45,0.1,50,1.5,0.19,6,0.13099260015269418
4181,scale_free,degree,4218671,100,291,0.03,3,0.45,0.1,50,1.5,0.09,2,0.29072671753782664
4182,scale_free,degree,4219680,100,291,0.03,3,0.45,0.1,50,1.5,0.17,3,0.13309753258369036
4183,scale_free,degree,4220689,100,291,0.03,3,0.45,0.1,50,1.5,0.2,4,0.11941032804458136
4184,scale_free,degree,4221698,100,291,0.03,3,0.45,0.1,50,1.5,0.15,4,0.198361776461696
4185,scale_free,degree,4222707,100,291,0.03,3,0.45,0.1,50,1.5,0.15,4,0.18500070922935904
4186,scale_free,degree,4223716,100,291,0.03,3,0.45,0.1,50,1.5,0.13,4,0.2997028620726894
4187,scale_free,degree,4224725,100,291,0.03,3,0.45,0.1,50,1.5,0.08,2,0.34684386546576895
4188,scale_free,degree,4225734,100,291,0.03,3,0.45,0.1,50,1.5,0.14,7,0.2219390310914226
4189,scale_free,degree,4226743,100,291,0.03,3,0.45,0.1,50,1.5,0.15,3,0.15312551369444102
4190,scale_free,degree,4227752,100,291,0.03,3,0.45,0.1,50,1.5,0.08,2,0.3494244205271272
4191,scale_free,degree,4228761,100,291,0.03,3,0.45,0.1,50,1.5,0.13,2,0.1732690514883276
4192,scale_free,degree,4229770,100,291,0.03,3,0.45,0.1,50,1.5,0.12,2,0.22757990163684821
4193,scale_free,degree,4230779,100,291,0.03,3,0.45,0.1,50,1.5,0.28,4,0.04178228310306791
4194,scale_free,degree,4231788,100,291,0.03,3,0.45,0.1,50,1.5,0.16,4,0.1470290011564694
4195,scale_free,degree,4232797,100,291,0.03,3,0.45,0.1,50,1.5,0.22,5,0.07386153890974631
4196,scale_free,degree,4233806,100,291,0.03,3,0.45,0.1,50,1.5,0.1,2,0.2734025762145019
4197,scale_free,degree,4234815,100,291,0.03,3,0.45,0.1,50,1.5,0.1,3,0.3120350753620541
4198,scale_free,degree,4235824,100,291,0.03,3,0.45,0.1,50,1.5,0.19,7,0.06574889869806387
4199,scale_free,degree,4236833,100,291,0.03,3,0.45,0.1,50,1.5,0.17,3,0.11008139823561931
4200,scale_free,degree,4237842,100,291,0.03,3,0.45,0.1,50,1.5,0.11,3,0.25119071559091094
4201,scale_free,degree,4238851,100,291,0.03,3,0.45,0.1,50,1.5,0.07,2,0.3574917963933992
4202,scale_free,degree,4239860,100,291,0.03,3,0.45,0.1,50,1.5,0.15,2,0.2356182872872389
4203,scale_free,degree,4240869,100,291,0.03,3,0.45,0.1,50,1.5,0.06,1,0.3932259908676505
4204,scale_free,degree,4241878,100,291,0.03,3,0.45,0.1,50,1.5,0.11,3,0.21266267344558804
4205,scale_free,degree,4242887,100,291,0.03,3,0.45,0.1,50,1.5,0.09,2,0.2697150277674695
4206,scale_free,degree,4243896,100,291,0.03,3,0.45,0.1,50,1.5,0.17,4,0.15871424689689612
4207,scale_free,degree,4244905,100,291,0.03,3,0.45,0.1,50,1.5,0.17,3,0.22451479306121233
4208,scale_free,degree,4245914,100,291,0.03,3,0.45,0.1,50,1.5,0.1,2,0.35429162967039257
4209,scale_free,degree,4246923,100,291,0.03,3,0.45,0.1,50,1.5,0.16,3,0.14046668495528167
4210,scale_free,degree,4247932,100,291,0.03,3,0.45,0.1,50,1.5,0.1,3,0.28254982618829066
4211,scale_free,degree,4248941,100,291,0.03,3,0.45,0.1,50,1.5,0.07,2,0.4614262756904733
4212,scale_free,degree,4249950,100,291,0.03,3,0.45,0.1,50,1.5,0.23,5,0.06659194913844058
4213,scale_free,degree,4250959,100,291,0.03,3,0.45,0.1,50,1.5,0.13,3,0.22315927155928408
4214,scale_free,degree,4251968,100,291,0.03,3,0.45,0.1,50,1.5,0.15,3,0.19627548958101074
4215,scale_free,degree,4252977,100,291,0.03,3,0.45,0.1,50,1.5,0.17,4,0.09060660677446021
4216,scale_free,degree,4253986,100,291,0.03,3,0.45,0.1,50,1.5,0.09,1,0.31648185799068235
4217,scale_free,degree,4254995,100,291,0.03,3,0.45,0.1,50,1.5,0.14,4,0.18130540493637298
4218,scale_free,degree,4256004,100,291,0.03,3,0.45,0.1,50,1.5,0.06,2,0.4049021726726064
4219,scale_free,degree,4257013,100,291,0.03,3,0.45,0.1,50,1.5,0.05,1,0.41145815217746357
4220,scale_free,degree,4258022,100,291,0.03,3,0.45,0.1,50,1.5,0.1,1,0.3086928591693958
4221,scale_free,degree,4259031,100,291,0.03,3,0.45,0.1,50,1.5,0.08,1,0.2945649828262005
4222,scale_free,degree,4260040,100,291,0.03,3,0.45,0.1,50,1.5,0.13,2,0.2560340475730956
4223,scale_free,degree,4261049,100,291,0.03,3,0.45,0.1,50,1.5,0.06,2,0.4264198742341849
4224,scale_free,degree,4262058,100,291,0.03,3,0.45,0.1,50,1.5,0.16,2,0.18428506707136524
4225,scale_free,degree,4263067,100,291,0.03,3,0.45,0.1,50,1.5,0.13,2,0.21352117573744706
4226,scale_free,degree,4264076,100,291,0.03,3,0.45,0.1,50,1.5,0.11,2,0.2662052954770915
4227,scale_free,degree,4265085,100,291,0.03,3,0.45,0.1,50,1.5,0.16,3,0.1485301729149175
4228,scale_free,degree,4266094,100,291,0.03,3,0.45,0.1,50,1.5,0.19,6,0.12701166128019373
4229,scale_free,degree,4267103,100,291,0.03,3,0.45,0.1,50,1.5,0.25,4,0.04046279272681357
4230,scale_free,degree,4268112,100,291,0.03,3,0.45,0.1,50,1.5,0.06,1,0.35617904022268393
4231,scale_free,degree,4269121,100,291,0.03,3,0.45,0.1,50,1.5,0.11,2,0.1987436789113374
4232,scale_free,degree,4270130,100,291,0.03,3,0.45,0.1,50,1.5,0.13,4,0.24747647477496265
4233,scale_free,degree,4271139,100,291,0.03,3,0.45,0.1,50,1.5,0.2,3,0.0815516254737934
4234,scale_free,degree,4272148,100,291,0.03,3,0.45,0.1,50,1.5,0.1,2,0.3244487821315516
4235,scale_free,degree,4273157,100,291,0.03,3,0.45,0.1,50,1.5,0.1,3,0.36594352416154247
4236,scale_free,degree,4274166,100,291,0.03,3,0.45,0.1,50,1.5,0.14,2,0.1352770585992934
4237,scale_free,degree,4275175,100,291,0.03,3,0.45,0.1,50,1.5,0.13,2,0.2553424555286534
4238,scale_free,degree,4276184,100,291,0.03,3,0.45,0.1,50,1.5,0.1,2,0.2508551509654267
4239,scale_free,degree,4277193,100,291,0.03,3,0.45,0.1,50,1.5,0.13,5,0.26512672907383383
4240,scale_free,degree,4278202,100,291,0.03,3,0.45,0.1,50,1.5,0.15,2,0.13898535855477717
4241,scale_free,degree,4279211,100,291,0.03,3,0.45,0.1,50,1.5,0.13,2,0.3114456357683159
4242,scale_free,degree,4280220,100,291,0.03,3,0.45,0.1,50,1.5,0.15,3,0.1824181931425265
4243,scale_free,degree,4281229,100,291,0.03,3,0.45,0.1,50,1.5,0.23,5,0.0981725784085438
4244,scale_free,degree,4282238,100,291,0.03,3,0.45,0.1,50,1.5,0.21,6,0.06576303799478293
4245,scale_free,degree,4283247,100,291,0.03,3,0.45,0.1,50,1.5,0.07,1,0.3772294686885368
4246,scale_free,degree,4284256,100,291,0.03,3,0.45,0.1,50,1.5,0.15,2,0.22277011694490118
4247,scale_free,degree,4285265,100,291,0.03,3,0.45,0.1,50,1.5,0.09,2,0.40994979232515616
4248,scale_free,degree,4286274,100,291,0.03,3,0.45,0.1,50,1.5,0.11,2,0.2791112851425104
4249,scale_free,degree,4287283,100,291,0.03,3,0.45,0.1,50,1.5,0.09,2,0.3196202728077808
4250,scale_free,degree,4288292,100,291,0.03,3,0.45,0.1,50,1.5,0.19,2,0.12633170636949712
4251,scale_free,degree,4289301,100,291,0.03,3,0.45,0.1,50,1.5,0.12,3,0.24420089352369753
4252,scale_free,degree,4290310,100,291,0.03,3,0.45,0.1,50,1.5,0.12,2,0.1580382570843329
4253,scale_free,degree,4291319,100,291,0.03,3,0.45,0.1,50,1.5,0.11,1,0.2595517521066494
4254,scale_free,degree,4292328,100,291,0.03,3,0.45,0.1,50,1.5,0.12,2,0.35024673007574164
4255,scale_free,degree,4293337,100,291,0.03,3,0.45,0.1,50,1.5,0.28,7,0.04727146116753805
4256,scale_free,degree,4294346,100,291,0.03,3,0.45,0.1,50,1.5,0.08,2,0.3859940120517134
4257,scale_free,degree,4295355,100,291,0.03,3,0.45,0.1,50,1.5,0.11,2,0.31819752442211025
4258,scale_free,degree,4296364,100,291,0.03,3,0.45,0.1,50,1.5,0.19,4,0.09065541809747177
4259,scale_free,degree,4297373,100,291,0.03,3,0.45,0.1,50,1.5,0.1,2,0.27149405938953236
4260,scale_free,degree,4298382,100,291,0.03,3,0.45,0.1,50,1.5,0.09,2,0.33092201456996984
4261,scale_free,degree,4299391,100,291,0.03,3,0.45,0.1,50,1.5,0.17,6,0.16335288387472321
4262,scale_free,degree,4300400,100,291,0.03,3,0.45,0.1,50,1.5,0.09,2,0.4326642342842584
4263,scale_free,degree,4301409,100,291,0.03,3,0.45,0.1,50,1.5,0.1,2,0.25382936621660074
4264,scale_free,degree,4302418,100,291,0.03,3,0.45,0.1,50,1.5,0.12,2,0.3129510283300481
4265,scale_free,degree,4303427,100,291,0.03,3,0.45,0.1,50,1.5,0.15,2,0.24326071699985946
4266,scale_free,degree,4304436,100,291,0.03,3,0.45,0.1,50,1.5,0.24,3,0.06803689639579805
4267,scale_free,degree,4305445,100,291,0.03,3,0.45,0.1,50,1.5,0.13,2,0.21684598572894076
4268,scale_free,degree,4306454,100,291,0.03,3,0.45,0.1,50,1.5,0.14,2,0.17037031411858575
4269,scale_free,degree,4307463,100,291,0.03,3,0.45,0.1,50,1.5,0.05,1,0.4686403908883567
4270,scale_free,degree,4308472,100,291,0.03,3,0.45,0.1,50,1.5,0.17,3,0.09875350402380803
4271,scale_free,degree,4309481,100,291,0.03,3,0.45,0.1,50,1.5,0.08,1,0.4249749008216659
4272,scale_free,degree,4310490,100,291,0.03,3,0.45,0.1,50,1.5,0.13,3,0.1967029881654627
4273,scale_free,degree,4311499,100,291,0.03,3,0.45,0.1,50,1.5,0.13,2,0.16469754368060985
4274,scale_free,degree,4312508,100,291,0.03,3,0.45,0.1,50,1.5,0.15,3,0.22711245129699756
4275,scale_free,degree,4313517,100,291,0.03,3,0.45,0.1,50,1.5,0.07,1,0.38548776024998294
4276,scale_free,degree,4314526,100,291,0.03,3,0.45,0.1,50,1.5,0.09,3,0.30597494062034597
4277,scale_free,degree,4315535,100,291,0.03,3,0.45,0.1,50,1.5,0.1,4,0.348629359638363
4278,scale_free,degree,4316544,100,291,0.03,3,0.45,0.1,50,1.5,0.12,4,0.21632139738131456
4279,scale_free,degree,4317553,100,291,0.03,3,0.45,0.1,50,1.5,0.18,5,0.09543694516778786
4280,scale_free,degree,4318562,100,291,0.03,3,0.45,0.1,50,1.5,0.1,2,0.27219146461343313
4281,scale_free,degree,4319571,100,291,0.03,3,0.45,0.1,50,1.5,0.05,1,0.5139746927891943
4282,scale_free,degree,4320580,100,291,0.03,3,0.45,0.1,50,1.5,0.17,3,0.13584046313507528
4283,scale_free,degree,4321589,100,291,0.03,3,0.45,0.1,50,1.5,0.08,3,0.32145803808394285
4284,scale_free,degree,4322598,100,291,0.03,3,0.45,0.1,50,1.5,0.1,2,0.29775486563922127
4285,scale_free,degree,4323607,100,291,0.03,3,0.45,0.1,50,1.5,0.19,5,0.13745597387258757
4286,scale_free,degree,4324616,100,291,0.03,3,0.45,0.1,50,1.5,0.1,3,0.3492737356243122
4287,scale_free,degree,4325625,100,291,0.03,3,0.45,0.1,50,1.5,0.07,1,0.47643686573609806
4288,scale_free,degree,4326634,100,291,0.03,3,0.45,0.1,50,1.5,0.08,2,0.27510210721052847
4289,scale_free,degree,4327643,100,291,0.03,3,0.45,0.1,50,1.5,0.22,5,0.06397622171633872
4290,scale_free,degree,4328652,100,291,0.03,3,0.45,0.1,50,1.5,0.09,3,0.2871773676728762
4291,scale_free,degree,4329661,100,291,0.03,3,0.45,0.1,50,1.5,0.05,1,0.455046245004054
4292,scale_free,degree,4330670,100,291,0.03,3,0.45,0.1,50,1.5,0.26,4,0.07525965508754255
4293,scale_free,degree,4331679,100,291,0.03,3,0.45,0.1,50,1.5,0.12,1,0.28621453522716034
4294,scale_free,degree,4332688,100,291,0.03,3,0.45,0.1,50,1.5,0.08,1,0.3980827880935798
4295,scale_free,degree,4333697,100,291,0.03,3,0.45,0.1,50,1.5,0.1,1,0.26063786238496706
4296,scale_free,degree,4334706,100,291,0.03,3,0.45,0.1,50,1.5,0.12,2,0.1771149890685467
4297,scale_free,degree,4335715,100,291,0.03,3,0.45,0.1,50,1.5,0.09,3,0.32585857065560353
4298,scale_free,degree,4336724,100,291,0.03,3,0.45,0.1,50,1.5,0.06,1,0.3864212049287855
4299,scale_free,degree,4337733,100,291,0.03,3,0.45,0.1,50,1.5,0.17,4,0.17076945358582835
4300,scale_free,degree,4338742,100,291,0.03,3,0.45,0.1,50,1.5,0.16,5,0.16349510802864786
4301,scale_free,degree,4339751,100,291,0.03,3,0.45,0.1,50,1.5,0.14,2,0.17051918671724448
4302,scale_free,degree,4340760,100,291,0.03,3,0.45,0.1,50,1.5,0.05,1,0.4467658700908517
4303,scale_free,degree,4341769,100,291,0.03,3,0.45,0.1,50,1.5,0.18,4,0.06602315549936576
4304,scale_free,degree,4342778,100,291,0.03,3,0.45,0.1,50,1.5,0.1,1,0.3143079410813407
4305,scale_free,degree,4343787,100,291,0.03,3,0.45,0.1,50,1.5,0.14,2,0.16191322063439703
4306,scale_free,degree,4344796,100,291,0.03,3,0.45,0.1,50,1.5,0.1,2,0.2515058747157656
4307,scale_free,degree,4345805,100,291,0.03,3,0.45,0.1,50,1.5,0.09,1,0.31170708951838577
4308,scale_free,degree,4346814,100,291,0.03,3,0.45,0.1,50,1.5,0.25,6,0.05193538089764013
4309,scale_free,degree,4347823,100,291,0.03,3,0.45,0.1,50,1.5,0.08,1,0.3643041345297947
4310,scale_free,degree,4348832,100,291,0.03,3,0.45,0.1,50,1.5,0.13,2,0.3081259524588564
4311,scale_free,degree,4349841,100,291,0.03,3,0.45,0.1,50,1.5,0.19,4,0.11844096081416555
4312,scale_free,degree,4350850,100,291,0.03,3,0.45,0.1,50,1.5,0.16,3,0.1355406361964591
4313,scale_free,degree,4351859,100,291,0.03,3,0.45,0.1,50,1.5,0.11,2,0.3235411609517206
4314,scale_free,degree,4352868,100,291,0.03,3,0.45,0.1,50,1.5,0.12,2,0.2949442980727939
4315,scale_free,degree,4353877,100,291,0.03,3,0.45,0.1,50,1.5,0.11,3,0.22788641075610214
4316,scale_free,degree,4354886,100,291,0.03,3,0.45,0.1,50,1.5,0.16,2,0.16367704727105203
4317,scale_free,degree,4355895,100,291,0.03,3,0.45,0.1,50,1.5,0.14,2,0.23867292085426173
4318,scale_free,degree,4356904,100,291,0.03,3,0.45,0.1,50,1.5,0.11,2,0.3394610087969311
4319,scale_free,degree,4357913,100,291,0.03,3,0.45,0.1,50,1.5,0.11,2,0.2869904793291323
4320,scale_free,degree,4358922,100,291,0.03,3,0.45,0.1,50,1.5,0.14,5,0.1782298624288707
4321,scale_free,degree,4359931,100,291,0.03,3,0.45,0.1,50,1.5,0.07,1,0.39803991779349795
4322,scale_free,degree,4360940,100,291,0.03,3,0.45,0.1,50,1.5,0.09,3,0.35837084189784135
4323,scale_free,degree,4361949,100,291,0.03,3,0.45,0.1,50,1.5,0.11,1,0.2953797557199779
4324,scale_free,degree,4362958,100,291,0.03,3,0.45,0.1,50,1.5,0.33,9,0.019001189246745653
4325,scale_free,degree,4363967,100,291,0.03,3,0.45,0.1,50,1.5,0.12,2,0.21425442043968113
4326,scale_free,degree,4364976,100,291,0.03,3,0.45,0.1,50,1.5,0.19,4,0.06456716653852056
4327,scale_free,degree,4365985,100,291,0.03,3,0.45,0.1,50,1.5,0.11,4,0.2689066824877429
4328,scale_free,degree,4366994,100,291,0.03,3,0.45,0.1,50,1.5,0.13,2,0.2648142283606678
4329,scale_free,degree,4368003,100,291,0.03,3,0.45,0.1,50,1.5,0.08,2,0.383893262332256
4330,scale_free,degree,4369012,100,291,0.03,3,0.45,0.1,50,1.5,0.09,3,0.35290456991314795
4331,scale_free,degree,4370021,100,291,0.03,3,0.45,0.1,50,1.5,0.15,4,0.1782655188998704
4332,scale_free,degree,4371030,100,291,0.03,3,0.45,0.1,50,1.5,0.12,4,0.34077863047261026
4333,scale_free,degree,4372039,100,291,0.03,3,0.45,0.1,50,1.5,0.11,1,0.21481420054025713
4334,scale_free,degree,4373048,100,291,0.03,3,0.45,0.1,50,1.5,0.07,1,0.35317158801667453
4335,scale_free,degree,4374057,100,291,0.03,3,0.45,0.1,50,1.5,0.16,3,0.18415932991623876
4336,scale_free,degree,4375066,100,291,0.03,3,0.45,0.1,50,1.5,0.11,2,0.2731804298655707
4337,scale_free,degree,4376075,100,291,0.03,3,0.45,0.1,50,1.5,0.1,2,0.34381049621382054
4338,scale_free,degree,4377084,100,291,0.03,3,0.45,0.1,50,1.5,0.08,1,0.3545471376395897
4339,scale_free,degree,4378093,100,291,0.03,3,0.45,0.1,50,1.5,0.07,1,0.35129766913466587
4340,scale_free,degree,4379102,100,291,0.03,3,0.45,0.1,50,1.5,0.17,2,0.09841477567745946
4341,scale_free,degree,4380111,100,291,0.03,3,0.45,0.1,50,1.5,0.16,2,0.09292543411894867
4342,scale_free,degree,4381120,100,291,0.03,3,0.45,0.1,50,1.5,0.1,3,0.26593345863517714
4343,scale_free,degree,4382129,100,291,0.03,3,0.45,0.1,50,1.5,0.13,5,0.23475866788134983
4344,scale_free,degree,4383138,100,291,0.03,3,0.45,0.1,50,1.5,0.09,1,0.4102908694740461
4345,scale_free,degree,4384147,100,291,0.03,3,0.45,0.1,50,1.5,0.13,2,0.18677414236423082
4346,scale_free,degree,4385156,100,291,0.03,3,0.45,0.1,50,1.5,0.24,7,0.04509039920266831
4347,scale_free,degree,4386165,100,291,0.03,3,0.45,0.1,50,1.5,0.1,3,0.26138772990395776
4348,scale_free,degree,4387174,100,291,0.03,3,0.45,0.1,50,1.5,0.1,1,0.2798633213022743
4349,scale_free,degree,4388183,100,291,0.03,3,0.45,0.1,50,1.5,0.13,2,0.20760325140775882
4350,scale_free,degree,4389192,100,291,0.03,3,0.45,0.1,50,1.5,0.15,2,0.13564050347415652
4351,scale_free,degree,4390201,100,291,0.03,3,0.45,0.1,50,1.5,0.08,1,0.33092326998117955
4352,scale_free,degree,4391210,100,291,0.03,3,0.45,0.1,50,1.5,0.13,2,0.14420242564319463
4353,scale_free,degree,4392219,100,291,0.03,3,0.45,0.1,50,1.5,0.1,3,0.3180788839606753
4354,scale_free,degree,4393228,100,291,0.03,3,0.45,0.1,50,1.5,0.2,4,0.09144189903876727
4355,scale_free,degree,4394237,100,291,0.03,3,0.45,0.1,50,1.5,0.16,4,0.2082434209690008
4356,scale_free,degree,4395246,100,291,0.03,3,0.45,0.1,50,1.5,0.11,2,0.24202476326874098
4357,scale_free,degree,4396255,100,291,0.03,3,0.45,0.1,50,1.5,0.18,5,0.09478632468540436
4358,scale_free,degree,4397264,100,291,0.03,3,0.45,0.1,50,1.5,0.1,2,0.28123841795178145
4359,scale_free,degree,4398273,100,291,0.03,3,0.45,0.1,50,1.5,0.31,7,0.02567460693270341
4360,scale_free,degree,4399282,100,291,0.03,3,0.45,0.1,50,1.5,0.16,4,0.14181113242497975
4361,scale_free,degree,4400291,100,291,0.03,3,0.45,0.1,50,1.5,0.13,4,0.2189861895884935
4362,scale_free,degree,4401300,100,291,0.03,3,0.45,0.1,50,1.5,0.1,2,0.20196187699945695
4363,scale_free,degree,4402309,100,291,0.03,3,0.45,0.1,50,1.5,0.09,1,0.35846487563661117
4364,scale_free,degree,4403318,100,291,0.03,3,0.45,0.1,50,1.5,0.09,2,0.31693022966042755
4365,scale_free,degree,4404327,100,291,0.03,3,0.45,0.1,50,1.5,0.07,2,0.38778179015004766
4366,scale_free,degree,4405336,100,291,0.03,3,0.45,0.1,50,1.5,0.07,1,0.4416333785144265
4367,scale_free,degree,4406345,100,291,0.03,3,0.45,0.1,50,1.5,0.14,2,0.2583890272556411
4368,scale_free,degree,4407354,100,291,0.03,3,0.45,0.1,50,1.5,0.17,4,0.1722443077075949
4369,scale_free,degree,4408363,100,291,0.03,3,0.45,0.1,50,1.5,0.19,3,0.13796894470513585
4370,scale_free,degree,4409372,100,291,0.03,3,0.45,0.1,50,1.5,0.23,6,0.07585448692340721
4371,scale_free,degree,4410381,100,291,0.03,3,0.45,0.1,50,1.5,0.14,3,0.24837320714666447
4372,scale_free,degree,4411390,100,291,0.03,3,0.45,0.1,50,1.5,0.12,3,0.20763965570222215
4373,scale_free,degree,4412399,100,291,0.03,3,0.45,0.1,50,1.5,0.14,2,0.2447999065002945
4374,scale_free,degree,4413408,100,291,0.03,3,0.45,0.1,50,1.5,0.08,2,0.33785796948212016
4375,scale_free,degree,4414417,100,291,0.03,3,0.45,0.1,50,1.5,0.21,2,0.07488206047481952
4376,scale_free,degree,4415426,100,291,0.03,3,0.45,0.1,50,1.5,0.09,2,0.2905109162146993
4377,scale_free,degree,4416435,100,291,0.03,3,0.45,0.1,50,1.5,0.12,3,0.3469387547696281
4378,scale_free,degree,4417444,100,291,0.03,3,0.45,0.1,50,1.5,0.09,1,0.28457662050647226
4379,scale_free,degree,4418453,100,291,0.03,3,0.45,0.1,50,1.5,0.06,1,0.44259448322874767
4380,scale_free,degree,4419462,100,291,0.03,3,0.45,0.1,50,1.5,0.15,3,0.23841895849117276
4381,scale_free,degree,4420471,100,291,0.03,3,0.45,0.1,50,1.5,0.15,4,0.22471892435030477
4382,scale_free,degree,4421480,100,291,0.03,3,0.45,0.1,50,1.5,0.14,3,0.15347668394286845
4383,scale_free,degree,4422489,100,291,0.03,3,0.45,0.1,50,1.5,0.21,4,0.10140119716871542
4384,scale_free,degree,4423498,100,291,0.03,3,0.45,0.1,50,1.5,0.16,3,0.17150337238246133
4385,scale_free,degree,4424507,100,291,0.03,3,0.45,0.1,50,1.5,0.2,4,0.11958917846980015
4386,scale_free,degree,4425516,100,291,0.03,3,0.45,0.1,50,1.5,0.42,6,0.00873393520316551
4387,scale_free,degree,4426525,100,291,0.03,3,0.45,0.1,50,1.5,0.1,3,0.26555922809926497
4388,scale_free,degree,4427534,100,291,0.03,3,0.45,0.1,50,1.5,0.13,4,0.22770331508409386
4389,scale_free,degree,4428543,100,291,0.03,3,0.45,0.1,50,1.5,0.55,17,0.0021565815017482214
4390,scale_free,degree,4429552,100,291,0.03,3,0.45,0.1,50,1.5,0.12,2,0.3013683228993212
4391,scale_free,degree,4430561,100,291,0.03,3,0.45,0.1,50,1.5,0.15,4,0.21144780651747475
4392,scale_free,degree,4431570,100,291,0.03,3,0.45,0.1,50,1.5,0.08,3,0.359818627982934
4393,scale_free,degree,4432579,100,291,0.03,3,0.45,0.1,50,1.5,0.16,3,0.1309513069432929
4394,scale_free,degree,4433588,100,291,0.03,3,0.45,0.1,50,1.5,0.06,1,0.40801281537330475
4395,scale_free,degree,4434597,100,291,0.03,3,0.45,0.1,50,1.5,0.14,2,0.23213810131206006
4396,scale_free,degree,4435606,100,291,0.03,3,0.45,0.1,50,1.5,0.15,4,0.1540216973594847
4397,scale_free,degree,4436615,100,291,0.03,3,0.45,0.1,50,1.5,0.14,2,0.14278127794269468
4398,scale_free,degree,4437624,100,291,0.03,3,0.45,0.1,50,1.5,0.16,2,0.11231547458706408
4399,scale_free,degree,4438633,100,291,0.03,3,0.45,0.1,50,1.5,0.15,2,0.144672811648362
4400,scale_free,degree,4439642,100,291,0.03,3,0.45,0.1,50,1.5,0.11,3,0.1982566055637282
4401,scale_free,degree,4440651,100,291,0.03,3,0.45,0.1,50,1.5,0.13,3,0.24291884435984967
4402,scale_free,degree,4441660,100,291,0.03,3,0.45,0.1,50,1.5,0.09,2,0.293442350545981
4403,scale_free,degree,4442669,100,291,0.03,3,0.45,0.1,50,1.5,0.18,6,0.09709586514591965
4404,scale_free,degree,4443678,100,291,0.03,3,0.45,0.1,50,1.5,0.14,1,0.1616168637801399
4405,scale_free,degree,4444687,100,291,0.03,3,0.45,0.1,50,1.5,0.1,2,0.28573220141134026
4406,scale_free,degree,4445696,100,291,0.03,3,0.45,0.1,50,1.5,0.2,5,0.08871785820541371
4407,scale_free,degree,4446705,100,291,0.03,3,0.45,0.1,50,1.5,0.05,1,0.4262883915211505
4408,scale_free,degree,4447714,100,291,0.03,3,0.45,0.1,50,1.5,0.12,1,0.18585701010885872
4409,scale_free,degree,4448723,100,291,0.03,3,0.45,0.1,50,1.5,0.12,3,0.29524104305016574
4410,scale_free,degree,4449732,100,291,0.03,3,0.45,0.1,50,1.5,0.15,6,0.14534286344120734
4411,scale_free,degree,4450741,100,291,0.03,3,0.45,0.1,50,1.5,0.37,6,0.03311446690116984
4412,scale_free,degree,4451750,100,291,0.03,3,0.45,0.1,50,1.5,0.1,1,0.3390852790101898
4413,scale_free,degree,4452759,100,291,0.03,3,0.45,0.1,50,1.5,0.11,2,0.22685340162184137
4414,scale_free,degree,4453768,100,291,0.03,3,0.45,0.1,50,1.5,0.12,2,0.28518277139334924
4415,scale_free,degree,4454777,100,291,0.03,3,0.45,0.1,50,1.5,0.11,4,0.2199142130334855
4416,scale_free,degree,4455786,100,291,0.03,3,0.45,0.1,50,1.5,0.12,2,0.21665780253571582
4417,scale_free,degree,4456795,100,291,0.03,3,0.45,0.1,50,1.5,0.14,2,0.22202129230719395
4418,scale_free,degree,4457804,100,291,0.03,3,0.45,0.1,50,1.5,0.07,2,0.36541428747507937
4419,scale_free,degree,4458813,100,291,0.03,3,0.45,0.1,50,1.5,0.17,3,0.1463397579887318
4420,scale_free,degree,4459822,100,291,0.03,3,0.45,0.1,50,1.5,0.07,2,0.38724576728639815
4421,scale_free,degree,4460831,100,291,0.03,3,0.45,0.1,50,1.5,0.05,1,0.4623002956107451
4422,scale_free,degree,4461840,100,291,0.03,3,0.45,0.1,50,1.5,0.14,5,0.1631907698855395
4423,scale_free,degree,4462849,100,291,0.03,3,0.45,0.1,50,1.5,0.17,3,0.1506755098679615
4424,scale_free,degree,4463858,100,291,0.03,3,0.45,0.1,50,1.5,0.14,2,0.16786741313454398
4425,scale_free,degree,4464867,100,291,0.03,3,0.45,0.1,50,1.5,0.23,4,0.11765620358267169
4426,scale_free,degree,4465876,100,291,0.03,3,0.45,0.1,50,1.5,0.06,2,0.41324503939958407
4427,scale_free,degree,4466885,100,291,0.03,3,0.45,0.1,50,1.5,0.14,3,0.20141465243903464
4428,scale_free,degree,4467894,100,291,0.03,3,0.45,0.1,50,1.5,0.11,2,0.32742290756880643
4429,scale_free,degree,4468903,100,291,0.03,3,0.45,0.1,50,1.5,0.1,2,0.2480728798174862
4430,scale_free,degree,4469912,100,291,0.03,3,0.45,0.1,50,1.5,0.1,2,0.23770193022095878
4431,scale_free,degree,4470921,100,291,0.03,3,0.45,0.1,50,1.5,0.12,3,0.2302060942833358
4432,scale_free,degree,4471930,100,291,0.03,3,0.45,0.1,50,1.5,0.16,4,0.15333573474643708
4433,scale_free,degree,4472939,100,291,0.03,3,0.45,0.1,50,1.5,0.11,2,0.23622403641652098
4434,scale_free,degree,4473948,100,291,0.03,3,0.45,0.1,50,1.5,0.15,3,0.14115404846975302
4435,scale_free,degree,4474957,100,291,0.03,3,0.45,0.1,50,1.5,0.06,1,0.4006483567810792
4436,scale_free,degree,4475966,100,291,0.03,3,0.45,0.1,50,1.5,0.07,1,0.37736777773669233
4437,scale_free,degree,4476975,100,291,0.03,3,0.45,0.1,50,1.5,0.27,6,0.030045405440357092
4438,scale_free,degree,4477984,100,291,0.03,3,0.45,0.1,50,1.5,0.07,1,0.38124490831710467
4439,scale_free,degree,4478993,100,291,0.03,3,0.45,0.1,50,1.5,0.25,6,0.04095587346602459
4440,scale_free,degree,4480002,100,291,0.03,3,0.45,0.1,50,1.5,0.12,2,0.2876287172135192
4441,scale_free,degree,4481011,100,291,0.03,3,0.45,0.1,50,1.5,0.07,1,0.2899659046623438
4442,scale_free,degree,4482020,100,291,0.03,3,0.45,0.1,50,1.5,0.09,2,0.314474115572803
4443,scale_free,degree,4483029,100,291,0.03,3,0.45,0.1,50,1.5,0.11,3,0.23032692898809992
4444,scale_free,degree,4484038,100,291,0.03,3,0.45,0.1,50,1.5,0.11,3,0.20511163128388285
4445,scale_free,degree,4485047,100,291,0.03,3,0.45,0.1,50,1.5,0.08,3,0.3213054253772337
4446,scale_free,degree,4486056,100,291,0.03,3,0.45,0.1,50,1.5,0.27,6,0.03455386564753675
4447,scale_free,degree,4487065,100,291,0.03,3,0.45,0.1,50,1.5,0.07,2,0.42331136168632777
4448,scale_free,degree,4488074,100,291,0.03,3,0.45,0.1,50,1.5,0.09,2,0.38706391531987194
4449,scale_free,degree,4489083,100,291,0.03,3,0.45,0.1,50,1.5,0.16,2,0.08474271224162126
4450,scale_free,degree,4490092,100,291,0.03,3,0.45,0.1,50,1.5,0.24,4,0.03764247442685647
4451,scale_free,degree,4491101,100,291,0.03,3,0.45,0.1,50,1.5,0.16,3,0.22508735126802057
4452,scale_free,degree,4492110,100,291,0.03,3,0.45,0.1,50,1.5,0.14,2,0.14593746226839924
4453,scale_free,degree,4493119,100,291,0.03,3,0.45,0.1,50,1.5,0.18,3,0.08492312511644069
4454,scale_free,degree,4494128,100,291,0.03,3,0.45,0.1,50,1.5,0.23,4,0.10320339566107095
4455,scale_free,degree,4495137,100,291,0.03,3,0.45,0.1,50,1.5,0.06,1,0.41686902991117564
4456,scale_free,degree,4496146,100,291,0.03,3,0.45,0.1,50,1.5,0.08,1,0.3719440497231959
4457,scale_free,degree,4497155,100,291,0.03,3,0.45,0.1,50,1.5,0.11,1,0.30330523062210335
4458,scale_free,degree,4498164,100,291,0.03,3,0.45,0.1,50,1.5,0.13,2,0.267648500086852
4459,scale_free,degree,4499173,100,291,0.03,3,0.45,0.1,50,1.5,0.14,2,0.25176026837476145
4460,scale_free,degree,4500182,100,291,0.03,3,0.45,0.1,50,1.5,0.11,4,0.2426190748865532
4461,scale_free,degree,4501191,100,291,0.03,3,0.45,0.1,50,1.5,0.13,2,0.16708358224994788
4462,scale_free,degree,4502200,100,291,0.03,3,0.45,0.1,50,1.5,0.18,3,0.17538727077874253
4463,scale_free,degree,4503209,100,291,0.03,3,0.45,0.1,50,1.5,0.12,2,0.2684701937541279
4464,scale_free,degree,4504218,100,291,0.03,3,0.45,0.1,50,1.5,0.16,4,0.12721004907643682
4465,scale_free,degree,4505227,100,291,0.03,3,0.45,0.1,50,1.5,0.38,9,0.017078962022918514
4466,scale_free,degree,4506236,100,291,0.03,3,0.45,0.1,50,1.5,0.17,4,0.12266888795558953
4467,scale_free,degree,4507245,100,291,0.03,3,0.45,0.1,50,1.5,1.0,29,0.0
4468,scale_free,degree,4508254,100,291,0.03,3,0.45,0.1,50,1.5,0.1,3,0.3438148229599628
4469,scale_free,degree,4509263,100,291,0.03,3,0.45,0.1,50,1.5,0.13,2,0.24699370152491693
4470,scale_free,degree,4510272,100,291,0.03,3,0.45,0.1,50,1.5,0.05,2,0.4551803548673019
4471,scale_free,degree,4511281,100,291,0.03,3,0.45,0.1,50,1.5,0.11,1,0.30815318937773667
4472,scale_free,degree,4512290,100,291,0.03,3,0.45,0.1,50,1.5,0.06,1,0.44010247687419507
4473,scale_free,degree,4513299,100,291,0.03,3,0.45,0.1,50,1.5,0.23,6,0.06673985045038684
4474,scale_free,degree,4514308,100,291,0.03,3,0.45,0.1,50,1.5,0.17,5,0.15372509204289017
4475,scale_free,degree,4515317,100,291,0.03,3,0.45,0.1,50,1.5,0.09,3,0.3058767625598147
4476,scale_free,degree,4516326,100,291,0.03,3,0.45,0.1,50,1.5,0.25,4,0.10000985782073711
4477,scale_free,degree,4517335,100,291,0.03,3,0.45,0.1,50,1.5,0.07,1,0.38462880343076833
4478,scale_free,degree,4518344,100,291,0.03,3,0.45,0.1,50,1.5,0.09,2,0.2765346562026455
4479,scale_free,degree,4519353,100,291,0.03,3,0.45,0.1,50,1.5,0.13,2,0.1714108853920899
4480,scale_free,degree,4520362,100,291,0.03,3,0.45,0.1,50,1.5,0.22,4,0.08912979326550462
4481,scale_free,degree,4521371,100,291,0.03,3,0.45,0.1,50,1.5,0.12,3,0.2241386916557794
4482,scale_free,degree,4522380,100,291,0.03,3,0.45,0.1,50,1.5,0.17,2,0.2116793081695002
4483,scale_free,degree,4523389,100,291,0.03,3,0.45,0.1,50,1.5,0.1,2,0.3592921016506415
4484,scale_free,degree,4524398,100,291,0.03,3,0.45,0.1,50,1.5,1.0,14,0.0
4485,scale_free,degree,4525407,100,291,0.03,3,0.45,0.1,50,1.5,0.11,2,0.2455054992288338
4486,scale_free,degree,4526416,100,291,0.03,3,0.45,0.1,50,1.5,0.13,2,0.29188836845968
4487,scale_free,degree,4527425,100,291,0.03,3,0.45,0.1,50,1.5,0.08,1,0.30794112862356315
4488,scale_free,degree,4528434,100,291,0.03,3,0.45,0.1,50,1.5,0.11,2,0.30249909747818315
4489,scale_free,degree,4529443,100,291,0.03,3,0.45,0.1,50,1.5,0.1,2,0.3490479820367566
4490,scale_free,degree,4530452,100,291,0.03,3,0.45,0.1,50,1.5,0.11,1,0.2209523807066667
4491,scale_free,degree,4531461,100,291,0.03,3,0.45,0.1,50,1.5,0.14,2,0.16904683053370442
4492,scale_free,degree,4532470,100,291,0.03,3,0.45,0.1,50,1.5,0.08,1,0.3076401279375415
4493,scale_free,degree,4533479,100,291,0.03,3,0.45,0.1,50,1.5,0.05,1,0.46768490423593334
4494,scale_free,degree,4534488,100,291,0.03,3,0.45,0.1,50,1.5,0.18,3,0.14804222820154342
4495,scale_free,degree,4535497,100,291,0.03,3,0.45,0.1,50,1.5,0.11,3,0.27995191632473765
4496,scale_free,degree,4536506,100,291,0.03,3,0.45,0.1,50,1.5,0.24,3,0.08538988036269564
4497,scale_free,degree,4537515,100,291,0.03,3,0.45,0.1,50,1.5,0.07,1,0.4829796590808679
4498,scale_free,degree,4538524,100,291,0.03,3,0.45,0.1,50,1.5,0.12,3,0.21340151228264007
4499,scale_free,degree,4539533,100,291,0.03,3,0.45,0.1,50,1.5,0.11,2,0.23124581519190568
4500,scale_free,degree,4540542,100,291,0.03,3,0.45,0.1,50,1.5,0.15,3,0.14210816909490356
4501,scale_free,degree,4541551,100,291,0.03,3,0.45,0.1,50,1.5,0.13,2,0.2622434120154305
4502,scale_free,degree,4542560,100,291,0.03,3,0.45,0.1,50,1.5,0.09,2,0.2693071667274291
4503,scale_free,degree,4543569,100,291,0.03,3,0.45,0.1,50,1.5,0.14,2,0.1755472150286761
4504,scale_free,degree,4544578,100,291,0.03,3,0.45,0.1,50,1.5,1.0,18,0.0
4505,scale_free,degree,4545587,100,291,0.03,3,0.45,0.1,50,1.5,0.14,2,0.26985263964799994
4506,scale_free,degree,4546596,100,291,0.03,3,0.45,0.1,50,1.5,0.05,1,0.4866143232915694
4507,scale_free,degree,4547605,100,291,0.03,3,0.45,0.1,50,1.5,0.21,4,0.09129714901941946
4508,scale_free,degree,4548614,100,291,0.03,3,0.45,0.1,50,1.5,0.05,1,0.46994724666346605
4509,scale_free,degree,4549623,100,291,0.03,3,0.45,0.1,50,1.5,0.15,4,0.17160997471370867
4510,scale_free,degree,4550632,100,291,0.03,3,0.45,0.1,50,1.5,0.17,3,0.0787560070890687
4511,scale_free,degree,4551641,100,291,0.03,3,0.45,0.1,50,1.5,0.13,3,0.15090119049996065
4512,scale_free,degree,4552650,100,291,0.03,3,0.45,0.1,50,1.5,0.1,2,0.2437459511553411
4513,scale_free,degree,4553659,100,291,0.03,3,0.45,0.1,50,1.5,0.12,3,0.2234044835642407
4514,scale_free,degree,4554668,100,291,0.03,3,0.45,0.1,50,1.5,0.19,5,0.07974334226767951
4515,scale_free,degree,4555677,100,291,0.03,3,0.45,0.1,50,1.5,0.13,3,0.1944517814880884
4516,scale_free,degree,4556686,100,291,0.03,3,0.45,0.1,50,1.5,0.12,2,0.3115660584669312
4517,scale_free,degree,4557695,100,291,0.03,3,0.45,0.1,50,1.5,0.07,1,0.46794475641107997
4518,scale_free,degree,4558704,100,291,0.03,3,0.45,0.1,50,1.5,0.13,3,0.23422918274412885
4519,scale_free,degree,4559713,100,291,0.03,3,0.45,0.1,50,1.5,0.15,3,0.11074898792781497
4520,scale_free,degree,4560722,100,291,0.03,3,0.45,0.1,50,1.5,0.16,4,0.11837510737980414
4521,scale_free,degree,4561731,100,291,0.03,3,0.45,0.1,50,1.5,0.08,2,0.43212904391376933
4522,scale_free,degree,4562740,100,291,0.03,3,0.45,0.1,50,1.5,0.16,4,0.16583011273394235
4523,scale_free,degree,4563749,100,291,0.03,3,0.45,0.1,50,1.5,0.17,4,0.14900497751950323
4524,scale_free,degree,4564758,100,291,0.03,3,0.45,0.1,50,1.5,0.08,3,0.30613625027332847
4525,scale_free,degree,4565767,100,291,0.03,3,0.45,0.1,50,1.5,0.13,2,0.18335876962979336
4526,scale_free,degree,4566776,100,291,0.03,3,0.45,0.1,50,1.5,0.1,2,0.31754320023100474
4527,scale_free,degree,4567785,100,291,0.03,3,0.45,0.1,50,1.5,0.09,2,0.28705130130841094
4528,scale_free,degree,4568794,100,291,0.03,3,0.45,0.1,50,1.5,0.11,4,0.2996351599765517
4529,scale_free,degree,4569803,100,291,0.03,3,0.45,0.1,50,1.5,0.16,2,0.17971917953701827
4530,scale_free,degree,4570812,100,291,0.03,3,0.45,0.1,50,1.5,0.18,5,0.12119577014613087
4531,scale_free,degree,4571821,100,291,0.03,3,0.45,0.1,50,1.5,0.18,3,0.15041596104983038
4532,scale_free,degree,4572830,100,291,0.03,3,0.45,0.1,50,1.5,0.16,3,0.15561505896331995
4533,scale_free,degree,4573839,100,291,0.03,3,0.45,0.1,50,1.5,0.09,2,0.34736331438225293
4534,scale_free,degree,4574848,100,291,0.03,3,0.45,0.1,50,1.5,0.09,2,0.2742192303927239
4535,scale_free,degree,4575857,100,291,0.03,3,0.45,0.1,50,1.5,0.17,2,0.09358283710596643
4536,scale_free,degree,4576866,100,291,0.03,3,0.45,0.1,50,1.5,0.07,2,0.40437973390780585
4537,scale_free,degree,4577875,100,291,0.03,3,0.45,0.1,50,1.5,0.14,3,0.19765414025283554
4538,scale_free,degree,4578884,100,291,0.03,3,0.45,0.1,50,1.5,0.17,5,0.14528549849215264
4539,scale_free,degree,4579893,100,291,0.03,3,0.45,0.1,50,1.5,0.14,4,0.2135548565203603
4540,scale_free,degree,4580902,100,291,0.03,3,0.45,0.1,50,1.5,0.24,3,0.05476662445630932
4541,scale_free,degree,4581911,100,291,0.03,3,0.45,0.1,50,1.5,0.1,1,0.27950688952891256
4542,scale_free,degree,4582920,100,291,0.03,3,0.45,0.1,50,1.5,0.17,2,0.1542672219167731
4543,scale_free,degree,4583929,100,291,0.03,3,0.45,0.1,50,1.5,0.14,3,0.16064288652953673
4544,scale_free,degree,4584938,100,291,0.03,3,0.45,0.1,50,1.5,0.16,4,0.16885626234242265
4545,scale_free,degree,4585947,100,291,0.03,3,0.45,0.1,50,1.5,0.11,1,0.24810183768688907
4546,scale_free,degree,4586956,100,291,0.03,3,0.45,0.1,50,1.5,0.18,3,0.09539895391297347
4547,scale_free,degree,4587965,100,291,0.03,3,0.45,0.1,50,1.5,0.07,1,0.42630325486436205
4548,scale_free,degree,4588974,100,291,0.03,3,0.45,0.1,50,1.5,0.11,1,0.2669719408977557
4549,scale_free,degree,4589983,100,291,0.03,3,0.45,0.1,50,1.5,0.06,1,0.45842935742035834
4550,scale_free,degree,4590992,100,291,0.03,3,0.45,0.1,50,1.5,0.15,2,0.2069990930651087
4551,scale_free,degree,4592001,100,291,0.03,3,0.45,0.1,50,1.5,0.15,4,0.20019619811624104
4552,scale_free,degree,4593010,100,291,0.03,3,0.45,0.1,50,1.5,0.07,1,0.45203535801219796
4553,scale_free,degree,4594019,100,291,0.03,3,0.45,0.1,50,1.5,0.07,1,0.3830201219651162
4554,scale_free,degree,4595028,100,291,0.03,3,0.45,0.1,50,1.5,0.13,2,0.19667969686961956
4555,scale_free,degree,4596037,100,291,0.03,3,0.45,0.1,50,1.5,0.07,1,0.43049471384814697
4556,scale_free,degree,4597046,100,291,0.03,3,0.45,0.1,50,1.5,0.1,2,0.29891309659306564
4557,scale_free,degree,4598055,100,291,0.03,3,0.45,0.1,50,1.5,0.09,2,0.3717154203970449
4558,scale_free,degree,4599064,100,291,0.03,3,0.45,0.1,50,1.5,1.0,18,0.0
4559,scale_free,degree,4600073,100,291,0.03,3,0.45,0.1,50,1.5,0.1,3,0.300857788075176
4560,scale_free,degree,4601082,100,291,0.03,3,0.45,0.1,50,1.5,0.27,7,0.043831054399784374
4561,scale_free,degree,4602091,100,291,0.03,3,0.45,0.1,50,1.5,0.11,2,0.26660079295596245
4562,scale_free,degree,4603100,100,291,0.03,3,0.45,0.1,50,1.5,0.16,3,0.207187645316548
4563,scale_free,degree,4604109,100,291,0.03,3,0.45,0.1,50,1.5,0.11,2,0.25244202455131903
4564,scale_free,degree,4605118,100,291,0.03,3,0.45,0.1,50,1.5,0.05,1,0.4933735917732728
4565,scale_free,degree,4606127,100,291,0.03,3,0.45,0.1,50,1.5,0.16,3,0.11808731826481256
4566,scale_free,degree,4607136,100,291,0.03,3,0.45,0.1,50,1.5,0.07,2,0.34621046294210356
4567,scale_free,degree,4608145,100,291,0.03,3,0.45,0.1,50,1.5,0.17,5,0.12582528947376453
4568,scale_free,degree,4609154,100,291,0.03,3,0.45,0.1,50,1.5,0.3,6,0.03736172007860141
4569,scale_free,degree,4610163,100,291,0.03,3,0.45,0.1,50,1.5,0.44,12,0.0016667576786092964
4570,scale_free,degree,4611172,100,291,0.03,3,0.45,0.1,50,1.5,0.08,3,0.2781151551831214
4571,scale_free,degree,4612181,100,291,0.03,3,0.45,0.1,50,1.5,0.18,4,0.11067414553446518
4572,scale_free,degree,4613190,100,291,0.03,3,0.45,0.1,50,1.5,0.11,4,0.3446669661046611
4573,scale_free,degree,4614199,100,291,0.03,3,0.45,0.1,50,1.5,0.18,2,0.0938304313885016
4574,scale_free,degree,4615208,100,291,0.03,3,0.45,0.1,50,1.5,0.25,5,0.027829988953477814
4575,scale_free,degree,4616217,100,291,0.03,3,0.45,0.1,50,1.5,0.1,4,0.2732174896271287
4576,scale_free,degree,4617226,100,291,0.03,3,0.45,0.1,50,1.5,0.09,1,0.32154771539309446
4577,scale_free,degree,4618235,100,291,0.03,3,0.45,0.1,50,1.5,0.35,10,0.02026179883139316
4578,scale_free,degree,4619244,100,291,0.03,3,0.45,0.1,50,1.5,0.12,2,0.23766210727131334
4579,scale_free,degree,4620253,100,291,0.03,3,0.45,0.1,50,1.5,0.11,2,0.259603024098779
4580,scale_free,degree,4621262,100,291,0.03,3,0.45,0.1,50,1.5,0.13,2,0.23651904827777728
4581,scale_free,degree,4622271,100,291,0.03,3,0.45,0.1,50,1.5,0.17,4,0.14031333068771856
4582,scale_free,degree,4623280,100,291,0.03,3,0.45,0.1,50,1.5,0.11,2,0.26669093210848077
4583,scale_free,degree,4624289,100,291,0.03,3,0.45,0.1,50,1.5,0.11,2,0.21374117999977923
4584,scale_free,degree,4625298,100,291,0.03,3,0.45,0.1,50,1.5,0.12,2,0.20525257339563324
4585,scale_free,degree,4626307,100,291,0.03,3,0.45,0.1,50,1.5,0.08,2,0.3541957513517146
4586,scale_free,degree,4627316,100,291,0.03,3,0.45,0.1,50,1.5,0.07,1,0.375764756294394
4587,scale_free,degree,4628325,100,291,0.03,3,0.45,0.1,50,1.5,0.11,2,0.27911504397360537
4588,scale_free,degree,4629334,100,291,0.03,3,0.45,0.1,50,1.5,0.22,4,0.07166584206956386
4589,scale_free,degree,4630343,100,291,0.03,3,0.45,0.1,50,1.5,0.17,5,0.08063862656465012
4590,scale_free,degree,4631352,100,291,0.03,3,0.45,0.1,50,1.5,0.13,6,0.2215042256955028
4591,scale_free,degree,4632361,100,291,0.03,3,0.45,0.1,50,1.5,0.16,4,0.12357802598519102
4592,scale_free,degree,4633370,100,291,0.03,3,0.45,0.1,50,1.5,0.1,1,0.3141284284885117
4593,scale_free,degree,4634379,100,291,0.03,3,0.45,0.1,50,1.5,0.11,1,0.3185186473035593
4594,scale_free,degree,4635388,100,291,0.03,3,0.45,0.1,50,1.5,0.17,3,0.12300538981553458
4595,scale_free,degree,4636397,100,291,0.03,3,0.45,0.1,50,1.5,0.13,3,0.24759058822529864
4596,scale_free,degree,4637406,100,291,0.03,3,0.45,0.1,50,1.5,0.15,3,0.15508192296076315
4597,scale_free,degree,4638415,100,291,0.03,3,0.45,0.1,50,1.5,0.17,3,0.10527259328570644
4598,scale_free,degree,4639424,100,291,0.03,3,0.45,0.1,50,1.5,0.08,1,0.35295505938578436
4599,scale_free,degree,4640433,100,291,0.03,3,0.45,0.1,50,1.5,0.13,3,0.2517478676292011
4600,scale_free,degree,4641442,100,291,0.03,3,0.45,0.1,50,1.5,0.04,1,0.5029012451392115
4601,scale_free,degree,4642451,100,291,0.03,3,0.45,0.1,50,1.5,0.22,4,0.06507599708723183
4602,scale_free,degree,4643460,100,291,0.03,3,0.45,0.1,50,1.5,0.11,2,0.2794939872357902
4603,scale_free,degree,4644469,100,291,0.03,3,0.45,0.1,50,1.5,0.15,2,0.13612212377838556
4604,scale_free,degree,4645478,100,291,0.03,3,0.45,0.1,50,1.5,0.15,4,0.16267655348378154
4605,scale_free,degree,4646487,100,291,0.03,3,0.45,0.1,50,1.5,1.0,15,0.0
4606,scale_free,degree,4647496,100,291,0.03,3,0.45,0.1,50,1.5,0.21,4,0.07561462282107063
4607,scale_free,degree,4648505,100,291,0.03,3,0.45,0.1,50,1.5,0.06,1,0.5038339608244765
4608,scale_free,degree,4649514,100,291,0.03,3,0.45,0.1,50,1.5,0.13,2,0.18168041232487478
4609,scale_free,degree,4650523,100,291,0.03,3,0.45,0.1,50,1.5,0.15,3,0.14320067814769458
4610,scale_free,degree,4651532,100,291,0.03,3,0.45,0.1,50,1.5,0.09,1,0.3488428861587236
4611,scale_free,degree,4652541,100,291,0.03,3,0.45,0.1,50,1.5,0.07,2,0.39141369133595255
4612,scale_free,degree,4653550,100,291,0.03,3,0.45,0.1,50,1.5,0.04,1,0.5347140523361993
4613,scale_free,degree,4654559,100,291,0.03,3,0.45,0.1,50,1.5,1.0,19,0.0
4614,scale_free,degree,4655568,100,291,0.03,3,0.45,0.1,50,1.5,0.07,2,0.41930709726999593
4615,scale_free,degree,4656577,100,291,0.03,3,0.45,0.1,50,1.5,0.12,2,0.18630438187115939
4616,scale_free,degree,4657586,100,291,0.03,3,0.45,0.1,50,1.5,0.09,1,0.39538160446947423
4617,scale_free,degree,4658595,100,291,0.03,3,0.45,0.1,50,1.5,0.12,3,0.23870475269213712
4618,scale_free,degree,4659604,100,291,0.03,3,0.45,0.1,50,1.5,0.08,2,0.4640067987954263
4619,scale_free,degree,4660613,100,291,0.03,3,0.45,0.1,50,1.5,0.24,9,0.07744385320447164
4620,scale_free,degree,4661622,100,291,0.03,3,0.45,0.1,50,1.5,0.12,3,0.3057739855976541
4621,scale_free,degree,4662631,100,291,0.03,3,0.45,0.1,50,1.5,0.27,4,0.02734841843118809
4622,scale_free,degree,4663640,100,291,0.03,3,0.45,0.1,50,1.5,0.11,3,0.2776763710546799
4623,scale_free,degree,4664649,100,291,0.03,3,0.45,0.1,50,1.5,0.11,1,0.21753408969381313
4624,scale_free,degree,4665658,100,291,0.03,3,0.45,0.1,50,1.5,0.09,2,0.3021071407412176
4625,scale_free,degree,4666667,100,291,0.03,3,0.45,0.1,50,1.5,0.11,2,0.2790878628918334
4626,scale_free,degree,4667676,100,291,0.03,3,0.45,0.1,50,1.5,0.23,3,0.10996974424108076
4627,scale_free,degree,4668685,100,291,0.03,3,0.45,0.1,50,1.5,0.14,2,0.19223157786431574
4628,scale_free,degree,4669694,100,291,0.03,3,0.45,0.1,50,1.5,0.19,3,0.11263516997775787
4629,scale_free,degree,4670703,100,291,0.03,3,0.45,0.1,50,1.5,0.18,6,0.11204909675603804
4630,scale_free,degree,4671712,100,291,0.03,3,0.45,0.1,50,1.5,0.18,4,0.1408957345291078
4631,scale_free,degree,4672721,100,291,0.03,3,0.45,0.1,50,1.5,0.13,4,0.23215318943006216
4632,scale_free,degree,4673730,100,291,0.03,3,0.45,0.1,50,1.5,0.04,1,0.48949491765798303
4633,scale_free,degree,4674739,100,291,0.03,3,0.45,0.1,50,1.5,0.14,4,0.16959388034249395
4634,scale_free,degree,4675748,100,291,0.03,3,0.45,0.1,50,1.5,0.2,4,0.06854947646167453
4635,scale_free,degree,4676757,100,291,0.03,3,0.45,0.1,50,1.5,0.18,3,0.10898469979256062
4636,scale_free,degree,4677766,100,291,0.03,3,0.45,0.1,50,1.5,0.12,2,0.23030270788975837
4637,scale_free,degree,4678775,100,291,0.03,3,0.45,0.1,50,1.5,0.07,2,0.46200969612917964
4638,scale_free,degree,4679784,100,291,0.03,3,0.45,0.1,50,1.5,0.14,2,0.15194311211444037
4639,scale_free,degree,4680793,100,291,0.03,3,0.45,0.1,50,1.5,0.1,2,0.27377326423764786
4640,scale_free,degree,4681802,100,291,0.03,3,0.45,0.1,50,1.5,0.05,1,0.5017604065247678
4641,scale_free,degree,4682811,100,291,0.03,3,0.45,0.1,50,1.5,0.13,1,0.16236225611735172
4642,scale_free,degree,4683820,100,291,0.03,3,0.45,0.1,50,1.5,0.16,2,0.1180232663473145
4643,scale_free,degree,4684829,100,291,0.03,3,0.45,0.1,50,1.5,0.14,3,0.15751139396720182
4644,scale_free,degree,4685838,100,291,0.03,3,0.45,0.1,50,1.5,0.13,1,0.1966804056797298
4645,scale_free,degree,4686847,100,291,0.03,3,0.45,0.1,50,1.5,0.15,2,0.24971359633066165
4646,scale_free,degree,4687856,100,291,0.03,3,0.45,0.1,50,1.5,0.09,2,0.31560694201783396
4647,scale_free,degree,4688865,100,291,0.03,3,0.45,0.1,50,1.5,0.11,3,0.26192745763291303
4648,scale_free,degree,4689874,100,291,0.03,3,0.45,0.1,50,1.5,0.1,2,0.23871143246406318
4649,scale_free,degree,4690883,100,291,0.03,3,0.45,0.1,50,1.5,0.17,4,0.13198231338249064
4650,scale_free,degree,4691892,100,291,0.03,3,0.45,0.1,50,1.5,0.14,2,0.17117928195024945
4651,scale_free,degree,4692901,100,291,0.03,3,0.45,0.1,50,1.5,0.1,2,0.2829392382923049
4652,scale_free,degree,4693910,100,291,0.03,3,0.45,0.1,50,1.5,0.12,1,0.25385374568043434
4653,scale_free,degree,4694919,100,291,0.03,3,0.45,0.1,50,1.5,0.13,3,0.28803450996003654
4654,scale_free,degree,4695928,100,291,0.03,3,0.45,0.1,50,1.5,0.13,1,0.19642545027105354
4655,scale_free,degree,4696937,100,291,0.03,3,0.45,0.1,50,1.5,0.08,1,0.37980817911787057
4656,scale_free,degree,4697946,100,291,0.03,3,0.45,0.1,50,1.5,0.07,3,0.3908837025586139
4657,scale_free,degree,4698955,100,291,0.03,3,0.45,0.1,50,1.5,0.2,5,0.12023648443602725
4658,scale_free,degree,4699964,100,291,0.03,3,0.45,0.1,50,1.5,0.15,4,0.13066049611825353
4659,scale_free,degree,4700973,100,291,0.03,3,0.45,0.1,50,1.5,0.09,1,0.2991675366817023
4660,scale_free,degree,4701982,100,291,0.03,3,0.45,0.1,50,1.5,0.11,3,0.32249447826732286
4661,scale_free,degree,4702991,100,291,0.03,3,0.45,0.1,50,1.5,0.13,2,0.23650435656632585
4662,scale_free,degree,4704000,100,291,0.03,3,0.45,0.1,50,1.5,0.11,2,0.2576001986757186
4663,scale_free,degree,4705009,100,291,0.03,3,0.45,0.1,50,1.5,0.1,3,0.31528653380915367
4664,scale_free,degree,4706018,100,291,0.03,3,0.45,0.1,50,1.5,0.12,1,0.23945144871460766
4665,scale_free,degree,4707027,100,291,0.03,3,0.45,0.1,50,1.5,0.1,3,0.29793552732208367
4666,scale_free,degree,4708036,100,291,0.03,3,0.45,0.1,50,1.5,0.07,1,0.35347304867798685
4667,scale_free,degree,4709045,100,291,0.03,3,0.45,0.1,50,1.5,0.22,7,0.09101615353746978
4668,scale_free,degree,4710054,100,291,0.03,3,0.45,0.1,50,1.5,0.06,1,0.4061094935139069
4669,scale_free,degree,4711063,100,291,0.03,3,0.45,0.1,50,1.5,1.0,17,0.0
4670,scale_free,degree,4712072,100,291,0.03,3,0.45,0.1,50,1.5,0.15,3,0.13726664589988877
4671,scale_free,degree,4713081,100,291,0.03,3,0.45,0.1,50,1.5,0.1,3,0.27230078743996333
4672,scale_free,degree,4714090,100,291,0.03,3,0.45,0.1,50,1.5,0.09,2,0.37264709020306397
4673,scale_free,degree,4715099,100,291,0.03,3,0.45,0.1,50,1.5,0.09,1,0.35805473429501344
4674,scale_free,degree,4716108,100,291,0.03,3,0.45,0.1,50,1.5,0.14,4,0.1674859092070236
4675,scale_free,degree,4717117,100,291,0.03,3,0.45,0.1,50,1.5,0.14,2,0.17886613195053916
4676,scale_free,degree,4718126,100,291,0.03,3,0.45,0.1,50,1.5,0.14,2,0.1829613706300732
4677,scale_free,degree,4719135,100,291,0.03,3,0.45,0.1,50,1.5,0.11,1,0.2587309284226324
4678,scale_free,degree,4720144,100,291,0.03,3,0.45,0.1,50,1.5,0.11,1,0.2639899756970589
4679,scale_free,degree,4721153,100,291,0.03,3,0.45,0.1,50,1.5,0.14,2,0.11194583291213392
4680,scale_free,degree,4722162,100,291,0.03,3,0.45,0.1,50,1.5,0.13,3,0.22851278049789758
4681,scale_free,degree,4723171,100,291,0.03,3,0.45,0.1,50,1.5,0.1,4,0.28745679403553676
4682,scale_free,degree,4724180,100,291,0.03,3,0.45,0.1,50,1.5,0.23,4,0.11086231989024094
4683,scale_free,degree,4725189,100,291,0.03,3,0.45,0.1,50,1.5,0.11,5,0.22207210943709083
4684,scale_free,degree,4726198,100,291,0.03,3,0.45,0.1,50,1.5,0.14,4,0.24261770248927472
4685,scale_free,degree,4727207,100,291,0.03,3,0.45,0.1,50,1.5,0.11,2,0.20514067351328885
4686,scale_free,degree,4728216,100,291,0.03,3,0.45,0.1,50,1.5,0.17,2,0.14895749963742574
4687,scale_free,degree,4729225,100,291,0.03,3,0.45,0.1,50,1.5,0.11,3,0.2871496301956369
4688,scale_free,degree,4730234,100,291,0.03,3,0.45,0.1,50,1.5,0.09,2,0.3959958547559056
4689,scale_free,degree,4731243,100,291,0.03,3,0.45,0.1,50,1.5,0.16,2,0.1640823539412354
4690,scale_free,degree,4732252,100,291,0.03,3,0.45,0.1,50,1.5,0.19,4,0.07741358709493468
4691,scale_free,degree,4733261,100,291,0.03,3,0.45,0.1,50,1.5,0.09,4,0.32413535935803073
4692,scale_free,degree,4734270,100,291,0.03,3,0.45,0.1,50,1.5,0.29,5,0.03393093103091075
4693,scale_free,degree,4735279,100,291,0.03,3,0.45,0.1,50,1.5,0.12,3,0.25610244163831497
4694,scale_free,degree,4736288,100,291,0.03,3,0.45,0.1,50,1.5,0.17,6,0.14837077119924924
4695,scale_free,degree,4737297,100,291,0.03,3,0.45,0.1,50,1.5,0.17,3,0.1609811340130508
4696,scale_free,degree,4738306,100,291,0.03,3,0.45,0.1,50,1.5,0.11,3,0.2521417037653382
4697,scale_free,degree,4739315,100,291,0.03,3,0.45,0.1,50,1.5,0.1,2,0.25437834528211034
4698,scale_free,degree,4740324,100,291,0.03,3,0.45,0.1,50,1.5,0.05,1,0.48423199571728237
4699,scale_free,degree,4741333,100,291,0.03,3,0.45,0.1,50,1.5,0.12,3,0.22696419926845782
4700,scale_free,degree,4742342,100,291,0.03,3,0.45,0.1,50,1.5,0.24,4,0.0293224185959828
4701,scale_free,degree,4743351,100,291,0.03,3,0.45,0.1,50,1.5,0.09,2,0.34979788938898687
4702,scale_free,degree,4744360,100,291,0.03,3,0.45,0.1,50,1.5,0.07,1,0.3396470530265006
4703,scale_free,degree,4745369,100,291,0.03,3,0.45,0.1,50,1.5,0.1,3,0.28799569735699826
4704,scale_free,degree,4746378,100,291,0.03,3,0.45,0.1,50,1.5,0.16,2,0.2113916954144612
4705,scale_free,degree,4747387,100,291,0.03,3,0.45,0.1,50,1.5,0.19,5,0.08733326914270922
4706,scale_free,degree,4748396,100,291,0.03,3,0.45,0.1,50,1.5,0.17,4,0.13236875631674477
4707,scale_free,degree,4749405,100,291,0.03,3,0.45,0.1,50,1.5,0.09,1,0.2892167222249254
4708,scale_free,degree,4750414,100,291,0.03,3,0.45,0.1,50,1.5,0.09,2,0.32862408082741257
4709,scale_free,degree,4751423,100,291,0.03,3,0.45,0.1,50,1.5,0.3,9,0.028872693159602492
4710,scale_free,degree,4752432,100,291,0.03,3,0.45,0.1,50,1.5,0.07,1,0.4258615474787801
4711,scale_free,degree,4753441,100,291,0.03,3,0.45,0.1,50,1.5,0.27,6,0.025084300996958783
4712,scale_free,degree,4754450,100,291,0.03,3,0.45,0.1,50,1.5,0.27,8,0.04666509636137007
4713,scale_free,degree,4755459,100,291,0.03,3,0.45,0.1,50,1.5,0.21,4,0.05743600015365369
4714,scale_free,degree,4756468,100,291,0.03,3,0.45,0.1,50,1.5,0.06,1,0.4179737104504191
4715,scale_free,degree,4757477,100,291,0.03,3,0.45,0.1,50,1.5,0.09,2,0.30337756071200506
4716,scale_free,degree,4758486,100,291,0.03,3,0.45,0.1,50,1.5,0.1,3,0.3382150473636833
4717,scale_free,degree,4759495,100,291,0.03,3,0.45,0.1,50,1.5,0.15,3,0.16275194352355546
4718,scale_free,degree,4760504,100,291,0.03,3,0.45,0.1,50,1.5,0.08,1,0.3338995470905012
4719,scale_free,degree,4761513,100,291,0.03,3,0.45,0.1,50,1.5,0.14,2,0.3230315333846943
4720,scale_free,degree,4762522,100,291,0.03,3,0.45,0.1,50,1.5,0.11,2,0.2786683702396685
4721,scale_free,degree,4763531,100,291,0.03,3,0.45,0.1,50,1.5,0.11,3,0.2979259505357183
4722,scale_free,degree,4764540,100,291,0.03,3,0.45,0.1,50,1.5,0.39,13,0.02495812165896698
4723,scale_free,degree,4765549,100,291,0.03,3,0.45,0.1,50,1.5,0.07,1,0.37232809774302733
4724,scale_free,degree,4766558,100,291,0.03,3,0.45,0.1,50,1.5,0.2,4,0.14480235909953895
4725,scale_free,degree,4767567,100,291,0.03,3,0.45,0.1,50,1.5,0.1,2,0.2657678988740003
4726,scale_free,degree,4768576,100,291,0.03,3,0.45,0.1,50,1.5,0.11,3,0.24416864900808588
4727,scale_free,degree,4769585,100,291,0.03,3,0.45,0.1,50,1.5,0.08,2,0.37410345303588577
4728,scale_free,degree,4770594,100,291,0.03,3,0.45,0.1,50,1.5,0.2,6,0.1442638310993286
4729,scale_free,degree,4771603,100,291,0.03,3,0.45,0.1,50,1.5,0.09,2,0.3116557643053399
4730,scale_free,degree,4772612,100,291,0.03,3,0.45,0.1,50,1.5,0.08,1,0.4416843907568515
4731,scale_free,degree,4773621,100,291,0.03,3,0.45,0.1,50,1.5,0.07,1,0.4518321238882374
4732,scale_free,degree,4774630,100,291,0.03,3,0.45,0.1,50,1.5,0.15,3,0.2359322129102033
4733,scale_free,degree,4775639,100,291,0.03,3,0.45,0.1,50,1.5,0.14,3,0.20681793582053754
4734,scale_free,degree,4776648,100,291,0.03,3,0.45,0.1,50,1.5,0.11,2,0.2651966144364847
4735,scale_free,degree,4777657,100,291,0.03,3,0.45,0.1,50,1.5,0.09,1,0.37867743180077573
4736,scale_free,degree,4778666,100,291,0.03,3,0.45,0.1,50,1.5,0.14,1,0.15615993282778395
4737,scale_free,degree,4779675,100,291,0.03,3,0.45,0.1,50,1.5,0.14,3,0.14719335029263553
4738,scale_free,degree,4780684,100,291,0.03,3,0.45,0.1,50,1.5,0.08,2,0.3922174688655306
4739,scale_free,degree,4781693,100,291,0.03,3,0.45,0.1,50,1.5,0.08,2,0.3662757315676904
4740,scale_free,degree,4782702,100,291,0.03,3,0.45,0.1,50,1.5,0.1,2,0.31957238653100856
4741,scale_free,degree,4783711,100,291,0.03,3,0.45,0.1,50,1.5,0.1,2,0.3317980040844906
4742,scale_free,degree,4784720,100,291,0.03,3,0.45,0.1,50,1.5,0.16,5,0.1514784479062847
4743,scale_free,degree,4785729,100,291,0.03,3,0.45,0.1,50,1.5,0.19,7,0.08356157764548114
4744,scale_free,degree,4786738,100,291,0.03,3,0.45,0.1,50,1.5,0.16,5,0.11607590346481142
4745,scale_free,degree,4787747,100,291,0.03,3,0.45,0.1,50,1.5,0.12,3,0.20723822202674658
4746,scale_free,degree,4788756,100,291,0.03,3,0.45,0.1,50,1.5,0.14,2,0.21226221320905828
4747,scale_free,degree,4789765,100,291,0.03,3,0.45,0.1,50,1.5,0.15,3,0.10859159707787028
4748,scale_free,degree,4790774,100,291,0.03,3,0.45,0.1,50,1.5,0.08,1,0.35946303573384214
4749,scale_free,degree,4791783,100,291,0.03,3,0.45,0.1,50,1.5,0.19,3,0.08794170123298094
4750,scale_free,degree,4792792,100,291,0.03,3,0.45,0.1,50,1.5,0.16,4,0.11985735110710644
4751,scale_free,degree,4793801,100,291,0.03,3,0.45,0.1,50,1.5,0.19,3,0.07844518499342984
4752,scale_free,degree,4794810,100,291,0.03,3,0.45,0.1,50,1.5,0.05,1,0.4985191986617034
4753,scale_free,degree,4795819,100,291,0.03,3,0.45,0.1,50,1.5,0.12,5,0.2660099246364324
4754,scale_free,degree,4796828,100,291,0.03,3,0.45,0.1,50,1.5,0.13,3,0.24281084614436985
4755,scale_free,degree,4797837,100,291,0.03,3,0.45,0.1,50,1.5,0.16,4,0.1371396539219111
4756,scale_free,degree,4798846,100,291,0.03,3,0.45,0.1,50,1.5,0.18,3,0.1482337565334331
4757,scale_free,degree,4799855,100,291,0.03,3,0.45,0.1,50,1.5,0.07,1,0.39056871706378316
4758,scale_free,degree,4800864,100,291,0.03,3,0.45,0.1,50,1.5,0.12,2,0.25526100745098673
4759,scale_free,degree,4801873,100,291,0.03,3,0.45,0.1,50,1.5,0.07,2,0.3767672073788278
4760,scale_free,degree,4802882,100,291,0.03,3,0.45,0.1,50,1.5,0.19,5,0.08498104508958979
4761,scale_free,degree,4803891,100,291,0.03,3,0.45,0.1,50,1.5,0.08,2,0.4106516328291755
4762,scale_free,degree,4804900,100,291,0.03,3,0.45,0.1,50,1.5,0.07,1,0.3941354448184316
4763,scale_free,degree,4805909,100,291,0.03,3,0.45,0.1,50,1.5,0.28,3,0.033705563941919904
4764,scale_free,degree,4806918,100,291,0.03,3,0.45,0.1,50,1.5,0.1,1,0.24281833536234057
4765,scale_free,degree,4807927,100,291,0.03,3,0.45,0.1,50,1.5,0.11,3,0.24222612214577371
4766,scale_free,degree,4808936,100,291,0.03,3,0.45,0.1,50,1.5,0.06,2,0.3768548702194096
4767,scale_free,degree,4809945,100,291,0.03,3,0.45,0.1,50,1.5,0.08,3,0.3606984654394
4768,scale_free,degree,4810954,100,291,0.03,3,0.45,0.1,50,1.5,0.1,1,0.3276819446289754
4769,scale_free,degree,4811963,100,291,0.03,3,0.45,0.1,50,1.5,0.15,4,0.11793874703918483
4770,scale_free,degree,4812972,100,291,0.03,3,0.45,0.1,50,1.5,0.09,1,0.34208542959290905
4771,scale_free,degree,4813981,100,291,0.03,3,0.45,0.1,50,1.5,0.12,2,0.20559258843617512
4772,scale_free,degree,4814990,100,291,0.03,3,0.45,0.1,50,1.5,0.11,3,0.24230739514519878
4773,scale_free,degree,4815999,100,291,0.03,3,0.45,0.1,50,1.5,0.09,1,0.3505233128893764
4774,scale_free,degree,4817008,100,291,0.03,3,0.45,0.1,50,1.5,0.1,1,0.2184720866576158
4775,scale_free,degree,4818017,100,291,0.03,3,0.45,0.1,50,1.5,0.19,4,0.12290336885175686
4776,scale_free,degree,4819026,100,291,0.03,3,0.45,0.1,50,1.5,0.07,1,0.3781335602600816
4777,scale_free,degree,4820035,100,291,0.03,3,0.45,0.1,50,1.5,0.08,2,0.3223179503360622
4778,scale_free,degree,4821044,100,291,0.03,3,0.45,0.1,50,1.5,0.26,8,0.05053577893169355
4779,scale_free,degree,4822053,100,291,0.03,3,0.45,0.1,50,1.5,0.1,1,0.26422818243705504
4780,scale_free,degree,4823062,100,291,0.03,3,0.45,0.1,50,1.5,0.11,3,0.20773794172851354
4781,scale_free,degree,4824071,100,291,0.03,3,0.45,0.1,50,1.5,0.13,2,0.26058964233406146
4782,scale_free,degree,4825080,100,291,0.03,3,0.45,0.1,50,1.5,0.07,1,0.35139360264373554
4783,scale_free,degree,4826089,100,291,0.03,3,0.45,0.1,50,1.5,0.06,2,0.3781122419908347
4784,scale_free,degree,4827098,100,291,0.03,3,0.45,0.1,50,1.5,0.09,3,0.3840260533644073
4785,scale_free,degree,4828107,100,291,0.03,3,0.45,0.1,50,1.5,0.12,3,0.22758363776950769
4786,scale_free,degree,4829116,100,291,0.03,3,0.45,0.1,50,1.5,0.07,1,0.4349539782534973
4787,scale_free,degree,4830125,100,291,0.03,3,0.45,0.1,50,1.5,0.11,3,0.23925853694357843
4788,scale_free,degree,4831134,100,291,0.03,3,0.45,0.1,50,1.5,0.17,3,0.12786752983865932
4789,scale_free,degree,4832143,100,291,0.03,3,0.45,0.1,50,1.5,0.07,1,0.35509312560113215
4790,scale_free,degree,4833152,100,291,0.03,3,0.45,0.1,50,1.5,0.24,7,0.07392575276377586
4791,scale_free,degree,4834161,100,291,0.03,3,0.45,0.1,50,1.5,0.08,1,0.32381202841289364
4792,scale_free,degree,4835170,100,291,0.03,3,0.45,0.1,50,1.5,0.14,2,0.18735526894945956
4793,scale_free,degree,4836179,100,291,0.03,3,0.45,0.1,50,1.5,0.15,2,0.1476112606204293
4794,scale_free,degree,4837188,100,291,0.03,3,0.45,0.1,50,1.5,0.1,3,0.31462110501627666
4795,scale_free,degree,4838197,100,291,0.03,3,0.45,0.1,50,1.5,0.04,1,0.5140230115826079
4796,scale_free,degree,4839206,100,291,0.03,3,0.45,0.1,50,1.5,0.11,3,0.2689935481009786
4797,scale_free,degree,4840215,100,291,0.03,3,0.45,0.1,50,1.5,0.14,3,0.17944749137144628
4798,scale_free,degree,4841224,100,291,0.03,3,0.45,0.1,50,1.5,0.08,2,0.359544259113246
4799,scale_free,degree,4842233,100,291,0.03,3,0.45,0.1,50,1.5,0.13,3,0.19171263889748177
4800,scale_free,degree,4843242,100,291,0.03,3,0.45,0.1,50,1.5,0.17,3,0.09975795435082206
4801,scale_free,degree,4844251,100,291,0.03,3,0.45,0.1,50,1.5,0.25,4,0.04648688960886136
4802,scale_free,degree,4845260,100,291,0.03,3,0.45,0.1,50,1.5,0.22,4,0.04317453281134857
4803,scale_free,degree,4846269,100,291,0.03,3,0.45,0.1,50,1.5,0.13,2,0.16413698767289964
4804,scale_free,degree,4847278,100,291,0.03,3,0.45,0.1,50,1.5,0.08,1,0.35697958568216703
4805,scale_free,degree,4848287,100,291,0.03,3,0.45,0.1,50,1.5,0.13,2,0.1853879752811378
4806,scale_free,degree,4849296,100,291,0.03,3,0.45,0.1,50,1.5,0.13,1,0.28570790528663753
4807,scale_free,degree,4850305,100,291,0.03,3,0.45,0.1,50,1.5,0.11,3,0.21888818423435175
4808,scale_free,degree,4851314,100,291,0.03,3,0.45,0.1,50,1.5,0.15,3,0.21988818594340043
4809,scale_free,degree,4852323,100,291,0.03,3,0.45,0.1,50,1.5,0.27,5,0.03593061179673898
4810,scale_free,degree,4853332,100,291,0.03,3,0.45,0.1,50,1.5,0.05,1,0.46287424958187884
4811,scale_free,degree,4854341,100,291,0.03,3,0.45,0.1,50,1.5,0.15,4,0.12486127742937336
4812,scale_free,degree,4855350,100,291,0.03,3,0.45,0.1,50,1.5,0.05,1,0.46894501768985175
4813,scale_free,degree,4856359,100,291,0.03,3,0.45,0.1,50,1.5,0.48,9,0.0013161295302429182
4814,scale_free,degree,4857368,100,291,0.03,3,0.45,0.1,50,1.5,0.15,2,0.16470217807620968
4815,scale_free,degree,4858377,100,291,0.03,3,0.45,0.1,50,1.5,0.07,1,0.4069570444842358
4816,scale_free,degree,4859386,100,291,0.03,3,0.45,0.1,50,1.5,0.08,2,0.397749889163202
4817,scale_free,degree,4860395,100,291,0.03,3,0.45,0.1,50,1.5,0.07,1,0.3941796926158093
4818,scale_free,degree,4861404,100,291,0.03,3,0.45,0.1,50,1.5,0.17,5,0.10298834857354172
4819,scale_free,degree,4862413,100,291,0.03,3,0.45,0.1,50,1.5,0.31,8,0.019579705309741548
4820,scale_free,degree,4863422,100,291,0.03,3,0.45,0.1,50,1.5,0.12,2,0.1911703124470313
4821,scale_free,degree,4864431,100,291,0.03,3,0.45,0.1,50,1.5,0.15,6,0.20788288496378757
4822,scale_free,degree,4865440,100,291,0.03,3,0.45,0.1,50,1.5,0.08,2,0.41455934298113567
4823,scale_free,degree,4866449,100,291,0.03,3,0.45,0.1,50,1.5,0.16,4,0.1257649176137659
4824,scale_free,degree,4867458,100,291,0.03,3,0.45,0.1,50,1.5,0.13,2,0.21173538184129345
4825,scale_free,degree,4868467,100,291,0.03,3,0.45,0.1,50,1.5,0.08,1,0.4760461723100035
4826,scale_free,degree,4869476,100,291,0.03,3,0.45,0.1,50,1.5,0.09,1,0.34098424174960973
4827,scale_free,degree,4870485,100,291,0.03,3,0.45,0.1,50,1.5,0.16,3,0.1524479828139083
4828,scale_free,degree,4871494,100,291,0.03,3,0.45,0.1,50,1.5,0.11,3,0.23606928567587362
4829,scale_free,degree,4872503,100,291,0.03,3,0.45,0.1,50,1.5,0.08,3,0.34395305366405643
4830,scale_free,degree,4873512,100,291,0.03,3,0.45,0.1,50,1.5,0.27,7,0.046365039504316495
4831,scale_free,degree,4874521,100,291,0.03,3,0.45,0.1,50,1.5,0.17,4,0.10175515086880763
4832,scale_free,degree,4875530,100,291,0.03,3,0.45,0.1,50,1.5,0.14,4,0.19483219256770323
4833,scale_free,degree,4876539,100,291,0.03,3,0.45,0.1,50,1.5,0.08,2,0.4597779399739736
4834,scale_free,degree,4877548,100,291,0.03,3,0.45,0.1,50,1.5,0.12,1,0.2433465751503654
4835,scale_free,degree,4878557,100,291,0.03,3,0.45,0.1,50,1.5,0.13,3,0.24022931114507878
4836,scale_free,degree,4879566,100,291,0.03,3,0.45,0.1,50,1.5,0.37,10,0.014393135047960172
4837,scale_free,degree,4880575,100,291,0.03,3,0.45,0.1,50,1.5,0.17,3,0.22964817457913772
4838,scale_free,degree,4881584,100,291,0.03,3,0.45,0.1,50,1.5,0.14,5,0.18242004184093352
4839,scale_free,degree,4882593,100,291,0.03,3,0.45,0.1,50,1.5,0.08,1,0.3640513795113963
4840,scale_free,degree,4883602,100,291,0.03,3,0.45,0.1,50,1.5,0.13,2,0.2014252145657295
4841,scale_free,degree,4884611,100,291,0.03,3,0.45,0.1,50,1.5,0.21,3,0.13796699389254394
4842,scale_free,degree,4885620,100,291,0.03,3,0.45,0.1,50,1.5,0.13,2,0.26082795400572095
4843,scale_free,degree,4886629,100,291,0.03,3,0.45,0.1,50,1.5,0.08,2,0.3769342705338887
4844,scale_free,degree,4887638,100,291,0.03,3,0.45,0.1,50,1.5,0.11,2,0.3017483805236843
4845,scale_free,degree,4888647,100,291,0.03,3,0.45,0.1,50,1.5,0.15,2,0.1830867121870907
4846,scale_free,degree,4889656,100,291,0.03,3,0.45,0.1,50,1.5,0.06,1,0.42744331038095523
4847,scale_free,degree,4890665,100,291,0.03,3,0.45,0.1,50,1.5,0.17,3,0.15266830350755906
4848,scale_free,degree,4891674,100,291,0.03,3,0.45,0.1,50,1.5,0.09,2,0.335723305174624
4849,scale_free,degree,4892683,100,291,0.03,3,0.45,0.1,50,1.5,0.15,3,0.1689989451536351
4850,scale_free,degree,4893692,100,291,0.03,3,0.45,0.1,50,1.5,0.09,2,0.28683641163071505
4851,scale_free,degree,4894701,100,291,0.03,3,0.45,0.1,50,1.5,0.2,4,0.08006931983375523
4852,scale_free,degree,4895710,100,291,0.03,3,0.45,0.1,50,1.5,0.09,1,0.39841288247735346
4853,scale_free,degree,4896719,100,291,0.03,3,0.45,0.1,50,1.5,0.19,3,0.13643802837422198
4854,scale_free,degree,4897728,100,291,0.03,3,0.45,0.1,50,1.5,0.16,2,0.10162575624464218
4855,scale_free,degree,4898737,100,291,0.03,3,0.45,0.1,50,1.5,0.13,2,0.1778494255546911
4856,scale_free,degree,4899746,100,291,0.03,3,0.45,0.1,50,1.5,0.07,1,0.3854331528958395
4857,scale_free,degree,4900755,100,291,0.03,3,0.45,0.1,50,1.5,0.13,2,0.24581925129283097
4858,scale_free,degree,4901764,100,291,0.03,3,0.45,0.1,50,1.5,0.15,4,0.14043662587984487
4859,scale_free,degree,4902773,100,291,0.03,3,0.45,0.1,50,1.5,0.11,1,0.2766238488061086
4860,scale_free,degree,4903782,100,291,0.03,3,0.45,0.1,50,1.5,0.08,2,0.4012991400677878
4861,scale_free,degree,4904791,100,291,0.03,3,0.45,0.1,50,1.5,0.12,2,0.23362718151453976
4862,scale_free,degree,4905800,100,291,0.03,3,0.45,0.1,50,1.5,0.08,2,0.3581036420099397
4863,scale_free,degree,4906809,100,291,0.03,3,0.45,0.1,50,1.5,0.07,2,0.3674431059045334
4864,scale_free,degree,4907818,100,291,0.03,3,0.45,0.1,50,1.5,0.07,3,0.4781799952437621
4865,scale_free,degree,4908827,100,291,0.03,3,0.45,0.1,50,1.5,0.16,3,0.1553958176851176
4866,scale_free,degree,4909836,100,291,0.03,3,0.45,0.1,50,1.5,0.07,1,0.40043383163837926
4867,scale_free,degree,4910845,100,291,0.03,3,0.45,0.1,50,1.5,0.13,1,0.17315935727765805
4868,scale_free,degree,4911854,100,291,0.03,3,0.45,0.1,50,1.5,0.11,2,0.27767560734852736
4869,scale_free,degree,4912863,100,291,0.03,3,0.45,0.1,50,1.5,0.23,4,0.04794635450200799
4870,scale_free,degree,4913872,100,291,0.03,3,0.45,0.1,50,1.5,0.09,2,0.32022232513137167
4871,scale_free,degree,4914881,100,291,0.03,3,0.45,0.1,50,1.5,0.08,1,0.3314805958432579
4872,scale_free,degree,4915890,100,291,0.03,3,0.45,0.1,50,1.5,0.05,1,0.45893975888072236
4873,scale_free,degree,4916899,100,291,0.03,3,0.45,0.1,50,1.5,0.14,2,0.15262924516078574
4874,scale_free,degree,4917908,100,291,0.03,3,0.45,0.1,50,1.5,0.14,3,0.16235170253028458
4875,scale_free,degree,4918917,100,291,0.03,3,0.45,0.1,50,1.5,0.22,4,0.07687843482824862
4876,scale_free,degree,4919926,100,291,0.03,3,0.45,0.1,50,1.5,0.2,4,0.14929752098431215
4877,scale_free,degree,4920935,100,291,0.03,3,0.45,0.1,50,1.5,0.2,4,0.10511351855173877
4878,scale_free,degree,4921944,100,291,0.03,3,0.45,0.1,50,1.5,0.08,2,0.3535856932153303
4879,scale_free,degree,4922953,100,291,0.03,3,0.45,0.1,50,1.5,0.21,6,0.08049897620675066
4880,scale_free,degree,4923962,100,291,0.03,3,0.45,0.1,50,1.5,0.14,2,0.17668431240885185
4881,scale_free,degree,4924971,100,291,0.03,3,0.45,0.1,50,1.5,0.15,5,0.12538452898073763
4882,scale_free,degree,4925980,100,291,0.03,3,0.45,0.1,50,1.5,0.1,2,0.31020056652087097
4883,scale_free,degree,4926989,100,291,0.03,3,0.45,0.1,50,1.5,0.16,5,0.14208036538203025
4884,scale_free,degree,4927998,100,291,0.03,3,0.45,0.1,50,1.5,0.11,3,0.24999406242180763
4885,scale_free,degree,4929007,100,291,0.03,3,0.45,0.1,50,1.5,0.08,1,0.3647261360616362
4886,scale_free,degree,4930016,100,291,0.03,3,0.45,0.1,50,1.5,0.13,3,0.18511417698491403
4887,scale_free,degree,4931025,100,291,0.03,3,0.45,0.1,50,1.5,0.12,2,0.19718470585151776
4888,scale_free,degree,4932034,100,291,0.03,3,0.45,0.1,50,1.5,0.09,1,0.3274532679574528
4889,scale_free,degree,4933043,100,291,0.03,3,0.45,0.1,50,1.5,0.06,1,0.4376899126603422
4890,scale_free,degree,4934052,100,291,0.03,3,0.45,0.1,50,1.5,0.07,3,0.3885348144020739
4891,scale_free,degree,4935061,100,291,0.03,3,0.45,0.1,50,1.5,0.18,4,0.11820136887535505
4892,scale_free,degree,4936070,100,291,0.03,3,0.45,0.1,50,1.5,0.12,2,0.20774609563279486
4893,scale_free,degree,4937079,100,291,0.03,3,0.45,0.1,50,1.5,0.21,4,0.0659931138612051
4894,scale_free,degree,4938088,100,291,0.03,3,0.45,0.1,50,1.5,0.17,3,0.18303967707773258
4895,scale_free,degree,4939097,100,291,0.03,3,0.45,0.1,50,1.5,0.13,3,0.24153499833340314
4896,scale_free,degree,4940106,100,291,0.03,3,0.45,0.1,50,1.5,0.07,1,0.34106413315388295
4897,scale_free,degree,4941115,100,291,0.03,3,0.45,0.1,50,1.5,0.12,2,0.20418063341087622
4898,scale_free,degree,4942124,100,291,0.03,3,0.45,0.1,50,1.5,0.09,1,0.35619227230320505
4899,scale_free,degree,4943133,100,291,0.03,3,0.45,0.1,50,1.5,0.2,2,0.0863249031137787
4900,scale_free,degree,4944142,100,291,0.03,3,0.45,0.1,50,1.5,0.06,1,0.4304386412577202
4901,scale_free,degree,4945151,100,291,0.03,3,0.45,0.1,50,1.5,0.18,4,0.11955954856209315
4902,scale_free,degree,4946160,100,291,0.03,3,0.45,0.1,50,1.5,0.15,4,0.14957981539763998
4903,scale_free,degree,4947169,100,291,0.03,3,0.45,0.1,50,1.5,0.07,1,0.4054597514848832
4904,scale_free,degree,4948178,100,291,0.03,3,0.45,0.1,50,1.5,0.1,2,0.29182018957639183
4905,scale_free,degree,4949187,100,291,0.03,3,0.45,0.1,50,1.5,0.15,4,0.18935789133687195
4906,scale_free,degree,4950196,100,291,0.03,3,0.45,0.1,50,1.5,0.15,2,0.1484340344383554
4907,scale_free,degree,4951205,100,291,0.03,3,0.45,0.1,50,1.5,0.11,3,0.21915860738958642
4908,scale_free,degree,4952214,100,291,0.03,3,0.45,0.1,50,1.5,0.17,3,0.10039544964532615
4909,scale_free,degree,4953223,100,291,0.03,3,0.45,0.1,50,1.5,0.16,2,0.12461697004473266
4910,scale_free,degree,4954232,100,291,0.03,3,0.45,0.1,50,1.5,0.24,4,0.111741467678048
4911,scale_free,degree,4955241,100,291,0.03,3,0.45,0.1,50,1.5,0.18,4,0.11047427469585085
4912,scale_free,degree,4956250,100,291,0.03,3,0.45,0.1,50,1.5,0.08,2,0.3669353161056259
4913,scale_free,degree,4957259,100,291,0.03,3,0.45,0.1,50,1.5,0.12,2,0.28835404726491326
4914,scale_free,degree,4958268,100,291,0.03,3,0.45,0.1,50,1.5,0.12,2,0.23282309044289126
4915,scale_free,degree,4959277,100,291,0.03,3,0.45,0.1,50,1.5,0.1,3,0.23497940076917456
4916,scale_free,degree,4960286,100,291,0.03,3,0.45,0.1,50,1.5,0.09,3,0.387841351425408
4917,scale_free,degree,4961295,100,291,0.03,3,0.45,0.1,50,1.5,0.12,3,0.19016912899185673
4918,scale_free,degree,4962304,100,291,0.03,3,0.45,0.1,50,1.5,0.1,2,0.31285189140309766
4919,scale_free,degree,4963313,100,291,0.03,3,0.45,0.1,50,1.5,0.09,2,0.2659662199156554
4920,scale_free,degree,4964322,100,291,0.03,3,0.45,0.1,50,1.5,0.16,5,0.1413774501868968
4921,scale_free,degree,4965331,100,291,0.03,3,0.45,0.1,50,1.5,0.18,5,0.09225402851436612
4922,scale_free,degree,4966340,100,291,0.03,3,0.45,0.1,50,1.5,0.09,2,0.3290243839434539
4923,scale_free,degree,4967349,100,291,0.03,3,0.45,0.1,50,1.5,0.05,1,0.5129683849352956
4924,scale_free,degree,4968358,100,291,0.03,3,0.45,0.1,50,1.5,0.19,5,0.11687835923081932
4925,scale_free,degree,4969367,100,291,0.03,3,0.45,0.1,50,1.5,0.11,2,0.23753941475864346
4926,scale_free,degree,4970376,100,291,0.03,3,0.45,0.1,50,1.5,0.08,1,0.2987506742319916
4927,scale_free,degree,4971385,100,291,0.03,3,0.45,0.1,50,1.5,0.16,3,0.15088578651777218
4928,scale_free,degree,4972394,100,291,0.03,3,0.45,0.1,50,1.5,0.4,13,0.02809887374616509
4929,scale_free,degree,4973403,100,291,0.03,3,0.45,0.1,50,1.5,0.13,3,0.24905612862629903
4930,scale_free,degree,4974412,100,291,0.03,3,0.45,0.1,50,1.5,0.14,4,0.19074973110618298
4931,scale_free,degree,4975421,100,291,0.03,3,0.45,0.1,50,1.5,0.08,1,0.26164011534280335
4932,scale_free,degree,4976430,100,291,0.03,3,0.45,0.1,50,1.5,0.1,5,0.23553331060056185
4933,scale_free,degree,4977439,100,291,0.03,3,0.45,0.1,50,1.5,0.15,3,0.1921494755135532
4934,scale_free,degree,4978448,100,291,0.03,3,0.45,0.1,50,1.5,0.13,4,0.1925567876430426
4935,scale_free,degree,4979457,100,291,0.03,3,0.45,0.1,50,1.5,0.11,3,0.2472923195757044
4936,scale_free,degree,4980466,100,291,0.03,3,0.45,0.1,50,1.5,0.09,2,0.2787365833131296
4937,scale_free,degree,4981475,100,291,0.03,3,0.45,0.1,50,1.5,0.17,4,0.09116098841263248
4938,scale_free,degree,4982484,100,291,0.03,3,0.45,0.1,50,1.5,0.2,3,0.13728883481687312
4939,scale_free,degree,4983493,100,291,0.03,3,0.45,0.1,50,1.5,0.23,4,0.1066237483832025
4940,scale_free,degree,4984502,100,291,0.03,3,0.45,0.1,50,1.5,0.13,2,0.180775050727712
4941,scale_free,degree,4985511,100,291,0.03,3,0.45,0.1,50,1.5,0.1,3,0.2680395995191878
4942,scale_free,degree,4986520,100,291,0.03,3,0.45,0.1,50,1.5,0.07,2,0.47273480904377174
4943,scale_free,degree,4987529,100,291,0.03,3,0.45,0.1,50,1.5,0.06,2,0.5065979701279588
4944,scale_free,degree,4988538,100,291,0.03,3,0.45,0.1,50,1.5,0.15,3,0.20087363428967708
4945,scale_free,degree,4989547,100,291,0.03,3,0.45,0.1,50,1.5,0.16,3,0.13558228574932737
4946,scale_free,degree,4990556,100,291,0.03,3,0.45,0.1,50,1.5,0.15,3,0.1651103945275131
4947,scale_free,degree,4991565,100,291,0.03,3,0.45,0.1,50,1.5,0.15,4,0.2079720661491323
4948,scale_free,degree,4992574,100,291,0.03,3,0.45,0.1,50,1.5,0.11,3,0.2972492748073312
4949,scale_free,degree,4993583,100,291,0.03,3,0.45,0.1,50,1.5,0.16,4,0.10982554273851439
4950,scale_free,degree,4994592,100,291,0.03,3,0.45,0.1,50,1.5,0.13,3,0.17561271773143486
4951,scale_free,degree,4995601,100,291,0.03,3,0.45,0.1,50,1.5,0.16,4,0.1547194148694878
4952,scale_free,degree,4996610,100,291,0.03,3,0.45,0.1,50,1.5,0.07,1,0.3935211663351475
4953,scale_free,degree,4997619,100,291,0.03,3,0.45,0.1,50,1.5,0.09,1,0.36285703905385414
4954,scale_free,degree,4998628,100,291,0.03,3,0.45,0.1,50,1.5,0.07,2,0.30706070045059786
4955,scale_free,degree,4999637,100,291,0.03,3,0.45,0.1,50,1.5,0.08,2,0.3656669152797805
4956,scale_free,degree,5000646,100,291,0.03,3,0.45,0.1,50,1.5,0.05,1,0.4961777859318541
4957,scale_free,degree,5001655,100,291,0.03,3,0.45,0.1,50,1.5,0.12,2,0.17764201526145174
4958,scale_free,degree,5002664,100,291,0.03,3,0.45,0.1,50,1.5,0.19,3,0.15906233891694704
4959,scale_free,degree,5003673,100,291,0.03,3,0.45,0.1,50,1.5,0.19,4,0.0904867128316709
4960,scale_free,degree,5004682,100,291,0.03,3,0.45,0.1,50,1.5,0.13,3,0.2671904600678044
4961,scale_free,degree,5005691,100,291,0.03,3,0.45,0.1,50,1.5,0.11,4,0.3103651778393765
4962,scale_free,degree,5006700,100,291,0.03,3,0.45,0.1,50,1.5,0.23,4,0.04689765359561434
4963,scale_free,degree,5007709,100,291,0.03,3,0.45,0.1,50,1.5,0.09,2,0.3846515581391523
4964,scale_free,degree,5008718,100,291,0.03,3,0.45,0.1,50,1.5,0.07,1,0.46301860452048416
4965,scale_free,degree,5009727,100,291,0.03,3,0.45,0.1,50,1.5,0.18,2,0.15080654413575365
4966,scale_free,degree,5010736,100,291,0.03,3,0.45,0.1,50,1.5,0.49,15,0.003964973062049996
4967,scale_free,degree,5011745,100,291,0.03,3,0.45,0.1,50,1.5,0.1,2,0.2660548883346758
4968,scale_free,degree,5012754,100,291,0.03,3,0.45,0.1,50,1.5,0.08,2,0.3869571280199155
4969,scale_free,degree,5013763,100,291,0.03,3,0.45,0.1,50,1.5,0.18,5,0.20502074293193065
4970,scale_free,degree,5014772,100,291,0.03,3,0.45,0.1,50,1.5,0.06,2,0.4219517534173611
4971,scale_free,degree,5015781,100,291,0.03,3,0.45,0.1,50,1.5,0.17,6,0.16353847896195361
4972,scale_free,degree,5016790,100,291,0.03,3,0.45,0.1,50,1.5,0.06,1,0.445267030047343
4973,scale_free,degree,5017799,100,291,0.03,3,0.45,0.1,50,1.5,0.1,2,0.31735880981559406
4974,scale_free,degree,5018808,100,291,0.03,3,0.45,0.1,50,1.5,0.13,2,0.2099874204311815
4975,scale_free,degree,5019817,100,291,0.03,3,0.45,0.1,50,1.5,0.14,2,0.19921745958746517
4976,scale_free,degree,5020826,100,291,0.03,3,0.45,0.1,50,1.5,0.09,2,0.32204849588031986
4977,scale_free,degree,5021835,100,291,0.03,3,0.45,0.1,50,1.5,0.04,1,0.45115457450412283
4978,scale_free,degree,5022844,100,291,0.03,3,0.45,0.1,50,1.5,0.06,1,0.4730582646988369
4979,scale_free,degree,5023853,100,291,0.03,3,0.45,0.1,50,1.5,0.17,4,0.13479619787348138
4980,scale_free,degree,5024862,100,291,0.03,3,0.45,0.1,50,1.5,0.09,1,0.4034933561573802
4981,scale_free,degree,5025871,100,291,0.03,3,0.45,0.1,50,1.5,0.14,2,0.17863103004134775
4982,scale_free,degree,5026880,100,291,0.03,3,0.45,0.1,50,1.5,0.1,1,0.2324242656763252
4983,scale_free,degree,5027889,100,291,0.03,3,0.45,0.1,50,1.5,0.34,7,0.04110952789822753
4984,scale_free,degree,5028898,100,291,0.03,3,0.45,0.1,50,1.5,0.11,2,0.2602858407572678
4985,scale_free,degree,5029907,100,291,0.03,3,0.45,0.1,50,1.5,0.08,1,0.454745459775809
4986,scale_free,degree,5030916,100,291,0.03,3,0.45,0.1,50,1.5,0.1,3,0.34904005758530837
4987,scale_free,degree,5031925,100,291,0.03,3,0.45,0.1,50,1.5,0.14,4,0.19861335885146444
4988,scale_free,degree,5032934,100,291,0.03,3,0.45,0.1,50,1.5,0.27,7,0.02758871282549147
4989,scale_free,degree,5033943,100,291,0.03,3,0.45,0.1,50,1.5,0.06,1,0.3995505511961654
4990,scale_free,degree,5034952,100,291,0.03,3,0.45,0.1,50,1.5,0.24,7,0.04387801563575222
4991,scale_free,degree,5035961,100,291,0.03,3,0.45,0.1,50,1.5,0.14,3,0.1239690643321013
4992,scale_free,degree,5036970,100,291,0.03,3,0.45,0.1,50,1.5,0.14,3,0.2000347954482668
4993,scale_free,degree,5037979,100,291,0.03,3,0.45,0.1,50,1.5,0.09,2,0.29894122419510294
4994,scale_free,degree,5038988,100,291,0.03,3,0.45,0.1,50,1.5,0.1,3,0.28084783088057724
4995,scale_free,degree,5039997,100,291,0.03,3,0.45,0.1,50,1.5,0.13,2,0.1944483694266398
4996,scale_free,degree,5041006,100,291,0.03,3,0.45,0.1,50,1.5,0.04,1,0.5668409806708501
4997,scale_free,degree,5042015,100,291,0.03,3,0.45,0.1,50,1.5,0.07,2,0.37340719275527134
4998,scale_free,degree,5043024,100,291,0.03,3,0.45,0.1,50,1.5,0.06,1,0.5257647365959539
4999,scale_free,degree,5044033,100,291,0.03,3,0.45,0.1,50,1.5,0.09,1,0.3773981128495573
5000,scale_free,degree,5045042,100,291,0.03,3,0.45,0.1,50,1.5,0.24,6,0.06723113563512317
5001,small_world,degree,5046051,100,300,0.03,3,0.45,0.1,50,1.5,0.03,0,0.8280348075601193
5002,small_world,degree,5047060,100,300,0.03,3,0.45,0.1,50,1.5,0.03,0,0.8728198647775021
5003,small_world,degree,5048069,100,300,0.03,3,0.45,0.1,50,1.5,0.03,0,0.8628887660433295
5004,small_world,degree,5049078,100,300,0.03,3,0.45,0.1,50,1.5,0.06,3,0.799313341005141
5005,small_world,degree,5050087,100,300,0.03,3,0.45,0.1,50,1.5,0.03,0,0.8365949090070618
5006,small_world,degree,5051096,100,300,0.03,3,0.45,0.1,50,1.5,0.04,1,0.8499402818034266
5007,small_world,degree,5052105,100,300,0.03,3,0.45,0.1,50,1.5,0.03,0,0.8678431088524391
5008,small_world,degree,5053114,100,300,0.03,3,0.45,0.1,50,1.5,0.04,1,0.7753465410919599
5009,small_world,degree,5054123,100,300,0.03,3,0.45,0.1,50,1.5,0.03,0,0.8512269904923354
5010,small_world,degree,5055132,100,300,0.03,3,0.45,0.1,50,1.5,0.07,3,0.8246911078620107
5011,small_world,degree,5056141,100,300,0.03,3,0.45,0.1,50,1.5,0.03,0,0.8283093988875854
5012,small_world,degree,5057150,100,300,0.03,3,0.45,0.1,50,1.5,0.03,0,0.8615779870939291
5013,small_world,degree,5058159,100,300,0.03,3,0.45,0.1,50,1.5,0.03,0,0.8497538898529121
5014,small_world,degree,5059168,100,300,0.03,3,0.45,0.1,50,1.5,0.03,0,0.7946087101790136
5015,small_world,degree,5060177,100,300,0.03,3,0.45,0.1,50,1.5,0.14,4,0.6817447689479734
5016,small_world,degree,5061186,100,300,0.03,3,0.45,0.1,50,1.5,0.03,0,0.8611921778304977
5017,small_world,degree,5062195,100,300,0.03,3,0.45,0.1,50,1.5,0.03,0,0.853648478030981
5018,small_world,degree,5063204,100,300,0.03,3,0.45,0.1,50,1.5,0.03,0,0.854338612562142
5019,small_world,degree,5064213,100,300,0.03,3,0.45,0.1,50,1.5,0.03,0,0.8521514123485671
5020,small_world,degree,5065222,100,300,0.03,3,0.45,0.1,50,1.5,0.03,0,0.8642265188338532
5021,small_world,degree,5066231,100,300,0.03,3,0.45,0.1,50,1.5,0.03,0,0.8470453782277357
5022,small_world,degree,5067240,100,300,0.03,3,0.45,0.1,50,1.5,0.03,0,0.8700957554326623
5023,small_world,degree,5068249,100,300,0.03,3,0.45,0.1,50,1.5,0.03,0,0.8448310971232091
5024,small_world,degree,5069258,100,300,0.03,3,0.45,0.1,50,1.5,0.03,0,0.8418030130623575
5025,small_world,degree,5070267,100,300,0.03,3,0.45,0.1,50,1.5,0.03,0,0.8893045790467828
5026,small_world,degree,5071276,100,300,0.03,3,0.45,0.1,50,1.5,0.03,0,0.8594969703221996
5027,small_world,degree,5072285,100,300,0.03,3,0.45,0.1,50,1.5,0.03,0,0.8437171344415348
5028,small_world,degree,5073294,100,300,0.03,3,0.45,0.1,50,1.5,0.1,5,0.7428943869319524
5029,small_world,degree,5074303,100,300,0.03,3,0.45,0.1,50,1.5,0.05,1,0.8077152557153119
5030,small_world,degree,5075312,100,300,0.03,3,0.45,0.1,50,1.5,0.03,0,0.837499685607
5031,small_world,degree,5076321,100,300,0.03,3,0.45,0.1,50,1.5,0.03,0,0.859206243605342
5032,small_world,degree,5077330,100,300,0.03,3,0.45,0.1,50,1.5,0.03,0,0.8138389818759015
5033,small_world,degree,5078339,100,300,0.03,3,0.45,0.1,50,1.5,0.06,3,0.8278180386848182
5034,small_world,degree,5079348,100,300,0.03,3,0.45,0.1,50,1.5,0.03,0,0.8549927194727251
5035,small_world,degree,5080357,100,300,0.03,3,0.45,0.1,50,1.5,0.04,1,0.8365594706419747
5036,small_world,degree,5081366,100,300,0.03,3,0.45,0.1,50,1.5,0.03,0,0.8457298470545311
5037,small_world,degree,5082375,100,300,0.03,3,0.45,0.1,50,1.5,0.04,1,0.848021514225018
5038,small_world,degree,5083384,100,300,0.03,3,0.45,0.1,50,1.5,0.03,0,0.8493085005432961
5039,small_world,degree,5084393,100,300,0.03,3,0.45,0.1,50,1.5,0.03,0,0.8353701036483984
5040,small_world,degree,5085402,100,300,0.03,3,0.45,0.1,50,1.5,0.04,1,0.8133509037670841
5041,small_world,degree,5086411,100,300,0.03,3,0.45,0.1,50,1.5,0.03,0,0.8680247996383007
5042,small_world,degree,5087420,100,300,0.03,3,0.45,0.1,50,1.5,0.03,0,0.8396925593539618
5043,small_world,degree,5088429,100,300,0.03,3,0.45,0.1,50,1.5,0.03,0,0.8509145905086876
5044,small_world,degree,5089438,100,300,0.03,3,0.45,0.1,50,1.5,0.03,0,0.8573459725213859
5045,small_world,degree,5090447,100,300,0.03,3,0.45,0.1,50,1.5,0.07,2,0.8154861553733291
5046,small_world,degree,5091456,100,300,0.03,3,0.45,0.1,50,1.5,0.03,0,0.8439574825830057
5047,small_world,degree,5092465,100,300,0.03,3,0.45,0.1,50,1.5,0.03,0,0.862814349967246
5048,small_world,degree,5093474,100,300,0.03,3,0.45,0.1,50,1.5,0.03,0,0.844752745003199
5049,small_world,degree,5094483,100,300,0.03,3,0.45,0.1,50,1.5,0.03,0,0.8590126570502502
5050,small_world,degree,5095492,100,300,0.03,3,0.45,0.1,50,1.5,0.03,0,0.7982314161567652
5051,small_world,degree,5096501,100,300,0.03,3,0.45,0.1,50,1.5,0.05,1,0.8136056982609269
5052,small_world,degree,5097510,100,300,0.03,3,0.45,0.1,50,1.5,0.05,1,0.7985273752440041
5053,small_world,degree,5098519,100,300,0.03,3,0.45,0.1,50,1.5,0.03,0,0.8833345229194887
5054,small_world,degree,5099528,100,300,0.03,3,0.45,0.1,50,1.5,0.07,2,0.831909978259818
5055,small_world,degree,5100537,100,300,0.03,3,0.45,0.1,50,1.5,0.03,0,0.8364265043666118
5056,small_world,degree,5101546,100,300,0.03,3,0.45,0.1,50,1.5,0.03,0,0.8766751364440989
5057,small_world,degree,5102555,100,300,0.03,3,0.45,0.1,50,1.5,0.04,1,0.8477701687918148
5058,small_world,degree,5103564,100,300,0.03,3,0.45,0.1,50,1.5,0.03,0,0.8467633683122812
5059,small_world,degree,5104573,100,300,0.03,3,0.45,0.1,50,1.5,0.03,0,0.8660006924951686
5060,small_world,degree,5105582,100,300,0.03,3,0.45,0.1,50,1.5,0.03,0,0.867997637213452
5061,small_world,degree,5106591,100,300,0.03,3,0.45,0.1,50,1.5,0.03,0,0.8785638621665462
5062,small_world,degree,5107600,100,300,0.03,3,0.45,0.1,50,1.5,0.03,0,0.8601632496157197
5063,small_world,degree,5108609,100,300,0.03,3,0.45,0.1,50,1.5,0.03,0,0.8368671586458103
5064,small_world,degree,5109618,100,300,0.03,3,0.45,0.1,50,1.5,0.17,9,0.6527865234806405
5065,small_world,degree,5110627,100,300,0.03,3,0.45,0.1,50,1.5,0.04,1,0.7954377608021945
5066,small_world,degree,5111636,100,300,0.03,3,0.45,0.1,50,1.5,0.03,0,0.8523447975102408
5067,small_world,degree,5112645,100,300,0.03,3,0.45,0.1,50,1.5,0.03,0,0.8461983956297412
5068,small_world,degree,5113654,100,300,0.03,3,0.45,0.1,50,1.5,0.03,0,0.8467833315982927
5069,small_world,degree,5114663,100,300,0.03,3,0.45,0.1,50,1.5,0.04,1,0.8352250893971477
5070,small_world,degree,5115672,100,300,0.03,3,0.45,0.1,50,1.5,0.03,0,0.8583787582054195
5071,small_world,degree,5116681,100,300,0.03,3,0.45,0.1,50,1.5,0.03,0,0.8267052863105123
5072,small_world,degree,5117690,100,300,0.03,3,0.45,0.1,50,1.5,0.03,0,0.8729122648605789
5073,small_world,degree,5118699,100,300,0.03,3,0.45,0.1,50,1.5,0.03,0,0.8379678792955653
5074,small_world,degree,5119708,100,300,0.03,3,0.45,0.1,50,1.5,0.03,0,0.8531013000408519
5075,small_world,degree,5120717,100,300,0.03,3,0.45,0.1,50,1.5,0.03,0,0.8895964915289973
5076,small_world,degree,5121726,100,300,0.03,3,0.45,0.1,50,1.5,0.03,0,0.8597542036447611
5077,small_world,degree,5122735,100,300,0.03,3,0.45,0.1,50,1.5,0.08,5,0.7777369051122982
5078,small_world,degree,5123744,100,300,0.03,3,0.45,0.1,50,1.5,0.07,4,0.7713327600603866
5079,small_world,degree,5124753,100,300,0.03,3,0.45,0.1,50,1.5,0.03,0,0.8448905190068077
5080,small_world,degree,5125762,100,300,0.03,3,0.45,0.1,50,1.5,0.03,0,0.8534612144498781
5081,small_world,degree,5126771,100,300,0.03,3,0.45,0.1,50,1.5,0.03,0,0.8414187370855625
5082,small_world,degree,5127780,100,300,0.03,3,0.45,0.1,50,1.5,0.03,0,0.8193107712817073
5083,small_world,degree,5128789,100,300,0.03,3,0.45,0.1,50,1.5,0.03,0,0.8536956679819167
5084,small_world,degree,5129798,100,300,0.03,3,0.45,0.1,50,1.5,0.03,0,0.8539644128633382
5085,small_world,degree,5130807,100,300,0.03,3,0.45,0.1,50,1.5,0.03,0,0.8479559342100645
5086,small_world,degree,5131816,100,300,0.03,3,0.45,0.1,50,1.5,0.03,0,0.8329095585201979
5087,small_world,degree,5132825,100,300,0.03,3,0.45,0.1,50,1.5,0.03,0,0.8428049622820336
5088,small_world,degree,5133834,100,300,0.03,3,0.45,0.1,50,1.5,0.03,0,0.853065121556644
5089,small_world,degree,5134843,100,300,0.03,3,0.45,0.1,50,1.5,0.03,0,0.8697479715047872
5090,small_world,degree,5135852,100,300,0.03,3,0.45,0.1,50,1.5,0.03,0,0.8788672769247834
5091,small_world,degree,5136861,100,300,0.03,3,0.45,0.1,50,1.5,0.03,0,0.8818273640529207
5092,small_world,degree,5137870,100,300,0.03,3,0.45,0.1,50,1.5,0.03,0,0.8575121863384031
5093,small_world,degree,5138879,100,300,0.03,3,0.45,0.1,50,1.5,0.03,0,0.8559257894094074
5094,small_world,degree,5139888,100,300,0.03,3,0.45,0.1,50,1.5,0.03,0,0.8436915917154765
5095,small_world,degree,5140897,100,300,0.03,3,0.45,0.1,50,1.5,0.03,0,0.8458418401177709
5096,small_world,degree,5141906,100,300,0.03,3,0.45,0.1,50,1.5,0.03,0,0.8800418091223885
5097,small_world,degree,5142915,100,300,0.03,3,0.45,0.1,50,1.5,0.09,3,0.7617163222470531
5098,small_world,degree,5143924,100,300,0.03,3,0.45,0.1,50,1.5,0.03,0,0.8714072317737412
5099,small_world,degree,5144933,100,300,0.03,3,0.45,0.1,50,1.5,0.04,1,0.7895609041967557
5100,small_world,degree,5145942,100,300,0.03,3,0.45,0.1,50,1.5,0.04,1,0.8299787882095541
5101,small_world,degree,5146951,100,300,0.03,3,0.45,0.1,50,1.5,0.05,1,0.8396346339679196
5102,small_world,degree,5147960,100,300,0.03,3,0.45,0.1,50,1.5,0.03,0,0.859813520698308
5103,small_world,degree,5148969,100,300,0.03,3,0.45,0.1,50,1.5,0.03,0,0.8574939380123877
5104,small_world,degree,5149978,100,300,0.03,3,0.45,0.1,50,1.5,0.03,0,0.8515569882660569
5105,small_world,degree,5150987,100,300,0.03,3,0.45,0.1,50,1.5,0.1,5,0.7136169663817267
5106,small_world,degree,5151996,100,300,0.03,3,0.45,0.1,50,1.5,0.03,0,0.853357720628805
5107,small_world,degree,5153005,100,300,0.03,3,0.45,0.1,50,1.5,0.03,0,0.8316156835448897
5108,small_world,degree,5154014,100,300,0.03,3,0.45,0.1,50,1.5,0.03,0,0.8487269109412067
5109,small_world,degree,5155023,100,300,0.03,3,0.45,0.1,50,1.5,0.13,5,0.6826457087674827
5110,small_world,degree,5156032,100,300,0.03,3,0.45,0.1,50,1.5,0.03,0,0.8618092250192924
5111,small_world,degree,5157041,100,300,0.03,3,0.45,0.1,50,1.5,0.04,1,0.8421113379504966
5112,small_world,degree,5158050,100,300,0.03,3,0.45,0.1,50,1.5,0.03,0,0.8399886440705843
5113,small_world,degree,5159059,100,300,0.03,3,0.45,0.1,50,1.5,0.03,0,0.846780073501527
5114,small_world,degree,5160068,100,300,0.03,3,0.45,0.1,50,1.5,0.03,0,0.8582840701046318
5115,small_world,degree,5161077,100,300,0.03,3,0.45,0.1,50,1.5,0.1,7,0.7322862159805185
5116,small_world,degree,5162086,100,300,0.03,3,0.45,0.1,50,1.5,0.03,0,0.8474277719916783
5117,small_world,degree,5163095,100,300,0.03,3,0.45,0.1,50,1.5,0.03,0,0.8598604010409048
5118,small_world,degree,5164104,100,300,0.03,3,0.45,0.1,50,1.5,0.03,0,0.8615197541198398
5119,small_world,degree,5165113,100,300,0.03,3,0.45,0.1,50,1.5,0.03,0,0.830999950620212
5120,small_world,degree,5166122,100,300,0.03,3,0.45,0.1,50,1.5,0.03,0,0.8549338477118005
5121,small_world,degree,5167131,100,300,0.03,3,0.45,0.1,50,1.5,0.12,6,0.7242520311453877
5122,small_world,degree,5168140,100,300,0.03,3,0.45,0.1,50,1.5,0.03,0,0.863278570050836
5123,small_world,degree,5169149,100,300,0.03,3,0.45,0.1,50,1.5,0.03,0,0.8572710293169866
5124,small_world,degree,5170158,100,300,0.03,3,0.45,0.1,50,1.5,0.04,1,0.8404569760731714
5125,small_world,degree,5171167,100,300,0.03,3,0.45,0.1,50,1.5,0.03,0,0.8181471250102442
5126,small_world,degree,5172176,100,300,0.03,3,0.45,0.1,50,1.5,0.03,0,0.8419424586120472
5127,small_world,degree,5173185,100,300,0.03,3,0.45,0.1,50,1.5,0.03,0,0.8535104403042232
5128,small_world,degree,5174194,100,300,0.03,3,0.45,0.1,50,1.5,0.03,0,0.8591879755797963
5129,small_world,degree,5175203,100,300,0.03,3,0.45,0.1,50,1.5,0.12,5,0.7207755943894437
5130,small_world,degree,5176212,100,300,0.03,3,0.45,0.1,50,1.5,0.03,0,0.8415744736376279
5131,small_world,degree,5177221,100,300,0.03,3,0.45,0.1,50,1.5,0.03,0,0.8556265786295376
5132,small_world,degree,5178230,100,300,0.03,3,0.45,0.1,50,1.5,0.03,0,0.8401965338536561
5133,small_world,degree,5179239,100,300,0.03,3,0.45,0.1,50,1.5,0.03,0,0.8195934394969147
5134,small_world,degree,5180248,100,300,0.03,3,0.45,0.1,50,1.5,0.03,0,0.8682950687666314
5135,small_world,degree,5181257,100,300,0.03,3,0.45,0.1,50,1.5,0.04,1,0.8422093887629605
5136,small_world,degree,5182266,100,300,0.03,3,0.45,0.1,50,1.5,0.03,0,0.857234715170164
5137,small_world,degree,5183275,100,300,0.03,3,0.45,0.1,50,1.5,0.03,0,0.8372427514689967
5138,small_world,degree,5184284,100,300,0.03,3,0.45,0.1,50,1.5,0.03,0,0.8332065504825457
5139,small_world,degree,5185293,100,300,0.03,3,0.45,0.1,50,1.5,0.08,3,0.7466841610040577
5140,small_world,degree,5186302,100,300,0.03,3,0.45,0.1,50,1.5,0.03,0,0.8421284647966778
5141,small_world,degree,5187311,100,300,0.03,3,0.45,0.1,50,1.5,0.03,0,0.8639382080095542
5142,small_world,degree,5188320,100,300,0.03,3,0.45,0.1,50,1.5,0.1,6,0.7628173727669533
5143,small_world,degree,5189329,100,300,0.03,3,0.45,0.1,50,1.5,0.03,0,0.8347306727782056
5144,small_world,degree,5190338,100,300,0.03,3,0.45,0.1,50,1.5,0.03,0,0.8776262131589161
5145,small_world,degree,5191347,100,300,0.03,3,0.45,0.1,50,1.5,0.08,3,0.8097282258355636
5146,small_world,degree,5192356,100,300,0.03,3,0.45,0.1,50,1.5,0.05,2,0.8258658234919274
5147,small_world,degree,5193365,100,300,0.03,3,0.45,0.1,50,1.5,0.03,0,0.8490742385911904
5148,small_world,degree,5194374,100,300,0.03,3,0.45,0.1,50,1.5,0.04,1,0.8077657121109917
5149,small_world,degree,5195383,100,300,0.03,3,0.45,0.1,50,1.5,0.17,8,0.5987547702918637
5150,small_world,degree,5196392,100,300,0.03,3,0.45,0.1,50,1.5,0.03,0,0.8556932643424964
5151,small_world,degree,5197401,100,300,0.03,3,0.45,0.1,50,1.5,0.03,0,0.8469590421070851
5152,small_world,degree,5198410,100,300,0.03,3,0.45,0.1,50,1.5,0.03,0,0.8586099565903647
5153,small_world,degree,5199419,100,300,0.03,3,0.45,0.1,50,1.5,0.03,0,0.8859246416021693
5154,small_world,degree,5200428,100,300,0.03,3,0.45,0.1,50,1.5,0.04,1,0.8509128101662733
5155,small_world,degree,5201437,100,300,0.03,3,0.45,0.1,50,1.5,0.03,0,0.8436284938964905
5156,small_world,degree,5202446,100,300,0.03,3,0.45,0.1,50,1.5,0.03,0,0.8512335183022425
5157,small_world,degree,5203455,100,300,0.03,3,0.45,0.1,50,1.5,0.03,0,0.8219964688668678
5158,small_world,degree,5204464,100,300,0.03,3,0.45,0.1,50,1.5,0.04,1,0.8180323903517729
5159,small_world,degree,5205473,100,300,0.03,3,0.45,0.1,50,1.5,0.04,1,0.7971689639683182
5160,small_world,degree,5206482,100,300,0.03,3,0.45,0.1,50,1.5,0.03,0,0.8599116533627873
5161,small_world,degree,5207491,100,300,0.03,3,0.45,0.1,50,1.5,0.03,0,0.8668097084136474
5162,small_world,degree,5208500,100,300,0.03,3,0.45,0.1,50,1.5,0.04,1,0.8434530997032803
5163,small_world,degree,5209509,100,300,0.03,3,0.45,0.1,50,1.5,0.04,1,0.8433557524652769
5164,small_world,degree,5210518,100,300,0.03,3,0.45,0.1,50,1.5,0.03,0,0.8406792323593706
5165,small_world,degree,5211527,100,300,0.03,3,0.45,0.1,50,1.5,0.1,5,0.7446819258016407
5166,small_world,degree,5212536,100,300,0.03,3,0.45,0.1,50,1.5,0.03,0,0.8496909741998335
5167,small_world,degree,5213545,100,300,0.03,3,0.45,0.1,50,1.5,0.04,1,0.8131707341068464
5168,small_world,degree,5214554,100,300,0.03,3,0.45,0.1,50,1.5,0.03,0,0.853373666085087
5169,small_world,degree,5215563,100,300,0.03,3,0.45,0.1,50,1.5,0.03,0,0.8644522214724326
5170,small_world,degree,5216572,100,300,0.03,3,0.45,0.1,50,1.5,0.03,0,0.8760186594291327
5171,small_world,degree,5217581,100,300,0.03,3,0.45,0.1,50,1.5,0.04,1,0.7963073063966987
5172,small_world,degree,5218590,100,300,0.03,3,0.45,0.1,50,1.5,0.03,0,0.8592209084496079
5173,small_world,degree,5219599,100,300,0.03,3,0.45,0.1,50,1.5,0.03,0,0.8191915885807077
5174,small_world,degree,5220608,100,300,0.03,3,0.45,0.1,50,1.5,0.03,0,0.847981915547444
5175,small_world,degree,5221617,100,300,0.03,3,0.45,0.1,50,1.5,0.03,0,0.8516972833394626
5176,small_world,degree,5222626,100,300,0.03,3,0.45,0.1,50,1.5,0.03,0,0.8337808343352345
5177,small_world,degree,5223635,100,300,0.03,3,0.45,0.1,50,1.5,0.03,0,0.8505679914292741
5178,small_world,degree,5224644,100,300,0.03,3,0.45,0.1,50,1.5,0.09,6,0.7885254298948439
5179,small_world,degree,5225653,100,300,0.03,3,0.45,0.1,50,1.5,0.03,0,0.8487479419745515
5180,small_world,degree,5226662,100,300,0.03,3,0.45,0.1,50,1.5,0.09,4,0.7269488705457634
5181,small_world,degree,5227671,100,300,0.03,3,0.45,0.1,50,1.5,0.03,0,0.8468186787260455
5182,small_world,degree,5228680,100,300,0.03,3,0.45,0.1,50,1.5,0.03,0,0.8518028626165056
5183,small_world,degree,5229689,100,300,0.03,3,0.45,0.1,50,1.5,0.04,1,0.805588651143227
5184,small_world,degree,5230698,100,300,0.03,3,0.45,0.1,50,1.5,0.03,0,0.8441351767214375
5185,small_world,degree,5231707,100,300,0.03,3,0.45,0.1,50,1.5,0.03,0,0.8685178920082527
5186,small_world,degree,5232716,100,300,0.03,3,0.45,0.1,50,1.5,0.1,5,0.6854060970746598
5187,small_world,degree,5233725,100,300,0.03,3,0.45,0.1,50,1.5,0.06,3,0.7821091292162149
5188,small_world,degree,5234734,100,300,0.03,3,0.45,0.1,50,1.5,0.05,2,0.8372584415140012
5189,small_world,degree,5235743,100,300,0.03,3,0.45,0.1,50,1.5,0.04,1,0.8036716130891023
5190,small_world,degree,5236752,100,300,0.03,3,0.45,0.1,50,1.5,0.03,0,0.8000920947097546
5191,small_world,degree,5237761,100,300,0.03,3,0.45,0.1,50,1.5,0.03,0,0.8539327598944317
5192,small_world,degree,5238770,100,300,0.03,3,0.45,0.1,50,1.5,0.03,0,0.8756109487248949
5193,small_world,degree,5239779,100,300,0.03,3,0.45,0.1,50,1.5,0.03,0,0.8444927540698263
5194,small_world,degree,5240788,100,300,0.03,3,0.45,0.1,50,1.5,0.04,1,0.8274472396388546
5195,small_world,degree,5241797,100,300,0.03,3,0.45,0.1,50,1.5,0.09,3,0.7581791618741219
5196,small_world,degree,5242806,100,300,0.03,3,0.45,0.1,50,1.5,0.03,0,0.8526388688445947
5197,small_world,degree,5243815,100,300,0.03,3,0.45,0.1,50,1.5,0.04,1,0.8441729379132283
5198,small_world,degree,5244824,100,300,0.03,3,0.45,0.1,50,1.5,0.03,0,0.8780148490002353
5199,small_world,degree,5245833,100,300,0.03,3,0.45,0.1,50,1.5,0.03,0,0.8526249181478257
5200,small_world,degree,5246842,100,300,0.03,3,0.45,0.1,50,1.5,0.03,0,0.8477667568716347
5201,small_world,degree,5247851,100,300,0.03,3,0.45,0.1,50,1.5,0.03,0,0.8584105024212563
5202,small_world,degree,5248860,100,300,0.03,3,0.45,0.1,50,1.5,0.03,0,0.8417876477516115
5203,small_world,degree,5249869,100,300,0.03,3,0.45,0.1,50,1.5,0.03,0,0.8553454401364071
5204,small_world,degree,5250878,100,300,0.03,3,0.45,0.1,50,1.5,0.04,1,0.8177452342240527
5205,small_world,degree,5251887,100,300,0.03,3,0.45,0.1,50,1.5,0.03,0,0.8587360613746828
5206,small_world,degree,5252896,100,300,0.03,3,0.45,0.1,50,1.5,0.04,1,0.8362838984782281
5207,small_world,degree,5253905,100,300,0.03,3,0.45,0.1,50,1.5,0.03,0,0.8534319679015959
5208,small_world,degree,5254914,100,300,0.03,3,0.45,0.1,50,1.5,0.03,0,0.871220878146875
5209,small_world,degree,5255923,100,300,0.03,3,0.45,0.1,50,1.5,0.03,0,0.8417904387974198
5210,small_world,degree,5256932,100,300,0.03,3,0.45,0.1,50,1.5,0.05,1,0.7988141941376317
5211,small_world,degree,5257941,100,300,0.03,3,0.45,0.1,50,1.5,0.03,0,0.8448985134802582
5212,small_world,degree,5258950,100,300,0.03,3,0.45,0.1,50,1.5,0.03,0,0.8591498570127525
5213,small_world,degree,5259959,100,300,0.03,3,0.45,0.1,50,1.5,0.03,0,0.8565001958357412
5214,small_world,degree,5260968,100,300,0.03,3,0.45,0.1,50,1.5,0.04,1,0.8692894208475517
5215,small_world,degree,5261977,100,300,0.03,3,0.45,0.1,50,1.5,0.03,0,0.8609515416538387
5216,small_world,degree,5262986,100,300,0.03,3,0.45,0.1,50,1.5,0.03,0,0.8466130929394722
5217,small_world,degree,5263995,100,300,0.03,3,0.45,0.1,50,1.5,0.04,1,0.827749029988264
5218,small_world,degree,5265004,100,300,0.03,3,0.45,0.1,50,1.5,0.04,1,0.8009216868059218
5219,small_world,degree,5266013,100,300,0.03,3,0.45,0.1,50,1.5,0.03,0,0.8501810762383488
5220,small_world,degree,5267022,100,300,0.03,3,0.45,0.1,50,1.5,0.03,0,0.8406732167913831
5221,small_world,degree,5268031,100,300,0.03,3,0.45,0.1,50,1.5,0.13,5,0.6729001422534624
5222,small_world,degree,5269040,100,300,0.03,3,0.45,0.1,50,1.5,0.03,0,0.8317064396114013
5223,small_world,degree,5270049,100,300,0.03,3,0.45,0.1,50,1.5,0.03,0,0.8580843512541788
5224,small_world,degree,5271058,100,300,0.03,3,0.45,0.1,50,1.5,0.04,1,0.8317999390325099
5225,small_world,degree,5272067,100,300,0.03,3,0.45,0.1,50,1.5,0.03,0,0.8466967270917485
5226,small_world,degree,5273076,100,300,0.03,3,0.45,0.1,50,1.5,0.03,0,0.8455702915934563
5227,small_world,degree,5274085,100,300,0.03,3,0.45,0.1,50,1.5,0.03,0,0.8537993506033642
5228,small_world,degree,5275094,100,300,0.03,3,0.45,0.1,50,1.5,0.04,1,0.8306039215074142
5229,small_world,degree,5276103,100,300,0.03,3,0.45,0.1,50,1.5,0.03,0,0.8677684986246108
5230,small_world,degree,5277112,100,300,0.03,3,0.45,0.1,50,1.5,0.06,2,0.8063364390572887
5231,small_world,degree,5278121,100,300,0.03,3,0.45,0.1,50,1.5,0.03,0,0.8598193074054012
5232,small_world,degree,5279130,100,300,0.03,3,0.45,0.1,50,1.5,0.03,0,0.856997185839294
5233,small_world,degree,5280139,100,300,0.03,3,0.45,0.1,50,1.5,0.03,0,0.873829612656641
5234,small_world,degree,5281148,100,300,0.03,3,0.45,0.1,50,1.5,0.03,0,0.8596578434265868
5235,small_world,degree,5282157,100,300,0.03,3,0.45,0.1,50,1.5,0.16,7,0.6070541848582062
5236,small_world,degree,5283166,100,300,0.03,3,0.45,0.1,50,1.5,0.04,1,0.8115462046330231
5237,small_world,degree,5284175,100,300,0.03,3,0.45,0.1,50,1.5,0.03,0,0.8537829351649907
5238,small_world,degree,5285184,100,300,0.03,3,0.45,0.1,50,1.5,0.04,1,0.8156397869138856
5239,small_world,degree,5286193,100,300,0.03,3,0.45,0.1,50,1.5,0.03,0,0.8084515530819555
5240,small_world,degree,5287202,100,300,0.03,3,0.45,0.1,50,1.5,0.11,5,0.6914706812986047
5241,small_world,degree,5288211,100,300,0.03,3,0.45,0.1,50,1.5,0.12,6,0.7034171142344684
5242,small_world,degree,5289220,100,300,0.03,3,0.45,0.1,50,1.5,0.03,0,0.8678590034126061
5243,small_world,degree,5290229,100,300,0.03,3,0.45,0.1,50,1.5,0.11,4,0.751529133766724
5244,small_world,degree,5291238,100,300,0.03,3,0.45,0.1,50,1.5,0.03,0,0.84102577080414
5245,small_world,degree,5292247,100,300,0.03,3,0.45,0.1,50,1.5,0.08,4,0.7410519749275882
5246,small_world,degree,5293256,100,300,0.03,3,0.45,0.1,50,1.5,0.03,0,0.8461962431851873
5247,small_world,degree,5294265,100,300,0.03,3,0.45,0.1,50,1.5,0.03,0,0.8617408600607671
5248,small_world,degree,5295274,100,300,0.03,3,0.45,0.1,50,1.5,0.03,0,0.8484013179710393
5249,small_world,degree,5296283,100,300,0.03,3,0.45,0.1,50,1.5,0.03,0,0.8592441442102557
5250,small_world,degree,5297292,100,300,0.03,3,0.45,0.1,50,1.5,0.03,0,0.8542206665337944
5251,small_world,degree,5298301,100,300,0.03,3,0.45,0.1,50,1.5,0.03,0,0.8565823572159318
5252,small_world,degree,5299310,100,300,0.03,3,0.45,0.1,50,1.5,0.03,0,0.8549137286119923
5253,small_world,degree,5300319,100,300,0.03,3,0.45,0.1,50,1.5,0.03,0,0.8718674213938763
5254,small_world,degree,5301328,100,300,0.03,3,0.45,0.1,50,1.5,0.03,0,0.8449003374892942
5255,small_world,degree,5302337,100,300,0.03,3,0.45,0.1,50,1.5,0.03,0,0.8505353160761282
5256,small_world,degree,5303346,100,300,0.03,3,0.45,0.1,50,1.5,0.03,0,0.8714247915069937
5257,small_world,degree,5304355,100,300,0.03,3,0.45,0.1,50,1.5,0.03,0,0.8537119836316722
5258,small_world,degree,5305364,100,300,0.03,3,0.45,0.1,50,1.5,0.03,0,0.8408350514519012
5259,small_world,degree,5306373,100,300,0.03,3,0.45,0.1,50,1.5,0.03,0,0.8437123253489166
5260,small_world,degree,5307382,100,300,0.03,3,0.45,0.1,50,1.5,0.03,0,0.845860292456945
5261,small_world,degree,5308391,100,300,0.03,3,0.45,0.1,50,1.5,0.08,2,0.7848189527932895
5262,small_world,degree,5309400,100,300,0.03,3,0.45,0.1,50,1.5,0.03,0,0.848882209338919
5263,small_world,degree,5310409,100,300,0.03,3,0.45,0.1,50,1.5,0.03,0,0.8409099381996955
5264,small_world,degree,5311418,100,300,0.03,3,0.45,0.1,50,1.5,0.03,0,0.88734513467194
5265,small_world,degree,5312427,100,300,0.03,3,0.45,0.1,50,1.5,0.04,1,0.8284165762814178
5266,small_world,degree,5313436,100,300,0.03,3,0.45,0.1,50,1.5,0.03,0,0.8328566643535114
5267,small_world,degree,5314445,100,300,0.03,3,0.45,0.1,50,1.5,0.07,3,0.7741596593568805
5268,small_world,degree,5315454,100,300,0.03,3,0.45,0.1,50,1.5,0.03,0,0.8738494895351433
5269,small_world,degree,5316463,100,300,0.03,3,0.45,0.1,50,1.5,0.03,0,0.8498694331353795
5270,small_world,degree,5317472,100,300,0.03,3,0.45,0.1,50,1.5,0.03,0,0.8434699700704623
5271,small_world,degree,5318481,100,300,0.03,3,0.45,0.1,50,1.5,0.03,0,0.8158151339144442
5272,small_world,degree,5319490,100,300,0.03,3,0.45,0.1,50,1.5,0.03,0,0.8458460944214926
5273,small_world,degree,5320499,100,300,0.03,3,0.45,0.1,50,1.5,0.03,0,0.8480031057762443
5274,small_world,degree,5321508,100,300,0.03,3,0.45,0.1,50,1.5,0.03,0,0.8292957763770195
5275,small_world,degree,5322517,100,300,0.03,3,0.45,0.1,50,1.5,0.03,0,0.8491715807677344
5276,small_world,degree,5323526,100,300,0.03,3,0.45,0.1,50,1.5,0.04,1,0.816670673345677
5277,small_world,degree,5324535,100,300,0.03,3,0.45,0.1,50,1.5,0.03,0,0.8471027895734834
5278,small_world,degree,5325544,100,300,0.03,3,0.45,0.1,50,1.5,0.03,0,0.8653375398781692
5279,small_world,degree,5326553,100,300,0.03,3,0.45,0.1,50,1.5,0.08,3,0.7580177469001943
5280,small_world,degree,5327562,100,300,0.03,3,0.45,0.1,50,1.5,0.03,0,0.8390966829374554
5281,small_world,degree,5328571,100,300,0.03,3,0.45,0.1,50,1.5,0.03,0,0.8458646028542557
5282,small_world,degree,5329580,100,300,0.03,3,0.45,0.1,50,1.5,0.03,0,0.8514000648826436
5283,small_world,degree,5330589,100,300,0.03,3,0.45,0.1,50,1.5,0.03,0,0.8903486242655293
5284,small_world,degree,5331598,100,300,0.03,3,0.45,0.1,50,1.5,0.03,0,0.8656157989847054
5285,small_world,degree,5332607,100,300,0.03,3,0.45,0.1,50,1.5,0.03,0,0.8259046615382923
5286,small_world,degree,5333616,100,300,0.03,3,0.45,0.1,50,1.5,0.03,0,0.8649744436059635
5287,small_world,degree,5334625,100,300,0.03,3,0.45,0.1,50,1.5,0.04,1,0.8292374195771335
5288,small_world,degree,5335634,100,300,0.03,3,0.45,0.1,50,1.5,0.05,2,0.787934737674941
5289,small_world,degree,5336643,100,300,0.03,3,0.45,0.1,50,1.5,0.03,0,0.8713883726281675
5290,small_world,degree,5337652,100,300,0.03,3,0.45,0.1,50,1.5,0.03,0,0.8774492436721203
5291,small_world,degree,5338661,100,300,0.03,3,0.45,0.1,50,1.5,0.03,0,0.8462675112369544
5292,small_world,degree,5339670,100,300,0.03,3,0.45,0.1,50,1.5,0.08,3,0.7795357819926231
5293,small_world,degree,5340679,100,300,0.03,3,0.45,0.1,50,1.5,0.03,0,0.8776355630389867
5294,small_world,degree,5341688,100,300,0.03,3,0.45,0.1,50,1.5,0.03,0,0.8749240340274975
5295,small_world,degree,5342697,100,300,0.03,3,0.45,0.1,50,1.5,0.03,0,0.8703902969667019
5296,small_world,degree,5343706,100,300,0.03,3,0.45,0.1,50,1.5,0.03,0,0.8668883391781641
5297,small_world,degree,5344715,100,300,0.03,3,0.45,0.1,50,1.5,0.03,0,0.8459123428260196
5298,small_world,degree,5345724,100,300,0.03,3,0.45,0.1,50,1.5,0.03,0,0.8637464356495754
5299,small_world,degree,5346733,100,300,0.03,3,0.45,0.1,50,1.5,0.03,0,0.8496382932124257
5300,small_world,degree,5347742,100,300,0.03,3,0.45,0.1,50,1.5,0.03,0,0.8365175600949976
5301,small_world,degree,5348751,100,300,0.03,3,0.45,0.1,50,1.5,0.03,0,0.8436740565076082
5302,small_world,degree,5349760,100,300,0.03,3,0.45,0.1,50,1.5,0.03,0,0.8439045398762434
5303,small_world,degree,5350769,100,300,0.03,3,0.45,0.1,50,1.5,0.03,0,0.883411743316707
5304,small_world,degree,5351778,100,300,0.03,3,0.45,0.1,50,1.5,0.03,0,0.8550896259689879
5305,small_world,degree,5352787,100,300,0.03,3,0.45,0.1,50,1.5,0.07,3,0.777132352802158
5306,small_world,degree,5353796,100,300,0.03,3,0.45,0.1,50,1.5,0.04,1,0.7969284516593034
5307,small_world,degree,5354805,100,300,0.03,3,0.45,0.1,50,1.5,0.03,0,0.871831391254956
5308,small_world,degree,5355814,100,300,0.03,3,0.45,0.1,50,1.5,0.04,1,0.8390670284120968
5309,small_world,degree,5356823,100,300,0.03,3,0.45,0.1,50,1.5,0.03,0,0.8628530850033839
5310,small_world,degree,5357832,100,300,0.03,3,0.45,0.1,50,1.5,0.03,0,0.864706482439803
5311,small_world,degree,5358841,100,300,0.03,3,0.45,0.1,50,1.5,0.03,0,0.8457406354739492
5312,small_world,degree,5359850,100,300,0.03,3,0.45,0.1,50,1.5,0.05,2,0.8183419402266285
5313,small_world,degree,5360859,100,300,0.03,3,0.45,0.1,50,1.5,0.03,0,0.8335131611182621
5314,small_world,degree,5361868,100,300,0.03,3,0.45,0.1,50,1.5,0.03,0,0.8276003103057836
5315,small_world,degree,5362877,100,300,0.03,3,0.45,0.1,50,1.5,0.03,0,0.8836121223735103
5316,small_world,degree,5363886,100,300,0.03,3,0.45,0.1,50,1.5,0.03,0,0.8591546770953435
5317,small_world,degree,5364895,100,300,0.03,3,0.45,0.1,50,1.5,0.03,0,0.8592598587844649
5318,small_world,degree,5365904,100,300,0.03,3,0.45,0.1,50,1.5,0.03,0,0.8623849970516326
5319,small_world,degree,5366913,100,300,0.03,3,0.45,0.1,50,1.5,0.03,0,0.8813119964421346
5320,small_world,degree,5367922,100,300,0.03,3,0.45,0.1,50,1.5,0.03,0,0.8801989734857746
5321,small_world,degree,5368931,100,300,0.03,3,0.45,0.1,50,1.5,0.04,1,0.8254509885913154
5322,small_world,degree,5369940,100,300,0.03,3,0.45,0.1,50,1.5,0.03,0,0.8327043514527248
5323,small_world,degree,5370949,100,300,0.03,3,0.45,0.1,50,1.5,0.03,0,0.844817271897719
5324,small_world,degree,5371958,100,300,0.03,3,0.45,0.1,50,1.5,0.03,0,0.8787039984944712
5325,small_world,degree,5372967,100,300,0.03,3,0.45,0.1,50,1.5,0.03,0,0.8465314279447551
5326,small_world,degree,5373976,100,300,0.03,3,0.45,0.1,50,1.5,0.03,0,0.8429180505750729
5327,small_world,degree,5374985,100,300,0.03,3,0.45,0.1,50,1.5,0.03,0,0.8453483485286988
5328,small_world,degree,5375994,100,300,0.03,3,0.45,0.1,50,1.5,0.04,1,0.843969701880161
5329,small_world,degree,5377003,100,300,0.03,3,0.45,0.1,50,1.5,0.03,0,0.8760808318571623
5330,small_world,degree,5378012,100,300,0.03,3,0.45,0.1,50,1.5,0.03,0,0.865917025607305
5331,small_world,degree,5379021,100,300,0.03,3,0.45,0.1,50,1.5,0.03,0,0.8661361933166795
5332,small_world,degree,5380030,100,300,0.03,3,0.45,0.1,50,1.5,0.03,0,0.8397696207455217
5333,small_world,degree,5381039,100,300,0.03,3,0.45,0.1,50,1.5,0.03,0,0.8595541441621599
5334,small_world,degree,5382048,100,300,0.03,3,0.45,0.1,50,1.5,0.03,0,0.8468706448324366
5335,small_world,degree,5383057,100,300,0.03,3,0.45,0.1,50,1.5,0.03,0,0.8585175324125397
5336,small_world,degree,5384066,100,300,0.03,3,0.45,0.1,50,1.5,0.04,1,0.8291400234172657
5337,small_world,degree,5385075,100,300,0.03,3,0.45,0.1,50,1.5,0.12,5,0.6787285958208653
5338,small_world,degree,5386084,100,300,0.03,3,0.45,0.1,50,1.5,0.03,0,0.8692258479446882
5339,small_world,degree,5387093,100,300,0.03,3,0.45,0.1,50,1.5,0.03,0,0.850283993072322
5340,small_world,degree,5388102,100,300,0.03,3,0.45,0.1,50,1.5,0.03,0,0.8493807882838205
5341,small_world,degree,5389111,100,300,0.03,3,0.45,0.1,50,1.5,0.17,14,0.6479109443441153
5342,small_world,degree,5390120,100,300,0.03,3,0.45,0.1,50,1.5,0.09,5,0.7527569412940782
5343,small_world,degree,5391129,100,300,0.03,3,0.45,0.1,50,1.5,0.05,2,0.8440459804637565
5344,small_world,degree,5392138,100,300,0.03,3,0.45,0.1,50,1.5,0.03,0,0.8636620998400006
5345,small_world,degree,5393147,100,300,0.03,3,0.45,0.1,50,1.5,0.03,0,0.8708234080022745
5346,small_world,degree,5394156,100,300,0.03,3,0.45,0.1,50,1.5,0.03,0,0.8435897953968531
5347,small_world,degree,5395165,100,300,0.03,3,0.45,0.1,50,1.5,0.05,2,0.796618034365705
5348,small_world,degree,5396174,100,300,0.03,3,0.45,0.1,50,1.5,0.03,0,0.8283668306794345
5349,small_world,degree,5397183,100,300,0.03,3,0.45,0.1,50,1.5,0.03,0,0.8024356549400299
5350,small_world,degree,5398192,100,300,0.03,3,0.45,0.1,50,1.5,0.03,0,0.8494735318489923
5351,small_world,degree,5399201,100,300,0.03,3,0.45,0.1,50,1.5,0.05,2,0.815623889282699
5352,small_world,degree,5400210,100,300,0.03,3,0.45,0.1,50,1.5,0.03,0,0.8469985641564841
5353,small_world,degree,5401219,100,300,0.03,3,0.45,0.1,50,1.5,0.03,0,0.8199270144394168
5354,small_world,degree,5402228,100,300,0.03,3,0.45,0.1,50,1.5,0.03,0,0.846396966294969
5355,small_world,degree,5403237,100,300,0.03,3,0.45,0.1,50,1.5,0.03,0,0.8272790987542039
5356,small_world,degree,5404246,100,300,0.03,3,0.45,0.1,50,1.5,0.08,3,0.7689781899960697
5357,small_world,degree,5405255,100,300,0.03,3,0.45,0.1,50,1.5,0.03,0,0.8507029004130037
5358,small_world,degree,5406264,100,300,0.03,3,0.45,0.1,50,1.5,0.03,0,0.8416101213861557
5359,small_world,degree,5407273,100,300,0.03,3,0.45,0.1,50,1.5,0.03,0,0.8785237405403686
5360,small_world,degree,5408282,100,300,0.03,3,0.45,0.1,50,1.5,0.03,0,0.8651408259358288
5361,small_world,degree,5409291,100,300,0.03,3,0.45,0.1,50,1.5,0.04,1,0.8330468184358812
5362,small_world,degree,5410300,100,300,0.03,3,0.45,0.1,50,1.5,0.03,0,0.8660371380673098
5363,small_world,degree,5411309,100,300,0.03,3,0.45,0.1,50,1.5,0.03,0,0.847614647820426
5364,small_world,degree,5412318,100,300,0.03,3,0.45,0.1,50,1.5,0.06,3,0.7979277989501504
5365,small_world,degree,5413327,100,300,0.03,3,0.45,0.1,50,1.5,0.03,0,0.8618612918209678
5366,small_world,degree,5414336,100,300,0.03,3,0.45,0.1,50,1.5,0.09,4,0.7410407338464605
5367,small_world,degree,5415345,100,300,0.03,3,0.45,0.1,50,1.5,0.03,0,0.8630935227010916
5368,small_world,degree,5416354,100,300,0.03,3,0.45,0.1,50,1.5,0.03,0,0.8738152196061901
5369,small_world,degree,5417363,100,300,0.03,3,0.45,0.1,50,1.5,0.03,0,0.8441581762171008
5370,small_world,degree,5418372,100,300,0.03,3,0.45,0.1,50,1.5,0.03,0,0.8710597864749231
5371,small_world,degree,5419381,100,300,0.03,3,0.45,0.1,50,1.5,0.03,0,0.8555461592641658
5372,small_world,degree,5420390,100,300,0.03,3,0.45,0.1,50,1.5,0.03,0,0.8433372294740944
5373,small_world,degree,5421399,100,300,0.03,3,0.45,0.1,50,1.5,0.03,0,0.8830497748220257
5374,small_world,degree,5422408,100,300,0.03,3,0.45,0.1,50,1.5,0.05,2,0.8357928943014632
5375,small_world,degree,5423417,100,300,0.03,3,0.45,0.1,50,1.5,0.05,2,0.8054850652581617
5376,small_world,degree,5424426,100,300,0.03,3,0.45,0.1,50,1.5,0.03,0,0.8164695992164123
5377,small_world,degree,5425435,100,300,0.03,3,0.45,0.1,50,1.5,0.03,0,0.8539106993389072
5378,small_world,degree,5426444,100,300,0.03,3,0.45,0.1,50,1.5,0.04,1,0.8245193717407
5379,small_world,degree,5427453,100,300,0.03,3,0.45,0.1,50,1.5,0.11,5,0.7205152031046325
5380,small_world,degree,5428462,100,300,0.03,3,0.45,0.1,50,1.5,0.03,0,0.8674699216911076
5381,small_world,degree,5429471,100,300,0.03,3,0.45,0.1,50,1.5,0.03,0,0.8584991898506416
5382,small_world,degree,5430480,100,300,0.03,3,0.45,0.1,50,1.5,0.03,0,0.8590734367532691
5383,small_world,degree,5431489,100,300,0.03,3,0.45,0.1,50,1.5,0.17,9,0.612226045544849
5384,small_world,degree,5432498,100,300,0.03,3,0.45,0.1,50,1.5,0.08,4,0.7557548176666546
5385,small_world,degree,5433507,100,300,0.03,3,0.45,0.1,50,1.5,0.03,0,0.8734019955007066
5386,small_world,degree,5434516,100,300,0.03,3,0.45,0.1,50,1.5,0.04,1,0.8401022375464094
5387,small_world,degree,5435525,100,300,0.03,3,0.45,0.1,50,1.5,0.03,0,0.858752687367679
5388,small_world,degree,5436534,100,300,0.03,3,0.45,0.1,50,1.5,0.03,0,0.8498444478337248
5389,small_world,degree,5437543,100,300,0.03,3,0.45,0.1,50,1.5,0.03,0,0.8507534801133627
5390,small_world,degree,5438552,100,300,0.03,3,0.45,0.1,50,1.5,0.03,0,0.8459933719548658
5391,small_world,degree,5439561,100,300,0.03,3,0.45,0.1,50,1.5,0.03,0,0.8556768634994487
5392,small_world,degree,5440570,100,300,0.03,3,0.45,0.1,50,1.5,0.03,0,0.8565264268817184
5393,small_world,degree,5441579,100,300,0.03,3,0.45,0.1,50,1.5,0.04,1,0.8189020292275501
5394,small_world,degree,5442588,100,300,0.03,3,0.45,0.1,50,1.5,0.03,0,0.8607782587169737
5395,small_world,degree,5443597,100,300,0.03,3,0.45,0.1,50,1.5,0.07,4,0.8226601652313192
5396,small_world,degree,5444606,100,300,0.03,3,0.45,0.1,50,1.5,0.03,0,0.8367379838395147
5397,small_world,degree,5445615,100,300,0.03,3,0.45,0.1,50,1.5,0.04,1,0.8187349585406175
5398,small_world,degree,5446624,100,300,0.03,3,0.45,0.1,50,1.5,0.03,0,0.8380030276960643
5399,small_world,degree,5447633,100,300,0.03,3,0.45,0.1,50,1.5,0.03,0,0.8525597798215871
5400,small_world,degree,5448642,100,300,0.03,3,0.45,0.1,50,1.5,0.03,0,0.8490146024930534
5401,small_world,degree,5449651,100,300,0.03,3,0.45,0.1,50,1.5,0.03,0,0.86443031699872
5402,small_world,degree,5450660,100,300,0.03,3,0.45,0.1,50,1.5,0.03,0,0.8624899102486103
5403,small_world,degree,5451669,100,300,0.03,3,0.45,0.1,50,1.5,0.03,0,0.8420368432231626
5404,small_world,degree,5452678,100,300,0.03,3,0.45,0.1,50,1.5,0.03,0,0.8821136639347081
5405,small_world,degree,5453687,100,300,0.03,3,0.45,0.1,50,1.5,0.03,0,0.8574923044547436
5406,small_world,degree,5454696,100,300,0.03,3,0.45,0.1,50,1.5,0.03,0,0.8435850114559073
5407,small_world,degree,5455705,100,300,0.03,3,0.45,0.1,50,1.5,0.03,0,0.8667893550876502
5408,small_world,degree,5456714,100,300,0.03,3,0.45,0.1,50,1.5,0.03,0,0.8576833577635705
5409,small_world,degree,5457723,100,300,0.03,3,0.45,0.1,50,1.5,0.04,1,0.8364674593528634
5410,small_world,degree,5458732,100,300,0.03,3,0.45,0.1,50,1.5,0.03,0,0.8774586664536291
5411,small_world,degree,5459741,100,300,0.03,3,0.45,0.1,50,1.5,0.04,1,0.8314032755707136
5412,small_world,degree,5460750,100,300,0.03,3,0.45,0.1,50,1.5,0.04,1,0.8498409948342384
5413,small_world,degree,5461759,100,300,0.03,3,0.45,0.1,50,1.5,0.03,0,0.8494186042573123
5414,small_world,degree,5462768,100,300,0.03,3,0.45,0.1,50,1.5,0.03,0,0.8524161729750452
5415,small_world,degree,5463777,100,300,0.03,3,0.45,0.1,50,1.5,0.03,0,0.8558137426892253
5416,small_world,degree,5464786,100,300,0.03,3,0.45,0.1,50,1.5,0.03,0,0.8642371854674274
5417,small_world,degree,5465795,100,300,0.03,3,0.45,0.1,50,1.5,0.04,1,0.818098632690075
5418,small_world,degree,5466804,100,300,0.03,3,0.45,0.1,50,1.5,0.03,0,0.8316600935099495
5419,small_world,degree,5467813,100,300,0.03,3,0.45,0.1,50,1.5,0.03,0,0.8654083517557366
5420,small_world,degree,5468822,100,300,0.03,3,0.45,0.1,50,1.5,0.04,1,0.8138928014468503
5421,small_world,degree,5469831,100,300,0.03,3,0.45,0.1,50,1.5,0.03,0,0.8460126650641513
5422,small_world,degree,5470840,100,300,0.03,3,0.45,0.1,50,1.5,0.03,0,0.8492649672272741
5423,small_world,degree,5471849,100,300,0.03,3,0.45,0.1,50,1.5,0.06,2,0.8192602269236573
5424,small_world,degree,5472858,100,300,0.03,3,0.45,0.1,50,1.5,0.04,1,0.8254160679263874
5425,small_world,degree,5473867,100,300,0.03,3,0.45,0.1,50,1.5,0.03,0,0.8504078417329449
5426,small_world,degree,5474876,100,300,0.03,3,0.45,0.1,50,1.5,0.03,0,0.8612088195155031
5427,small_world,degree,5475885,100,300,0.03,3,0.45,0.1,50,1.5,0.07,4,0.7888396319766477
5428,small_world,degree,5476894,100,300,0.03,3,0.45,0.1,50,1.5,0.03,0,0.8463329564283403
5429,small_world,degree,5477903,100,300,0.03,3,0.45,0.1,50,1.5,0.03,0,0.8446297672557554
5430,small_world,degree,5478912,100,300,0.03,3,0.45,0.1,50,1.5,0.03,0,0.8649644622022837
5431,small_world,degree,5479921,100,300,0.03,3,0.45,0.1,50,1.5,0.04,1,0.8144967811478655
5432,small_world,degree,5480930,100,300,0.03,3,0.45,0.1,50,1.5,0.04,1,0.8298811930703817
5433,small_world,degree,5481939,100,300,0.03,3,0.45,0.1,50,1.5,0.05,1,0.8258668688263796
5434,small_world,degree,5482948,100,300,0.03,3,0.45,0.1,50,1.5,0.03,0,0.8667315738064463
5435,small_world,degree,5483957,100,300,0.03,3,0.45,0.1,50,1.5,0.03,0,0.8703185993171079
5436,small_world,degree,5484966,100,300,0.03,3,0.45,0.1,50,1.5,0.12,6,0.7864662840729568
5437,small_world,degree,5485975,100,300,0.03,3,0.45,0.1,50,1.5,0.03,0,0.8251317195307402
5438,small_world,degree,5486984,100,300,0.03,3,0.45,0.1,50,1.5,0.05,1,0.8282212376783301
5439,small_world,degree,5487993,100,300,0.03,3,0.45,0.1,50,1.5,0.03,0,0.8177031616729862
5440,small_world,degree,5489002,100,300,0.03,3,0.45,0.1,50,1.5,0.03,0,0.8887604610399553
5441,small_world,degree,5490011,100,300,0.03,3,0.45,0.1,50,1.5,0.03,0,0.8530743236581262
5442,small_world,degree,5491020,100,300,0.03,3,0.45,0.1,50,1.5,0.03,0,0.8284182401684446
5443,small_world,degree,5492029,100,300,0.03,3,0.45,0.1,50,1.5,0.03,0,0.8494613306341607
5444,small_world,degree,5493038,100,300,0.03,3,0.45,0.1,50,1.5,0.03,0,0.8425046587303705
5445,small_world,degree,5494047,100,300,0.03,3,0.45,0.1,50,1.5,0.04,1,0.8523127078626587
5446,small_world,degree,5495056,100,300,0.03,3,0.45,0.1,50,1.5,0.03,0,0.8487635717113001
5447,small_world,degree,5496065,100,300,0.03,3,0.45,0.1,50,1.5,0.07,2,0.7997355379550685
5448,small_world,degree,5497074,100,300,0.03,3,0.45,0.1,50,1.5,0.03,0,0.8596635188191085
5449,small_world,degree,5498083,100,300,0.03,3,0.45,0.1,50,1.5,0.03,0,0.8473671531061029
5450,small_world,degree,5499092,100,300,0.03,3,0.45,0.1,50,1.5,0.03,0,0.8506815204941895
5451,small_world,degree,5500101,100,300,0.03,3,0.45,0.1,50,1.5,0.13,6,0.6496496753007998
5452,small_world,degree,5501110,100,300,0.03,3,0.45,0.1,50,1.5,0.03,0,0.8755182085563139
5453,small_world,degree,5502119,100,300,0.03,3,0.45,0.1,50,1.5,0.03,0,0.8523185694482385
5454,small_world,degree,5503128,100,300,0.03,3,0.45,0.1,50,1.5,0.03,0,0.8604509545213531
5455,small_world,degree,5504137,100,300,0.03,3,0.45,0.1,50,1.5,0.03,0,0.8509930626005852
5456,small_world,degree,5505146,100,300,0.03,3,0.45,0.1,50,1.5,0.03,0,0.8562536369955328
5457,small_world,degree,5506155,100,300,0.03,3,0.45,0.1,50,1.5,0.08,3,0.8023448238987452
5458,small_world,degree,5507164,100,300,0.03,3,0.45,0.1,50,1.5,0.03,0,0.8605164251660733
5459,small_world,degree,5508173,100,300,0.03,3,0.45,0.1,50,1.5,0.03,0,0.8613937581080086
5460,small_world,degree,5509182,100,300,0.03,3,0.45,0.1,50,1.5,0.07,3,0.736143464165848
5461,small_world,degree,5510191,100,300,0.03,3,0.45,0.1,50,1.5,0.03,0,0.8711386869617113
5462,small_world,degree,5511200,100,300,0.03,3,0.45,0.1,50,1.5,0.23,8,0.5613405959791887
5463,small_world,degree,5512209,100,300,0.03,3,0.45,0.1,50,1.5,0.03,0,0.8464792489130549
5464,small_world,degree,5513218,100,300,0.03,3,0.45,0.1,50,1.5,0.04,1,0.83536460550636
5465,small_world,degree,5514227,100,300,0.03,3,0.45,0.1,50,1.5,0.03,0,0.8594655797835393
5466,small_world,degree,5515236,100,300,0.03,3,0.45,0.1,50,1.5,0.06,2,0.8167507775907812
5467,small_world,degree,5516245,100,300,0.03,3,0.45,0.1,50,1.5,0.11,6,0.6955018143770575
5468,small_world,degree,5517254,100,300,0.03,3,0.45,0.1,50,1.5,0.03,0,0.8604839183341088
5469,small_world,degree,5518263,100,300,0.03,3,0.45,0.1,50,1.5,0.04,1,0.7848989730181865
5470,small_world,degree,5519272,100,300,0.03,3,0.45,0.1,50,1.5,0.03,0,0.849662212447172
5471,small_world,degree,5520281,100,300,0.03,3,0.45,0.1,50,1.5,0.03,0,0.8318825468602916
5472,small_world,degree,5521290,100,300,0.03,3,0.45,0.1,50,1.5,0.03,0,0.8545467117066942
5473,small_world,degree,5522299,100,300,0.03,3,0.45,0.1,50,1.5,0.04,1,0.8156523604764171
5474,small_world,degree,5523308,100,300,0.03,3,0.45,0.1,50,1.5,0.03,0,0.8695183373691014
5475,small_world,degree,5524317,100,300,0.03,3,0.45,0.1,50,1.5,0.03,0,0.8431831462542302
5476,small_world,degree,5525326,100,300,0.03,3,0.45,0.1,50,1.5,0.03,0,0.8618134053024157
5477,small_world,degree,5526335,100,300,0.03,3,0.45,0.1,50,1.5,0.03,0,0.8451848306219591
5478,small_world,degree,5527344,100,300,0.03,3,0.45,0.1,50,1.5,0.03,0,0.8515888840341028
5479,small_world,degree,5528353,100,300,0.03,3,0.45,0.1,50,1.5,0.03,0,0.8556856364530796
5480,small_world,degree,5529362,100,300,0.03,3,0.45,0.1,50,1.5,0.08,3,0.7833305163333718
5481,small_world,degree,5530371,100,300,0.03,3,0.45,0.1,50,1.5,0.03,0,0.8458009399263108
5482,small_world,degree,5531380,100,300,0.03,3,0.45,0.1,50,1.5,0.03,0,0.8527063147452019
5483,small_world,degree,5532389,100,300,0.03,3,0.45,0.1,50,1.5,0.03,0,0.861452759731901
5484,small_world,degree,5533398,100,300,0.03,3,0.45,0.1,50,1.5,0.03,0,0.860171634072352
5485,small_world,degree,5534407,100,300,0.03,3,0.45,0.1,50,1.5,0.03,0,0.8514983205046494
5486,small_world,degree,5535416,100,300,0.03,3,0.45,0.1,50,1.5,0.03,0,0.8491073284856979
5487,small_world,degree,5536425,100,300,0.03,3,0.45,0.1,50,1.5,0.03,0,0.8438245977443144
5488,small_world,degree,5537434,100,300,0.03,3,0.45,0.1,50,1.5,0.03,0,0.8495714696972698
5489,small_world,degree,5538443,100,300,0.03,3,0.45,0.1,50,1.5,0.03,0,0.8574421062712001
5490,small_world,degree,5539452,100,300,0.03,3,0.45,0.1,50,1.5,0.04,1,0.8055969771015258
5491,small_world,degree,5540461,100,300,0.03,3,0.45,0.1,50,1.5,0.03,0,0.8614403143882258
5492,small_world,degree,5541470,100,300,0.03,3,0.45,0.1,50,1.5,0.03,0,0.8569483265602942
5493,small_world,degree,5542479,100,300,0.03,3,0.45,0.1,50,1.5,0.03,0,0.8544126446584841
5494,small_world,degree,5543488,100,300,0.03,3,0.45,0.1,50,1.5,0.14,6,0.6671365976065293
5495,small_world,degree,5544497,100,300,0.03,3,0.45,0.1,50,1.5,0.09,5,0.7396781167929609
5496,small_world,degree,5545506,100,300,0.03,3,0.45,0.1,50,1.5,0.03,0,0.8595466117673531
5497,small_world,degree,5546515,100,300,0.03,3,0.45,0.1,50,1.5,0.04,1,0.8312930323990568
5498,small_world,degree,5547524,100,300,0.03,3,0.45,0.1,50,1.5,0.03,0,0.8709999340050898
5499,small_world,degree,5548533,100,300,0.03,3,0.45,0.1,50,1.5,0.03,0,0.8336047334700066
5500,small_world,degree,5549542,100,300,0.03,3,0.45,0.1,50,1.5,0.04,1,0.8229192366865068
5501,small_world,degree,5550551,100,300,0.03,3,0.45,0.1,50,1.5,0.03,0,0.8444579457111834
5502,small_world,degree,5551560,100,300,0.03,3,0.45,0.1,50,1.5,0.04,1,0.8335669064817877
5503,small_world,degree,5552569,100,300,0.03,3,0.45,0.1,50,1.5,0.03,0,0.8521829661939379
5504,small_world,degree,5553578,100,300,0.03,3,0.45,0.1,50,1.5,0.03,0,0.8591701853591649
5505,small_world,degree,5554587,100,300,0.03,3,0.45,0.1,50,1.5,0.03,0,0.852127313251503
5506,small_world,degree,5555596,100,300,0.03,3,0.45,0.1,50,1.5,0.03,0,0.837530976702732
5507,small_world,degree,5556605,100,300,0.03,3,0.45,0.1,50,1.5,0.03,0,0.8361724783217759
5508,small_world,degree,5557614,100,300,0.03,3,0.45,0.1,50,1.5,0.03,0,0.8559423336199896
5509,small_world,degree,5558623,100,300,0.03,3,0.45,0.1,50,1.5,0.03,0,0.850928124661298
5510,small_world,degree,5559632,100,300,0.03,3,0.45,0.1,50,1.5,0.11,7,0.7570614960639213
5511,small_world,degree,5560641,100,300,0.03,3,0.45,0.1,50,1.5,0.03,0,0.8397911298960365
5512,small_world,degree,5561650,100,300,0.03,3,0.45,0.1,50,1.5,0.03,0,0.859059747570621
5513,small_world,degree,5562659,100,300,0.03,3,0.45,0.1,50,1.5,0.03,0,0.8534222322832176
5514,small_world,degree,5563668,100,300,0.03,3,0.45,0.1,50,1.5,0.03,0,0.8593578739299217
5515,small_world,degree,5564677,100,300,0.03,3,0.45,0.1,50,1.5,0.03,0,0.8673529865185045
5516,small_world,degree,5565686,100,300,0.03,3,0.45,0.1,50,1.5,0.03,0,0.8467704647477892
5517,small_world,degree,5566695,100,300,0.03,3,0.45,0.1,50,1.5,0.11,6,0.7390656811008823
5518,small_world,degree,5567704,100,300,0.03,3,0.45,0.1,50,1.5,0.08,3,0.7895958550195585
5519,small_world,degree,5568713,100,300,0.03,3,0.45,0.1,50,1.5,0.08,5,0.7584659091974278
5520,small_world,degree,5569722,100,300,0.03,3,0.45,0.1,50,1.5,0.04,1,0.8103412325540071
5521,small_world,degree,5570731,100,300,0.03,3,0.45,0.1,50,1.5,0.03,0,0.8594280125886439
5522,small_world,degree,5571740,100,300,0.03,3,0.45,0.1,50,1.5,0.03,0,0.8695881169086666
5523,small_world,degree,5572749,100,300,0.03,3,0.45,0.1,50,1.5,0.03,0,0.8684396488871334
5524,small_world,degree,5573758,100,300,0.03,3,0.45,0.1,50,1.5,0.03,0,0.8369724315216248
5525,small_world,degree,5574767,100,300,0.03,3,0.45,0.1,50,1.5,0.08,4,0.8181481794222968
5526,small_world,degree,5575776,100,300,0.03,3,0.45,0.1,50,1.5,0.03,0,0.8453216467183813
5527,small_world,degree,5576785,100,300,0.03,3,0.45,0.1,50,1.5,0.03,0,0.8676472115914997
5528,small_world,degree,5577794,100,300,0.03,3,0.45,0.1,50,1.5,0.03,0,0.8532072003533699
5529,small_world,degree,5578803,100,300,0.03,3,0.45,0.1,50,1.5,0.03,0,0.8685273284824285
5530,small_world,degree,5579812,100,300,0.03,3,0.45,0.1,50,1.5,0.1,6,0.7486355694127462
5531,small_world,degree,5580821,100,300,0.03,3,0.45,0.1,50,1.5,0.23,11,0.5379199404983637
5532,small_world,degree,5581830,100,300,0.03,3,0.45,0.1,50,1.5,0.09,5,0.7628432668114238
5533,small_world,degree,5582839,100,300,0.03,3,0.45,0.1,50,1.5,0.03,0,0.8606907294588879
5534,small_world,degree,5583848,100,300,0.03,3,0.45,0.1,50,1.5,0.03,0,0.8652147926796205
5535,small_world,degree,5584857,100,300,0.03,3,0.45,0.1,50,1.5,0.03,0,0.8603309372148636
5536,small_world,degree,5585866,100,300,0.03,3,0.45,0.1,50,1.5,0.04,1,0.8298317522353378
5537,small_world,degree,5586875,100,300,0.03,3,0.45,0.1,50,1.5,0.03,0,0.7913950863050756
5538,small_world,degree,5587884,100,300,0.03,3,0.45,0.1,50,1.5,0.03,0,0.8758924176888031
5539,small_world,degree,5588893,100,300,0.03,3,0.45,0.1,50,1.5,0.03,0,0.8435254741966233
5540,small_world,degree,5589902,100,300,0.03,3,0.45,0.1,50,1.5,0.03,0,0.859643989129965
5541,small_world,degree,5590911,100,300,0.03,3,0.45,0.1,50,1.5,0.03,0,0.8083525833649764
5542,small_world,degree,5591920,100,300,0.03,3,0.45,0.1,50,1.5,0.03,0,0.853048176751683
5543,small_world,degree,5592929,100,300,0.03,3,0.45,0.1,50,1.5,0.03,0,0.8326539218645675
5544,small_world,degree,5593938,100,300,0.03,3,0.45,0.1,50,1.5,0.03,0,0.8474023802734456
5545,small_world,degree,5594947,100,300,0.03,3,0.45,0.1,50,1.5,0.09,5,0.7548682748290916
5546,small_world,degree,5595956,100,300,0.03,3,0.45,0.1,50,1.5,0.04,1,0.7763974772138377
5547,small_world,degree,5596965,100,300,0.03,3,0.45,0.1,50,1.5,0.03,0,0.8489692730141409
5548,small_world,degree,5597974,100,300,0.03,3,0.45,0.1,50,1.5,0.03,0,0.8689855318207248
5549,small_world,degree,5598983,100,300,0.03,3,0.45,0.1,50,1.5,0.03,0,0.8473765168422376
5550,small_world,degree,5599992,100,300,0.03,3,0.45,0.1,50,1.5,0.03,0,0.8698823139995756
5551,small_world,degree,5601001,100,300,0.03,3,0.45,0.1,50,1.5,0.03,0,0.8467825809221605
5552,small_world,degree,5602010,100,300,0.03,3,0.45,0.1,50,1.5,0.03,0,0.8530706502524388
5553,small_world,degree,5603019,100,300,0.03,3,0.45,0.1,50,1.5,0.03,0,0.8634343801127284
5554,small_world,degree,5604028,100,300,0.03,3,0.45,0.1,50,1.5,0.04,1,0.7885146684975033
5555,small_world,degree,5605037,100,300,0.03,3,0.45,0.1,50,1.5,0.03,0,0.8754203005850765
5556,small_world,degree,5606046,100,300,0.03,3,0.45,0.1,50,1.5,0.03,0,0.8565350158278112
5557,small_world,degree,5607055,100,300,0.03,3,0.45,0.1,50,1.5,0.14,6,0.6395058432402416
5558,small_world,degree,5608064,100,300,0.03,3,0.45,0.1,50,1.5,0.03,0,0.844651925466165
5559,small_world,degree,5609073,100,300,0.03,3,0.45,0.1,50,1.5,0.03,0,0.8617979477390407
5560,small_world,degree,5610082,100,300,0.03,3,0.45,0.1,50,1.5,0.03,0,0.842460571557375
5561,small_world,degree,5611091,100,300,0.03,3,0.45,0.1,50,1.5,0.03,0,0.8229253276227455
5562,small_world,degree,5612100,100,300,0.03,3,0.45,0.1,50,1.5,0.03,0,0.8696063991342879
5563,small_world,degree,5613109,100,300,0.03,3,0.45,0.1,50,1.5,0.03,0,0.8491305040844694
5564,small_world,degree,5614118,100,300,0.03,3,0.45,0.1,50,1.5,0.03,0,0.84997395684633
5565,small_world,degree,5615127,100,300,0.03,3,0.45,0.1,50,1.5,0.08,3,0.7436408678566225
5566,small_world,degree,5616136,100,300,0.03,3,0.45,0.1,50,1.5,0.03,0,0.8915897367248315
5567,small_world,degree,5617145,100,300,0.03,3,0.45,0.1,50,1.5,0.04,1,0.8608705725777637
5568,small_world,degree,5618154,100,300,0.03,3,0.45,0.1,50,1.5,0.03,0,0.856479385423055
5569,small_world,degree,5619163,100,300,0.03,3,0.45,0.1,50,1.5,0.09,5,0.7849421818815961
5570,small_world,degree,5620172,100,300,0.03,3,0.45,0.1,50,1.5,0.03,0,0.8485282658165337
5571,small_world,degree,5621181,100,300,0.03,3,0.45,0.1,50,1.5,0.04,1,0.833840552706131
5572,small_world,degree,5622190,100,300,0.03,3,0.45,0.1,50,1.5,0.03,0,0.8456243834851587
5573,small_world,degree,5623199,100,300,0.03,3,0.45,0.1,50,1.5,0.03,0,0.8350431807337472
5574,small_world,degree,5624208,100,300,0.03,3,0.45,0.1,50,1.5,0.13,6,0.6646165644545537
5575,small_world,degree,5625217,100,300,0.03,3,0.45,0.1,50,1.5,0.03,0,0.8521200510259035
5576,small_world,degree,5626226,100,300,0.03,3,0.45,0.1,50,1.5,0.03,0,0.8647092948141514
5577,small_world,degree,5627235,100,300,0.03,3,0.45,0.1,50,1.5,0.03,0,0.8680329280466371
5578,small_world,degree,5628244,100,300,0.03,3,0.45,0.1,50,1.5,0.03,0,0.8778494654586244
5579,small_world,degree,5629253,100,300,0.03,3,0.45,0.1,50,1.5,0.03,0,0.8779010448515687
5580,small_world,degree,5630262,100,300,0.03,3,0.45,0.1,50,1.5,0.03,0,0.8430597720731285
5581,small_world,degree,5631271,100,300,0.03,3,0.45,0.1,50,1.5,0.03,0,0.8213130037957163
5582,small_world,degree,5632280,100,300,0.03,3,0.45,0.1,50,1.5,0.1,4,0.7751915470255842
5583,small_world,degree,5633289,100,300,0.03,3,0.45,0.1,50,1.5,0.05,2,0.838456383734745
5584,small_world,degree,5634298,100,300,0.03,3,0.45,0.1,50,1.5,0.04,1,0.8221820254159866
5585,small_world,degree,5635307,100,300,0.03,3,0.45,0.1,50,1.5,0.03,0,0.8554628562795894
5586,small_world,degree,5636316,100,300,0.03,3,0.45,0.1,50,1.5,0.03,0,0.8857802109406832
5587,small_world,degree,5637325,100,300,0.03,3,0.45,0.1,50,1.5,0.03,0,0.8527774258299555
5588,small_world,degree,5638334,100,300,0.03,3,0.45,0.1,50,1.5,0.04,1,0.8482754269602195
5589,small_world,degree,5639343,100,300,0.03,3,0.45,0.1,50,1.5,0.03,0,0.853271392128507
5590,small_world,degree,5640352,100,300,0.03,3,0.45,0.1,50,1.5,0.03,0,0.8168981565850781
5591,small_world,degree,5641361,100,300,0.03,3,0.45,0.1,50,1.5,0.03,0,0.8607702334667475
5592,small_world,degree,5642370,100,300,0.03,3,0.45,0.1,50,1.5,0.03,0,0.8592487087567904
5593,small_world,degree,5643379,100,300,0.03,3,0.45,0.1,50,1.5,0.04,1,0.8050354524592221
5594,small_world,degree,5644388,100,300,0.03,3,0.45,0.1,50,1.5,0.03,0,0.8397283796972943
5595,small_world,degree,5645397,100,300,0.03,3,0.45,0.1,50,1.5,0.03,0,0.8049230626102534
5596,small_world,degree,5646406,100,300,0.03,3,0.45,0.1,50,1.5,0.03,0,0.8491215694694318
5597,small_world,degree,5647415,100,300,0.03,3,0.45,0.1,50,1.5,0.03,0,0.8540642810331146
5598,small_world,degree,5648424,100,300,0.03,3,0.45,0.1,50,1.5,0.04,1,0.819397455619703
5599,small_world,degree,5649433,100,300,0.03,3,0.45,0.1,50,1.5,0.03,0,0.8783129445723425
5600,small_world,degree,5650442,100,300,0.03,3,0.45,0.1,50,1.5,0.03,0,0.8699143508324293
5601,small_world,degree,5651451,100,300,0.03,3,0.45,0.1,50,1.5,0.03,0,0.8543095171054014
5602,small_world,degree,5652460,100,300,0.03,3,0.45,0.1,50,1.5,0.04,1,0.8289375313189266
5603,small_world,degree,5653469,100,300,0.03,3,0.45,0.1,50,1.5,0.03,0,0.8597657616714706
5604,small_world,degree,5654478,100,300,0.03,3,0.45,0.1,50,1.5,0.03,0,0.849213573996072
5605,small_world,degree,5655487,100,300,0.03,3,0.45,0.1,50,1.5,0.03,0,0.8498473512027135
5606,small_world,degree,5656496,100,300,0.03,3,0.45,0.1,50,1.5,0.13,7,0.7197488763427627
5607,small_world,degree,5657505,100,300,0.03,3,0.45,0.1,50,1.5,0.05,1,0.7678334384604142
5608,small_world,degree,5658514,100,300,0.03,3,0.45,0.1,50,1.5,0.05,2,0.8277027367906592
5609,small_world,degree,5659523,100,300,0.03,3,0.45,0.1,50,1.5,0.03,0,0.861160179004768
5610,small_world,degree,5660532,100,300,0.03,3,0.45,0.1,50,1.5,0.05,2,0.8040437180756984
5611,small_world,degree,5661541,100,300,0.03,3,0.45,0.1,50,1.5,0.03,0,0.8620817853491336
5612,small_world,degree,5662550,100,300,0.03,3,0.45,0.1,50,1.5,0.03,0,0.8553815896325293
5613,small_world,degree,5663559,100,300,0.03,3,0.45,0.1,50,1.5,0.03,0,0.8442525114731199
5614,small_world,degree,5664568,100,300,0.03,3,0.45,0.1,50,1.5,0.03,0,0.877827038142356
5615,small_world,degree,5665577,100,300,0.03,3,0.45,0.1,50,1.5,0.03,0,0.8509903756945864
5616,small_world,degree,5666586,100,300,0.03,3,0.45,0.1,50,1.5,0.03,0,0.8389216676641907
5617,small_world,degree,5667595,100,300,0.03,3,0.45,0.1,50,1.5,0.03,0,0.8556208158973209
5618,small_world,degree,5668604,100,300,0.03,3,0.45,0.1,50,1.5,0.05,2,0.8047382420417967
5619,small_world,degree,5669613,100,300,0.03,3,0.45,0.1,50,1.5,0.03,0,0.843377199843763
5620,small_world,degree,5670622,100,300,0.03,3,0.45,0.1,50,1.5,0.03,0,0.8457600539016435
5621,small_world,degree,5671631,100,300,0.03,3,0.45,0.1,50,1.5,0.03,0,0.8591701193065385
5622,small_world,degree,5672640,100,300,0.03,3,0.45,0.1,50,1.5,0.03,0,0.8357977361079199
5623,small_world,degree,5673649,100,300,0.03,3,0.45,0.1,50,1.5,0.04,1,0.8174672407886148
5624,small_world,degree,5674658,100,300,0.03,3,0.45,0.1,50,1.5,0.03,0,0.8410263527550588
5625,small_world,degree,5675667,100,300,0.03,3,0.45,0.1,50,1.5,0.03,0,0.8430321133337366
5626,small_world,degree,5676676,100,300,0.03,3,0.45,0.1,50,1.5,0.03,0,0.8481021456307185
5627,small_world,degree,5677685,100,300,0.03,3,0.45,0.1,50,1.5,0.03,0,0.8334047019718069
5628,small_world,degree,5678694,100,300,0.03,3,0.45,0.1,50,1.5,0.03,0,0.8641930153864346
5629,small_world,degree,5679703,100,300,0.03,3,0.45,0.1,50,1.5,0.03,0,0.8519179062058646
5630,small_world,degree,5680712,100,300,0.03,3,0.45,0.1,50,1.5,0.03,0,0.8467430906425681
5631,small_world,degree,5681721,100,300,0.03,3,0.45,0.1,50,1.5,0.03,0,0.8405807826684277
5632,small_world,degree,5682730,100,300,0.03,3,0.45,0.1,50,1.5,0.04,1,0.8098068978186101
5633,small_world,degree,5683739,100,300,0.03,3,0.45,0.1,50,1.5,0.03,0,0.8536527463828186
5634,small_world,degree,5684748,100,300,0.03,3,0.45,0.1,50,1.5,0.04,1,0.8241615802937092
5635,small_world,degree,5685757,100,300,0.03,3,0.45,0.1,50,1.5,0.03,0,0.8413425609988434
5636,small_world,degree,5686766,100,300,0.03,3,0.45,0.1,50,1.5,0.03,0,0.849619501219012
5637,small_world,degree,5687775,100,300,0.03,3,0.45,0.1,50,1.5,0.03,0,0.8301326528248718
5638,small_world,degree,5688784,100,300,0.03,3,0.45,0.1,50,1.5,0.03,0,0.8511907389286278
5639,small_world,degree,5689793,100,300,0.03,3,0.45,0.1,50,1.5,0.04,1,0.8205572881241256
5640,small_world,degree,5690802,100,300,0.03,3,0.45,0.1,50,1.5,0.16,10,0.5927092932392377
5641,small_world,degree,5691811,100,300,0.03,3,0.45,0.1,50,1.5,0.03,0,0.8520175612568665
5642,small_world,degree,5692820,100,300,0.03,3,0.45,0.1,50,1.5,0.03,0,0.8530213593723346
5643,small_world,degree,5693829,100,300,0.03,3,0.45,0.1,50,1.5,0.03,0,0.8507608146792063
5644,small_world,degree,5694838,100,300,0.03,3,0.45,0.1,50,1.5,0.03,0,0.8461215217763033
5645,small_world,degree,5695847,100,300,0.03,3,0.45,0.1,50,1.5,0.03,0,0.8406445837276434
5646,small_world,degree,5696856,100,300,0.03,3,0.45,0.1,50,1.5,0.04,1,0.8174816091876982
5647,small_world,degree,5697865,100,300,0.03,3,0.45,0.1,50,1.5,0.03,0,0.8629087742450875
5648,small_world,degree,5698874,100,300,0.03,3,0.45,0.1,50,1.5,0.03,0,0.8571486023644325
5649,small_world,degree,5699883,100,300,0.03,3,0.45,0.1,50,1.5,0.03,0,0.8659966427875119
5650,small_world,degree,5700892,100,300,0.03,3,0.45,0.1,50,1.5,0.03,0,0.815910785660561
5651,small_world,degree,5701901,100,300,0.03,3,0.45,0.1,50,1.5,0.04,1,0.8387145880162454
5652,small_world,degree,5702910,100,300,0.03,3,0.45,0.1,50,1.5,0.03,0,0.8510498769833198
5653,small_world,degree,5703919,100,300,0.03,3,0.45,0.1,50,1.5,0.03,0,0.8557231615863381
5654,small_world,degree,5704928,100,300,0.03,3,0.45,0.1,50,1.5,0.03,0,0.8515242106263607
5655,small_world,degree,5705937,100,300,0.03,3,0.45,0.1,50,1.5,0.03,0,0.8597231273711242
5656,small_world,degree,5706946,100,300,0.03,3,0.45,0.1,50,1.5,0.03,0,0.8392173751138527
5657,small_world,degree,5707955,100,300,0.03,3,0.45,0.1,50,1.5,0.03,0,0.8535361864046414
5658,small_world,degree,5708964,100,300,0.03,3,0.45,0.1,50,1.5,0.03,0,0.8495839985180457
5659,small_world,degree,5709973,100,300,0.03,3,0.45,0.1,50,1.5,0.03,0,0.8387644914012151
5660,small_world,degree,5710982,100,300,0.03,3,0.45,0.1,50,1.5,0.03,0,0.8458544849951583
5661,small_world,degree,5711991,100,300,0.03,3,0.45,0.1,50,1.5,0.03,0,0.8501153208354117
5662,small_world,degree,5713000,100,300,0.03,3,0.45,0.1,50,1.5,0.04,1,0.8269277221503115
5663,small_world,degree,5714009,100,300,0.03,3,0.45,0.1,50,1.5,0.03,0,0.8433292888844331
5664,small_world,degree,5715018,100,300,0.03,3,0.45,0.1,50,1.5,0.03,0,0.8440002616118402
5665,small_world,degree,5716027,100,300,0.03,3,0.45,0.1,50,1.5,0.03,0,0.8423947568521472
5666,small_world,degree,5717036,100,300,0.03,3,0.45,0.1,50,1.5,0.03,0,0.8573334020598186
5667,small_world,degree,5718045,100,300,0.03,3,0.45,0.1,50,1.5,0.1,3,0.7534115681617334
5668,small_world,degree,5719054,100,300,0.03,3,0.45,0.1,50,1.5,0.03,0,0.8249214110573984
5669,small_world,degree,5720063,100,300,0.03,3,0.45,0.1,50,1.5,0.03,0,0.8485581901787733
5670,small_world,degree,5721072,100,300,0.03,3,0.45,0.1,50,1.5,0.03,0,0.8450789521840205
5671,small_world,degree,5722081,100,300,0.03,3,0.45,0.1,50,1.5,0.03,0,0.8669526105517796
5672,small_world,degree,5723090,100,300,0.03,3,0.45,0.1,50,1.5,0.04,1,0.8167288324740102
5673,small_world,degree,5724099,100,300,0.03,3,0.45,0.1,50,1.5,0.06,2,0.8026242418743027
5674,small_world,degree,5725108,100,300,0.03,3,0.45,0.1,50,1.5,0.03,0,0.8717425237960853
5675,small_world,degree,5726117,100,300,0.03,3,0.45,0.1,50,1.5,0.06,2,0.7893538202033825
5676,small_world,degree,5727126,100,300,0.03,3,0.45,0.1,50,1.5,0.09,4,0.744530290318291
5677,small_world,degree,5728135,100,300,0.03,3,0.45,0.1,50,1.5,0.03,0,0.8551481307748859
5678,small_world,degree,5729144,100,300,0.03,3,0.45,0.1,50,1.5,0.03,0,0.832731511624149
5679,small_world,degree,5730153,100,300,0.03,3,0.45,0.1,50,1.5,0.03,0,0.8531383714323799
5680,small_world,degree,5731162,100,300,0.03,3,0.45,0.1,50,1.5,0.03,0,0.8467509343933801
5681,small_world,degree,5732171,100,300,0.03,3,0.45,0.1,50,1.5,0.03,0,0.8674510999572764
5682,small_world,degree,5733180,100,300,0.03,3,0.45,0.1,50,1.5,0.03,0,0.8682688235309693
5683,small_world,degree,5734189,100,300,0.03,3,0.45,0.1,50,1.5,0.03,0,0.8750407977257246
5684,small_world,degree,5735198,100,300,0.03,3,0.45,0.1,50,1.5,0.03,0,0.8662634648448221
5685,small_world,degree,5736207,100,300,0.03,3,0.45,0.1,50,1.5,0.03,0,0.8429506845391659
5686,small_world,degree,5737216,100,300,0.03,3,0.45,0.1,50,1.5,0.03,0,0.8638612276189037
5687,small_world,degree,5738225,100,300,0.03,3,0.45,0.1,50,1.5,0.05,2,0.809392146779266
5688,small_world,degree,5739234,100,300,0.03,3,0.45,0.1,50,1.5,0.03,0,0.8540809374173697
5689,small_world,degree,5740243,100,300,0.03,3,0.45,0.1,50,1.5,0.03,0,0.82222810056331
5690,small_world,degree,5741252,100,300,0.03,3,0.45,0.1,50,1.5,0.03,0,0.8525066782653568
5691,small_world,degree,5742261,100,300,0.03,3,0.45,0.1,50,1.5,0.12,4,0.6788115952284179
5692,small_world,degree,5743270,100,300,0.03,3,0.45,0.1,50,1.5,0.03,0,0.8392826701582483
5693,small_world,degree,5744279,100,300,0.03,3,0.45,0.1,50,1.5,0.03,0,0.8553297609115552
5694,small_world,degree,5745288,100,300,0.03,3,0.45,0.1,50,1.5,0.09,4,0.7779356121010437
5695,small_world,degree,5746297,100,300,0.03,3,0.45,0.1,50,1.5,0.03,0,0.8471331917019053
5696,small_world,degree,5747306,100,300,0.03,3,0.45,0.1,50,1.5,0.07,3,0.7944218818469452
5697,small_world,degree,5748315,100,300,0.03,3,0.45,0.1,50,1.5,0.1,5,0.7335193054126776
5698,small_world,degree,5749324,100,300,0.03,3,0.45,0.1,50,1.5,0.03,0,0.8606008871332513
5699,small_world,degree,5750333,100,300,0.03,3,0.45,0.1,50,1.5,0.03,0,0.8519228798332954
5700,small_world,degree,5751342,100,300,0.03,3,0.45,0.1,50,1.5,0.03,0,0.879786760767595
5701,small_world,degree,5752351,100,300,0.03,3,0.45,0.1,50,1.5,0.03,0,0.833589554009962
5702,small_world,degree,5753360,100,300,0.03,3,0.45,0.1,50,1.5,0.03,0,0.8341609140512332
5703,small_world,degree,5754369,100,300,0.03,3,0.45,0.1,50,1.5,0.03,0,0.8593625125002159
5704,small_world,degree,5755378,100,300,0.03,3,0.45,0.1,50,1.5,0.03,0,0.8498189524510247
5705,small_world,degree,5756387,100,300,0.03,3,0.45,0.1,50,1.5,0.05,1,0.8042496713889952
5706,small_world,degree,5757396,100,300,0.03,3,0.45,0.1,50,1.5,0.08,4,0.7463938295957918
5707,small_world,degree,5758405,100,300,0.03,3,0.45,0.1,50,1.5,0.05,1,0.831289324942411
5708,small_world,degree,5759414,100,300,0.03,3,0.45,0.1,50,1.5,0.03,0,0.8415791676092568
5709,small_world,degree,5760423,100,300,0.03,3,0.45,0.1,50,1.5,0.13,6,0.6574437334029235
5710,small_world,degree,5761432,100,300,0.03,3,0.45,0.1,50,1.5,0.04,1,0.8461099770913889
5711,small_world,degree,5762441,100,300,0.03,3,0.45,0.1,50,1.5,0.03,0,0.8594249742502732
5712,small_world,degree,5763450,100,300,0.03,3,0.45,0.1,50,1.5,0.03,0,0.859907676657194
5713,small_world,degree,5764459,100,300,0.03,3,0.45,0.1,50,1.5,0.04,1,0.8137254940007387
5714,small_world,degree,5765468,100,300,0.03,3,0.45,0.1,50,1.5,0.03,0,0.873847209285099
5715,small_world,degree,5766477,100,300,0.03,3,0.45,0.1,50,1.5,0.03,0,0.8705436846992992
5716,small_world,degree,5767486,100,300,0.03,3,0.45,0.1,50,1.5,0.03,0,0.8532836166059097
5717,small_world,degree,5768495,100,300,0.03,3,0.45,0.1,50,1.5,0.03,0,0.8203097185589635
5718,small_world,degree,5769504,100,300,0.03,3,0.45,0.1,50,1.5,0.03,0,0.8319116118234219
5719,small_world,degree,5770513,100,300,0.03,3,0.45,0.1,50,1.5,0.04,1,0.8596007048847668
5720,small_world,degree,5771522,100,300,0.03,3,0.45,0.1,50,1.5,0.03,0,0.8351088640769034
5721,small_world,degree,5772531,100,300,0.03,3,0.45,0.1,50,1.5,0.03,0,0.84257414025122
5722,small_world,degree,5773540,100,300,0.03,3,0.45,0.1,50,1.5,0.04,1,0.8287131990966597
5723,small_world,degree,5774549,100,300,0.03,3,0.45,0.1,50,1.5,0.03,0,0.8446175559108938
5724,small_world,degree,5775558,100,300,0.03,3,0.45,0.1,50,1.5,0.03,0,0.844697276736977
5725,small_world,degree,5776567,100,300,0.03,3,0.45,0.1,50,1.5,0.03,0,0.8599402601129746
5726,small_world,degree,5777576,100,300,0.03,3,0.45,0.1,50,1.5,0.03,0,0.8529225669038667
5727,small_world,degree,5778585,100,300,0.03,3,0.45,0.1,50,1.5,0.03,0,0.8665271853087486
5728,small_world,degree,5779594,100,300,0.03,3,0.45,0.1,50,1.5,0.03,0,0.851951114646764
5729,small_world,degree,5780603,100,300,0.03,3,0.45,0.1,50,1.5,0.03,0,0.8480108454623003
5730,small_world,degree,5781612,100,300,0.03,3,0.45,0.1,50,1.5,0.03,0,0.8183264053974455
5731,small_world,degree,5782621,100,300,0.03,3,0.45,0.1,50,1.5,0.03,0,0.835331241028805
5732,small_world,degree,5783630,100,300,0.03,3,0.45,0.1,50,1.5,0.03,0,0.8535598930166093
5733,small_world,degree,5784639,100,300,0.03,3,0.45,0.1,50,1.5,0.03,0,0.8170326366160835
5734,small_world,degree,5785648,100,300,0.03,3,0.45,0.1,50,1.5,0.03,0,0.856452320073642
5735,small_world,degree,5786657,100,300,0.03,3,0.45,0.1,50,1.5,0.07,4,0.7561965035088919
5736,small_world,degree,5787666,100,300,0.03,3,0.45,0.1,50,1.5,0.03,0,0.8545815144547848
5737,small_world,degree,5788675,100,300,0.03,3,0.45,0.1,50,1.5,0.03,0,0.8433384616475417
5738,small_world,degree,5789684,100,300,0.03,3,0.45,0.1,50,1.5,0.03,0,0.8447348869015819
5739,small_world,degree,5790693,100,300,0.03,3,0.45,0.1,50,1.5,0.03,0,0.8760512774683353
5740,small_world,degree,5791702,100,300,0.03,3,0.45,0.1,50,1.5,0.03,0,0.857492825268239
5741,small_world,degree,5792711,100,300,0.03,3,0.45,0.1,50,1.5,0.03,0,0.8641423265849039
5742,small_world,degree,5793720,100,300,0.03,3,0.45,0.1,50,1.5,0.16,11,0.6023294946000368
5743,small_world,degree,5794729,100,300,0.03,3,0.45,0.1,50,1.5,0.03,0,0.8640722631131347
5744,small_world,degree,5795738,100,300,0.03,3,0.45,0.1,50,1.5,0.03,0,0.8695215243862444
5745,small_world,degree,5796747,100,300,0.03,3,0.45,0.1,50,1.5,0.03,0,0.833420152584986
5746,small_world,degree,5797756,100,300,0.03,3,0.45,0.1,50,1.5,0.03,0,0.8513839545055036
5747,small_world,degree,5798765,100,300,0.03,3,0.45,0.1,50,1.5,0.03,0,0.8542207121737088
5748,small_world,degree,5799774,100,300,0.03,3,0.45,0.1,50,1.5,0.03,0,0.8336729283055205
5749,small_world,degree,5800783,100,300,0.03,3,0.45,0.1,50,1.5,0.1,6,0.6988035126683171
5750,small_world,degree,5801792,100,300,0.03,3,0.45,0.1,50,1.5,0.03,0,0.8444118938118806
5751,small_world,degree,5802801,100,300,0.03,3,0.45,0.1,50,1.5,0.03,0,0.8154451085829764
5752,small_world,degree,5803810,100,300,0.03,3,0.45,0.1,50,1.5,0.03,0,0.8359286844145389
5753,small_world,degree,5804819,100,300,0.03,3,0.45,0.1,50,1.5,0.03,0,0.831072667587882
5754,small_world,degree,5805828,100,300,0.03,3,0.45,0.1,50,1.5,0.04,1,0.8099545453048055
5755,small_world,degree,5806837,100,300,0.03,3,0.45,0.1,50,1.5,0.07,3,0.7759269498629868
5756,small_world,degree,5807846,100,300,0.03,3,0.45,0.1,50,1.5,0.03,0,0.8396144447224347
5757,small_world,degree,5808855,100,300,0.03,3,0.45,0.1,50,1.5,0.03,0,0.8793634556847714
5758,small_world,degree,5809864,100,300,0.03,3,0.45,0.1,50,1.5,0.03,0,0.8706412010155709
5759,small_world,degree,5810873,100,300,0.03,3,0.45,0.1,50,1.5,0.03,0,0.8395029177782292
5760,small_world,degree,5811882,100,300,0.03,3,0.45,0.1,50,1.5,0.03,0,0.8608651559422491
5761,small_world,degree,5812891,100,300,0.03,3,0.45,0.1,50,1.5,0.03,0,0.8429663849465815
5762,small_world,degree,5813900,100,300,0.03,3,0.45,0.1,50,1.5,0.07,4,0.7765969467808328
5763,small_world,degree,5814909,100,300,0.03,3,0.45,0.1,50,1.5,0.05,2,0.7990096703550393
5764,small_world,degree,5815918,100,300,0.03,3,0.45,0.1,50,1.5,0.03,0,0.8441106740863765
5765,small_world,degree,5816927,100,300,0.03,3,0.45,0.1,50,1.5,0.09,5,0.7717168441842933
5766,small_world,degree,5817936,100,300,0.03,3,0.45,0.1,50,1.5,0.03,0,0.862502661124941
5767,small_world,degree,5818945,100,300,0.03,3,0.45,0.1,50,1.5,0.03,0,0.8766725893377316
5768,small_world,degree,5819954,100,300,0.03,3,0.45,0.1,50,1.5,0.03,0,0.8555113356129777
5769,small_world,degree,5820963,100,300,0.03,3,0.45,0.1,50,1.5,0.03,0,0.8448660960997549
5770,small_world,degree,5821972,100,300,0.03,3,0.45,0.1,50,1.5,0.07,3,0.7974241079870977
5771,small_world,degree,5822981,100,300,0.03,3,0.45,0.1,50,1.5,0.03,0,0.8304517906238557
5772,small_world,degree,5823990,100,300,0.03,3,0.45,0.1,50,1.5,0.04,1,0.8213701532497373
5773,small_world,degree,5824999,100,300,0.03,3,0.45,0.1,50,1.5,0.03,0,0.869699084407942
5774,small_world,degree,5826008,100,300,0.03,3,0.45,0.1,50,1.5,0.03,0,0.8427746934076861
5775,small_world,degree,5827017,100,300,0.03,3,0.45,0.1,50,1.5,0.03,0,0.8545785966979749
5776,small_world,degree,5828026,100,300,0.03,3,0.45,0.1,50,1.5,0.03,0,0.850861887775693
5777,small_world,degree,5829035,100,300,0.03,3,0.45,0.1,50,1.5,0.03,0,0.8365923825678522
5778,small_world,degree,5830044,100,300,0.03,3,0.45,0.1,50,1.5,0.03,0,0.8387691292668924
5779,small_world,degree,5831053,100,300,0.03,3,0.45,0.1,50,1.5,0.05,2,0.8150812328217815
5780,small_world,degree,5832062,100,300,0.03,3,0.45,0.1,50,1.5,0.03,0,0.849248635559655
5781,small_world,degree,5833071,100,300,0.03,3,0.45,0.1,50,1.5,0.03,0,0.8472041412982473
5782,small_world,degree,5834080,100,300,0.03,3,0.45,0.1,50,1.5,0.03,0,0.8482640645203747
5783,small_world,degree,5835089,100,300,0.03,3,0.45,0.1,50,1.5,0.03,0,0.861410978110956
5784,small_world,degree,5836098,100,300,0.03,3,0.45,0.1,50,1.5,0.03,0,0.8298602604716838
5785,small_world,degree,5837107,100,300,0.03,3,0.45,0.1,50,1.5,0.03,0,0.8510242332572525
5786,small_world,degree,5838116,100,300,0.03,3,0.45,0.1,50,1.5,0.03,0,0.8512631361835749
5787,small_world,degree,5839125,100,300,0.03,3,0.45,0.1,50,1.5,0.05,2,0.8110209059777448
5788,small_world,degree,5840134,100,300,0.03,3,0.45,0.1,50,1.5,0.03,0,0.8539975363911189
5789,small_world,degree,5841143,100,300,0.03,3,0.45,0.1,50,1.5,0.03,0,0.8570711960120004
5790,small_world,degree,5842152,100,300,0.03,3,0.45,0.1,50,1.5,0.03,0,0.8815884831898613
5791,small_world,degree,5843161,100,300,0.03,3,0.45,0.1,50,1.5,0.03,0,0.858738878815006
5792,small_world,degree,5844170,100,300,0.03,3,0.45,0.1,50,1.5,0.05,2,0.7999351342223858
5793,small_world,degree,5845179,100,300,0.03,3,0.45,0.1,50,1.5,0.03,0,0.8401407911500174
5794,small_world,degree,5846188,100,300,0.03,3,0.45,0.1,50,1.5,0.03,0,0.8543556912309015
5795,small_world,degree,5847197,100,300,0.03,3,0.45,0.1,50,1.5,0.03,0,0.8457643035456325
5796,small_world,degree,5848206,100,300,0.03,3,0.45,0.1,50,1.5,0.03,0,0.8470725101552755
5797,small_world,degree,5849215,100,300,0.03,3,0.45,0.1,50,1.5,0.04,1,0.8134783500874108
5798,small_world,degree,5850224,100,300,0.03,3,0.45,0.1,50,1.5,0.04,1,0.820516917927922
5799,small_world,degree,5851233,100,300,0.03,3,0.45,0.1,50,1.5,0.04,1,0.8165389109662758
5800,small_world,degree,5852242,100,300,0.03,3,0.45,0.1,50,1.5,0.03,0,0.8743316362577787
5801,small_world,degree,5853251,100,300,0.03,3,0.45,0.1,50,1.5,0.04,1,0.8503602128319939
5802,small_world,degree,5854260,100,300,0.03,3,0.45,0.1,50,1.5,0.03,0,0.8520063406516052
5803,small_world,degree,5855269,100,300,0.03,3,0.45,0.1,50,1.5,0.03,0,0.844166683198297
5804,small_world,degree,5856278,100,300,0.03,3,0.45,0.1,50,1.5,0.04,1,0.8177407565662403
5805,small_world,degree,5857287,100,300,0.03,3,0.45,0.1,50,1.5,0.03,0,0.8692769150083501
5806,small_world,degree,5858296,100,300,0.03,3,0.45,0.1,50,1.5,0.03,0,0.8434904225658083
5807,small_world,degree,5859305,100,300,0.03,3,0.45,0.1,50,1.5,0.03,0,0.8624524601999832
5808,small_world,degree,5860314,100,300,0.03,3,0.45,0.1,50,1.5,0.04,1,0.8215460515668401
5809,small_world,degree,5861323,100,300,0.03,3,0.45,0.1,50,1.5,0.04,1,0.8151449819489727
5810,small_world,degree,5862332,100,300,0.03,3,0.45,0.1,50,1.5,0.17,6,0.6841933625211916
5811,small_world,degree,5863341,100,300,0.03,3,0.45,0.1,50,1.5,0.03,0,0.8385144214114287
5812,small_world,degree,5864350,100,300,0.03,3,0.45,0.1,50,1.5,0.03,0,0.8520847343585751
5813,small_world,degree,5865359,100,300,0.03,3,0.45,0.1,50,1.5,0.03,0,0.8452126349653644
5814,small_world,degree,5866368,100,300,0.03,3,0.45,0.1,50,1.5,0.07,4,0.7253146529368508
5815,small_world,degree,5867377,100,300,0.03,3,0.45,0.1,50,1.5,0.03,0,0.8489934061353598
5816,small_world,degree,5868386,100,300,0.03,3,0.45,0.1,50,1.5,0.03,0,0.8633031907878191
5817,small_world,degree,5869395,100,300,0.03,3,0.45,0.1,50,1.5,0.03,0,0.8432139137512843
5818,small_world,degree,5870404,100,300,0.03,3,0.45,0.1,50,1.5,0.03,0,0.8504264037075042
5819,small_world,degree,5871413,100,300,0.03,3,0.45,0.1,50,1.5,0.03,0,0.8851362636010026
5820,small_world,degree,5872422,100,300,0.03,3,0.45,0.1,50,1.5,0.03,0,0.8687083668810233
5821,small_world,degree,5873431,100,300,0.03,3,0.45,0.1,50,1.5,0.03,0,0.8351691534342497
5822,small_world,degree,5874440,100,300,0.03,3,0.45,0.1,50,1.5,0.03,0,0.8243554416264617
5823,small_world,degree,5875449,100,300,0.03,3,0.45,0.1,50,1.5,0.11,4,0.7378808656713448
5824,small_world,degree,5876458,100,300,0.03,3,0.45,0.1,50,1.5,0.04,1,0.8224939458113525
5825,small_world,degree,5877467,100,300,0.03,3,0.45,0.1,50,1.5,0.03,0,0.8471201313637345
5826,small_world,degree,5878476,100,300,0.03,3,0.45,0.1,50,1.5,0.03,0,0.861211267711398
5827,small_world,degree,5879485,100,300,0.03,3,0.45,0.1,50,1.5,0.03,0,0.8645088607064426
5828,small_world,degree,5880494,100,300,0.03,3,0.45,0.1,50,1.5,0.07,4,0.7636313330361558
5829,small_world,degree,5881503,100,300,0.03,3,0.45,0.1,50,1.5,0.04,1,0.8303068982993024
5830,small_world,degree,5882512,100,300,0.03,3,0.45,0.1,50,1.5,0.04,1,0.8106704951010001
5831,small_world,degree,5883521,100,300,0.03,3,0.45,0.1,50,1.5,0.03,0,0.815183853616587
5832,small_world,degree,5884530,100,300,0.03,3,0.45,0.1,50,1.5,0.03,0,0.8537480428306092
5833,small_world,degree,5885539,100,300,0.03,3,0.45,0.1,50,1.5,0.07,3,0.8087532232936444
5834,small_world,degree,5886548,100,300,0.03,3,0.45,0.1,50,1.5,0.03,0,0.8491755831406954
5835,small_world,degree,5887557,100,300,0.03,3,0.45,0.1,50,1.5,0.03,0,0.8575277867622443
5836,small_world,degree,5888566,100,300,0.03,3,0.45,0.1,50,1.5,0.04,1,0.8246976271607955
5837,small_world,degree,5889575,100,300,0.03,3,0.45,0.1,50,1.5,0.03,0,0.852078577794117
5838,small_world,degree,5890584,100,300,0.03,3,0.45,0.1,50,1.5,0.07,3,0.8059788806870306
5839,small_world,degree,5891593,100,300,0.03,3,0.45,0.1,50,1.5,0.03,0,0.8676129230544771
5840,small_world,degree,5892602,100,300,0.03,3,0.45,0.1,50,1.5,0.03,0,0.8644069935866134
5841,small_world,degree,5893611,100,300,0.03,3,0.45,0.1,50,1.5,0.03,0,0.8607152193210541
5842,small_world,degree,5894620,100,300,0.03,3,0.45,0.1,50,1.5,0.03,0,0.8551031432886819
5843,small_world,degree,5895629,100,300,0.03,3,0.45,0.1,50,1.5,0.03,0,0.8617642084529894
5844,small_world,degree,5896638,100,300,0.03,3,0.45,0.1,50,1.5,0.03,0,0.8592299586259134
5845,small_world,degree,5897647,100,300,0.03,3,0.45,0.1,50,1.5,0.1,4,0.7555698611473994
5846,small_world,degree,5898656,100,300,0.03,3,0.45,0.1,50,1.5,0.11,6,0.7965737020933936
5847,small_world,degree,5899665,100,300,0.03,3,0.45,0.1,50,1.5,0.03,0,0.8635388689400573
5848,small_world,degree,5900674,100,300,0.03,3,0.45,0.1,50,1.5,0.03,0,0.8701556302380968
5849,small_world,degree,5901683,100,300,0.03,3,0.45,0.1,50,1.5,0.03,0,0.8352815295675166
5850,small_world,degree,5902692,100,300,0.03,3,0.45,0.1,50,1.5,0.03,0,0.8313544259249102
5851,small_world,degree,5903701,100,300,0.03,3,0.45,0.1,50,1.5,0.03,0,0.87705081941316
5852,small_world,degree,5904710,100,300,0.03,3,0.45,0.1,50,1.5,0.09,5,0.7571601173555425
5853,small_world,degree,5905719,100,300,0.03,3,0.45,0.1,50,1.5,0.1,6,0.737220688292814
5854,small_world,degree,5906728,100,300,0.03,3,0.45,0.1,50,1.5,0.03,0,0.863537229995677
5855,small_world,degree,5907737,100,300,0.03,3,0.45,0.1,50,1.5,0.03,0,0.8466272466789257
5856,small_world,degree,5908746,100,300,0.03,3,0.45,0.1,50,1.5,0.03,0,0.8628320592506695
5857,small_world,degree,5909755,100,300,0.03,3,0.45,0.1,50,1.5,0.03,0,0.8584177773060796
5858,small_world,degree,5910764,100,300,0.03,3,0.45,0.1,50,1.5,0.03,0,0.8507728999373477
5859,small_world,degree,5911773,100,300,0.03,3,0.45,0.1,50,1.5,0.09,4,0.7670810030381493
5860,small_world,degree,5912782,100,300,0.03,3,0.45,0.1,50,1.5,0.03,0,0.8485863208960572
5861,small_world,degree,5913791,100,300,0.03,3,0.45,0.1,50,1.5,0.04,1,0.836119677429609
5862,small_world,degree,5914800,100,300,0.03,3,0.45,0.1,50,1.5,0.03,0,0.8609394409156356
5863,small_world,degree,5915809,100,300,0.03,3,0.45,0.1,50,1.5,0.03,0,0.8518300556078308
5864,small_world,degree,5916818,100,300,0.03,3,0.45,0.1,50,1.5,0.03,0,0.8551759002528158
5865,small_world,degree,5917827,100,300,0.03,3,0.45,0.1,50,1.5,0.03,0,0.8724657847560765
5866,small_world,degree,5918836,100,300,0.03,3,0.45,0.1,50,1.5,0.03,0,0.8368666979910909
5867,small_world,degree,5919845,100,300,0.03,3,0.45,0.1,50,1.5,0.03,0,0.8436158897975501
5868,small_world,degree,5920854,100,300,0.03,3,0.45,0.1,50,1.5,0.03,0,0.8304748585992406
5869,small_world,degree,5921863,100,300,0.03,3,0.45,0.1,50,1.5,0.03,0,0.8286401309212816
5870,small_world,degree,5922872,100,300,0.03,3,0.45,0.1,50,1.5,0.03,0,0.8447950038036212
5871,small_world,degree,5923881,100,300,0.03,3,0.45,0.1,50,1.5,0.03,0,0.8657088812267031
5872,small_world,degree,5924890,100,300,0.03,3,0.45,0.1,50,1.5,0.03,0,0.8264814140724955
5873,small_world,degree,5925899,100,300,0.03,3,0.45,0.1,50,1.5,0.03,0,0.8639305884518333
5874,small_world,degree,5926908,100,300,0.03,3,0.45,0.1,50,1.5,0.03,0,0.8504591543772293
5875,small_world,degree,5927917,100,300,0.03,3,0.45,0.1,50,1.5,0.03,0,0.8669245111307643
5876,small_world,degree,5928926,100,300,0.03,3,0.45,0.1,50,1.5,0.03,0,0.8505470064865334
5877,small_world,degree,5929935,100,300,0.03,3,0.45,0.1,50,1.5,0.04,1,0.8164003689234929
5878,small_world,degree,5930944,100,300,0.03,3,0.45,0.1,50,1.5,0.06,2,0.7966185756288262
5879,small_world,degree,5931953,100,300,0.03,3,0.45,0.1,50,1.5,0.03,0,0.8659860416652753
5880,small_world,degree,5932962,100,300,0.03,3,0.45,0.1,50,1.5,0.03,0,0.8575258316920455
5881,small_world,degree,5933971,100,300,0.03,3,0.45,0.1,50,1.5,0.03,0,0.8409430137649694
5882,small_world,degree,5934980,100,300,0.03,3,0.45,0.1,50,1.5,0.03,0,0.8833405265086037
5883,small_world,degree,5935989,100,300,0.03,3,0.45,0.1,50,1.5,0.06,1,0.7851073886757866
5884,small_world,degree,5936998,100,300,0.03,3,0.45,0.1,50,1.5,0.03,0,0.8694320451266049
5885,small_world,degree,5938007,100,300,0.03,3,0.45,0.1,50,1.5,0.03,0,0.8491723784271238
5886,small_world,degree,5939016,100,300,0.03,3,0.45,0.1,50,1.5,0.03,0,0.8470156534076755
5887,small_world,degree,5940025,100,300,0.03,3,0.45,0.1,50,1.5,0.03,0,0.8414454897498823
5888,small_world,degree,5941034,100,300,0.03,3,0.45,0.1,50,1.5,0.03,0,0.8416493403744202
5889,small_world,degree,5942043,100,300,0.03,3,0.45,0.1,50,1.5,0.1,4,0.7169049530690835
5890,small_world,degree,5943052,100,300,0.03,3,0.45,0.1,50,1.5,0.03,0,0.8716026797149881
5891,small_world,degree,5944061,100,300,0.03,3,0.45,0.1,50,1.5,0.03,0,0.839226580576164
5892,small_world,degree,5945070,100,300,0.03,3,0.45,0.1,50,1.5,0.03,0,0.8524371052272491
5893,small_world,degree,5946079,100,300,0.03,3,0.45,0.1,50,1.5,0.03,0,0.8397645506647587
5894,small_world,degree,5947088,100,300,0.03,3,0.45,0.1,50,1.5,0.04,1,0.8249231796641424
5895,small_world,degree,5948097,100,300,0.03,3,0.45,0.1,50,1.5,0.03,0,0.8618840985313913
5896,small_world,degree,5949106,100,300,0.03,3,0.45,0.1,50,1.5,0.03,0,0.8678014722952545
5897,small_world,degree,5950115,100,300,0.03,3,0.45,0.1,50,1.5,0.03,0,0.8575881757284999
5898,small_world,degree,5951124,100,300,0.03,3,0.45,0.1,50,1.5,0.03,0,0.846595453900601
5899,small_world,degree,5952133,100,300,0.03,3,0.45,0.1,50,1.5,0.03,0,0.8373900929957773
5900,small_world,degree,5953142,100,300,0.03,3,0.45,0.1,50,1.5,0.12,5,0.7410688969092365
5901,small_world,degree,5954151,100,300,0.03,3,0.45,0.1,50,1.5,0.03,0,0.8614274025415822
5902,small_world,degree,5955160,100,300,0.03,3,0.45,0.1,50,1.5,0.03,0,0.8521635141291329
5903,small_world,degree,5956169,100,300,0.03,3,0.45,0.1,50,1.5,0.12,6,0.7091168125200568
5904,small_world,degree,5957178,100,300,0.03,3,0.45,0.1,50,1.5,0.03,0,0.8493252960162878
5905,small_world,degree,5958187,100,300,0.03,3,0.45,0.1,50,1.5,0.03,0,0.8702139209743628
5906,small_world,degree,5959196,100,300,0.03,3,0.45,0.1,50,1.5,0.04,1,0.8293469025626831
5907,small_world,degree,5960205,100,300,0.03,3,0.45,0.1,50,1.5,0.04,1,0.86353409647018
5908,small_world,degree,5961214,100,300,0.03,3,0.45,0.1,50,1.5,0.03,0,0.8622782145962941
5909,small_world,degree,5962223,100,300,0.03,3,0.45,0.1,50,1.5,0.03,0,0.7855764376246895
5910,small_world,degree,5963232,100,300,0.03,3,0.45,0.1,50,1.5,0.07,4,0.8005634412424457
5911,small_world,degree,5964241,100,300,0.03,3,0.45,0.1,50,1.5,0.03,0,0.8472647693722472
5912,small_world,degree,5965250,100,300,0.03,3,0.45,0.1,50,1.5,0.03,0,0.8691184151481457
5913,small_world,degree,5966259,100,300,0.03,3,0.45,0.1,50,1.5,0.03,0,0.8478405130236569
5914,small_world,degree,5967268,100,300,0.03,3,0.45,0.1,50,1.5,0.03,0,0.8718960747823223
5915,small_world,degree,5968277,100,300,0.03,3,0.45,0.1,50,1.5,0.03,0,0.8554265039495275
5916,small_world,degree,5969286,100,300,0.03,3,0.45,0.1,50,1.5,0.03,0,0.8750987711007049
5917,small_world,degree,5970295,100,300,0.03,3,0.45,0.1,50,1.5,0.03,0,0.8614494736059995
5918,small_world,degree,5971304,100,300,0.03,3,0.45,0.1,50,1.5,0.04,1,0.8191330742167204
5919,small_world,degree,5972313,100,300,0.03,3,0.45,0.1,50,1.5,0.03,0,0.850009744222348
5920,small_world,degree,5973322,100,300,0.03,3,0.45,0.1,50,1.5,0.04,1,0.8165709918989248
5921,small_world,degree,5974331,100,300,0.03,3,0.45,0.1,50,1.5,0.03,0,0.8608538591742222
5922,small_world,degree,5975340,100,300,0.03,3,0.45,0.1,50,1.5,0.07,3,0.7920662401395819
5923,small_world,degree,5976349,100,300,0.03,3,0.45,0.1,50,1.5,0.03,0,0.8486923555791226
5924,small_world,degree,5977358,100,300,0.03,3,0.45,0.1,50,1.5,0.03,0,0.8589772359316284
5925,small_world,degree,5978367,100,300,0.03,3,0.45,0.1,50,1.5,0.07,2,0.7833187108804472
5926,small_world,degree,5979376,100,300,0.03,3,0.45,0.1,50,1.5,0.04,1,0.8456418375549678
5927,small_world,degree,5980385,100,300,0.03,3,0.45,0.1,50,1.5,0.03,0,0.8387721589962286
5928,small_world,degree,5981394,100,300,0.03,3,0.45,0.1,50,1.5,0.03,0,0.8616170946681152
5929,small_world,degree,5982403,100,300,0.03,3,0.45,0.1,50,1.5,0.03,0,0.8504822704177353
5930,small_world,degree,5983412,100,300,0.03,3,0.45,0.1,50,1.5,0.03,0,0.8679232010152717
5931,small_world,degree,5984421,100,300,0.03,3,0.45,0.1,50,1.5,0.03,0,0.8349850473151065
5932,small_world,degree,5985430,100,300,0.03,3,0.45,0.1,50,1.5,0.04,1,0.8310597851178236
5933,small_world,degree,5986439,100,300,0.03,3,0.45,0.1,50,1.5,0.03,0,0.843036506063133
5934,small_world,degree,5987448,100,300,0.03,3,0.45,0.1,50,1.5,0.03,0,0.8584943634953204
5935,small_world,degree,5988457,100,300,0.03,3,0.45,0.1,50,1.5,0.03,0,0.8740793911486107
5936,small_world,degree,5989466,100,300,0.03,3,0.45,0.1,50,1.5,0.04,1,0.8480996596997966
5937,small_world,degree,5990475,100,300,0.03,3,0.45,0.1,50,1.5,0.04,1,0.8423075261970419
5938,small_world,degree,5991484,100,300,0.03,3,0.45,0.1,50,1.5,0.03,0,0.856872830313173
5939,small_world,degree,5992493,100,300,0.03,3,0.45,0.1,50,1.5,0.03,0,0.862169733720869
5940,small_world,degree,5993502,100,300,0.03,3,0.45,0.1,50,1.5,0.03,0,0.8749489354240881
5941,small_world,degree,5994511,100,300,0.03,3,0.45,0.1,50,1.5,0.03,0,0.8661006202291706
5942,small_world,degree,5995520,100,300,0.03,3,0.45,0.1,50,1.5,0.03,0,0.8479115821234409
5943,small_world,degree,5996529,100,300,0.03,3,0.45,0.1,50,1.5,0.03,0,0.8382258912676046
5944,small_world,degree,5997538,100,300,0.03,3,0.45,0.1,50,1.5,0.03,0,0.8423842340280547
5945,small_world,degree,5998547,100,300,0.03,3,0.45,0.1,50,1.5,0.03,0,0.7970423616464227
5946,small_world,degree,5999556,100,300,0.03,3,0.45,0.1,50,1.5,0.03,0,0.8578398888470824
5947,small_world,degree,6000565,100,300,0.03,3,0.45,0.1,50,1.5,0.09,4,0.7667371415330599
5948,small_world,degree,6001574,100,300,0.03,3,0.45,0.1,50,1.5,0.03,0,0.8447381880282956
5949,small_world,degree,6002583,100,300,0.03,3,0.45,0.1,50,1.5,0.03,0,0.8465536825995676
5950,small_world,degree,6003592,100,300,0.03,3,0.45,0.1,50,1.5,0.03,0,0.8548126501474131
5951,small_world,degree,6004601,100,300,0.03,3,0.45,0.1,50,1.5,0.03,0,0.8652717143380009
5952,small_world,degree,6005610,100,300,0.03,3,0.45,0.1,50,1.5,0.03,0,0.8538495165460877
5953,small_world,degree,6006619,100,300,0.03,3,0.45,0.1,50,1.5,0.08,4,0.7962171789116622
5954,small_world,degree,6007628,100,300,0.03,3,0.45,0.1,50,1.5,0.03,0,0.8657622177054674
5955,small_world,degree,6008637,100,300,0.03,3,0.45,0.1,50,1.5,0.03,0,0.83667898922901
5956,small_world,degree,6009646,100,300,0.03,3,0.45,0.1,50,1.5,0.03,0,0.8475716965264124
5957,small_world,degree,6010655,100,300,0.03,3,0.45,0.1,50,1.5,0.03,0,0.8522503102394211
5958,small_world,degree,6011664,100,300,0.03,3,0.45,0.1,50,1.5,0.03,0,0.8411864592695778
5959,small_world,degree,6012673,100,300,0.03,3,0.45,0.1,50,1.5,0.04,1,0.8177632575593929
5960,small_world,degree,6013682,100,300,0.03,3,0.45,0.1,50,1.5,0.04,1,0.8249918223657273
5961,small_world,degree,6014691,100,300,0.03,3,0.45,0.1,50,1.5,0.1,4,0.7259555317640491
5962,small_world,degree,6015700,100,300,0.03,3,0.45,0.1,50,1.5,0.03,0,0.8524333001651638
5963,small_world,degree,6016709,100,300,0.03,3,0.45,0.1,50,1.5,0.09,3,0.7827241186250715
5964,small_world,degree,6017718,100,300,0.03,3,0.45,0.1,50,1.5,0.03,0,0.8461414694702311
5965,small_world,degree,6018727,100,300,0.03,3,0.45,0.1,50,1.5,0.03,0,0.820850416938913
5966,small_world,degree,6019736,100,300,0.03,3,0.45,0.1,50,1.5,0.03,0,0.8046946449423905
5967,small_world,degree,6020745,100,300,0.03,3,0.45,0.1,50,1.5,0.04,1,0.8325666224648214
5968,small_world,degree,6021754,100,300,0.03,3,0.45,0.1,50,1.5,0.06,2,0.7992995111883118
5969,small_world,degree,6022763,100,300,0.03,3,0.45,0.1,50,1.5,0.03,0,0.8418485332977588
5970,small_world,degree,6023772,100,300,0.03,3,0.45,0.1,50,1.5,0.03,0,0.8569080207388307
5971,small_world,degree,6024781,100,300,0.03,3,0.45,0.1,50,1.5,0.03,0,0.86091022550409
5972,small_world,degree,6025790,100,300,0.03,3,0.45,0.1,50,1.5,0.03,0,0.8500951001141362
5973,small_world,degree,6026799,100,300,0.03,3,0.45,0.1,50,1.5,0.03,0,0.8167571967990759
5974,small_world,degree,6027808,100,300,0.03,3,0.45,0.1,50,1.5,0.08,4,0.7938572402442415
5975,small_world,degree,6028817,100,300,0.03,3,0.45,0.1,50,1.5,0.03,0,0.8594106666817442
5976,small_world,degree,6029826,100,300,0.03,3,0.45,0.1,50,1.5,0.03,0,0.8573382092131762
5977,small_world,degree,6030835,100,300,0.03,3,0.45,0.1,50,1.5,0.03,0,0.8333643752684268
5978,small_world,degree,6031844,100,300,0.03,3,0.45,0.1,50,1.5,0.03,0,0.8519086921368602
5979,small_world,degree,6032853,100,300,0.03,3,0.45,0.1,50,1.5,0.03,0,0.8570796799799706
5980,small_world,degree,6033862,100,300,0.03,3,0.45,0.1,50,1.5,0.08,4,0.7867056196028851
5981,small_world,degree,6034871,100,300,0.03,3,0.45,0.1,50,1.5,0.16,10,0.6389365041081218
5982,small_world,degree,6035880,100,300,0.03,3,0.45,0.1,50,1.5,0.03,0,0.8335751467336304
5983,small_world,degree,6036889,100,300,0.03,3,0.45,0.1,50,1.5,0.03,0,0.8389169883197577
5984,small_world,degree,6037898,100,300,0.03,3,0.45,0.1,50,1.5,0.14,5,0.7045208169429377
5985,small_world,degree,6038907,100,300,0.03,3,0.45,0.1,50,1.5,0.03,0,0.8556855165914826
5986,small_world,degree,6039916,100,300,0.03,3,0.45,0.1,50,1.5,0.04,1,0.8060994297174481
5987,small_world,degree,6040925,100,300,0.03,3,0.45,0.1,50,1.5,0.03,0,0.824379412998052
5988,small_world,degree,6041934,100,300,0.03,3,0.45,0.1,50,1.5,0.06,2,0.8083780853738319
5989,small_world,degree,6042943,100,300,0.03,3,0.45,0.1,50,1.5,0.07,4,0.8431851760274645
5990,small_world,degree,6043952,100,300,0.03,3,0.45,0.1,50,1.5,0.03,0,0.8446254963855776
5991,small_world,degree,6044961,100,300,0.03,3,0.45,0.1,50,1.5,0.03,0,0.8555017995398636
5992,small_world,degree,6045970,100,300,0.03,3,0.45,0.1,50,1.5,0.04,1,0.8231443990769803
5993,small_world,degree,6046979,100,300,0.03,3,0.45,0.1,50,1.5,0.03,0,0.8497824313802838
5994,small_world,degree,6047988,100,300,0.03,3,0.45,0.1,50,1.5,0.07,3,0.7945179880652111
5995,small_world,degree,6048997,100,300,0.03,3,0.45,0.1,50,1.5,0.03,0,0.8386173483404714
5996,small_world,degree,6050006,100,300,0.03,3,0.45,0.1,50,1.5,0.03,0,0.8444096522717587
5997,small_world,degree,6051015,100,300,0.03,3,0.45,0.1,50,1.5,0.03,0,0.8267105545727705
5998,small_world,degree,6052024,100,300,0.03,3,0.45,0.1,50,1.5,0.03,0,0.8668396490316153
5999,small_world,degree,6053033,100,300,0.03,3,0.45,0.1,50,1.5,0.03,0,0.8350976351637065
6000,small_world,degree,6054042,100,300,0.03,3,0.45,0.1,50,1.5,0.03,0,0.8454208417361191
6001,random,inv_degree,6055051,100,249,0.03,3,0.45,0.1,50,1.5,0.07,1,0.7617871037542391
6002,random,inv_degree,6056060,100,237,0.03,3,0.45,0.1,50,1.5,0.05,1,0.8215855256906324
6003,random,inv_degree,6057069,100,253,0.03,3,0.45,0.1,50,1.5,0.04,1,0.8430962701069263
6004,random,inv_degree,6058078,100,290,0.03,3,0.45,0.1,50,1.5,0.05,1,0.7992167144847028
6005,random,inv_degree,6059087,100,266,0.03,3,0.45,0.1,50,1.5,0.05,1,0.7983616530559547
6006,random,inv_degree,6060096,100,249,0.03,3,0.45,0.1,50,1.5,0.07,1,0.7730792387608244
6007,random,inv_degree,6061105,100,242,0.03,3,0.45,0.1,50,1.5,0.05,1,0.8221529945593007
6008,random,inv_degree,6062114,100,263,0.03,3,0.45,0.1,50,1.5,0.06,1,0.7878904065969505
6009,random,inv_degree,6063123,100,257,0.03,3,0.45,0.1,50,1.5,0.06,1,0.7979936606383827
6010,random,inv_degree,6064132,100,247,0.03,3,0.45,0.1,50,1.5,0.05,1,0.8241409263039863
6011,random,inv_degree,6065141,100,273,0.03,3,0.45,0.1,50,1.5,0.05,2,0.8263263218067801
6012,random,inv_degree,6066150,100,248,0.03,3,0.45,0.1,50,1.5,0.04,1,0.8569308598898655
6013,random,inv_degree,6067159,100,262,0.03,3,0.45,0.1,50,1.5,0.06,1,0.7898751997614106
6014,random,inv_degree,6068168,100,223,0.03,3,0.45,0.1,50,1.5,0.08,1,0.7576571578107296
6015,random,inv_degree,6069177,100,260,0.03,3,0.45,0.1,50,1.5,0.05,1,0.7983423935151233
6016,random,inv_degree,6070186,100,237,0.03,3,0.45,0.1,50,1.5,0.06,1,0.8065722715581295
6017,random,inv_degree,6071195,100,223,0.03,3,0.45,0.1,50,1.5,0.08,3,0.7738986769000099
6018,random,inv_degree,6072204,100,257,0.03,3,0.45,0.1,50,1.5,0.06,2,0.7905841201569838
6019,random,inv_degree,6073213,100,281,0.03,3,0.45,0.1,50,1.5,0.04,1,0.837018977529708
6020,random,inv_degree,6074222,100,261,0.03,3,0.45,0.1,50,1.5,0.07,2,0.7333234658577653
6021,random,inv_degree,6075231,100,267,0.03,3,0.45,0.1,50,1.5,0.04,1,0.8371091436248619
6022,random,inv_degree,6076240,100,246,0.03,3,0.45,0.1,50,1.5,0.08,2,0.75771846694164
6023,random,inv_degree,6077249,100,269,0.03,3,0.45,0.1,50,1.5,0.05,1,0.7988828492141945
6024,random,inv_degree,6078258,100,243,0.03,3,0.45,0.1,50,1.5,0.04,1,0.8418522137147193
6025,random,inv_degree,6079267,100,262,0.03,3,0.45,0.1,50,1.5,0.05,1,0.8066113332605701
6026,random,inv_degree,6080276,100,255,0.03,3,0.45,0.1,50,1.5,0.03,0,0.881370559586301
6027,random,inv_degree,6081285,100,275,0.03,3,0.45,0.1,50,1.5,0.07,2,0.7716749295384698
6028,random,inv_degree,6082294,100,213,0.03,3,0.45,0.1,50,1.5,0.04,1,0.8684735084869011
6029,random,inv_degree,6083303,100,248,0.03,3,0.45,0.1,50,1.5,0.07,2,0.7906735660204218
6030,random,inv_degree,6084312,100,274,0.03,3,0.45,0.1,50,1.5,0.07,2,0.7441443401287933
6031,random,inv_degree,6085321,100,285,0.03,3,0.45,0.1,50,1.5,0.06,2,0.7729140209875146
6032,random,inv_degree,6086330,100,270,0.03,3,0.45,0.1,50,1.5,0.04,1,0.8487443238867981
6033,random,inv_degree,6087339,100,250,0.03,3,0.45,0.1,50,1.5,0.05,1,0.8169341828051405
6034,random,inv_degree,6088348,100,252,0.03,3,0.45,0.1,50,1.5,0.05,2,0.8121604655593596
6035,random,inv_degree,6089357,100,268,0.03,3,0.45,0.1,50,1.5,0.07,2,0.7437524271776423
6036,random,inv_degree,6090366,100,236,0.03,3,0.45,0.1,50,1.5,0.07,1,0.7870188409479436
6037,random,inv_degree,6091375,100,237,0.03,3,0.45,0.1,50,1.5,0.06,1,0.789759815221937
6038,random,inv_degree,6092384,100,262,0.03,3,0.45,0.1,50,1.5,0.05,1,0.8250506862125895
6039,random,inv_degree,6093393,100,245,0.03,3,0.45,0.1,50,1.5,0.04,1,0.8666174941884929
6040,random,inv_degree,6094402,100,242,0.03,3,0.45,0.1,50,1.5,0.07,1,0.7710191672520019
6041,random,inv_degree,6095411,100,249,0.03,3,0.45,0.1,50,1.5,0.03,0,0.8621413257537114
6042,random,inv_degree,6096420,100,237,0.03,3,0.45,0.1,50,1.5,0.07,2,0.7769081750808328
6043,random,inv_degree,6097429,100,223,0.03,3,0.45,0.1,50,1.5,0.08,5,0.7879015887489424
6044,random,inv_degree,6098438,100,252,0.03,3,0.45,0.1,50,1.5,0.07,2,0.7647258509158207
6045,random,inv_degree,6099447,100,272,0.03,3,0.45,0.1,50,1.5,0.05,1,0.8240671420289397
6046,random,inv_degree,6100456,100,242,0.03,3,0.45,0.1,50,1.5,0.06,1,0.8013891835956687
6047,random,inv_degree,6101465,100,258,0.03,3,0.45,0.1,50,1.5,0.09,2,0.7327147708503238
6048,random,inv_degree,6102474,100,239,0.03,3,0.45,0.1,50,1.5,0.04,1,0.8436246001830953
6049,random,inv_degree,6103483,100,253,0.03,3,0.45,0.1,50,1.5,0.05,1,0.7899714938012846
6050,random,inv_degree,6104492,100,235,0.03,3,0.45,0.1,50,1.5,0.04,1,0.8522139970883319
6051,random,inv_degree,6105501,100,255,0.03,3,0.45,0.1,50,1.5,0.06,1,0.7898123899200176
6052,random,inv_degree,6106510,100,234,0.03,3,0.45,0.1,50,1.5,0.08,2,0.7717702399997015
6053,random,inv_degree,6107519,100,271,0.03,3,0.45,0.1,50,1.5,0.05,1,0.8429042979018527
6054,random,inv_degree,6108528,100,255,0.03,3,0.45,0.1,50,1.5,0.07,2,0.7836703841364799
6055,random,inv_degree,6109537,100,264,0.03,3,0.45,0.1,50,1.5,0.03,0,0.8628133247233257
6056,random,inv_degree,6110546,100,252,0.03,3,0.45,0.1,50,1.5,0.04,1,0.8394920077432687
6057,random,inv_degree,6111555,100,246,0.03,3,0.45,0.1,50,1.5,0.03,0,0.8717403741319365
6058,random,inv_degree,6112564,100,235,0.03,3,0.45,0.1,50,1.5,0.06,1,0.7905136891732237
6059,random,inv_degree,6113573,100,246,0.03,3,0.45,0.1,50,1.5,0.06,1,0.7936198186109704
6060,random,inv_degree,6114582,100,247,0.03,3,0.45,0.1,50,1.5,0.06,1,0.8010545458421254
6061,random,inv_degree,6115591,100,260,0.03,3,0.45,0.1,50,1.5,0.06,2,0.802976556487406
6062,random,inv_degree,6116600,100,233,0.03,3,0.45,0.1,50,1.5,0.05,1,0.8281651640518882
6063,random,inv_degree,6117609,100,233,0.03,3,0.45,0.1,50,1.5,0.05,2,0.8263129572762391
6064,random,inv_degree,6118618,100,225,0.03,3,0.45,0.1,50,1.5,0.09,2,0.7664631756017695
6065,random,inv_degree,6119627,100,255,0.03,3,0.45,0.1,50,1.5,0.06,1,0.7936746083196673
6066,random,inv_degree,6120636,100,247,0.03,3,0.45,0.1,50,1.5,0.06,2,0.8027989131306651
6067,random,inv_degree,6121645,100,248,0.03,3,0.45,0.1,50,1.5,0.04,1,0.839386842496024
6068,random,inv_degree,6122654,100,237,0.03,3,0.45,0.1,50,1.5,0.09,3,0.7499622057897084
6069,random,inv_degree,6123663,100,250,0.03,3,0.45,0.1,50,1.5,0.03,0,0.8781218995110335
6070,random,inv_degree,6124672,100,258,0.03,3,0.45,0.1,50,1.5,0.03,0,0.85985736716148
6071,random,inv_degree,6125681,100,268,0.03,3,0.45,0.1,50,1.5,0.03,0,0.856826984949775
6072,random,inv_degree,6126690,100,232,0.03,3,0.45,0.1,50,1.5,0.04,1,0.8431935757459298
6073,random,inv_degree,6127699,100,231,0.03,3,0.45,0.1,50,1.5,0.09,3,0.7474476079603602
6074,random,inv_degree,6128708,100,256,0.03,3,0.45,0.1,50,1.5,0.03,0,0.8820140501268495
6075,random,inv_degree,6129717,100,227,0.03,3,0.45,0.1,50,1.5,0.04,1,0.8521642886050413
6076,random,inv_degree,6130726,100,235,0.03,3,0.45,0.1,50,1.5,0.04,1,0.863988477888124
6077,random,inv_degree,6131735,100,222,0.03,3,0.45,0.1,50,1.5,0.07,1,0.801335725998008
6078,random,inv_degree,6132744,100,250,0.03,3,0.45,0.1,50,1.5,0.05,1,0.8160602522432481
6079,random,inv_degree,6133753,100,237,0.03,3,0.45,0.1,50,1.5,0.04,1,0.86079886252882
6080,random,inv_degree,6134762,100,225,0.03,3,0.45,0.1,50,1.5,0.06,1,0.8217069372823566
6081,random,inv_degree,6135771,100,253,0.03,3,0.45,0.1,50,1.5,0.04,1,0.8511007487554026
6082,random,inv_degree,6136780,100,258,0.03,3,0.45,0.1,50,1.5,0.04,1,0.8562859448687767
6083,random,inv_degree,6137789,100,268,0.03,3,0.45,0.1,50,1.5,0.03,0,0.8573741359128396
6084,random,inv_degree,6138798,100,242,0.03,3,0.45,0.1,50,1.5,0.08,3,0.7857232147343451
6085,random,inv_degree,6139807,100,259,0.03,3,0.45,0.1,50,1.5,0.07,2,0.7693164794630777
6086,random,inv_degree,6140816,100,241,0.03,3,0.45,0.1,50,1.5,0.05,1,0.8260309441059098
6087,random,inv_degree,6141825,100,242,0.03,3,0.45,0.1,50,1.5,0.08,2,0.7629867244975544
6088,random,inv_degree,6142834,100,255,0.03,3,0.45,0.1,50,1.5,0.05,2,0.8200746106437604
6089,random,inv_degree,6143843,100,262,0.03,3,0.45,0.1,50,1.5,0.03,0,0.8882142251883055
6090,random,inv_degree,6144852,100,259,0.03,3,0.45,0.1,50,1.5,0.06,1,0.8067260715738642
6091,random,inv_degree,6145861,100,211,0.03,3,0.45,0.1,50,1.5,0.03,0,0.8995752894009285
6092,random,inv_degree,6146870,100,232,0.03,3,0.45,0.1,50,1.5,0.06,1,0.8067729645419052
6093,random,inv_degree,6147879,100,228,0.03,3,0.45,0.1,50,1.5,0.04,1,0.8568066225230642
6094,random,inv_degree,6148888,100,266,0.03,3,0.45,0.1,50,1.5,0.03,0,0.8539371266537751
6095,random,inv_degree,6149897,100,237,0.03,3,0.45,0.1,50,1.5,0.05,2,0.836201880893179
6096,random,inv_degree,6150906,100,247,0.03,3,0.45,0.1,50,1.5,0.06,1,0.786369999263304
6097,random,inv_degree,6151915,100,265,0.03,3,0.45,0.1,50,1.5,0.06,1,0.7828915788536249
6098,random,inv_degree,6152924,100,249,0.03,3,0.45,0.1,50,1.5,0.05,1,0.8077187649803504
6099,random,inv_degree,6153933,100,251,0.03,3,0.45,0.1,50,1.5,0.04,1,0.8499407992766265
6100,random,inv_degree,6154942,100,211,0.03,3,0.45,0.1,50,1.5,0.04,1,0.8823342132823321
6101,random,inv_degree,6155951,100,270,0.03,3,0.45,0.1,50,1.5,0.04,1,0.8413226252321041
6102,random,inv_degree,6156960,100,256,0.03,3,0.45,0.1,50,1.5,0.07,1,0.7573147178155604
6103,random,inv_degree,6157969,100,258,0.03,3,0.45,0.1,50,1.5,0.03,0,0.8692934278761453
6104,random,inv_degree,6158978,100,226,0.03,3,0.45,0.1,50,1.5,0.05,1,0.8487637260521987
6105,random,inv_degree,6159987,100,237,0.03,3,0.45,0.1,50,1.5,0.05,1,0.8402882307512032
6106,random,inv_degree,6160996,100,228,0.03,3,0.45,0.1,50,1.5,0.05,1,0.8382459257414352
6107,random,inv_degree,6162005,100,263,0.03,3,0.45,0.1,50,1.5,0.05,1,0.812670565623602
6108,random,inv_degree,6163014,100,259,0.03,3,0.45,0.1,50,1.5,0.06,2,0.7761058101171872
6109,random,inv_degree,6164023,100,229,0.03,3,0.45,0.1,50,1.5,0.04,1,0.8521173807298892
6110,random,inv_degree,6165032,100,240,0.03,3,0.45,0.1,50,1.5,0.11,2,0.6955088897132711
6111,random,inv_degree,6166041,100,232,0.03,3,0.45,0.1,50,1.5,0.03,0,0.8871084615991216
6112,random,inv_degree,6167050,100,227,0.03,3,0.45,0.1,50,1.5,0.05,2,0.8333421576745035
6113,random,inv_degree,6168059,100,245,0.03,3,0.45,0.1,50,1.5,0.08,2,0.761916994941977
6114,random,inv_degree,6169068,100,257,0.03,3,0.45,0.1,50,1.5,0.04,1,0.8314652402539076
6115,random,inv_degree,6170077,100,237,0.03,3,0.45,0.1,50,1.5,0.04,1,0.8764673836837167
6116,random,inv_degree,6171086,100,262,0.03,3,0.45,0.1,50,1.5,0.06,2,0.7759251894373426
6117,random,inv_degree,6172095,100,232,0.03,3,0.45,0.1,50,1.5,0.09,3,0.7371521553923955
6118,random,inv_degree,6173104,100,222,0.03,3,0.45,0.1,50,1.5,0.07,3,0.8097157434067754
6119,random,inv_degree,6174113,100,261,0.03,3,0.45,0.1,50,1.5,0.09,2,0.7281752150505143
6120,random,inv_degree,6175122,100,247,0.03,3,0.45,0.1,50,1.5,0.05,1,0.8366176825815579
6121,random,inv_degree,6176131,100,257,0.03,3,0.45,0.1,50,1.5,0.06,1,0.7892777714283784
6122,random,inv_degree,6177140,100,226,0.03,3,0.45,0.1,50,1.5,0.06,1,0.7831952504933538
6123,random,inv_degree,6178149,100,240,0.03,3,0.45,0.1,50,1.5,0.06,1,0.8102645377709168
6124,random,inv_degree,6179158,100,251,0.03,3,0.45,0.1,50,1.5,0.04,1,0.8418653521612448
6125,random,inv_degree,6180167,100,255,0.03,3,0.45,0.1,50,1.5,0.05,1,0.8106190101448351
6126,random,inv_degree,6181176,100,245,0.03,3,0.45,0.1,50,1.5,0.04,1,0.8423756480181367
6127,random,inv_degree,6182185,100,280,0.03,3,0.45,0.1,50,1.5,0.05,1,0.8044948383350305
6128,random,inv_degree,6183194,100,235,0.03,3,0.45,0.1,50,1.5,0.05,1,0.838067076544304
6129,random,inv_degree,6184203,100,255,0.03,3,0.45,0.1,50,1.5,0.08,2,0.7534929950869028
6130,random,inv_degree,6185212,100,245,0.03,3,0.45,0.1,50,1.5,0.11,6,0.647159884049018
6131,random,inv_degree,6186221,100,245,0.03,3,0.45,0.1,50,1.5,0.06,1,0.802267825699873
6132,random,inv_degree,6187230,100,264,0.03,3,0.45,0.1,50,1.5,0.03,0,0.859975390861995
6133,random,inv_degree,6188239,100,253,0.03,3,0.45,0.1,50,1.5,0.05,1,0.8240356809139626
6134,random,inv_degree,6189248,100,240,0.03,3,0.45,0.1,50,1.5,0.08,2,0.7701525913024678
6135,random,inv_degree,6190257,100,259,0.03,3,0.45,0.1,50,1.5,0.05,2,0.8297852604398797
6136,random,inv_degree,6191266,100,225,0.03,3,0.45,0.1,50,1.5,0.04,1,0.8669127170717557
6137,random,inv_degree,6192275,100,282,0.03,3,0.45,0.1,50,1.5,0.04,1,0.8246737792585438
6138,random,inv_degree,6193284,100,240,0.03,3,0.45,0.1,50,1.5,0.05,1,0.8115715168060152
6139,random,inv_degree,6194293,100,267,0.03,3,0.45,0.1,50,1.5,0.06,1,0.7915449425323949
6140,random,inv_degree,6195302,100,261,0.03,3,0.45,0.1,50,1.5,0.05,1,0.8046865001209631
6141,random,inv_degree,6196311,100,251,0.03,3,0.45,0.1,50,1.5,0.06,1,0.7963515978435345
6142,random,inv_degree,6197320,100,260,0.03,3,0.45,0.1,50,1.5,0.04,1,0.8484977747005386
6143,random,inv_degree,6198329,100,239,0.03,3,0.45,0.1,50,1.5,0.04,1,0.8462246072714084
6144,random,inv_degree,6199338,100,224,0.03,3,0.45,0.1,50,1.5,0.05,1,0.8390210557859937
6145,random,inv_degree,6200347,100,258,0.03,3,0.45,0.1,50,1.5,0.05,1,0.8092932969502711
6146,random,inv_degree,6201356,100,237,0.03,3,0.45,0.1,50,1.5,0.05,1,0.8325592023714575
6147,random,inv_degree,6202365,100,246,0.03,3,0.45,0.1,50,1.5,0.03,0,0.8790625271538924
6148,random,inv_degree,6203374,100,245,0.03,3,0.45,0.1,50,1.5,0.05,1,0.8226398736396763
6149,random,inv_degree,6204383,100,249,0.03,3,0.45,0.1,50,1.5,0.04,1,0.8389270985717787
6150,random,inv_degree,6205392,100,235,0.03,3,0.45,0.1,50,1.5,0.04,1,0.8569240674787905
6151,random,inv_degree,6206401,100,256,0.03,3,0.45,0.1,50,1.5,0.04,1,0.8380739966830989
6152,random,inv_degree,6207410,100,244,0.03,3,0.45,0.1,50,1.5,0.07,2,0.786463730473197
6153,random,inv_degree,6208419,100,246,0.03,3,0.45,0.1,50,1.5,0.05,2,0.8199231729893065
6154,random,inv_degree,6209428,100,245,0.03,3,0.45,0.1,50,1.5,0.05,2,0.8336274401201306
6155,random,inv_degree,6210437,100,240,0.03,3,0.45,0.1,50,1.5,0.04,1,0.8602830162269044
6156,random,inv_degree,6211446,100,230,0.03,3,0.45,0.1,50,1.5,0.06,2,0.802647132053105
6157,random,inv_degree,6212455,100,266,0.03,3,0.45,0.1,50,1.5,0.04,1,0.8417461921886633
6158,random,inv_degree,6213464,100,235,0.03,3,0.45,0.1,50,1.5,0.03,0,0.8767730232133375
6159,random,inv_degree,6214473,100,262,0.03,3,0.45,0.1,50,1.5,0.04,1,0.8444667020930343
6160,random,inv_degree,6215482,100,260,0.03,3,0.45,0.1,50,1.5,0.03,0,0.8653117837939946
6161,random,inv_degree,6216491,100,267,0.03,3,0.45,0.1,50,1.5,0.03,0,0.8402854691855904
6162,random,inv_degree,6217500,100,259,0.03,3,0.45,0.1,50,1.5,0.05,1,0.8023030717915106
6163,random,inv_degree,6218509,100,239,0.03,3,0.45,0.1,50,1.5,0.14,4,0.6058359493310741
6164,random,inv_degree,6219518,100,239,0.03,3,0.45,0.1,50,1.5,0.07,2,0.7712585610355867
6165,random,inv_degree,6220527,100,250,0.03,3,0.45,0.1,50,1.5,0.05,1,0.8284640331740684
6166,random,inv_degree,6221536,100,241,0.03,3,0.45,0.1,50,1.5,0.07,2,0.7754035629691767
6167,random,inv_degree,6222545,100,242,0.03,3,0.45,0.1,50,1.5,0.04,1,0.8507416735620503
6168,random,inv_degree,6223554,100,234,0.03,3,0.45,0.1,50,1.5,0.07,1,0.7740836467187556
6169,random,inv_degree,6224563,100,257,0.03,3,0.45,0.1,50,1.5,0.04,1,0.8209930111078925
6170,random,inv_degree,6225572,100,236,0.03,3,0.45,0.1,50,1.5,0.04,1,0.8652141034713549
6171,random,inv_degree,6226581,100,262,0.03,3,0.45,0.1,50,1.5,0.04,1,0.8501771027379355
6172,random,inv_degree,6227590,100,263,0.03,3,0.45,0.1,50,1.5,0.04,1,0.8510485318277538
6173,random,inv_degree,6228599,100,236,0.03,3,0.45,0.1,50,1.5,0.04,1,0.8523689618480413
6174,random,inv_degree,6229608,100,267,0.03,3,0.45,0.1,50,1.5,0.05,1,0.7904636713077319
6175,random,inv_degree,6230617,100,241,0.03,3,0.45,0.1,50,1.5,0.17,6,0.5523699098452421
6176,random,inv_degree,6231626,100,270,0.03,3,0.45,0.1,50,1.5,0.05,2,0.8079675113134954
6177,random,inv_degree,6232635,100,251,0.03,3,0.45,0.1,50,1.5,0.05,1,0.8314040535404547
6178,random,inv_degree,6233644,100,248,0.03,3,0.45,0.1,50,1.5,0.04,1,0.8669247873066789
6179,random,inv_degree,6234653,100,252,0.03,3,0.45,0.1,50,1.5,0.05,2,0.8259797021279048
6180,random,inv_degree,6235662,100,227,0.03,3,0.45,0.1,50,1.5,0.05,1,0.8509626288448982
6181,random,inv_degree,6236671,100,257,0.03,3,0.45,0.1,50,1.5,0.04,1,0.8662370455100841
6182,random,inv_degree,6237680,100,242,0.03,3,0.45,0.1,50,1.5,0.03,0,0.8828800801017521
6183,random,inv_degree,6238689,100,253,0.03,3,0.45,0.1,50,1.5,0.03,0,0.8735424019947172
6184,random,inv_degree,6239698,100,245,0.03,3,0.45,0.1,50,1.5,0.04,1,0.8522985855471216
6185,random,inv_degree,6240707,100,262,0.03,3,0.45,0.1,50,1.5,0.05,1,0.8041564505389504
6186,random,inv_degree,6241716,100,232,0.03,3,0.45,0.1,50,1.5,0.07,1,0.8010331634041138
6187,random,inv_degree,6242725,100,255,0.03,3,0.45,0.1,50,1.5,0.05,1,0.8102616852255156
6188,random,inv_degree,6243734,100,226,0.03,3,0.45,0.1,50,1.5,0.09,2,0.7589478481995502
6189,random,inv_degree,6244743,100,246,0.03,3,0.45,0.1,50,1.5,0.03,0,0.8807687135537648
6190,random,inv_degree,6245752,100,254,0.03,3,0.45,0.1,50,1.5,0.04,1,0.8407976343004624
6191,random,inv_degree,6246761,100,232,0.03,3,0.45,0.1,50,1.5,0.06,2,0.8109017019187332
6192,random,inv_degree,6247770,100,231,0.03,3,0.45,0.1,50,1.5,0.06,3,0.8159141739754857
6193,random,inv_degree,6248779,100,237,0.03,3,0.45,0.1,50,1.5,0.04,1,0.8495082577053785
6194,random,inv_degree,6249788,100,242,0.03,3,0.45,0.1,50,1.5,0.03,0,0.8753305734169852
6195,random,inv_degree,6250797,100,238,0.03,3,0.45,0.1,50,1.5,0.05,1,0.8372372396551365
6196,random,inv_degree,6251806,100,265,0.03,3,0.45,0.1,50,1.5,0.06,2,0.8013848012072271
6197,random,inv_degree,6252815,100,253,0.03,3,0.45,0.1,50,1.5,0.04,1,0.863056089008393
6198,random,inv_degree,6253824,100,267,0.03,3,0.45,0.1,50,1.5,0.03,0,0.8657400726608746
6199,random,inv_degree,6254833,100,241,0.03,3,0.45,0.1,50,1.5,0.07,1,0.7662521784750596
6200,random,inv_degree,6255842,100,258,0.03,3,0.45,0.1,50,1.5,0.03,0,0.8650480089200997
6201,random,inv_degree,6256851,100,260,0.03,3,0.45,0.1,50,1.5,0.04,1,0.8411857091970142
6202,random,inv_degree,6257860,100,255,0.03,3,0.45,0.1,50,1.5,0.04,1,0.8179080235249038
6203,random,inv_degree,6258869,100,251,0.03,3,0.45,0.1,50,1.5,0.03,0,0.8886439295405726
6204,random,inv_degree,6259878,100,259,0.03,3,0.45,0.1,50,1.5,0.04,1,0.8375225835924586
6205,random,inv_degree,6260887,100,262,0.03,3,0.45,0.1,50,1.5,0.04,1,0.8269840201290782
6206,random,inv_degree,6261896,100,254,0.03,3,0.45,0.1,50,1.5,0.06,3,0.8107263438294381
6207,random,inv_degree,6262905,100,238,0.03,3,0.45,0.1,50,1.5,0.05,1,0.828880636991622
6208,random,inv_degree,6263914,100,273,0.03,3,0.45,0.1,50,1.5,0.04,1,0.8375258776578387
6209,random,inv_degree,6264923,100,251,0.03,3,0.45,0.1,50,1.5,0.03,0,0.8576664272758777
6210,random,inv_degree,6265932,100,252,0.03,3,0.45,0.1,50,1.5,0.06,2,0.813902621285813
6211,random,inv_degree,6266941,100,229,0.03,3,0.45,0.1,50,1.5,0.03,0,0.8807684432137084
6212,random,inv_degree,6267950,100,253,0.03,3,0.45,0.1,50,1.5,0.05,1,0.822827276363781
6213,random,inv_degree,6268959,100,264,0.03,3,0.45,0.1,50,1.5,0.11,4,0.65435128725518
6214,random,inv_degree,6269968,100,233,0.03,3,0.45,0.1,50,1.5,0.05,1,0.8409796383689974
6215,random,inv_degree,6270977,100,249,0.03,3,0.45,0.1,50,1.5,0.06,1,0.8070862339037652
6216,random,inv_degree,6271986,100,253,0.03,3,0.45,0.1,50,1.5,0.04,1,0.8382010677104155
6217,random,inv_degree,6272995,100,254,0.03,3,0.45,0.1,50,1.5,0.05,1,0.8172553990888833
6218,random,inv_degree,6274004,100,240,0.03,3,0.45,0.1,50,1.5,0.05,2,0.8450513177801183
6219,random,inv_degree,6275013,100,239,0.03,3,0.45,0.1,50,1.5,0.08,1,0.7498110919338338
6220,random,inv_degree,6276022,100,258,0.03,3,0.45,0.1,50,1.5,0.05,1,0.8337054586093303
6221,random,inv_degree,6277031,100,258,0.03,3,0.45,0.1,50,1.5,0.04,1,0.8331288100785201
6222,random,inv_degree,6278040,100,251,0.03,3,0.45,0.1,50,1.5,0.05,1,0.8136685968136148
6223,random,inv_degree,6279049,100,263,0.03,3,0.45,0.1,50,1.5,0.06,2,0.7773074624177448
6224,random,inv_degree,6280058,100,247,0.03,3,0.45,0.1,50,1.5,0.06,1,0.7870465054952385
6225,random,inv_degree,6281067,100,235,0.03,3,0.45,0.1,50,1.5,0.06,1,0.8287756904182404
6226,random,inv_degree,6282076,100,257,0.03,3,0.45,0.1,50,1.5,0.05,1,0.8094131580602703
6227,random,inv_degree,6283085,100,277,0.03,3,0.45,0.1,50,1.5,0.04,1,0.8190424922124302
6228,random,inv_degree,6284094,100,225,0.03,3,0.45,0.1,50,1.5,0.04,1,0.865100266365087
6229,random,inv_degree,6285103,100,267,0.03,3,0.45,0.1,50,1.5,0.04,1,0.8408650466145109
6230,random,inv_degree,6286112,100,252,0.03,3,0.45,0.1,50,1.5,0.05,2,0.816359597908407
6231,random,inv_degree,6287121,100,266,0.03,3,0.45,0.1,50,1.5,0.03,0,0.8662476688822889
6232,random,inv_degree,6288130,100,236,0.03,3,0.45,0.1,50,1.5,0.07,2,0.7930511153788549
6233,random,inv_degree,6289139,100,228,0.03,3,0.45,0.1,50,1.5,0.06,2,0.799283536001423
6234,random,inv_degree,6290148,100,238,0.03,3,0.45,0.1,50,1.5,0.09,3,0.7480897548870699
6235,random,inv_degree,6291157,100,252,0.03,3,0.45,0.1,50,1.5,0.04,1,0.8377027296695526
6236,random,inv_degree,6292166,100,245,0.03,3,0.45,0.1,50,1.5,0.04,1,0.8382171827315335
6237,random,inv_degree,6293175,100,236,0.03,3,0.45,0.1,50,1.5,0.06,2,0.8065834799337839
6238,random,inv_degree,6294184,100,220,0.03,3,0.45,0.1,50,1.5,0.07,1,0.7917916681284995
6239,random,inv_degree,6295193,100,264,0.03,3,0.45,0.1,50,1.5,0.07,2,0.7796046072925814
6240,random,inv_degree,6296202,100,253,0.03,3,0.45,0.1,50,1.5,0.04,1,0.8561024322833788
6241,random,inv_degree,6297211,100,260,0.03,3,0.45,0.1,50,1.5,0.03,0,0.8612031886185354
6242,random,inv_degree,6298220,100,241,0.03,3,0.45,0.1,50,1.5,0.07,1,0.7707689981469027
6243,random,inv_degree,6299229,100,266,0.03,3,0.45,0.1,50,1.5,0.06,1,0.7948996959416426
6244,random,inv_degree,6300238,100,233,0.03,3,0.45,0.1,50,1.5,0.07,2,0.780575415773813
6245,random,inv_degree,6301247,100,250,0.03,3,0.45,0.1,50,1.5,0.08,3,0.7410735369326734
6246,random,inv_degree,6302256,100,272,0.03,3,0.45,0.1,50,1.5,0.04,1,0.8482974717724144
6247,random,inv_degree,6303265,100,241,0.03,3,0.45,0.1,50,1.5,0.09,1,0.7338093966515749
6248,random,inv_degree,6304274,100,247,0.03,3,0.45,0.1,50,1.5,0.04,1,0.8473615595113785
6249,random,inv_degree,6305283,100,233,0.03,3,0.45,0.1,50,1.5,0.06,2,0.8213105455353195
6250,random,inv_degree,6306292,100,266,0.03,3,0.45,0.1,50,1.5,0.06,1,0.7824274433151213
6251,random,inv_degree,6307301,100,239,0.03,3,0.45,0.1,50,1.5,0.04,1,0.855535973816849
6252,random,inv_degree,6308310,100,218,0.03,3,0.45,0.1,50,1.5,0.08,2,0.7848778184704063
6253,random,inv_degree,6309319,100,220,0.03,3,0.45,0.1,50,1.5,0.07,2,0.7841501848705833
6254,random,inv_degree,6310328,100,242,0.03,3,0.45,0.1,50,1.5,0.1,2,0.6968039809640115
6255,random,inv_degree,6311337,100,215,0.03,3,0.45,0.1,50,1.5,0.09,1,0.7406071350655086
6256,random,inv_degree,6312346,100,221,0.03,3,0.45,0.1,50,1.5,0.12,5,0.6986981547576461
6257,random,inv_degree,6313355,100,260,0.03,3,0.45,0.1,50,1.5,0.03,0,0.8709716216373479
6258,random,inv_degree,6314364,100,258,0.03,3,0.45,0.1,50,1.5,0.06,2,0.7869200276712561
6259,random,inv_degree,6315373,100,266,0.03,3,0.45,0.1,50,1.5,0.06,1,0.7851606437598163
6260,random,inv_degree,6316382,100,237,0.03,3,0.45,0.1,50,1.5,0.08,1,0.7850340149143684
6261,random,inv_degree,6317391,100,253,0.03,3,0.45,0.1,50,1.5,0.08,2,0.7515450566474097
6262,random,inv_degree,6318400,100,264,0.03,3,0.45,0.1,50,1.5,0.04,1,0.8405513577203633
6263,random,inv_degree,6319409,100,242,0.03,3,0.45,0.1,50,1.5,0.07,2,0.7687630482031615
6264,random,inv_degree,6320418,100,231,0.03,3,0.45,0.1,50,1.5,0.05,2,0.8363329411483776
6265,random,inv_degree,6321427,100,235,0.03,3,0.45,0.1,50,1.5,0.05,2,0.8072196510185571
6266,random,inv_degree,6322436,100,254,0.03,3,0.45,0.1,50,1.5,0.06,1,0.8074507157447217
6267,random,inv_degree,6323445,100,235,0.03,3,0.45,0.1,50,1.5,0.09,2,0.744088626239202
6268,random,inv_degree,6324454,100,259,0.03,3,0.45,0.1,50,1.5,0.03,0,0.8811715912863981
6269,random,inv_degree,6325463,100,267,0.03,3,0.45,0.1,50,1.5,0.04,1,0.8431622469449427
6270,random,inv_degree,6326472,100,257,0.03,3,0.45,0.1,50,1.5,0.05,1,0.8109511262886026
6271,random,inv_degree,6327481,100,249,0.03,3,0.45,0.1,50,1.5,0.09,1,0.7416624754526547
6272,random,inv_degree,6328490,100,254,0.03,3,0.45,0.1,50,1.5,0.06,1,0.8083508935584794
6273,random,inv_degree,6329499,100,252,0.03,3,0.45,0.1,50,1.5,0.04,1,0.8349803065014226
6274,random,inv_degree,6330508,100,238,0.03,3,0.45,0.1,50,1.5,0.17,3,0.5816233472515896
6275,random,inv_degree,6331517,100,251,0.03,3,0.45,0.1,50,1.5,0.07,1,0.7765024820777278
6276,random,inv_degree,6332526,100,249,0.03,3,0.45,0.1,50,1.5,0.07,3,0.754993999023013
6277,random,inv_degree,6333535,100,275,0.03,3,0.45,0.1,50,1.5,0.04,1,0.8264979597819462
6278,random,inv_degree,6334544,100,247,0.03,3,0.45,0.1,50,1.5,0.04,1,0.8350044208301302
6279,random,inv_degree,6335553,100,233,0.03,3,0.45,0.1,50,1.5,0.06,1,0.8020434674172995
6280,random,inv_degree,6336562,100,241,0.03,3,0.45,0.1,50,1.5,0.03,0,0.8694182816952815
6281,random,inv_degree,6337571,100,240,0.03,3,0.45,0.1,50,1.5,0.05,1,0.8258749332446639
6282,random,inv_degree,6338580,100,256,0.03,3,0.45,0.1,50,1.5,0.04,1,0.8462891151875707
6283,random,inv_degree,6339589,100,250,0.03,3,0.45,0.1,50,1.5,0.03,0,0.8729557638060255
6284,random,inv_degree,6340598,100,253,0.03,3,0.45,0.1,50,1.5,0.08,2,0.7516617505379269
6285,random,inv_degree,6341607,100,255,0.03,3,0.45,0.1,50,1.5,0.06,2,0.7822977394153936
6286,random,inv_degree,6342616,100,235,0.03,3,0.45,0.1,50,1.5,0.05,1,0.8216078976350424
6287,random,inv_degree,6343625,100,226,0.03,3,0.45,0.1,50,1.5,0.03,0,0.8889689672700606
6288,random,inv_degree,6344634,100,258,0.03,3,0.45,0.1,50,1.5,0.05,1,0.8075598962821009
6289,random,inv_degree,6345643,100,248,0.03,3,0.45,0.1,50,1.5,0.06,1,0.7981429920055271
6290,random,inv_degree,6346652,100,222,0.03,3,0.45,0.1,50,1.5,0.09,3,0.7542247071082473
6291,random,inv_degree,6347661,100,277,0.03,3,0.45,0.1,50,1.5,0.04,1,0.8042187588762831
6292,random,inv_degree,6348670,100,241,0.03,3,0.45,0.1,50,1.5,0.04,1,0.8597983349366969
6293,random,inv_degree,6349679,100,217,0.03,3,0.45,0.1,50,1.5,0.04,1,0.8480940349915341
6294,random,inv_degree,6350688,100,247,0.03,3,0.45,0.1,50,1.5,0.05,2,0.837018293181512
6295,random,inv_degree,6351697,100,248,0.03,3,0.45,0.1,50,1.5,0.04,1,0.8368684699085909
6296,random,inv_degree,6352706,100,248,0.03,3,0.45,0.1,50,1.5,0.05,1,0.8067554338996535
6297,random,inv_degree,6353715,100,242,0.03,3,0.45,0.1,50,1.5,0.06,1,0.8024822630039207
6298,random,inv_degree,6354724,100,264,0.03,3,0.45,0.1,50,1.5,0.06,1,0.7820835834390475
6299,random,inv_degree,6355733,100,272,0.03,3,0.45,0.1,50,1.5,0.05,1,0.8007584451647242
6300,random,inv_degree,6356742,100,232,0.03,3,0.45,0.1,50,1.5,0.09,2,0.7512845986428068
6301,random,inv_degree,6357751,100,239,0.03,3,0.45,0.1,50,1.5,0.07,1,0.7849717018813875
6302,random,inv_degree,6358760,100,261,0.03,3,0.45,0.1,50,1.5,0.06,2,0.7891399058195395
6303,random,inv_degree,6359769,100,224,0.03,3,0.45,0.1,50,1.5,0.06,1,0.8167096689293133
6304,random,inv_degree,6360778,100,251,0.03,3,0.45,0.1,50,1.5,0.06,2,0.8135811240957265
6305,random,inv_degree,6361787,100,255,0.03,3,0.45,0.1,50,1.5,0.03,0,0.8796607100910638
6306,random,inv_degree,6362796,100,257,0.03,3,0.45,0.1,50,1.5,0.03,0,0.8782099940744772
6307,random,inv_degree,6363805,100,230,0.03,3,0.45,0.1,50,1.5,0.04,1,0.8391446340231724
6308,random,inv_degree,6364814,100,270,0.03,3,0.45,0.1,50,1.5,0.08,3,0.7258060964369569
6309,random,inv_degree,6365823,100,289,0.03,3,0.45,0.1,50,1.5,0.05,1,0.791060900340191
6310,random,inv_degree,6366832,100,237,0.03,3,0.45,0.1,50,1.5,0.07,1,0.7831147784280029
6311,random,inv_degree,6367841,100,235,0.03,3,0.45,0.1,50,1.5,0.05,1,0.835591886297466
6312,random,inv_degree,6368850,100,276,0.03,3,0.45,0.1,50,1.5,0.05,1,0.7960419563964578
6313,random,inv_degree,6369859,100,254,0.03,3,0.45,0.1,50,1.5,0.05,1,0.8257486089100194
6314,random,inv_degree,6370868,100,244,0.03,3,0.45,0.1,50,1.5,0.08,1,0.7703327072576305
6315,random,inv_degree,6371877,100,236,0.03,3,0.45,0.1,50,1.5,0.07,2,0.7857174306234022
6316,random,inv_degree,6372886,100,238,0.03,3,0.45,0.1,50,1.5,0.08,2,0.7788819113174457
6317,random,inv_degree,6373895,100,255,0.03,3,0.45,0.1,50,1.5,0.05,1,0.8351762752781915
6318,random,inv_degree,6374904,100,259,0.03,3,0.45,0.1,50,1.5,0.04,1,0.8276352039164201
6319,random,inv_degree,6375913,100,242,0.03,3,0.45,0.1,50,1.5,0.04,1,0.8652392668781124
6320,random,inv_degree,6376922,100,259,0.03,3,0.45,0.1,50,1.5,0.04,1,0.8489000830822133
6321,random,inv_degree,6377931,100,249,0.03,3,0.45,0.1,50,1.5,0.05,1,0.8159331791664076
6322,random,inv_degree,6378940,100,243,0.03,3,0.45,0.1,50,1.5,0.06,2,0.7996306883207153
6323,random,inv_degree,6379949,100,250,0.03,3,0.45,0.1,50,1.5,0.09,2,0.7290584745416762
6324,random,inv_degree,6380958,100,244,0.03,3,0.45,0.1,50,1.5,0.05,1,0.7988922076063075
6325,random,inv_degree,6381967,100,262,0.03,3,0.45,0.1,50,1.5,0.03,0,0.8720033968515856
6326,random,inv_degree,6382976,100,252,0.03,3,0.45,0.1,50,1.5,0.03,0,0.868836141678142
6327,random,inv_degree,6383985,100,257,0.03,3,0.45,0.1,50,1.5,0.09,2,0.717088751749994
6328,random,inv_degree,6384994,100,217,0.03,3,0.45,0.1,50,1.5,0.07,2,0.8100315953710961
6329,random,inv_degree,6386003,100,224,0.03,3,0.45,0.1,50,1.5,0.06,2,0.8079568026513562
6330,random,inv_degree,6387012,100,246,0.03,3,0.45,0.1,50,1.5,0.07,3,0.7611271720988709
6331,random,inv_degree,6388021,100,273,0.03,3,0.45,0.1,50,1.5,0.1,2,0.7074602255736561
6332,random,inv_degree,6389030,100,268,0.03,3,0.45,0.1,50,1.5,0.04,1,0.8314692475583121
6333,random,inv_degree,6390039,100,244,0.03,3,0.45,0.1,50,1.5,0.06,2,0.7774527695456344
6334,random,inv_degree,6391048,100,236,0.03,3,0.45,0.1,50,1.5,0.07,2,0.7934004089273207
6335,random,inv_degree,6392057,100,255,0.03,3,0.45,0.1,50,1.5,0.06,1,0.7660626095605708
6336,random,inv_degree,6393066,100,252,0.03,3,0.45,0.1,50,1.5,0.06,1,0.8019839659773852
6337,random,inv_degree,6394075,100,275,0.03,3,0.45,0.1,50,1.5,0.04,1,0.8294454625355038
6338,random,inv_degree,6395084,100,248,0.03,3,0.45,0.1,50,1.5,0.05,1,0.840179015611351
6339,random,inv_degree,6396093,100,244,0.03,3,0.45,0.1,50,1.5,0.06,2,0.7925300189987102
6340,random,inv_degree,6397102,100,238,0.03,3,0.45,0.1,50,1.5,0.06,1,0.8122906556236384
6341,random,inv_degree,6398111,100,232,0.03,3,0.45,0.1,50,1.5,0.04,1,0.8659111127717274
6342,random,inv_degree,6399120,100,250,0.03,3,0.45,0.1,50,1.5,0.04,1,0.8427692475899787
6343,random,inv_degree,6400129,100,253,0.03,3,0.45,0.1,50,1.5,0.1,4,0.7150467212929812
6344,random,inv_degree,6401138,100,225,0.03,3,0.45,0.1,50,1.5,0.1,5,0.7319026859963945
6345,random,inv_degree,6402147,100,259,0.03,3,0.45,0.1,50,1.5,0.05,2,0.8210355733041497
6346,random,inv_degree,6403156,100,228,0.03,3,0.45,0.1,50,1.5,0.03,0,0.8776002683160558
6347,random,inv_degree,6404165,100,264,0.03,3,0.45,0.1,50,1.5,0.05,1,0.8217287238857277
6348,random,inv_degree,6405174,100,265,0.03,3,0.45,0.1,50,1.5,0.05,1,0.8193659932287282
6349,random,inv_degree,6406183,100,233,0.03,3,0.45,0.1,50,1.5,0.05,1,0.8421979573151585
6350,random,inv_degree,6407192,100,267,0.03,3,0.45,0.1,50,1.5,0.05,1,0.8058887541967348
6351,random,inv_degree,6408201,100,226,0.03,3,0.45,0.1,50,1.5,0.08,2,0.7637120817454108
6352,random,inv_degree,6409210,100,253,0.03,3,0.45,0.1,50,1.5,0.05,1,0.8243781076739666
6353,random,inv_degree,6410219,100,223,0.03,3,0.45,0.1,50,1.5,0.08,2,0.779130410727311
6354,random,inv_degree,6411228,100,242,0.03,3,0.45,0.1,50,1.5,0.05,1,0.8233929941628473
6355,random,inv_degree,6412237,100,236,0.03,3,0.45,0.1,50,1.5,0.08,2,0.7631679939458738
6356,random,inv_degree,6413246,100,249,0.03,3,0.45,0.1,50,1.5,0.04,1,0.8578887097740603
6357,random,inv_degree,6414255,100,256,0.03,3,0.45,0.1,50,1.5,0.05,1,0.8202097832857951
6358,random,inv_degree,6415264,100,270,0.03,3,0.45,0.1,50,1.5,0.04,1,0.8460348776407622
6359,random,inv_degree,6416273,100,252,0.03,3,0.45,0.1,50,1.5,0.04,1,0.8386216974756698
6360,random,inv_degree,6417282,100,271,0.03,3,0.45,0.1,50,1.5,0.04,1,0.8422505923222539
6361,random,inv_degree,6418291,100,236,0.03,3,0.45,0.1,50,1.5,0.04,1,0.8642426547668961
6362,random,inv_degree,6419300,100,272,0.03,3,0.45,0.1,50,1.5,0.04,1,0.8275833502169925
6363,random,inv_degree,6420309,100,241,0.03,3,0.45,0.1,50,1.5,0.03,0,0.8846215333296911
6364,random,inv_degree,6421318,100,275,0.03,3,0.45,0.1,50,1.5,0.03,0,0.8671444564561708
6365,random,inv_degree,6422327,100,247,0.03,3,0.45,0.1,50,1.5,0.05,1,0.8255781975006588
6366,random,inv_degree,6423336,100,264,0.03,3,0.45,0.1,50,1.5,0.09,2,0.6965062727203548
6367,random,inv_degree,6424345,100,229,0.03,3,0.45,0.1,50,1.5,0.04,1,0.8634171592635728
6368,random,inv_degree,6425354,100,244,0.03,3,0.45,0.1,50,1.5,0.03,0,0.8692225299595393
6369,random,inv_degree,6426363,100,255,0.03,3,0.45,0.1,50,1.5,0.04,1,0.8344870071736351
6370,random,inv_degree,6427372,100,262,0.03,3,0.45,0.1,50,1.5,0.03,0,0.868441602227421
6371,random,inv_degree,6428381,100,243,0.03,3,0.45,0.1,50,1.5,0.05,1,0.8255437585608407
6372,random,inv_degree,6429390,100,248,0.03,3,0.45,0.1,50,1.5,0.06,2,0.7919936274404509
6373,random,inv_degree,6430399,100,248,0.03,3,0.45,0.1,50,1.5,0.05,1,0.8304081407126775
6374,random,inv_degree,6431408,100,225,0.03,3,0.45,0.1,50,1.5,0.04,1,0.865284784452081
6375,random,inv_degree,6432417,100,278,0.03,3,0.45,0.1,50,1.5,0.05,1,0.7986230784226649
6376,random,inv_degree,6433426,100,215,0.03,3,0.45,0.1,50,1.5,0.08,4,0.7741199480406401
6377,random,inv_degree,6434435,100,236,0.03,3,0.45,0.1,50,1.5,0.07,2,0.7562366458585883
6378,random,inv_degree,6435444,100,254,0.03,3,0.45,0.1,50,1.5,0.04,1,0.8423415797299377
6379,random,inv_degree,6436453,100,234,0.03,3,0.45,0.1,50,1.5,0.07,2,0.7880506983126245
6380,random,inv_degree,6437462,100,203,0.03,3,0.45,0.1,50,1.5,0.09,2,0.78980529365381
6381,random,inv_degree,6438471,100,229,0.03,3,0.45,0.1,50,1.5,0.07,1,0.7805454588810267
6382,random,inv_degree,6439480,100,246,0.03,3,0.45,0.1,50,1.5,0.06,2,0.7932374894980307
6383,random,inv_degree,6440489,100,269,0.03,3,0.45,0.1,50,1.5,0.03,0,0.8662893319480248
6384,random,inv_degree,6441498,100,260,0.03,3,0.45,0.1,50,1.5,0.07,3,0.7684938185203195
6385,random,inv_degree,6442507,100,244,0.03,3,0.45,0.1,50,1.5,0.05,1,0.8295420514886017
6386,random,inv_degree,6443516,100,258,0.03,3,0.45,0.1,50,1.5,0.06,1,0.7858042152902069
6387,random,inv_degree,6444525,100,238,0.03,3,0.45,0.1,50,1.5,0.03,0,0.8949189741103731
6388,random,inv_degree,6445534,100,256,0.03,3,0.45,0.1,50,1.5,0.06,2,0.7911431660349066
6389,random,inv_degree,6446543,100,270,0.03,3,0.45,0.1,50,1.5,0.04,1,0.8642245191600204
6390,random,inv_degree,6447552,100,248,0.03,3,0.45,0.1,50,1.5,0.06,1,0.8073515645673298
6391,random,inv_degree,6448561,100,237,0.03,3,0.45,0.1,50,1.5,0.07,2,0.7880412464802927
6392,random,inv_degree,6449570,100,251,0.03,3,0.45,0.1,50,1.5,0.07,2,0.7768459165914021
6393,random,inv_degree,6450579,100,250,0.03,3,0.45,0.1,50,1.5,0.06,1,0.7943513063274728
6394,random,inv_degree,6451588,100,235,0.03,3,0.45,0.1,50,1.5,0.04,1,0.8652965416944516
6395,random,inv_degree,6452597,100,241,0.03,3,0.45,0.1,50,1.5,0.09,1,0.7308501132334159
6396,random,inv_degree,6453606,100,244,0.03,3,0.45,0.1,50,1.5,0.06,1,0.8011889820312094
6397,random,inv_degree,6454615,100,263,0.03,3,0.45,0.1,50,1.5,0.04,1,0.847360313405989
6398,random,inv_degree,6455624,100,279,0.03,3,0.45,0.1,50,1.5,0.07,2,0.7571209524589572
6399,random,inv_degree,6456633,100,240,0.03,3,0.45,0.1,50,1.5,0.04,1,0.8609923056937206
6400,random,inv_degree,6457642,100,268,0.03,3,0.45,0.1,50,1.5,0.06,1,0.7749516171634833
6401,random,inv_degree,6458651,100,245,0.03,3,0.45,0.1,50,1.5,0.05,1,0.8221386367494763
6402,random,inv_degree,6459660,100,270,0.03,3,0.45,0.1,50,1.5,0.03,0,0.8574088411355238
6403,random,inv_degree,6460669,100,270,0.03,3,0.45,0.1,50,1.5,0.05,1,0.8038221194605729
6404,random,inv_degree,6461678,100,235,0.03,3,0.45,0.1,50,1.5,0.04,1,0.8602449481877981
6405,random,inv_degree,6462687,100,266,0.03,3,0.45,0.1,50,1.5,0.06,1,0.7769606172874982
6406,random,inv_degree,6463696,100,245,0.03,3,0.45,0.1,50,1.5,0.07,1,0.7728960642374298
6407,random,inv_degree,6464705,100,245,0.03,3,0.45,0.1,50,1.5,0.05,1,0.8358529907403269
6408,random,inv_degree,6465714,100,227,0.03,3,0.45,0.1,50,1.5,0.04,1,0.8527448891459698
6409,random,inv_degree,6466723,100,267,0.03,3,0.45,0.1,50,1.5,0.05,1,0.817304930088341
6410,random,inv_degree,6467732,100,233,0.03,3,0.45,0.1,50,1.5,0.06,1,0.8118186307835291
6411,random,inv_degree,6468741,100,245,0.03,3,0.45,0.1,50,1.5,0.04,1,0.8609261121520986
6412,random,inv_degree,6469750,100,224,0.03,3,0.45,0.1,50,1.5,0.04,1,0.8682484199559061
6413,random,inv_degree,6470759,100,254,0.03,3,0.45,0.1,50,1.5,0.06,1,0.7902424627107193
6414,random,inv_degree,6471768,100,275,0.03,3,0.45,0.1,50,1.5,0.04,1,0.8387802324168362
6415,random,inv_degree,6472777,100,232,0.03,3,0.45,0.1,50,1.5,0.11,2,0.6955217825502332
6416,random,inv_degree,6473786,100,231,0.03,3,0.45,0.1,50,1.5,0.05,1,0.8334478473893839
6417,random,inv_degree,6474795,100,242,0.03,3,0.45,0.1,50,1.5,0.05,2,0.8193465724956189
6418,random,inv_degree,6475804,100,252,0.03,3,0.45,0.1,50,1.5,0.06,2,0.8201315753638395
6419,random,inv_degree,6476813,100,236,0.03,3,0.45,0.1,50,1.5,0.11,4,0.6668695362698248
6420,random,inv_degree,6477822,100,274,0.03,3,0.45,0.1,50,1.5,0.05,1,0.8115530512059557
6421,random,inv_degree,6478831,100,244,0.03,3,0.45,0.1,50,1.5,0.04,1,0.866539568365904
6422,random,inv_degree,6479840,100,231,0.03,3,0.45,0.1,50,1.5,0.06,1,0.814629487672624
6423,random,inv_degree,6480849,100,227,0.03,3,0.45,0.1,50,1.5,0.05,1,0.8376786411003813
6424,random,inv_degree,6481858,100,254,0.03,3,0.45,0.1,50,1.5,0.09,2,0.7249215783130105
6425,random,inv_degree,6482867,100,272,0.03,3,0.45,0.1,50,1.5,0.04,1,0.8261450872493742
6426,random,inv_degree,6483876,100,237,0.03,3,0.45,0.1,50,1.5,0.04,1,0.841743484333028
6427,random,inv_degree,6484885,100,234,0.03,3,0.45,0.1,50,1.5,0.06,1,0.796986403554929
6428,random,inv_degree,6485894,100,231,0.03,3,0.45,0.1,50,1.5,0.06,2,0.8178849496115678
6429,random,inv_degree,6486903,100,245,0.03,3,0.45,0.1,50,1.5,0.06,1,0.8183783219049258
6430,random,inv_degree,6487912,100,230,0.03,3,0.45,0.1,50,1.5,0.05,1,0.8367241688186072
6431,random,inv_degree,6488921,100,259,0.03,3,0.45,0.1,50,1.5,0.08,2,0.7462345901636163
6432,random,inv_degree,6489930,100,256,0.03,3,0.45,0.1,50,1.5,0.06,1,0.8002028620165709
6433,random,inv_degree,6490939,100,259,0.03,3,0.45,0.1,50,1.5,0.05,1,0.8038654204536008
6434,random,inv_degree,6491948,100,258,0.03,3,0.45,0.1,50,1.5,0.06,1,0.7898000891540132
6435,random,inv_degree,6492957,100,235,0.03,3,0.45,0.1,50,1.5,0.05,1,0.8480229200627082
6436,random,inv_degree,6493966,100,267,0.03,3,0.45,0.1,50,1.5,0.08,2,0.7006967091782089
6437,random,inv_degree,6494975,100,257,0.03,3,0.45,0.1,50,1.5,0.05,1,0.82217268257869
6438,random,inv_degree,6495984,100,293,0.03,3,0.45,0.1,50,1.5,0.04,1,0.842581585138858
6439,random,inv_degree,6496993,100,237,0.03,3,0.45,0.1,50,1.5,0.06,1,0.7902687593177106
6440,random,inv_degree,6498002,100,252,0.03,3,0.45,0.1,50,1.5,0.05,1,0.7910920409727581
6441,random,inv_degree,6499011,100,245,0.03,3,0.45,0.1,50,1.5,0.03,0,0.8737399755141246
6442,random,inv_degree,6500020,100,256,0.03,3,0.45,0.1,50,1.5,0.09,2,0.7264228014542239
6443,random,inv_degree,6501029,100,257,0.03,3,0.45,0.1,50,1.5,0.05,1,0.8210272706293283
6444,random,inv_degree,6502038,100,273,0.03,3,0.45,0.1,50,1.5,0.05,1,0.8086286765831575
6445,random,inv_degree,6503047,100,230,0.03,3,0.45,0.1,50,1.5,0.07,1,0.7959529682316556
6446,random,inv_degree,6504056,100,251,0.03,3,0.45,0.1,50,1.5,0.06,1,0.8084936952254336
6447,random,inv_degree,6505065,100,226,0.03,3,0.45,0.1,50,1.5,0.04,1,0.8723951735166315
6448,random,inv_degree,6506074,100,238,0.03,3,0.45,0.1,50,1.5,0.06,1,0.8139124939914721
6449,random,inv_degree,6507083,100,256,0.03,3,0.45,0.1,50,1.5,0.08,2,0.743564543345563
6450,random,inv_degree,6508092,100,234,0.03,3,0.45,0.1,50,1.5,0.07,1,0.7914859793047743
6451,random,inv_degree,6509101,100,239,0.03,3,0.45,0.1,50,1.5,0.05,1,0.8253018509108841
6452,random,inv_degree,6510110,100,260,0.03,3,0.45,0.1,50,1.5,0.05,1,0.8013696586872135
6453,random,inv_degree,6511119,100,227,0.03,3,0.45,0.1,50,1.5,0.05,1,0.8291643049775523
6454,random,inv_degree,6512128,100,234,0.03,3,0.45,0.1,50,1.5,0.07,1,0.7842526838652712
6455,random,inv_degree,6513137,100,259,0.03,3,0.45,0.1,50,1.5,0.05,1,0.81552533819399
6456,random,inv_degree,6514146,100,239,0.03,3,0.45,0.1,50,1.5,0.05,1,0.8477074352191508
6457,random,inv_degree,6515155,100,258,0.03,3,0.45,0.1,50,1.5,0.05,2,0.8172109999981713
6458,random,inv_degree,6516164,100,285,0.03,3,0.45,0.1,50,1.5,0.04,1,0.8284492202169171
6459,random,inv_degree,6517173,100,253,0.03,3,0.45,0.1,50,1.5,0.05,1,0.8329286618631654
6460,random,inv_degree,6518182,100,232,0.03,3,0.45,0.1,50,1.5,0.05,1,0.8395415324386579
6461,random,inv_degree,6519191,100,262,0.03,3,0.45,0.1,50,1.5,0.06,1,0.7799251306749714
6462,random,inv_degree,6520200,100,227,0.03,3,0.45,0.1,50,1.5,0.05,2,0.8557812088811476
6463,random,inv_degree,6521209,100,234,0.03,3,0.45,0.1,50,1.5,0.07,1,0.7784517849811762
6464,random,inv_degree,6522218,100,266,0.03,3,0.45,0.1,50,1.5,0.06,2,0.7932624699229343
6465,random,inv_degree,6523227,100,268,0.03,3,0.45,0.1,50,1.5,0.04,1,0.8317637385686893
6466,random,inv_degree,6524236,100,257,0.03,3,0.45,0.1,50,1.5,0.06,1,0.795003132556962
6467,random,inv_degree,6525245,100,287,0.03,3,0.45,0.1,50,1.5,0.03,0,0.8729108106967443
6468,random,inv_degree,6526254,100,246,0.03,3,0.45,0.1,50,1.5,0.05,1,0.8298050852462139
6469,random,inv_degree,6527263,100,254,0.03,3,0.45,0.1,50,1.5,0.04,1,0.8545152709377071
6470,random,inv_degree,6528272,100,233,0.03,3,0.45,0.1,50,1.5,0.07,1,0.7754972800671415
6471,random,inv_degree,6529281,100,244,0.03,3,0.45,0.1,50,1.5,0.12,3,0.6677780141763299
6472,random,inv_degree,6530290,100,267,0.03,3,0.45,0.1,50,1.5,0.04,1,0.8579488295246491
6473,random,inv_degree,6531299,100,260,0.03,3,0.45,0.1,50,1.5,0.05,1,0.8173284306671804
6474,random,inv_degree,6532308,100,244,0.03,3,0.45,0.1,50,1.5,0.06,1,0.8132449516035577
6475,random,inv_degree,6533317,100,241,0.03,3,0.45,0.1,50,1.5,0.05,1,0.818759790709082
6476,random,inv_degree,6534326,100,241,0.03,3,0.45,0.1,50,1.5,0.11,3,0.7104206905892736
6477,random,inv_degree,6535335,100,249,0.03,3,0.45,0.1,50,1.5,0.06,3,0.7895028051236
6478,random,inv_degree,6536344,100,261,0.03,3,0.45,0.1,50,1.5,0.05,1,0.826001029863326
6479,random,inv_degree,6537353,100,246,0.03,3,0.45,0.1,50,1.5,0.04,1,0.854644242672104
6480,random,inv_degree,6538362,100,246,0.03,3,0.45,0.1,50,1.5,0.07,1,0.7628717171301727
6481,random,inv_degree,6539371,100,232,0.03,3,0.45,0.1,50,1.5,0.07,3,0.7835174329070161
6482,random,inv_degree,6540380,100,268,0.03,3,0.45,0.1,50,1.5,0.03,0,0.8649288389964688
6483,random,inv_degree,6541389,100,218,0.03,3,0.45,0.1,50,1.5,0.06,1,0.8094580095206844
6484,random,inv_degree,6542398,100,254,0.03,3,0.45,0.1,50,1.5,0.03,0,0.8617634916975808
6485,random,inv_degree,6543407,100,242,0.03,3,0.45,0.1,50,1.5,0.09,2,0.7349831368575533
6486,random,inv_degree,6544416,100,258,0.03,3,0.45,0.1,50,1.5,0.1,3,0.6862108008826973
6487,random,inv_degree,6545425,100,266,0.03,3,0.45,0.1,50,1.5,0.04,1,0.8388206062376762
6488,random,inv_degree,6546434,100,260,0.03,3,0.45,0.1,50,1.5,0.04,1,0.8597801553094163
6489,random,inv_degree,6547443,100,254,0.03,3,0.45,0.1,50,1.5,0.03,0,0.8718575028999785
6490,random,inv_degree,6548452,100,275,0.03,3,0.45,0.1,50,1.5,0.04,1,0.825161877988502
6491,random,inv_degree,6549461,100,240,0.03,3,0.45,0.1,50,1.5,0.12,5,0.6437905867503805
6492,random,inv_degree,6550470,100,242,0.03,3,0.45,0.1,50,1.5,0.07,2,0.7930390417472368
6493,random,inv_degree,6551479,100,248,0.03,3,0.45,0.1,50,1.5,0.04,1,0.8571740610569544
6494,random,inv_degree,6552488,100,239,0.03,3,0.45,0.1,50,1.5,0.03,0,0.887247960675673
6495,random,inv_degree,6553497,100,238,0.03,3,0.45,0.1,50,1.5,0.07,2,0.7901974795073764
6496,random,inv_degree,6554506,100,228,0.03,3,0.45,0.1,50,1.5,0.06,1,0.8191260822939282
6497,random,inv_degree,6555515,100,257,0.03,3,0.45,0.1,50,1.5,0.08,3,0.7271638970345591
6498,random,inv_degree,6556524,100,227,0.03,3,0.45,0.1,50,1.5,0.12,4,0.6749431339340736
6499,random,inv_degree,6557533,100,240,0.03,3,0.45,0.1,50,1.5,0.04,1,0.8765569314053765
6500,random,inv_degree,6558542,100,238,0.03,3,0.45,0.1,50,1.5,0.05,1,0.8229609901411459
6501,random,inv_degree,6559551,100,248,0.03,3,0.45,0.1,50,1.5,0.04,1,0.8405983953192296
6502,random,inv_degree,6560560,100,224,0.03,3,0.45,0.1,50,1.5,0.07,2,0.8058889227080648
6503,random,inv_degree,6561569,100,250,0.03,3,0.45,0.1,50,1.5,0.06,1,0.7971201748043191
6504,random,inv_degree,6562578,100,255,0.03,3,0.45,0.1,50,1.5,0.04,1,0.8413778617503199
6505,random,inv_degree,6563587,100,230,0.03,3,0.45,0.1,50,1.5,0.05,1,0.8514611118152491
6506,random,inv_degree,6564596,100,261,0.03,3,0.45,0.1,50,1.5,0.03,0,0.8687518715630218
6507,random,inv_degree,6565605,100,264,0.03,3,0.45,0.1,50,1.5,0.06,1,0.7966298901320578
6508,random,inv_degree,6566614,100,238,0.03,3,0.45,0.1,50,1.5,0.04,1,0.8477954454848797
6509,random,inv_degree,6567623,100,255,0.03,3,0.45,0.1,50,1.5,0.03,0,0.8645494362879457
6510,random,inv_degree,6568632,100,245,0.03,3,0.45,0.1,50,1.5,0.04,1,0.8431019059078796
6511,random,inv_degree,6569641,100,244,0.03,3,0.45,0.1,50,1.5,0.04,1,0.8536099008529511
6512,random,inv_degree,6570650,100,275,0.03,3,0.45,0.1,50,1.5,0.07,1,0.7485597869837245
6513,random,inv_degree,6571659,100,245,0.03,3,0.45,0.1,50,1.5,0.08,2,0.746094760219319
6514,random,inv_degree,6572668,100,276,0.03,3,0.45,0.1,50,1.5,0.1,3,0.6806694434242687
6515,random,inv_degree,6573677,100,266,0.03,3,0.45,0.1,50,1.5,0.03,0,0.87872088524838
6516,random,inv_degree,6574686,100,240,0.03,3,0.45,0.1,50,1.5,0.06,1,0.8098898668177236
6517,random,inv_degree,6575695,100,251,0.03,3,0.45,0.1,50,1.5,0.04,1,0.8589675838828111
6518,random,inv_degree,6576704,100,253,0.03,3,0.45,0.1,50,1.5,0.05,1,0.8094958249193008
6519,random,inv_degree,6577713,100,270,0.03,3,0.45,0.1,50,1.5,0.03,0,0.8667080272614182
6520,random,inv_degree,6578722,100,254,0.03,3,0.45,0.1,50,1.5,0.06,2,0.7960565842070864
6521,random,inv_degree,6579731,100,233,0.03,3,0.45,0.1,50,1.5,0.07,2,0.7688913749282629
6522,random,inv_degree,6580740,100,254,0.03,3,0.45,0.1,50,1.5,0.03,0,0.8779940489588794
6523,random,inv_degree,6581749,100,236,0.03,3,0.45,0.1,50,1.5,0.05,2,0.8425117202377201
6524,random,inv_degree,6582758,100,228,0.03,3,0.45,0.1,50,1.5,0.03,0,0.8830697779517759
6525,random,inv_degree,6583767,100,265,0.03,3,0.45,0.1,50,1.5,0.04,1,0.843426363731485
6526,random,inv_degree,6584776,100,244,0.03,3,0.45,0.1,50,1.5,0.08,2,0.761559814072809
6527,random,inv_degree,6585785,100,213,0.03,3,0.45,0.1,50,1.5,0.06,1,0.8171279392076765
6528,random,inv_degree,6586794,100,272,0.03,3,0.45,0.1,50,1.5,0.06,1,0.7886188557707632
6529,random,inv_degree,6587803,100,256,0.03,3,0.45,0.1,50,1.5,0.1,3,0.7095101671780621
6530,random,inv_degree,6588812,100,231,0.03,3,0.45,0.1,50,1.5,0.06,2,0.8075711125928894
6531,random,inv_degree,6589821,100,252,0.03,3,0.45,0.1,50,1.5,0.04,1,0.8522056627350778
6532,random,inv_degree,6590830,100,270,0.03,3,0.45,0.1,50,1.5,0.04,1,0.8329199970821672
6533,random,inv_degree,6591839,100,232,0.03,3,0.45,0.1,50,1.5,0.05,1,0.8129677647988885
6534,random,inv_degree,6592848,100,224,0.03,3,0.45,0.1,50,1.5,0.06,2,0.8167419828286306
6535,random,inv_degree,6593857,100,239,0.03,3,0.45,0.1,50,1.5,0.06,2,0.83494533766956
6536,random,inv_degree,6594866,100,234,0.03,3,0.45,0.1,50,1.5,0.06,1,0.7938797780495899
6537,random,inv_degree,6595875,100,246,0.03,3,0.45,0.1,50,1.5,0.08,2,0.7461491707909678
6538,random,inv_degree,6596884,100,247,0.03,3,0.45,0.1,50,1.5,0.07,3,0.7860868488843742
6539,random,inv_degree,6597893,100,280,0.03,3,0.45,0.1,50,1.5,0.03,0,0.8481373992602812
6540,random,inv_degree,6598902,100,236,0.03,3,0.45,0.1,50,1.5,0.04,1,0.8714068398797706
6541,random,inv_degree,6599911,100,246,0.03,3,0.45,0.1,50,1.5,0.06,2,0.7880884607308204
6542,random,inv_degree,6600920,100,236,0.03,3,0.45,0.1,50,1.5,0.08,2,0.7781342060878276
6543,random,inv_degree,6601929,100,241,0.03,3,0.45,0.1,50,1.5,0.07,2,0.7858902254959169
6544,random,inv_degree,6602938,100,249,0.03,3,0.45,0.1,50,1.5,0.06,2,0.8104212528822762
6545,random,inv_degree,6603947,100,268,0.03,3,0.45,0.1,50,1.5,0.03,0,0.8690517336935196
6546,random,inv_degree,6604956,100,248,0.03,3,0.45,0.1,50,1.5,0.04,1,0.849392146447543
6547,random,inv_degree,6605965,100,292,0.03,3,0.45,0.1,50,1.5,0.04,1,0.8297225988653412
6548,random,inv_degree,6606974,100,249,0.03,3,0.45,0.1,50,1.5,0.09,2,0.7474115686607293
6549,random,inv_degree,6607983,100,244,0.03,3,0.45,0.1,50,1.5,0.06,2,0.8080326606732358
6550,random,inv_degree,6608992,100,250,0.03,3,0.45,0.1,50,1.5,0.03,0,0.8689015336645823
6551,random,inv_degree,6610001,100,258,0.03,3,0.45,0.1,50,1.5,0.05,2,0.815193838921851
6552,random,inv_degree,6611010,100,228,0.03,3,0.45,0.1,50,1.5,0.07,2,0.8026514661319022
6553,random,inv_degree,6612019,100,235,0.03,3,0.45,0.1,50,1.5,0.03,0,0.8997929948419373
6554,random,inv_degree,6613028,100,272,0.03,3,0.45,0.1,50,1.5,0.05,1,0.8276071389173805
6555,random,inv_degree,6614037,100,252,0.03,3,0.45,0.1,50,1.5,0.06,2,0.788989452500059
6556,random,inv_degree,6615046,100,242,0.03,3,0.45,0.1,50,1.5,0.08,3,0.7420380419118019
6557,random,inv_degree,6616055,100,252,0.03,3,0.45,0.1,50,1.5,0.05,1,0.8213386818663378
6558,random,inv_degree,6617064,100,240,0.03,3,0.45,0.1,50,1.5,0.06,1,0.80025542604324
6559,random,inv_degree,6618073,100,263,0.03,3,0.45,0.1,50,1.5,0.06,2,0.7995144917196716
6560,random,inv_degree,6619082,100,241,0.03,3,0.45,0.1,50,1.5,0.05,1,0.8346676402817808
6561,random,inv_degree,6620091,100,227,0.03,3,0.45,0.1,50,1.5,0.07,2,0.7921681512994874
6562,random,inv_degree,6621100,100,229,0.03,3,0.45,0.1,50,1.5,0.08,1,0.7922849045018415
6563,random,inv_degree,6622109,100,253,0.03,3,0.45,0.1,50,1.5,0.04,1,0.8672778700872842
6564,random,inv_degree,6623118,100,262,0.03,3,0.45,0.1,50,1.5,0.04,1,0.8526039722154845
6565,random,inv_degree,6624127,100,273,0.03,3,0.45,0.1,50,1.5,0.05,1,0.8071191987091051
6566,random,inv_degree,6625136,100,249,0.03,3,0.45,0.1,50,1.5,0.06,1,0.7944151764124833
6567,random,inv_degree,6626145,100,242,0.03,3,0.45,0.1,50,1.5,0.04,1,0.8538498059638328
6568,random,inv_degree,6627154,100,257,0.03,3,0.45,0.1,50,1.5,0.06,1,0.7895596938393865
6569,random,inv_degree,6628163,100,252,0.03,3,0.45,0.1,50,1.5,0.05,1,0.8350525517115855
6570,random,inv_degree,6629172,100,231,0.03,3,0.45,0.1,50,1.5,0.06,1,0.8170515682493927
6571,random,inv_degree,6630181,100,262,0.03,3,0.45,0.1,50,1.5,0.09,3,0.7225451886426645
6572,random,inv_degree,6631190,100,235,0.03,3,0.45,0.1,50,1.5,0.08,2,0.7582699549744125
6573,random,inv_degree,6632199,100,250,0.03,3,0.45,0.1,50,1.5,0.07,1,0.7718925824296011
6574,random,inv_degree,6633208,100,267,0.03,3,0.45,0.1,50,1.5,0.05,1,0.8165830381557865
6575,random,inv_degree,6634217,100,265,0.03,3,0.45,0.1,50,1.5,0.05,1,0.8097560569209524
6576,random,inv_degree,6635226,100,252,0.03,3,0.45,0.1,50,1.5,0.05,1,0.827195134188595
6577,random,inv_degree,6636235,100,268,0.03,3,0.45,0.1,50,1.5,0.07,2,0.7518415837865907
6578,random,inv_degree,6637244,100,233,0.03,3,0.45,0.1,50,1.5,0.09,2,0.7293090570732533
6579,random,inv_degree,6638253,100,235,0.03,3,0.45,0.1,50,1.5,0.06,2,0.8025634204106311
6580,random,inv_degree,6639262,100,266,0.03,3,0.45,0.1,50,1.5,0.05,1,0.8209950696973058
6581,random,inv_degree,6640271,100,263,0.03,3,0.45,0.1,50,1.5,0.04,1,0.8455461378571987
6582,random,inv_degree,6641280,100,234,0.03,3,0.45,0.1,50,1.5,0.03,0,0.8887113841638383
6583,random,inv_degree,6642289,100,243,0.03,3,0.45,0.1,50,1.5,0.06,2,0.8063531151121991
6584,random,inv_degree,6643298,100,253,0.03,3,0.45,0.1,50,1.5,0.07,3,0.7764069618272336
6585,random,inv_degree,6644307,100,243,0.03,3,0.45,0.1,50,1.5,0.05,1,0.8214786676013739
6586,random,inv_degree,6645316,100,266,0.03,3,0.45,0.1,50,1.5,0.05,2,0.8205674157730456
6587,random,inv_degree,6646325,100,232,0.03,3,0.45,0.1,50,1.5,0.05,2,0.8398558152613855
6588,random,inv_degree,6647334,100,249,0.03,3,0.45,0.1,50,1.5,0.05,1,0.8272411383275933
6589,random,inv_degree,6648343,100,234,0.03,3,0.45,0.1,50,1.5,0.03,0,0.8823578615188138
6590,random,inv_degree,6649352,100,260,0.03,3,0.45,0.1,50,1.5,0.05,1,0.8280593290498088
6591,random,inv_degree,6650361,100,265,0.03,3,0.45,0.1,50,1.5,0.06,1,0.7741484071799157
6592,random,inv_degree,6651370,100,241,0.03,3,0.45,0.1,50,1.5,0.05,1,0.8243280403013805
6593,random,inv_degree,6652379,100,231,0.03,3,0.45,0.1,50,1.5,0.05,1,0.8109431383517706
6594,random,inv_degree,6653388,100,228,0.03,3,0.45,0.1,50,1.5,0.05,1,0.8421543760680521
6595,random,inv_degree,6654397,100,241,0.03,3,0.45,0.1,50,1.5,0.05,1,0.8342217859814947
6596,random,inv_degree,6655406,100,274,0.03,3,0.45,0.1,50,1.5,0.09,3,0.716505118327017
6597,random,inv_degree,6656415,100,234,0.03,3,0.45,0.1,50,1.5,0.12,5,0.6546271826638803
6598,random,inv_degree,6657424,100,255,0.03,3,0.45,0.1,50,1.5,0.08,2,0.729534984180018
6599,random,inv_degree,6658433,100,251,0.03,3,0.45,0.1,50,1.5,0.04,1,0.8378901223507207
6600,random,inv_degree,6659442,100,274,0.03,3,0.45,0.1,50,1.5,0.06,1,0.7925725653676507
6601,random,inv_degree,6660451,100,247,0.03,3,0.45,0.1,50,1.5,0.06,1,0.78967386050975
6602,random,inv_degree,6661460,100,269,0.03,3,0.45,0.1,50,1.5,0.05,1,0.8050000670926409
6603,random,inv_degree,6662469,100,247,0.03,3,0.45,0.1,50,1.5,0.04,1,0.8514213188096167
6604,random,inv_degree,6663478,100,258,0.03,3,0.45,0.1,50,1.5,0.06,2,0.7878965621904003
6605,random,inv_degree,6664487,100,225,0.03,3,0.45,0.1,50,1.5,0.08,3,0.7735761076309595
6606,random,inv_degree,6665496,100,254,0.03,3,0.45,0.1,50,1.5,0.06,2,0.7811886124058735
6607,random,inv_degree,6666505,100,251,0.03,3,0.45,0.1,50,1.5,0.09,2,0.7019989903577928
6608,random,inv_degree,6667514,100,254,0.03,3,0.45,0.1,50,1.5,0.07,1,0.7662714243017081
6609,random,inv_degree,6668523,100,233,0.03,3,0.45,0.1,50,1.5,0.07,1,0.7836857540908283
6610,random,inv_degree,6669532,100,243,0.03,3,0.45,0.1,50,1.5,0.08,2,0.7510919305451335
6611,random,inv_degree,6670541,100,251,0.03,3,0.45,0.1,50,1.5,0.05,1,0.8225448577888117
6612,random,inv_degree,6671550,100,271,0.03,3,0.45,0.1,50,1.5,0.04,1,0.8432931540203535
6613,random,inv_degree,6672559,100,244,0.03,3,0.45,0.1,50,1.5,0.05,1,0.8345789330957959
6614,random,inv_degree,6673568,100,261,0.03,3,0.45,0.1,50,1.5,0.04,1,0.840633810705975
6615,random,inv_degree,6674577,100,252,0.03,3,0.45,0.1,50,1.5,0.03,0,0.8706884056103917
6616,random,inv_degree,6675586,100,246,0.03,3,0.45,0.1,50,1.5,0.06,1,0.7974514807244957
6617,random,inv_degree,6676595,100,252,0.03,3,0.45,0.1,50,1.5,0.05,1,0.831068473121517
6618,random,inv_degree,6677604,100,252,0.03,3,0.45,0.1,50,1.5,0.06,1,0.786132861231769
6619,random,inv_degree,6678613,100,248,0.03,3,0.45,0.1,50,1.5,0.05,1,0.84114861974381
6620,random,inv_degree,6679622,100,236,0.03,3,0.45,0.1,50,1.5,0.05,1,0.8137080124889207
6621,random,inv_degree,6680631,100,258,0.03,3,0.45,0.1,50,1.5,0.05,1,0.8164094473737395
6622,random,inv_degree,6681640,100,245,0.03,3,0.45,0.1,50,1.5,0.04,1,0.8633274023561242
6623,random,inv_degree,6682649,100,257,0.03,3,0.45,0.1,50,1.5,0.07,1,0.7707921645894944
6624,random,inv_degree,6683658,100,256,0.03,3,0.45,0.1,50,1.5,0.06,1,0.7868041317264588
6625,random,inv_degree,6684667,100,239,0.03,3,0.45,0.1,50,1.5,0.04,1,0.8628270531980168
6626,random,inv_degree,6685676,100,276,0.03,3,0.45,0.1,50,1.5,0.03,0,0.8627370495415472
6627,random,inv_degree,6686685,100,227,0.03,3,0.45,0.1,50,1.5,0.04,1,0.864920141589503
6628,random,inv_degree,6687694,100,240,0.03,3,0.45,0.1,50,1.5,0.04,1,0.865071106300992
6629,random,inv_degree,6688703,100,227,0.03,3,0.45,0.1,50,1.5,0.06,1,0.8172510319328221
6630,random,inv_degree,6689712,100,250,0.03,3,0.45,0.1,50,1.5,0.04,1,0.8666922147482435
6631,random,inv_degree,6690721,100,257,0.03,3,0.45,0.1,50,1.5,0.05,1,0.8209464995047973
6632,random,inv_degree,6691730,100,227,0.03,3,0.45,0.1,50,1.5,0.05,1,0.8426362515842075
6633,random,inv_degree,6692739,100,224,0.03,3,0.45,0.1,50,1.5,0.08,1,0.763402225879793
6634,random,inv_degree,6693748,100,236,0.03,3,0.45,0.1,50,1.5,0.04,1,0.8674501913222288
6635,random,inv_degree,6694757,100,236,0.03,3,0.45,0.1,50,1.5,0.03,0,0.8689498123147787
6636,random,inv_degree,6695766,100,240,0.03,3,0.45,0.1,50,1.5,0.07,2,0.7781948752584731
6637,random,inv_degree,6696775,100,270,0.03,3,0.45,0.1,50,1.5,0.05,1,0.8197254200664661
6638,random,inv_degree,6697784,100,201,0.03,3,0.45,0.1,50,1.5,0.07,2,0.8164258647515804
6639,random,inv_degree,6698793,100,243,0.03,3,0.45,0.1,50,1.5,0.03,0,0.8645514060287994
6640,random,inv_degree,6699802,100,275,0.03,3,0.45,0.1,50,1.5,0.06,2,0.7790843530818876
6641,random,inv_degree,6700811,100,265,0.03,3,0.45,0.1,50,1.5,0.04,1,0.8386158146706834
6642,random,inv_degree,6701820,100,224,0.03,3,0.45,0.1,50,1.5,0.05,2,0.8412491048773105
6643,random,inv_degree,6702829,100,231,0.03,3,0.45,0.1,50,1.5,0.04,1,0.8747668544201679
6644,random,inv_degree,6703838,100,271,0.03,3,0.45,0.1,50,1.5,0.07,1,0.7618012405066346
6645,random,inv_degree,6704847,100,234,0.03,3,0.45,0.1,50,1.5,0.07,3,0.7831822829748564
6646,random,inv_degree,6705856,100,243,0.03,3,0.45,0.1,50,1.5,0.07,3,0.7591146402249235
6647,random,inv_degree,6706865,100,251,0.03,3,0.45,0.1,50,1.5,0.04,1,0.8562566656578007
6648,random,inv_degree,6707874,100,251,0.03,3,0.45,0.1,50,1.5,0.04,1,0.8425564263873712
6649,random,inv_degree,6708883,100,284,0.03,3,0.45,0.1,50,1.5,0.03,0,0.8944719637654044
6650,random,inv_degree,6709892,100,245,0.03,3,0.45,0.1,50,1.5,0.05,1,0.8249562157050884
6651,random,inv_degree,6710901,100,225,0.03,3,0.45,0.1,50,1.5,0.07,2,0.7904740054514923
6652,random,inv_degree,6711910,100,261,0.03,3,0.45,0.1,50,1.5,0.06,2,0.7795705874483074
6653,random,inv_degree,6712919,100,243,0.03,3,0.45,0.1,50,1.5,0.05,1,0.8090365532515195
6654,random,inv_degree,6713928,100,249,0.03,3,0.45,0.1,50,1.5,0.05,1,0.8140058080285338
6655,random,inv_degree,6714937,100,267,0.03,3,0.45,0.1,50,1.5,0.06,2,0.7798708106922715
6656,random,inv_degree,6715946,100,258,0.03,3,0.45,0.1,50,1.5,0.04,1,0.8400273526433022
6657,random,inv_degree,6716955,100,281,0.03,3,0.45,0.1,50,1.5,0.06,1,0.7564452060784675
6658,random,inv_degree,6717964,100,215,0.03,3,0.45,0.1,50,1.5,0.09,2,0.7407951109333915
6659,random,inv_degree,6718973,100,245,0.03,3,0.45,0.1,50,1.5,0.03,0,0.8876512291016753
6660,random,inv_degree,6719982,100,215,0.03,3,0.45,0.1,50,1.5,0.11,3,0.7250419228276818
6661,random,inv_degree,6720991,100,268,0.03,3,0.45,0.1,50,1.5,0.03,0,0.8524747276403862
6662,random,inv_degree,6722000,100,266,0.03,3,0.45,0.1,50,1.5,0.04,1,0.833354166106699
6663,random,inv_degree,6723009,100,239,0.03,3,0.45,0.1,50,1.5,0.1,4,0.7193627450398951
6664,random,inv_degree,6724018,100,241,0.03,3,0.45,0.1,50,1.5,0.07,3,0.7989568424966603
6665,random,inv_degree,6725027,100,266,0.03,3,0.45,0.1,50,1.5,0.04,1,0.8473790084216389
6666,random,inv_degree,6726036,100,236,0.03,3,0.45,0.1,50,1.5,0.05,1,0.8327576889734556
6667,random,inv_degree,6727045,100,230,0.03,3,0.45,0.1,50,1.5,0.05,1,0.8454489285855543
6668,random,inv_degree,6728054,100,258,0.03,3,0.45,0.1,50,1.5,0.05,1,0.8002132814569337
6669,random,inv_degree,6729063,100,262,0.03,3,0.45,0.1,50,1.5,0.04,1,0.8341067808097343
6670,random,inv_degree,6730072,100,265,0.03,3,0.45,0.1,50,1.5,0.03,0,0.8740322759179813
6671,random,inv_degree,6731081,100,265,0.03,3,0.45,0.1,50,1.5,0.04,1,0.8618099556028926
6672,random,inv_degree,6732090,100,256,0.03,3,0.45,0.1,50,1.5,0.03,0,0.8750460119282726
6673,random,inv_degree,6733099,100,236,0.03,3,0.45,0.1,50,1.5,0.03,0,0.8821954999816811
6674,random,inv_degree,6734108,100,259,0.03,3,0.45,0.1,50,1.5,0.05,1,0.8281280269502703
6675,random,inv_degree,6735117,100,250,0.03,3,0.45,0.1,50,1.5,0.06,1,0.7913146480640051
6676,random,inv_degree,6736126,100,262,0.03,3,0.45,0.1,50,1.5,0.03,0,0.8629757882605449
6677,random,inv_degree,6737135,100,228,0.03,3,0.45,0.1,50,1.5,0.09,2,0.7611187283235153
6678,random,inv_degree,6738144,100,279,0.03,3,0.45,0.1,50,1.5,0.03,0,0.8674406110362923
6679,random,inv_degree,6739153,100,247,0.03,3,0.45,0.1,50,1.5,0.07,1,0.7814755004051133
6680,random,inv_degree,6740162,100,254,0.03,3,0.45,0.1,50,1.5,0.06,2,0.794512569012447
6681,random,inv_degree,6741171,100,271,0.03,3,0.45,0.1,50,1.5,0.03,0,0.8691958755598654
6682,random,inv_degree,6742180,100,259,0.03,3,0.45,0.1,50,1.5,0.06,2,0.8112011374115545
6683,random,inv_degree,6743189,100,208,0.03,3,0.45,0.1,50,1.5,0.07,1,0.8116284714947579
6684,random,inv_degree,6744198,100,253,0.03,3,0.45,0.1,50,1.5,0.04,1,0.8382116256680622
6685,random,inv_degree,6745207,100,264,0.03,3,0.45,0.1,50,1.5,0.04,1,0.8203207949721093
6686,random,inv_degree,6746216,100,263,0.03,3,0.45,0.1,50,1.5,0.03,0,0.8736278460712835
6687,random,inv_degree,6747225,100,246,0.03,3,0.45,0.1,50,1.5,0.03,0,0.8582657637958799
6688,random,inv_degree,6748234,100,250,0.03,3,0.45,0.1,50,1.5,0.04,1,0.8591980613384358
6689,random,inv_degree,6749243,100,223,0.03,3,0.45,0.1,50,1.5,0.04,1,0.8610968951368863
6690,random,inv_degree,6750252,100,245,0.03,3,0.45,0.1,50,1.5,0.08,2,0.7458568280526
6691,random,inv_degree,6751261,100,246,0.03,3,0.45,0.1,50,1.5,0.08,2,0.768264606463783
6692,random,inv_degree,6752270,100,241,0.03,3,0.45,0.1,50,1.5,0.07,1,0.7747024787506908
6693,random,inv_degree,6753279,100,261,0.03,3,0.45,0.1,50,1.5,0.03,0,0.8755085433530326
6694,random,inv_degree,6754288,100,231,0.03,3,0.45,0.1,50,1.5,0.07,2,0.7891904584980252
6695,random,inv_degree,6755297,100,265,0.03,3,0.45,0.1,50,1.5,0.05,1,0.8282751369408711
6696,random,inv_degree,6756306,100,252,0.03,3,0.45,0.1,50,1.5,0.03,0,0.8713213313192946
6697,random,inv_degree,6757315,100,259,0.03,3,0.45,0.1,50,1.5,0.08,2,0.7621445371346692
6698,random,inv_degree,6758324,100,252,0.03,3,0.45,0.1,50,1.5,0.06,1,0.8182725624090068
6699,random,inv_degree,6759333,100,240,0.03,3,0.45,0.1,50,1.5,0.03,0,0.8969126807549341
6700,random,inv_degree,6760342,100,254,0.03,3,0.45,0.1,50,1.5,0.03,0,0.8838861813420893
6701,random,inv_degree,6761351,100,261,0.03,3,0.45,0.1,50,1.5,0.03,0,0.8764231469370081
6702,random,inv_degree,6762360,100,249,0.03,3,0.45,0.1,50,1.5,0.04,1,0.8445835257253145
6703,random,inv_degree,6763369,100,220,0.03,3,0.45,0.1,50,1.5,0.08,2,0.7703635091616678
6704,random,inv_degree,6764378,100,273,0.03,3,0.45,0.1,50,1.5,0.04,1,0.8319525181612576
6705,random,inv_degree,6765387,100,269,0.03,3,0.45,0.1,50,1.5,0.1,3,0.6630280693011713
6706,random,inv_degree,6766396,100,256,0.03,3,0.45,0.1,50,1.5,0.06,2,0.7903926909976035
6707,random,inv_degree,6767405,100,243,0.03,3,0.45,0.1,50,1.5,0.05,1,0.8035820688841588
6708,random,inv_degree,6768414,100,267,0.03,3,0.45,0.1,50,1.5,0.04,1,0.8399806950319189
6709,random,inv_degree,6769423,100,256,0.03,3,0.45,0.1,50,1.5,0.03,0,0.8833912309543821
6710,random,inv_degree,6770432,100,271,0.03,3,0.45,0.1,50,1.5,0.08,4,0.7241662245189969
6711,random,inv_degree,6771441,100,223,0.03,3,0.45,0.1,50,1.5,0.04,1,0.8530726508013342
6712,random,inv_degree,6772450,100,249,0.03,3,0.45,0.1,50,1.5,0.07,2,0.7521708416193953
6713,random,inv_degree,6773459,100,242,0.03,3,0.45,0.1,50,1.5,0.07,1,0.7684832003456838
6714,random,inv_degree,6774468,100,271,0.03,3,0.45,0.1,50,1.5,0.05,1,0.7980021898513131
6715,random,inv_degree,6775477,100,226,0.03,3,0.45,0.1,50,1.5,0.04,1,0.8666064832310865
6716,random,inv_degree,6776486,100,228,0.03,3,0.45,0.1,50,1.5,0.1,3,0.7306579560572394
6717,random,inv_degree,6777495,100,263,0.03,3,0.45,0.1,50,1.5,0.04,1,0.8607034292528939
6718,random,inv_degree,6778504,100,253,0.03,3,0.45,0.1,50,1.5,0.05,2,0.8246960358804418
6719,random,inv_degree,6779513,100,253,0.03,3,0.45,0.1,50,1.5,0.06,2,0.7861312141918328
6720,random,inv_degree,6780522,100,251,0.03,3,0.45,0.1,50,1.5,0.04,1,0.8523410811791827
6721,random,inv_degree,6781531,100,230,0.03,3,0.45,0.1,50,1.5,0.06,1,0.8143940055685955
6722,random,inv_degree,6782540,100,240,0.03,3,0.45,0.1,50,1.5,0.05,1,0.8404137487210217
6723,random,inv_degree,6783549,100,252,0.03,3,0.45,0.1,50,1.5,0.04,1,0.8385811022086416
6724,random,inv_degree,6784558,100,252,0.03,3,0.45,0.1,50,1.5,0.04,1,0.8604718012561487
6725,random,inv_degree,6785567,100,260,0.03,3,0.45,0.1,50,1.5,0.03,0,0.8641529958557115
6726,random,inv_degree,6786576,100,239,0.03,3,0.45,0.1,50,1.5,0.05,2,0.8201875590582123
6727,random,inv_degree,6787585,100,259,0.03,3,0.45,0.1,50,1.5,0.04,1,0.8405126910119601
6728,random,inv_degree,6788594,100,260,0.03,3,0.45,0.1,50,1.5,0.05,1,0.8287070142361143
6729,random,inv_degree,6789603,100,252,0.03,3,0.45,0.1,50,1.5,0.04,1,0.8419656747338465
6730,random,inv_degree,6790612,100,272,0.03,3,0.45,0.1,50,1.5,0.04,1,0.8272504108740396
6731,random,inv_degree,6791621,100,291,0.03,3,0.45,0.1,50,1.5,0.04,1,0.8258359499100144
6732,random,inv_degree,6792630,100,280,0.03,3,0.45,0.1,50,1.5,0.04,1,0.8367341369849314
6733,random,inv_degree,6793639,100,257,0.03,3,0.45,0.1,50,1.5,0.05,1,0.8083023826144352
6734,random,inv_degree,6794648,100,251,0.03,3,0.45,0.1,50,1.5,0.06,1,0.7942786416917824
6735,random,inv_degree,6795657,100,243,0.03,3,0.45,0.1,50,1.5,0.05,1,0.8232991713767694
6736,random,inv_degree,6796666,100,237,0.03,3,0.45,0.1,50,1.5,0.06,2,0.8126940177673136
6737,random,inv_degree,6797675,100,218,0.03,3,0.45,0.1,50,1.5,0.04,1,0.8512788810400609
6738,random,inv_degree,6798684,100,260,0.03,3,0.45,0.1,50,1.5,0.04,1,0.8385168039367358
6739,random,inv_degree,6799693,100,257,0.03,3,0.45,0.1,50,1.5,0.04,1,0.8344773325641192
6740,random,inv_degree,6800702,100,223,0.03,3,0.45,0.1,50,1.5,0.07,2,0.7889534305733985
6741,random,inv_degree,6801711,100,242,0.03,3,0.45,0.1,50,1.5,0.06,1,0.7964212097914332
6742,random,inv_degree,6802720,100,249,0.03,3,0.45,0.1,50,1.5,0.04,1,0.8604087806406618
6743,random,inv_degree,6803729,100,241,0.03,3,0.45,0.1,50,1.5,0.04,1,0.8614108976795933
6744,random,inv_degree,6804738,100,252,0.03,3,0.45,0.1,50,1.5,0.06,1,0.8071337253775954
6745,random,inv_degree,6805747,100,255,0.03,3,0.45,0.1,50,1.5,0.05,1,0.815033903659779
6746,random,inv_degree,6806756,100,267,0.03,3,0.45,0.1,50,1.5,0.03,0,0.8676094477332376
6747,random,inv_degree,6807765,100,237,0.03,3,0.45,0.1,50,1.5,0.06,1,0.8055702185705461
6748,random,inv_degree,6808774,100,271,0.03,3,0.45,0.1,50,1.5,0.05,1,0.8153424870966084
6749,random,inv_degree,6809783,100,243,0.03,3,0.45,0.1,50,1.5,0.06,1,0.8126372628860826
6750,random,inv_degree,6810792,100,250,0.03,3,0.45,0.1,50,1.5,0.05,2,0.8261555985862743
6751,random,inv_degree,6811801,100,230,0.03,3,0.45,0.1,50,1.5,0.05,2,0.8459004488223242
6752,random,inv_degree,6812810,100,225,0.03,3,0.45,0.1,50,1.5,0.04,1,0.871064124695361
6753,random,inv_degree,6813819,100,243,0.03,3,0.45,0.1,50,1.5,0.03,0,0.8832713381864917
6754,random,inv_degree,6814828,100,247,0.03,3,0.45,0.1,50,1.5,0.06,1,0.7910081143419442
6755,random,inv_degree,6815837,100,259,0.03,3,0.45,0.1,50,1.5,0.08,4,0.7414915148193141
6756,random,inv_degree,6816846,100,260,0.03,3,0.45,0.1,50,1.5,0.04,1,0.8250006159498012
6757,random,inv_degree,6817855,100,258,0.03,3,0.45,0.1,50,1.5,0.07,2,0.7716875735192846
6758,random,inv_degree,6818864,100,245,0.03,3,0.45,0.1,50,1.5,0.04,1,0.8521129020859969
6759,random,inv_degree,6819873,100,252,0.03,3,0.45,0.1,50,1.5,0.06,3,0.8042641867877428
6760,random,inv_degree,6820882,100,256,0.03,3,0.45,0.1,50,1.5,0.05,1,0.809752207346208
6761,random,inv_degree,6821891,100,253,0.03,3,0.45,0.1,50,1.5,0.07,3,0.7640745537318319
6762,random,inv_degree,6822900,100,259,0.03,3,0.45,0.1,50,1.5,0.04,1,0.8436984329077015
6763,random,inv_degree,6823909,100,231,0.03,3,0.45,0.1,50,1.5,0.05,1,0.8306516036937951
6764,random,inv_degree,6824918,100,271,0.03,3,0.45,0.1,50,1.5,0.04,1,0.8315965548179677
6765,random,inv_degree,6825927,100,268,0.03,3,0.45,0.1,50,1.5,0.06,1,0.7929097865781296
6766,random,inv_degree,6826936,100,232,0.03,3,0.45,0.1,50,1.5,0.06,2,0.8318276948199868
6767,random,inv_degree,6827945,100,262,0.03,3,0.45,0.1,50,1.5,0.03,0,0.8819500514621482
6768,random,inv_degree,6828954,100,232,0.03,3,0.45,0.1,50,1.5,0.06,1,0.8079649345255716
6769,random,inv_degree,6829963,100,231,0.03,3,0.45,0.1,50,1.5,0.05,1,0.848620908521869
6770,random,inv_degree,6830972,100,238,0.03,3,0.45,0.1,50,1.5,0.06,2,0.8263843577355271
6771,random,inv_degree,6831981,100,254,0.03,3,0.45,0.1,50,1.5,0.03,0,0.8667112640263338
6772,random,inv_degree,6832990,100,240,0.03,3,0.45,0.1,50,1.5,0.06,2,0.8045558565514178
6773,random,inv_degree,6833999,100,232,0.03,3,0.45,0.1,50,1.5,0.07,2,0.7889390039492123
6774,random,inv_degree,6835008,100,241,0.03,3,0.45,0.1,50,1.5,0.05,1,0.8441417936597099
6775,random,inv_degree,6836017,100,247,0.03,3,0.45,0.1,50,1.5,0.05,2,0.8176795700367213
6776,random,inv_degree,6837026,100,243,0.03,3,0.45,0.1,50,1.5,0.07,1,0.7865736586141219
6777,random,inv_degree,6838035,100,219,0.03,3,0.45,0.1,50,1.5,0.04,1,0.8706946498506025
6778,random,inv_degree,6839044,100,243,0.03,3,0.45,0.1,50,1.5,0.09,2,0.7493669037061792
6779,random,inv_degree,6840053,100,244,0.03,3,0.45,0.1,50,1.5,0.06,1,0.808555948000462
6780,random,inv_degree,6841062,100,241,0.03,3,0.45,0.1,50,1.5,0.05,1,0.8294679382932824
6781,random,inv_degree,6842071,100,223,0.03,3,0.45,0.1,50,1.5,0.05,1,0.8347658882938194
6782,random,inv_degree,6843080,100,241,0.03,3,0.45,0.1,50,1.5,0.09,2,0.7364421478977347
6783,random,inv_degree,6844089,100,249,0.03,3,0.45,0.1,50,1.5,0.07,1,0.7688398720352907
6784,random,inv_degree,6845098,100,238,0.03,3,0.45,0.1,50,1.5,0.06,1,0.8074240331807983
6785,random,inv_degree,6846107,100,270,0.03,3,0.45,0.1,50,1.5,0.05,1,0.8125447639401028
6786,random,inv_degree,6847116,100,253,0.03,3,0.45,0.1,50,1.5,0.07,1,0.7799231161961534
6787,random,inv_degree,6848125,100,229,0.03,3,0.45,0.1,50,1.5,0.03,0,0.8949830810079616
6788,random,inv_degree,6849134,100,246,0.03,3,0.45,0.1,50,1.5,0.1,2,0.7131507868546094
6789,random,inv_degree,6850143,100,272,0.03,3,0.45,0.1,50,1.5,0.03,0,0.8577173025281201
6790,random,inv_degree,6851152,100,236,0.03,3,0.45,0.1,50,1.5,0.05,1,0.816428176231615
6791,random,inv_degree,6852161,100,255,0.03,3,0.45,0.1,50,1.5,0.06,1,0.805283955795618
6792,random,inv_degree,6853170,100,248,0.03,3,0.45,0.1,50,1.5,0.07,2,0.7640352320257606
6793,random,inv_degree,6854179,100,257,0.03,3,0.45,0.1,50,1.5,0.06,1,0.7824125263583571
6794,random,inv_degree,6855188,100,262,0.03,3,0.45,0.1,50,1.5,0.06,1,0.7798089969338156
6795,random,inv_degree,6856197,100,232,0.03,3,0.45,0.1,50,1.5,0.03,0,0.8885924102305298
6796,random,inv_degree,6857206,100,259,0.03,3,0.45,0.1,50,1.5,0.04,1,0.8484757612395172
6797,random,inv_degree,6858215,100,249,0.03,3,0.45,0.1,50,1.5,0.05,1,0.8315823333496704
6798,random,inv_degree,6859224,100,271,0.03,3,0.45,0.1,50,1.5,0.05,1,0.8159063536049799
6799,random,inv_degree,6860233,100,255,0.03,3,0.45,0.1,50,1.5,0.04,1,0.8385489062524056
6800,random,inv_degree,6861242,100,263,0.03,3,0.45,0.1,50,1.5,0.08,3,0.7392249766999647
6801,random,inv_degree,6862251,100,247,0.03,3,0.45,0.1,50,1.5,0.03,0,0.8875624565710258
6802,random,inv_degree,6863260,100,245,0.03,3,0.45,0.1,50,1.5,0.04,1,0.8520773708797019
6803,random,inv_degree,6864269,100,249,0.03,3,0.45,0.1,50,1.5,0.04,1,0.8603646615122421
6804,random,inv_degree,6865278,100,256,0.03,3,0.45,0.1,50,1.5,0.04,1,0.8517666825916258
6805,random,inv_degree,6866287,100,224,0.03,3,0.45,0.1,50,1.5,0.11,6,0.7110005804364874
6806,random,inv_degree,6867296,100,238,0.03,3,0.45,0.1,50,1.5,0.07,2,0.7976168331553536
6807,random,inv_degree,6868305,100,255,0.03,3,0.45,0.1,50,1.5,0.05,1,0.8317533340426964
6808,random,inv_degree,6869314,100,256,0.03,3,0.45,0.1,50,1.5,0.03,0,0.8782407169250875
6809,random,inv_degree,6870323,100,230,0.03,3,0.45,0.1,50,1.5,0.04,1,0.8430927821994182
6810,random,inv_degree,6871332,100,231,0.03,3,0.45,0.1,50,1.5,0.06,1,0.8174035989815253
6811,random,inv_degree,6872341,100,247,0.03,3,0.45,0.1,50,1.5,0.05,1,0.8308322623395056
6812,random,inv_degree,6873350,100,256,0.03,3,0.45,0.1,50,1.5,0.03,0,0.8759254571113999
6813,random,inv_degree,6874359,100,252,0.03,3,0.45,0.1,50,1.5,0.06,2,0.7916887797079034
6814,random,inv_degree,6875368,100,258,0.03,3,0.45,0.1,50,1.5,0.04,1,0.8352638497483876
6815,random,inv_degree,6876377,100,254,0.03,3,0.45,0.1,50,1.5,0.05,1,0.8278432502460967
6816,random,inv_degree,6877386,100,238,0.03,3,0.45,0.1,50,1.5,0.06,1,0.8159589923866036
6817,random,inv_degree,6878395,100,235,0.03,3,0.45,0.1,50,1.5,0.08,1,0.7578689933704378
6818,random,inv_degree,6879404,100,240,0.03,3,0.45,0.1,50,1.5,0.04,1,0.8685273458652519
6819,random,inv_degree,6880413,100,253,0.03,3,0.45,0.1,50,1.5,0.1,2,0.7064538279167656
6820,random,inv_degree,6881422,100,285,0.03,3,0.45,0.1,50,1.5,0.05,1,0.8113524531481611
6821,random,inv_degree,6882431,100,248,0.03,3,0.45,0.1,50,1.5,0.05,1,0.8225317878393082
6822,random,inv_degree,6883440,100,272,0.03,3,0.45,0.1,50,1.5,0.04,1,0.8385764171189408
6823,random,inv_degree,6884449,100,247,0.03,3,0.45,0.1,50,1.5,0.04,1,0.8699553314376689
6824,random,inv_degree,6885458,100,242,0.03,3,0.45,0.1,50,1.5,0.05,1,0.8217380536082766
6825,random,inv_degree,6886467,100,263,0.03,3,0.45,0.1,50,1.5,0.12,5,0.6397625938051835
6826,random,inv_degree,6887476,100,249,0.03,3,0.45,0.1,50,1.5,0.09,2,0.728401875084569
6827,random,inv_degree,6888485,100,241,0.03,3,0.45,0.1,50,1.5,0.08,2,0.7553145967586998
6828,random,inv_degree,6889494,100,253,0.03,3,0.45,0.1,50,1.5,0.08,2,0.7451609078908434
6829,random,inv_degree,6890503,100,264,0.03,3,0.45,0.1,50,1.5,0.04,1,0.8422713454660218
6830,random,inv_degree,6891512,100,239,0.03,3,0.45,0.1,50,1.5,0.03,0,0.8656300829360887
6831,random,inv_degree,6892521,100,258,0.03,3,0.45,0.1,50,1.5,0.06,1,0.7787449384360066
6832,random,inv_degree,6893530,100,228,0.03,3,0.45,0.1,50,1.5,0.12,4,0.6973717871703886
6833,random,inv_degree,6894539,100,244,0.03,3,0.45,0.1,50,1.5,0.05,1,0.8247873186920929
6834,random,inv_degree,6895548,100,261,0.03,3,0.45,0.1,50,1.5,0.08,2,0.7182717999670475
6835,random,inv_degree,6896557,100,252,0.03,3,0.45,0.1,50,1.5,0.04,1,0.8682832214483667
6836,random,inv_degree,6897566,100,235,0.03,3,0.45,0.1,50,1.5,0.03,0,0.8784789951877081
6837,random,inv_degree,6898575,100,259,0.03,3,0.45,0.1,50,1.5,0.05,1,0.8290871860053214
6838,random,inv_degree,6899584,100,253,0.03,3,0.45,0.1,50,1.5,0.05,1,0.8192586345349939
6839,random,inv_degree,6900593,100,240,0.03,3,0.45,0.1,50,1.5,0.07,1,0.7809281401569652
6840,random,inv_degree,6901602,100,231,0.03,3,0.45,0.1,50,1.5,0.06,2,0.8199553537701456
6841,random,inv_degree,6902611,100,228,0.03,3,0.45,0.1,50,1.5,0.1,2,0.7151142155724286
6842,random,inv_degree,6903620,100,250,0.03,3,0.45,0.1,50,1.5,0.1,1,0.715780531946558
6843,random,inv_degree,6904629,100,232,0.03,3,0.45,0.1,50,1.5,0.05,1,0.841563473944967
6844,random,inv_degree,6905638,100,240,0.03,3,0.45,0.1,50,1.5,0.09,3,0.743979151524276
6845,random,inv_degree,6906647,100,268,0.03,3,0.45,0.1,50,1.5,0.06,2,0.7856366623887016
6846,random,inv_degree,6907656,100,245,0.03,3,0.45,0.1,50,1.5,0.06,1,0.7950019009531074
6847,random,inv_degree,6908665,100,223,0.03,3,0.45,0.1,50,1.5,0.04,1,0.8445252492085576
6848,random,inv_degree,6909674,100,249,0.03,3,0.45,0.1,50,1.5,0.05,1,0.8078928199334634
6849,random,inv_degree,6910683,100,250,0.03,3,0.45,0.1,50,1.5,0.06,1,0.7825585346451428
6850,random,inv_degree,6911692,100,269,0.03,3,0.45,0.1,50,1.5,0.05,1,0.7786815899779116
6851,random,inv_degree,6912701,100,236,0.03,3,0.45,0.1,50,1.5,0.15,5,0.6032548593192433
6852,random,inv_degree,6913710,100,243,0.03,3,0.45,0.1,50,1.5,0.05,1,0.8193513444798638
6853,random,inv_degree,6914719,100,269,0.03,3,0.45,0.1,50,1.5,0.05,1,0.8082150578888765
6854,random,inv_degree,6915728,100,227,0.03,3,0.45,0.1,50,1.5,0.06,2,0.832728092933208
6855,random,inv_degree,6916737,100,250,0.03,3,0.45,0.1,50,1.5,0.04,1,0.8532334937532572
6856,random,inv_degree,6917746,100,254,0.03,3,0.45,0.1,50,1.5,0.06,1,0.7884498098181055
6857,random,inv_degree,6918755,100,263,0.03,3,0.45,0.1,50,1.5,0.04,1,0.841727253631902
6858,random,inv_degree,6919764,100,255,0.03,3,0.45,0.1,50,1.5,0.06,2,0.7923528161764567
6859,random,inv_degree,6920773,100,276,0.03,3,0.45,0.1,50,1.5,0.04,1,0.8244334109133526
6860,random,inv_degree,6921782,100,229,0.03,3,0.45,0.1,50,1.5,0.1,2,0.7323300245167356
6861,random,inv_degree,6922791,100,262,0.03,3,0.45,0.1,50,1.5,0.05,1,0.8120011608258284
6862,random,inv_degree,6923800,100,268,0.03,3,0.45,0.1,50,1.5,0.04,1,0.8320821485527837
6863,random,inv_degree,6924809,100,266,0.03,3,0.45,0.1,50,1.5,0.05,1,0.8085926875247752
6864,random,inv_degree,6925818,100,251,0.03,3,0.45,0.1,50,1.5,0.05,1,0.8211671222006329
6865,random,inv_degree,6926827,100,258,0.03,3,0.45,0.1,50,1.5,0.05,1,0.8024679320380286
6866,random,inv_degree,6927836,100,232,0.03,3,0.45,0.1,50,1.5,0.07,2,0.7941135404264454
6867,random,inv_degree,6928845,100,254,0.03,3,0.45,0.1,50,1.5,0.04,1,0.8488505825821828
6868,random,inv_degree,6929854,100,241,0.03,3,0.45,0.1,50,1.5,0.04,1,0.8614013218747605
6869,random,inv_degree,6930863,100,237,0.03,3,0.45,0.1,50,1.5,0.11,3,0.6846067720819439
6870,random,inv_degree,6931872,100,220,0.03,3,0.45,0.1,50,1.5,0.05,1,0.8432516039415341
6871,random,inv_degree,6932881,100,243,0.03,3,0.45,0.1,50,1.5,0.05,1,0.8297850592829975
6872,random,inv_degree,6933890,100,232,0.03,3,0.45,0.1,50,1.5,0.09,2,0.7567281752185753
6873,random,inv_degree,6934899,100,242,0.03,3,0.45,0.1,50,1.5,0.06,1,0.8162153955396371
6874,random,inv_degree,6935908,100,266,0.03,3,0.45,0.1,50,1.5,0.03,0,0.8847781846954778
6875,random,inv_degree,6936917,100,250,0.03,3,0.45,0.1,50,1.5,0.06,2,0.7994456675268963
6876,random,inv_degree,6937926,100,231,0.03,3,0.45,0.1,50,1.5,0.08,1,0.7712999426396547
6877,random,inv_degree,6938935,100,277,0.03,3,0.45,0.1,50,1.5,0.07,1,0.7698425873146565
6878,random,inv_degree,6939944,100,254,0.03,3,0.45,0.1,50,1.5,0.04,1,0.8575508615142347
6879,random,inv_degree,6940953,100,237,0.03,3,0.45,0.1,50,1.5,0.06,1,0.8151043701507912
6880,random,inv_degree,6941962,100,237,0.03,3,0.45,0.1,50,1.5,0.07,1,0.7734876969726094
6881,random,inv_degree,6942971,100,259,0.03,3,0.45,0.1,50,1.5,0.06,3,0.8039079620445977
6882,random,inv_degree,6943980,100,244,0.03,3,0.45,0.1,50,1.5,0.05,1,0.8432926444913705
6883,random,inv_degree,6944989,100,274,0.03,3,0.45,0.1,50,1.5,0.03,0,0.8636293902378337
6884,random,inv_degree,6945998,100,255,0.03,3,0.45,0.1,50,1.5,0.12,2,0.6580622438525746
6885,random,inv_degree,6947007,100,244,0.03,3,0.45,0.1,50,1.5,0.04,1,0.8604953672405372
6886,random,inv_degree,6948016,100,246,0.03,3,0.45,0.1,50,1.5,0.03,0,0.9002335032603712
6887,random,inv_degree,6949025,100,252,0.03,3,0.45,0.1,50,1.5,0.03,0,0.8578963648157661
6888,random,inv_degree,6950034,100,264,0.03,3,0.45,0.1,50,1.5,0.03,0,0.8719197441528027
6889,random,inv_degree,6951043,100,247,0.03,3,0.45,0.1,50,1.5,0.04,1,0.8471953512380449
6890,random,inv_degree,6952052,100,245,0.03,3,0.45,0.1,50,1.5,0.03,0,0.867157197192868
6891,random,inv_degree,6953061,100,223,0.03,3,0.45,0.1,50,1.5,0.08,2,0.7708001886068726
6892,random,inv_degree,6954070,100,204,0.03,3,0.45,0.1,50,1.5,0.06,1,0.833893218513345
6893,random,inv_degree,6955079,100,226,0.03,3,0.45,0.1,50,1.5,0.04,1,0.8611296465946127
6894,random,inv_degree,6956088,100,251,0.03,3,0.45,0.1,50,1.5,0.07,1,0.755656088960294
6895,random,inv_degree,6957097,100,249,0.03,3,0.45,0.1,50,1.5,0.06,2,0.7847074420599218
6896,random,inv_degree,6958106,100,261,0.03,3,0.45,0.1,50,1.5,0.04,1,0.8481799803774731
6897,random,inv_degree,6959115,100,209,0.03,3,0.45,0.1,50,1.5,0.05,2,0.8511781647799721
6898,random,inv_degree,6960124,100,269,0.03,3,0.45,0.1,50,1.5,0.03,0,0.8905477571325746
6899,random,inv_degree,6961133,100,250,0.03,3,0.45,0.1,50,1.5,0.03,0,0.8790194607657302
6900,random,inv_degree,6962142,100,232,0.03,3,0.45,0.1,50,1.5,0.05,1,0.8610019383710988
6901,random,inv_degree,6963151,100,238,0.03,3,0.45,0.1,50,1.5,0.04,1,0.8538713363678313
6902,random,inv_degree,6964160,100,255,0.03,3,0.45,0.1,50,1.5,0.06,1,0.7845261164397013
6903,random,inv_degree,6965169,100,236,0.03,3,0.45,0.1,50,1.5,0.06,3,0.7981388378404386
6904,random,inv_degree,6966178,100,254,0.03,3,0.45,0.1,50,1.5,0.05,1,0.8238220561154926
6905,random,inv_degree,6967187,100,244,0.03,3,0.45,0.1,50,1.5,0.04,1,0.8649604950640766
6906,random,inv_degree,6968196,100,231,0.03,3,0.45,0.1,50,1.5,0.03,0,0.8705903431861082
6907,random,inv_degree,6969205,100,261,0.03,3,0.45,0.1,50,1.5,0.06,1,0.7804654945343338
6908,random,inv_degree,6970214,100,272,0.03,3,0.45,0.1,50,1.5,0.07,3,0.7653969912828348
6909,random,inv_degree,6971223,100,258,0.03,3,0.45,0.1,50,1.5,0.03,0,0.8620891614084584
6910,random,inv_degree,6972232,100,253,0.03,3,0.45,0.1,50,1.5,0.03,0,0.86510953747689
6911,random,inv_degree,6973241,100,248,0.03,3,0.45,0.1,50,1.5,0.04,1,0.8645615299305219
6912,random,inv_degree,6974250,100,220,0.03,3,0.45,0.1,50,1.5,0.04,1,0.8838077949023643
6913,random,inv_degree,6975259,100,248,0.03,3,0.45,0.1,50,1.5,0.03,0,0.8826481186198358
6914,random,inv_degree,6976268,100,239,0.03,3,0.45,0.1,50,1.5,0.06,1,0.8038693237668101
6915,random,inv_degree,6977277,100,247,0.03,3,0.45,0.1,50,1.5,0.07,1,0.7812462480479294
6916,random,inv_degree,6978286,100,244,0.03,3,0.45,0.1,50,1.5,0.03,0,0.8810974816333218
6917,random,inv_degree,6979295,100,254,0.03,3,0.45,0.1,50,1.5,0.05,1,0.8084113268297101
6918,random,inv_degree,6980304,100,256,0.03,3,0.45,0.1,50,1.5,0.04,1,0.8495684818568348
6919,random,inv_degree,6981313,100,229,0.03,3,0.45,0.1,50,1.5,0.05,1,0.8314205288202122
6920,random,inv_degree,6982322,100,254,0.03,3,0.45,0.1,50,1.5,0.04,1,0.8331119758988317
6921,random,inv_degree,6983331,100,254,0.03,3,0.45,0.1,50,1.5,0.03,0,0.8728069848729846
6922,random,inv_degree,6984340,100,249,0.03,3,0.45,0.1,50,1.5,0.06,3,0.7845749379240681
6923,random,inv_degree,6985349,100,233,0.03,3,0.45,0.1,50,1.5,0.05,1,0.841343233796019
6924,random,inv_degree,6986358,100,250,0.03,3,0.45,0.1,50,1.5,0.04,1,0.834820446092454
6925,random,inv_degree,6987367,100,261,0.03,3,0.45,0.1,50,1.5,0.03,0,0.8646858066734638
6926,random,inv_degree,6988376,100,236,0.03,3,0.45,0.1,50,1.5,0.04,1,0.8497603541096651
6927,random,inv_degree,6989385,100,222,0.03,3,0.45,0.1,50,1.5,0.07,1,0.8062824054195252
6928,random,inv_degree,6990394,100,236,0.03,3,0.45,0.1,50,1.5,0.06,2,0.7900954439505037
6929,random,inv_degree,6991403,100,267,0.03,3,0.45,0.1,50,1.5,0.05,1,0.8047898991473877
6930,random,inv_degree,6992412,100,211,0.03,3,0.45,0.1,50,1.5,0.08,2,0.7501650082633492
6931,random,inv_degree,6993421,100,250,0.03,3,0.45,0.1,50,1.5,0.04,1,0.8370283149340632
6932,random,inv_degree,6994430,100,243,0.03,3,0.45,0.1,50,1.5,0.03,0,0.8825164195423886
6933,random,inv_degree,6995439,100,253,0.03,3,0.45,0.1,50,1.5,0.03,0,0.8745191341088993
6934,random,inv_degree,6996448,100,264,0.03,3,0.45,0.1,50,1.5,0.06,1,0.7907379083028843
6935,random,inv_degree,6997457,100,239,0.03,3,0.45,0.1,50,1.5,0.08,1,0.7553867390927808
6936,random,inv_degree,6998466,100,256,0.03,3,0.45,0.1,50,1.5,0.05,1,0.8184070664334269
6937,random,inv_degree,6999475,100,276,0.03,3,0.45,0.1,50,1.5,0.03,0,0.8728634268887776
6938,random,inv_degree,7000484,100,261,0.03,3,0.45,0.1,50,1.5,0.03,0,0.8636521551504999
6939,random,inv_degree,7001493,100,259,0.03,3,0.45,0.1,50,1.5,0.03,0,0.8672138700610721
6940,random,inv_degree,7002502,100,269,0.03,3,0.45,0.1,50,1.5,0.03,0,0.8660080754841069
6941,random,inv_degree,7003511,100,262,0.03,3,0.45,0.1,50,1.5,0.03,0,0.8683559302018884
6942,random,inv_degree,7004520,100,242,0.03,3,0.45,0.1,50,1.5,0.06,1,0.8127699865096685
6943,random,inv_degree,7005529,100,236,0.03,3,0.45,0.1,50,1.5,0.03,0,0.8786900800845618
6944,random,inv_degree,7006538,100,265,0.03,3,0.45,0.1,50,1.5,0.04,1,0.8329628413378218
6945,random,inv_degree,7007547,100,254,0.03,3,0.45,0.1,50,1.5,0.06,1,0.7770293796554769
6946,random,inv_degree,7008556,100,220,0.03,3,0.45,0.1,50,1.5,0.06,2,0.8119218676281759
6947,random,inv_degree,7009565,100,265,0.03,3,0.45,0.1,50,1.5,0.06,1,0.7773290801117696
6948,random,inv_degree,7010574,100,242,0.03,3,0.45,0.1,50,1.5,0.03,0,0.8679990794339691
6949,random,inv_degree,7011583,100,257,0.03,3,0.45,0.1,50,1.5,0.06,1,0.8037456674672674
6950,random,inv_degree,7012592,100,245,0.03,3,0.45,0.1,50,1.5,0.04,1,0.8433672796786936
6951,random,inv_degree,7013601,100,275,0.03,3,0.45,0.1,50,1.5,0.04,1,0.8372425098059201
6952,random,inv_degree,7014610,100,246,0.03,3,0.45,0.1,50,1.5,0.07,1,0.7854688448268946
6953,random,inv_degree,7015619,100,240,0.03,3,0.45,0.1,50,1.5,0.05,1,0.8217087115114942
6954,random,inv_degree,7016628,100,243,0.03,3,0.45,0.1,50,1.5,0.05,1,0.8346486261855607
6955,random,inv_degree,7017637,100,282,0.03,3,0.45,0.1,50,1.5,0.06,1,0.7628299532938714
6956,random,inv_degree,7018646,100,226,0.03,3,0.45,0.1,50,1.5,0.04,1,0.8756704911368041
6957,random,inv_degree,7019655,100,260,0.03,3,0.45,0.1,50,1.5,0.07,2,0.7690731406322203
6958,random,inv_degree,7020664,100,243,0.03,3,0.45,0.1,50,1.5,0.07,1,0.7908249444110018
6959,random,inv_degree,7021673,100,246,0.03,3,0.45,0.1,50,1.5,0.06,1,0.8222303304360351
6960,random,inv_degree,7022682,100,240,0.03,3,0.45,0.1,50,1.5,0.05,1,0.8239876305625968
6961,random,inv_degree,7023691,100,230,0.03,3,0.45,0.1,50,1.5,0.09,4,0.7544567527621647
6962,random,inv_degree,7024700,100,258,0.03,3,0.45,0.1,50,1.5,0.04,1,0.8466337465745049
6963,random,inv_degree,7025709,100,228,0.03,3,0.45,0.1,50,1.5,0.06,1,0.7993874475906455
6964,random,inv_degree,7026718,100,262,0.03,3,0.45,0.1,50,1.5,0.03,0,0.8590472954604269
6965,random,inv_degree,7027727,100,248,0.03,3,0.45,0.1,50,1.5,0.04,1,0.8552065137256382
6966,random,inv_degree,7028736,100,274,0.03,3,0.45,0.1,50,1.5,0.03,0,0.8387512958145984
6967,random,inv_degree,7029745,100,239,0.03,3,0.45,0.1,50,1.5,0.03,0,0.8931286905044681
6968,random,inv_degree,7030754,100,254,0.03,3,0.45,0.1,50,1.5,0.05,1,0.8059452526465352
6969,random,inv_degree,7031763,100,232,0.03,3,0.45,0.1,50,1.5,0.06,1,0.8109137793383903
6970,random,inv_degree,7032772,100,265,0.03,3,0.45,0.1,50,1.5,0.05,2,0.8041369751499617
6971,random,inv_degree,7033781,100,223,0.03,3,0.45,0.1,50,1.5,0.04,1,0.874165163252693
6972,random,inv_degree,7034790,100,245,0.03,3,0.45,0.1,50,1.5,0.05,1,0.8092331867427268
6973,random,inv_degree,7035799,100,235,0.03,3,0.45,0.1,50,1.5,0.07,3,0.7824053642377358
6974,random,inv_degree,7036808,100,243,0.03,3,0.45,0.1,50,1.5,0.07,2,0.7881783711669793
6975,random,inv_degree,7037817,100,249,0.03,3,0.45,0.1,50,1.5,0.05,1,0.8205608761451779
6976,random,inv_degree,7038826,100,238,0.03,3,0.45,0.1,50,1.5,0.05,2,0.8447767134980831
6977,random,inv_degree,7039835,100,255,0.03,3,0.45,0.1,50,1.5,0.04,1,0.8305557918186708
6978,random,inv_degree,7040844,100,255,0.03,3,0.45,0.1,50,1.5,0.05,1,0.8136200801888979
6979,random,inv_degree,7041853,100,257,0.03,3,0.45,0.1,50,1.5,0.03,0,0.8636408318900891
6980,random,inv_degree,7042862,100,245,0.03,3,0.45,0.1,50,1.5,0.06,1,0.7848159009873638
6981,random,inv_degree,7043871,100,251,0.03,3,0.45,0.1,50,1.5,0.06,1,0.8123141535352647
6982,random,inv_degree,7044880,100,274,0.03,3,0.45,0.1,50,1.5,0.04,1,0.8452774357542655
6983,random,inv_degree,7045889,100,256,0.03,3,0.45,0.1,50,1.5,0.04,1,0.8362691574344451
6984,random,inv_degree,7046898,100,226,0.03,3,0.45,0.1,50,1.5,0.06,1,0.8289211989474097
6985,random,inv_degree,7047907,100,243,0.03,3,0.45,0.1,50,1.5,0.04,1,0.8650945117829604
6986,random,inv_degree,7048916,100,213,0.03,3,0.45,0.1,50,1.5,0.06,1,0.8301493313767051
6987,random,inv_degree,7049925,100,268,0.03,3,0.45,0.1,50,1.5,0.05,1,0.8114892438464363
6988,random,inv_degree,7050934,100,216,0.03,3,0.45,0.1,50,1.5,0.04,1,0.8710487262144325
6989,random,inv_degree,7051943,100,228,0.03,3,0.45,0.1,50,1.5,0.04,1,0.8472596917049927
6990,random,inv_degree,7052952,100,253,0.03,3,0.45,0.1,50,1.5,0.03,0,0.8753720542779047
6991,random,inv_degree,7053961,100,258,0.03,3,0.45,0.1,50,1.5,0.03,0,0.8487996810059174
6992,random,inv_degree,7054970,100,283,0.03,3,0.45,0.1,50,1.5,0.07,1,0.7721439162968857
6993,random,inv_degree,7055979,100,229,0.03,3,0.45,0.1,50,1.5,0.05,1,0.8543767922451545
6994,random,inv_degree,7056988,100,231,0.03,3,0.45,0.1,50,1.5,0.07,1,0.8003170057291423
6995,random,inv_degree,7057997,100,237,0.03,3,0.45,0.1,50,1.5,0.03,0,0.8907546498735651
6996,random,inv_degree,7059006,100,282,0.03,3,0.45,0.1,50,1.5,0.06,1,0.7929649741801738
6997,random,inv_degree,7060015,100,242,0.03,3,0.45,0.1,50,1.5,0.05,1,0.8276744742306132
6998,random,inv_degree,7061024,100,243,0.03,3,0.45,0.1,50,1.5,0.13,4,0.6759193948678915
6999,random,inv_degree,7062033,100,251,0.03,3,0.45,0.1,50,1.5,0.13,4,0.6112257283157684
7000,random,inv_degree,7063042,100,254,0.03,3,0.45,0.1,50,1.5,0.11,4,0.6703506981753502
7001,scale_free,inv_degree,7064051,100,291,0.03,3,0.45,0.1,50,1.5,0.09,1,0.5120365757214606
7002,scale_free,inv_degree,7065060,100,291,0.03,3,0.45,0.1,50,1.5,0.1,2,0.5486253115534652
7003,scale_free,inv_degree,7066069,100,291,0.03,3,0.45,0.1,50,1.5,0.12,2,0.4740718163719868
7004,scale_free,inv_degree,7067078,100,291,0.03,3,0.45,0.1,50,1.5,0.17,4,0.34163305477397227
7005,scale_free,inv_degree,7068087,100,291,0.03,3,0.45,0.1,50,1.5,0.07,1,0.6246551385053013
7006,scale_free,inv_degree,7069096,100,291,0.03,3,0.45,0.1,50,1.5,0.18,5,0.33723829122288246
7007,scale_free,inv_degree,7070105,100,291,0.03,3,0.45,0.1,50,1.5,0.08,1,0.620930987031579
7008,scale_free,inv_degree,7071114,100,291,0.03,3,0.45,0.1,50,1.5,0.08,2,0.6272006973768909
7009,scale_free,inv_degree,7072123,100,291,0.03,3,0.45,0.1,50,1.5,0.2,5,0.2666192452715453
7010,scale_free,inv_degree,7073132,100,291,0.03,3,0.45,0.1,50,1.5,0.09,3,0.5752867947457081
7011,scale_free,inv_degree,7074141,100,291,0.03,3,0.45,0.1,50,1.5,0.1,3,0.5528139376640695
7012,scale_free,inv_degree,7075150,100,291,0.03,3,0.45,0.1,50,1.5,0.08,1,0.620949668783717
7013,scale_free,inv_degree,7076159,100,291,0.03,3,0.45,0.1,50,1.5,0.08,1,0.6090155348568898
7014,scale_free,inv_degree,7077168,100,291,0.03,3,0.45,0.1,50,1.5,0.06,1,0.6729768865552638
7015,scale_free,inv_degree,7078177,100,291,0.03,3,0.45,0.1,50,1.5,0.2,5,0.27483328370371396
7016,scale_free,inv_degree,7079186,100,291,0.03,3,0.45,0.1,50,1.5,0.08,2,0.606154289153766
7017,scale_free,inv_degree,7080195,100,291,0.03,3,0.45,0.1,50,1.5,0.14,3,0.38814129256308494
7018,scale_free,inv_degree,7081204,100,291,0.03,3,0.45,0.1,50,1.5,0.19,4,0.31890301774596114
7019,scale_free,inv_degree,7082213,100,291,0.03,3,0.45,0.1,50,1.5,0.24,8,0.22151597768120812
7020,scale_free,inv_degree,7083222,100,291,0.03,3,0.45,0.1,50,1.5,0.08,4,0.6280676069402392
7021,scale_free,inv_degree,7084231,100,291,0.03,3,0.45,0.1,50,1.5,0.15,4,0.34387785709847446
7022,scale_free,inv_degree,7085240,100,291,0.03,3,0.45,0.1,50,1.5,0.25,4,0.19277124264913945
7023,scale_free,inv_degree,7086249,100,291,0.03,3,0.45,0.1,50,1.5,0.1,2,0.5449724846646159
7024,scale_free,inv_degree,7087258,100,291,0.03,3,0.45,0.1,50,1.5,0.11,2,0.4589361765133526
7025,scale_free,inv_degree,7088267,100,291,0.03,3,0.45,0.1,50,1.5,0.18,6,0.3697179862331309
7026,scale_free,inv_degree,7089276,100,291,0.03,3,0.45,0.1,50,1.5,0.1,3,0.5645034909983743
7027,scale_free,inv_degree,7090285,100,291,0.03,3,0.45,0.1,50,1.5,0.13,3,0.40383195145640116
7028,scale_free,inv_degree,7091294,100,291,0.03,3,0.45,0.1,50,1.5,0.1,3,0.5567223577615884
7029,scale_free,inv_degree,7092303,100,291,0.03,3,0.45,0.1,50,1.5,0.07,1,0.6149903998833145
7030,scale_free,inv_degree,7093312,100,291,0.03,3,0.45,0.1,50,1.5,0.09,1,0.5530154301300072
7031,scale_free,inv_degree,7094321,100,291,0.03,3,0.45,0.1,50,1.5,0.1,2,0.5337071476112527
7032,scale_free,inv_degree,7095330,100,291,0.03,3,0.45,0.1,50,1.5,0.09,1,0.5397172593431036
7033,scale_free,inv_degree,7096339,100,291,0.03,3,0.45,0.1,50,1.5,0.11,3,0.509369589003618
7034,scale_free,inv_degree,7097348,100,291,0.03,3,0.45,0.1,50,1.5,0.25,6,0.19394736564386325
7035,scale_free,inv_degree,7098357,100,291,0.03,3,0.45,0.1,50,1.5,0.15,4,0.39419847464402114
7036,scale_free,inv_degree,7099366,100,291,0.03,3,0.45,0.1,50,1.5,0.13,3,0.4541770003722041
7037,scale_free,inv_degree,7100375,100,291,0.03,3,0.45,0.1,50,1.5,0.1,2,0.5332738909414869
7038,scale_free,inv_degree,7101384,100,291,0.03,3,0.45,0.1,50,1.5,0.18,3,0.28935128284103145
7039,scale_free,inv_degree,7102393,100,291,0.03,3,0.45,0.1,50,1.5,0.11,2,0.487822899453594
7040,scale_free,inv_degree,7103402,100,291,0.03,3,0.45,0.1,50,1.5,0.21,3,0.24234419345542055
7041,scale_free,inv_degree,7104411,100,291,0.03,3,0.45,0.1,50,1.5,0.14,2,0.3695316347893324
7042,scale_free,inv_degree,7105420,100,291,0.03,3,0.45,0.1,50,1.5,0.07,2,0.6312115242607466
7043,scale_free,inv_degree,7106429,100,291,0.03,3,0.45,0.1,50,1.5,0.14,3,0.37032770463986364
7044,scale_free,inv_degree,7107438,100,291,0.03,3,0.45,0.1,50,1.5,0.09,2,0.5709102730748256
7045,scale_free,inv_degree,7108447,100,291,0.03,3,0.45,0.1,50,1.5,0.18,3,0.34656828349050284
7046,scale_free,inv_degree,7109456,100,291,0.03,3,0.45,0.1,50,1.5,0.17,3,0.30757129918160486
7047,scale_free,inv_degree,7110465,100,291,0.03,3,0.45,0.1,50,1.5,0.14,3,0.43077257086379284
7048,scale_free,inv_degree,7111474,100,291,0.03,3,0.45,0.1,50,1.5,0.16,3,0.3761016173340443
7049,scale_free,inv_degree,7112483,100,291,0.03,3,0.45,0.1,50,1.5,0.1,2,0.5857134754002149
7050,scale_free,inv_degree,7113492,100,291,0.03,3,0.45,0.1,50,1.5,0.05,1,0.7340323461186231
7051,scale_free,inv_degree,7114501,100,291,0.03,3,0.45,0.1,50,1.5,0.13,3,0.4613031389748951
7052,scale_free,inv_degree,7115510,100,291,0.03,3,0.45,0.1,50,1.5,0.17,3,0.34764732387759445
7053,scale_free,inv_degree,7116519,100,291,0.03,3,0.45,0.1,50,1.5,0.11,4,0.5213478822098668
7054,scale_free,inv_degree,7117528,100,291,0.03,3,0.45,0.1,50,1.5,0.16,3,0.38161533073140946
7055,scale_free,inv_degree,7118537,100,291,0.03,3,0.45,0.1,50,1.5,0.16,3,0.3868284959176113
7056,scale_free,inv_degree,7119546,100,291,0.03,3,0.45,0.1,50,1.5,0.13,2,0.42177061754571876
7057,scale_free,inv_degree,7120555,100,291,0.03,3,0.45,0.1,50,1.5,0.12,2,0.44692560576382057
7058,scale_free,inv_degree,7121564,100,291,0.03,3,0.45,0.1,50,1.5,0.09,1,0.5248703581075629
7059,scale_free,inv_degree,7122573,100,291,0.03,3,0.45,0.1,50,1.5,0.1,2,0.5353793629621099
7060,scale_free,inv_degree,7123582,100,291,0.03,3,0.45,0.1,50,1.5,0.14,2,0.38323995987634757
7061,scale_free,inv_degree,7124591,100,291,0.03,3,0.45,0.1,50,1.5,0.12,3,0.44503203462217417
7062,scale_free,inv_degree,7125600,100,291,0.03,3,0.45,0.1,50,1.5,0.18,6,0.3010455044807702
7063,scale_free,inv_degree,7126609,100,291,0.03,3,0.45,0.1,50,1.5,0.16,8,0.3739325570520677
7064,scale_free,inv_degree,7127618,100,291,0.03,3,0.45,0.1,50,1.5,0.13,2,0.41489173434920973
7065,scale_free,inv_degree,7128627,100,291,0.03,3,0.45,0.1,50,1.5,0.13,2,0.4106300676527356
7066,scale_free,inv_degree,7129636,100,291,0.03,3,0.45,0.1,50,1.5,0.23,6,0.23212454302800717
7067,scale_free,inv_degree,7130645,100,291,0.03,3,0.45,0.1,50,1.5,0.06,1,0.6604313088631681
7068,scale_free,inv_degree,7131654,100,291,0.03,3,0.45,0.1,50,1.5,0.16,4,0.36686894081433746
7069,scale_free,inv_degree,7132663,100,291,0.03,3,0.45,0.1,50,1.5,0.14,2,0.40475987525026635
7070,scale_free,inv_degree,7133672,100,291,0.03,3,0.45,0.1,50,1.5,0.13,2,0.39578784828864855
7071,scale_free,inv_degree,7134681,100,291,0.03,3,0.45,0.1,50,1.5,0.14,4,0.4051948566748172
7072,scale_free,inv_degree,7135690,100,291,0.03,3,0.45,0.1,50,1.5,0.07,3,0.6086865997076777
7073,scale_free,inv_degree,7136699,100,291,0.03,3,0.45,0.1,50,1.5,0.24,7,0.23001230707367595
7074,scale_free,inv_degree,7137708,100,291,0.03,3,0.45,0.1,50,1.5,0.11,2,0.4885365169016834
7075,scale_free,inv_degree,7138717,100,291,0.03,3,0.45,0.1,50,1.5,0.16,3,0.37568838165590607
7076,scale_free,inv_degree,7139726,100,291,0.03,3,0.45,0.1,50,1.5,0.18,3,0.28394256005510604
7077,scale_free,inv_degree,7140735,100,291,0.03,3,0.45,0.1,50,1.5,0.15,2,0.3586575708478251
7078,scale_free,inv_degree,7141744,100,291,0.03,3,0.45,0.1,50,1.5,0.14,3,0.4080581387172709
7079,scale_free,inv_degree,7142753,100,291,0.03,3,0.45,0.1,50,1.5,0.05,1,0.672004599693318
7080,scale_free,inv_degree,7143762,100,291,0.03,3,0.45,0.1,50,1.5,0.09,1,0.5666026710131038
7081,scale_free,inv_degree,7144771,100,291,0.03,3,0.45,0.1,50,1.5,0.11,2,0.48330825737069266
7082,scale_free,inv_degree,7145780,100,291,0.03,3,0.45,0.1,50,1.5,0.19,3,0.25164491611152284
7083,scale_free,inv_degree,7146789,100,291,0.03,3,0.45,0.1,50,1.5,0.1,1,0.5089141843325601
7084,scale_free,inv_degree,7147798,100,291,0.03,3,0.45,0.1,50,1.5,0.1,4,0.5495521803560557
7085,scale_free,inv_degree,7148807,100,291,0.03,3,0.45,0.1,50,1.5,0.09,2,0.5561208358818913
7086,scale_free,inv_degree,7149816,100,291,0.03,3,0.45,0.1,50,1.5,0.15,1,0.3406800499302736
7087,scale_free,inv_degree,7150825,100,291,0.03,3,0.45,0.1,50,1.5,0.09,1,0.5714274676081003
7088,scale_free,inv_degree,7151834,100,291,0.03,3,0.45,0.1,50,1.5,0.08,2,0.6011392480991681
7089,scale_free,inv_degree,7152843,100,291,0.03,3,0.45,0.1,50,1.5,0.11,2,0.48167122448274896
7090,scale_free,inv_degree,7153852,100,291,0.03,3,0.45,0.1,50,1.5,0.11,2,0.46267192606404006
7091,scale_free,inv_degree,7154861,100,291,0.03,3,0.45,0.1,50,1.5,0.03,0,0.7764179000951855
7092,scale_free,inv_degree,7155870,100,291,0.03,3,0.45,0.1,50,1.5,0.15,4,0.3714762821129968
7093,scale_free,inv_degree,7156879,100,291,0.03,3,0.45,0.1,50,1.5,0.13,2,0.4560415471390092
7094,scale_free,inv_degree,7157888,100,291,0.03,3,0.45,0.1,50,1.5,0.12,2,0.46148482025804666
7095,scale_free,inv_degree,7158897,100,291,0.03,3,0.45,0.1,50,1.5,0.08,2,0.5751328400010735
7096,scale_free,inv_degree,7159906,100,291,0.03,3,0.45,0.1,50,1.5,0.12,2,0.49612430738846325
7097,scale_free,inv_degree,7160915,100,291,0.03,3,0.45,0.1,50,1.5,0.11,3,0.5306001096222898
7098,scale_free,inv_degree,7161924,100,291,0.03,3,0.45,0.1,50,1.5,0.11,2,0.5137406628488538
7099,scale_free,inv_degree,7162933,100,291,0.03,3,0.45,0.1,50,1.5,0.08,2,0.5490218456737732
7100,scale_free,inv_degree,7163942,100,291,0.03,3,0.45,0.1,50,1.5,0.18,3,0.20542818768295507
7101,scale_free,inv_degree,7164951,100,291,0.03,3,0.45,0.1,50,1.5,0.11,2,0.48284674981026837
7102,scale_free,inv_degree,7165960,100,291,0.03,3,0.45,0.1,50,1.5,0.24,8,0.20344605208927874
7103,scale_free,inv_degree,7166969,100,291,0.03,3,0.45,0.1,50,1.5,0.1,3,0.49924532070528027
7104,scale_free,inv_degree,7167978,100,291,0.03,3,0.45,0.1,50,1.5,0.08,2,0.5947406634265819
7105,scale_free,inv_degree,7168987,100,291,0.03,3,0.45,0.1,50,1.5,0.14,2,0.4203261584069418
7106,scale_free,inv_degree,7169996,100,291,0.03,3,0.45,0.1,50,1.5,0.1,2,0.4986250780194427
7107,scale_free,inv_degree,7171005,100,291,0.03,3,0.45,0.1,50,1.5,0.17,2,0.3472896810597126
7108,scale_free,inv_degree,7172014,100,291,0.03,3,0.45,0.1,50,1.5,0.09,2,0.6033657545778227
7109,scale_free,inv_degree,7173023,100,291,0.03,3,0.45,0.1,50,1.5,0.07,1,0.6513267729909474
7110,scale_free,inv_degree,7174032,100,291,0.03,3,0.45,0.1,50,1.5,0.11,2,0.4846248828577988
7111,scale_free,inv_degree,7175041,100,291,0.03,3,0.45,0.1,50,1.5,0.1,2,0.5705721178989599
7112,scale_free,inv_degree,7176050,100,291,0.03,3,0.45,0.1,50,1.5,0.13,2,0.4461117408124317
7113,scale_free,inv_degree,7177059,100,291,0.03,3,0.45,0.1,50,1.5,0.13,3,0.413487115716038
7114,scale_free,inv_degree,7178068,100,291,0.03,3,0.45,0.1,50,1.5,0.15,3,0.43766389274190076
7115,scale_free,inv_degree,7179077,100,291,0.03,3,0.45,0.1,50,1.5,0.18,6,0.29104221595241964
7116,scale_free,inv_degree,7180086,100,291,0.03,3,0.45,0.1,50,1.5,0.12,2,0.5080269522394328
7117,scale_free,inv_degree,7181095,100,291,0.03,3,0.45,0.1,50,1.5,0.05,2,0.7008500485608824
7118,scale_free,inv_degree,7182104,100,291,0.03,3,0.45,0.1,50,1.5,0.1,2,0.518528041577244
7119,scale_free,inv_degree,7183113,100,291,0.03,3,0.45,0.1,50,1.5,0.06,1,0.6965241820635973
7120,scale_free,inv_degree,7184122,100,291,0.03,3,0.45,0.1,50,1.5,0.14,3,0.4081256482832703
7121,scale_free,inv_degree,7185131,100,291,0.03,3,0.45,0.1,50,1.5,0.09,2,0.564373228818897
7122,scale_free,inv_degree,7186140,100,291,0.03,3,0.45,0.1,50,1.5,0.12,6,0.462073225509127
7123,scale_free,inv_degree,7187149,100,291,0.03,3,0.45,0.1,50,1.5,0.13,2,0.4304421410356236
7124,scale_free,inv_degree,7188158,100,291,0.03,3,0.45,0.1,50,1.5,0.1,2,0.5354078700903507
7125,scale_free,inv_degree,7189167,100,291,0.03,3,0.45,0.1,50,1.5,0.07,2,0.6344308637968081
7126,scale_free,inv_degree,7190176,100,291,0.03,3,0.45,0.1,50,1.5,0.07,1,0.6333637124200188
7127,scale_free,inv_degree,7191185,100,291,0.03,3,0.45,0.1,50,1.5,0.17,4,0.3194972151303113
7128,scale_free,inv_degree,7192194,100,291,0.03,3,0.45,0.1,50,1.5,0.15,3,0.41650101853636706
7129,scale_free,inv_degree,7193203,100,291,0.03,3,0.45,0.1,50,1.5,0.07,1,0.5961917736045371
7130,scale_free,inv_degree,7194212,100,291,0.03,3,0.45,0.1,50,1.5,0.09,2,0.515451991447417
7131,scale_free,inv_degree,7195221,100,291,0.03,3,0.45,0.1,50,1.5,0.14,3,0.4394866485708886
7132,scale_free,inv_degree,7196230,100,291,0.03,3,0.45,0.1,50,1.5,0.23,4,0.19722749249450724
7133,scale_free,inv_degree,7197239,100,291,0.03,3,0.45,0.1,50,1.5,0.18,5,0.26964714277351987
7134,scale_free,inv_degree,7198248,100,291,0.03,3,0.45,0.1,50,1.5,0.12,3,0.4863677497490972
7135,scale_free,inv_degree,7199257,100,291,0.03,3,0.45,0.1,50,1.5,0.17,3,0.3380456792700361
7136,scale_free,inv_degree,7200266,100,291,0.03,3,0.45,0.1,50,1.5,0.15,2,0.3647792306678557
7137,scale_free,inv_degree,7201275,100,291,0.03,3,0.45,0.1,50,1.5,0.13,3,0.4740807695180838
7138,scale_free,inv_degree,7202284,100,291,0.03,3,0.45,0.1,50,1.5,0.11,1,0.4652326823908159
7139,scale_free,inv_degree,7203293,100,291,0.03,3,0.45,0.1,50,1.5,0.19,5,0.29728263836738805
7140,scale_free,inv_degree,7204302,100,291,0.03,3,0.45,0.1,50,1.5,0.17,3,0.36372159825866074
7141,scale_free,inv_degree,7205311,100,291,0.03,3,0.45,0.1,50,1.5,1.0,22,0.0
7142,scale_free,inv_degree,7206320,100,291,0.03,3,0.45,0.1,50,1.5,0.13,3,0.38940365924647075
7143,scale_free,inv_degree,7207329,100,291,0.03,3,0.45,0.1,50,1.5,0.11,2,0.5037590016107548
7144,scale_free,inv_degree,7208338,100,291,0.03,3,0.45,0.1,50,1.5,0.07,1,0.6264779165824484
7145,scale_free,inv_degree,7209347,100,291,0.03,3,0.45,0.1,50,1.5,0.09,3,0.5386764946940387
7146,scale_free,inv_degree,7210356,100,291,0.03,3,0.45,0.1,50,1.5,0.25,4,0.207970188358078
7147,scale_free,inv_degree,7211365,100,291,0.03,3,0.45,0.1,50,1.5,0.09,1,0.48986740253206346
7148,scale_free,inv_degree,7212374,100,291,0.03,3,0.45,0.1,50,1.5,0.14,4,0.37567426590345504
7149,scale_free,inv_degree,7213383,100,291,0.03,3,0.45,0.1,50,1.5,0.32,6,0.08394900203825743
7150,scale_free,inv_degree,7214392,100,291,0.03,3,0.45,0.1,50,1.5,0.13,4,0.41503543801357
7151,scale_free,inv_degree,7215401,100,291,0.03,3,0.45,0.1,50,1.5,0.15,3,0.38230022285109294
7152,scale_free,inv_degree,7216410,100,291,0.03,3,0.45,0.1,50,1.5,0.13,3,0.44762017339628546
7153,scale_free,inv_degree,7217419,100,291,0.03,3,0.45,0.1,50,1.5,0.16,3,0.35406757710385117
7154,scale_free,inv_degree,7218428,100,291,0.03,3,0.45,0.1,50,1.5,0.13,2,0.441339078454132
7155,scale_free,inv_degree,7219437,100,291,0.03,3,0.45,0.1,50,1.5,0.06,1,0.6821667936183966
7156,scale_free,inv_degree,7220446,100,291,0.03,3,0.45,0.1,50,1.5,0.11,2,0.4332172132452998
7157,scale_free,inv_degree,7221455,100,291,0.03,3,0.45,0.1,50,1.5,0.11,2,0.5420360165336876
7158,scale_free,inv_degree,7222464,100,291,0.03,3,0.45,0.1,50,1.5,0.16,3,0.3419039530106584
7159,scale_free,inv_degree,7223473,100,291,0.03,3,0.45,0.1,50,1.5,0.08,1,0.6211586983432111
7160,scale_free,inv_degree,7224482,100,291,0.03,3,0.45,0.1,50,1.5,0.09,1,0.49336898368664084
7161,scale_free,inv_degree,7225491,100,291,0.03,3,0.45,0.1,50,1.5,0.18,4,0.33789563597662237
7162,scale_free,inv_degree,7226500,100,291,0.03,3,0.45,0.1,50,1.5,0.08,1,0.5816064793153997
7163,scale_free,inv_degree,7227509,100,291,0.03,3,0.45,0.1,50,1.5,0.2,5,0.24230152169914912
7164,scale_free,inv_degree,7228518,100,291,0.03,3,0.45,0.1,50,1.5,0.09,3,0.5883974203400768
7165,scale_free,inv_degree,7229527,100,291,0.03,3,0.45,0.1,50,1.5,0.1,2,0.5329552701752374
7166,scale_free,inv_degree,7230536,100,291,0.03,3,0.45,0.1,50,1.5,0.09,1,0.5604295055921381
7167,scale_free,inv_degree,7231545,100,291,0.03,3,0.45,0.1,50,1.5,0.07,1,0.6358570151785364
7168,scale_free,inv_degree,7232554,100,291,0.03,3,0.45,0.1,50,1.5,0.16,4,0.3625008144533933
7169,scale_free,inv_degree,7233563,100,291,0.03,3,0.45,0.1,50,1.5,0.17,4,0.3819119173387596
7170,scale_free,inv_degree,7234572,100,291,0.03,3,0.45,0.1,50,1.5,0.19,7,0.25552312990260434
7171,scale_free,inv_degree,7235581,100,291,0.03,3,0.45,0.1,50,1.5,0.3,5,0.10972602603420908
7172,scale_free,inv_degree,7236590,100,291,0.03,3,0.45,0.1,50,1.5,0.07,1,0.623552804171161
7173,scale_free,inv_degree,7237599,100,291,0.03,3,0.45,0.1,50,1.5,0.06,2,0.6651555437452243
7174,scale_free,inv_degree,7238608,100,291,0.03,3,0.45,0.1,50,1.5,0.15,4,0.37851946644982637
7175,scale_free,inv_degree,7239617,100,291,0.03,3,0.45,0.1,50,1.5,0.04,1,0.7215889992673621
7176,scale_free,inv_degree,7240626,100,291,0.03,3,0.45,0.1,50,1.5,0.14,3,0.36703229467783194
7177,scale_free,inv_degree,7241635,100,291,0.03,3,0.45,0.1,50,1.5,0.11,3,0.4807559682230443
7178,scale_free,inv_degree,7242644,100,291,0.03,3,0.45,0.1,50,1.5,0.25,5,0.21509248491710403
7179,scale_free,inv_degree,7243653,100,291,0.03,3,0.45,0.1,50,1.5,0.12,2,0.4807669468855708
7180,scale_free,inv_degree,7244662,100,291,0.03,3,0.45,0.1,50,1.5,0.1,2,0.5287761640785092
7181,scale_free,inv_degree,7245671,100,291,0.03,3,0.45,0.1,50,1.5,0.21,3,0.26362537529103275
7182,scale_free,inv_degree,7246680,100,291,0.03,3,0.45,0.1,50,1.5,0.1,1,0.5344866844727847
7183,scale_free,inv_degree,7247689,100,291,0.03,3,0.45,0.1,50,1.5,0.11,2,0.47770364704867263
7184,scale_free,inv_degree,7248698,100,291,0.03,3,0.45,0.1,50,1.5,0.14,1,0.3716573626516625
7185,scale_free,inv_degree,7249707,100,291,0.03,3,0.45,0.1,50,1.5,0.06,1,0.6147837828596637
7186,scale_free,inv_degree,7250716,100,291,0.03,3,0.45,0.1,50,1.5,0.08,2,0.5962211120329318
7187,scale_free,inv_degree,7251725,100,291,0.03,3,0.45,0.1,50,1.5,0.11,2,0.4984284028002679
7188,scale_free,inv_degree,7252734,100,291,0.03,3,0.45,0.1,50,1.5,0.24,5,0.20059371096122014
7189,scale_free,inv_degree,7253743,100,291,0.03,3,0.45,0.1,50,1.5,0.16,2,0.35333970330011577
7190,scale_free,inv_degree,7254752,100,291,0.03,3,0.45,0.1,50,1.5,0.07,1,0.6373428917331011
7191,scale_free,inv_degree,7255761,100,291,0.03,3,0.45,0.1,50,1.5,0.12,2,0.4438011623993259
7192,scale_free,inv_degree,7256770,100,291,0.03,3,0.45,0.1,50,1.5,0.12,2,0.41202865396804983
7193,scale_free,inv_degree,7257779,100,291,0.03,3,0.45,0.1,50,1.5,0.1,3,0.5270417582204475
7194,scale_free,inv_degree,7258788,100,291,0.03,3,0.45,0.1,50,1.5,0.11,2,0.5069183990135598
7195,scale_free,inv_degree,7259797,100,291,0.03,3,0.45,0.1,50,1.5,0.06,1,0.6429484134307446
7196,scale_free,inv_degree,7260806,100,291,0.03,3,0.45,0.1,50,1.5,0.09,2,0.5785596200900067
7197,scale_free,inv_degree,7261815,100,291,0.03,3,0.45,0.1,50,1.5,0.24,3,0.20703910575209078
7198,scale_free,inv_degree,7262824,100,291,0.03,3,0.45,0.1,50,1.5,0.16,1,0.2783998415374006
7199,scale_free,inv_degree,7263833,100,291,0.03,3,0.45,0.1,50,1.5,0.14,2,0.33738154724104236
7200,scale_free,inv_degree,7264842,100,291,0.03,3,0.45,0.1,50,1.5,0.15,2,0.4053582597529378
7201,scale_free,inv_degree,7265851,100,291,0.03,3,0.45,0.1,50,1.5,0.11,2,0.48389781777256213
7202,scale_free,inv_degree,7266860,100,291,0.03,3,0.45,0.1,50,1.5,0.13,3,0.4529266338948938
7203,scale_free,inv_degree,7267869,100,291,0.03,3,0.45,0.1,50,1.5,0.1,2,0.5265898048269706
7204,scale_free,inv_degree,7268878,100,291,0.03,3,0.45,0.1,50,1.5,0.14,2,0.4316449906562204
7205,scale_free,inv_degree,7269887,100,291,0.03,3,0.45,0.1,50,1.5,0.06,1,0.6169804655234132
7206,scale_free,inv_degree,7270896,100,291,0.03,3,0.45,0.1,50,1.5,0.11,3,0.5052703373504548
7207,scale_free,inv_degree,7271905,100,291,0.03,3,0.45,0.1,50,1.5,0.14,2,0.435937395924568
7208,scale_free,inv_degree,7272914,100,291,0.03,3,0.45,0.1,50,1.5,0.16,2,0.35234263609550137
7209,scale_free,inv_degree,7273923,100,291,0.03,3,0.45,0.1,50,1.5,0.09,1,0.5361046110311966
7210,scale_free,inv_degree,7274932,100,291,0.03,3,0.45,0.1,50,1.5,0.12,1,0.4729816630365383
7211,scale_free,inv_degree,7275941,100,291,0.03,3,0.45,0.1,50,1.5,0.21,5,0.2681911508735272
7212,scale_free,inv_degree,7276950,100,291,0.03,3,0.45,0.1,50,1.5,0.09,1,0.5518686939943583
7213,scale_free,inv_degree,7277959,100,291,0.03,3,0.45,0.1,50,1.5,0.21,9,0.28802804065850446
7214,scale_free,inv_degree,7278968,100,291,0.03,3,0.45,0.1,50,1.5,0.17,3,0.3310280067547665
7215,scale_free,inv_degree,7279977,100,291,0.03,3,0.45,0.1,50,1.5,0.21,5,0.19846503084396422
7216,scale_free,inv_degree,7280986,100,291,0.03,3,0.45,0.1,50,1.5,0.11,2,0.5151216073432587
7217,scale_free,inv_degree,7281995,100,291,0.03,3,0.45,0.1,50,1.5,0.11,2,0.4237384546957329
7218,scale_free,inv_degree,7283004,100,291,0.03,3,0.45,0.1,50,1.5,0.13,2,0.3881777638102482
7219,scale_free,inv_degree,7284013,100,291,0.03,3,0.45,0.1,50,1.5,0.11,2,0.4971920149666528
7220,scale_free,inv_degree,7285022,100,291,0.03,3,0.45,0.1,50,1.5,0.17,4,0.3911488265446547
7221,scale_free,inv_degree,7286031,100,291,0.03,3,0.45,0.1,50,1.5,0.1,3,0.5435785290155096
7222,scale_free,inv_degree,7287040,100,291,0.03,3,0.45,0.1,50,1.5,0.13,4,0.4623359322405793
7223,scale_free,inv_degree,7288049,100,291,0.03,3,0.45,0.1,50,1.5,0.22,5,0.21797277869617718
7224,scale_free,inv_degree,7289058,100,291,0.03,3,0.45,0.1,50,1.5,0.25,5,0.16419701957665453
7225,scale_free,inv_degree,7290067,100,291,0.03,3,0.45,0.1,50,1.5,0.07,1,0.6176880191572123
7226,scale_free,inv_degree,7291076,100,291,0.03,3,0.45,0.1,50,1.5,0.16,4,0.40107722756066383
7227,scale_free,inv_degree,7292085,100,291,0.03,3,0.45,0.1,50,1.5,0.12,2,0.48509645072493185
7228,scale_free,inv_degree,7293094,100,291,0.03,3,0.45,0.1,50,1.5,0.28,5,0.13849520928925613
7229,scale_free,inv_degree,7294103,100,291,0.03,3,0.45,0.1,50,1.5,0.11,2,0.5357754862086681
7230,scale_free,inv_degree,7295112,100,291,0.03,3,0.45,0.1,50,1.5,0.18,4,0.29426282503872464
7231,scale_free,inv_degree,7296121,100,291,0.03,3,0.45,0.1,50,1.5,0.17,5,0.29773031991615523
7232,scale_free,inv_degree,7297130,100,291,0.03,3,0.45,0.1,50,1.5,0.13,4,0.49355999971545916
7233,scale_free,inv_degree,7298139,100,291,0.03,3,0.45,0.1,50,1.5,0.1,4,0.5570996027765083
7234,scale_free,inv_degree,7299148,100,291,0.03,3,0.45,0.1,50,1.5,0.09,1,0.5549816819083129
7235,scale_free,inv_degree,7300157,100,291,0.03,3,0.45,0.1,50,1.5,0.17,6,0.35974447532502074
7236,scale_free,inv_degree,7301166,100,291,0.03,3,0.45,0.1,50,1.5,0.05,1,0.7023279280047903
7237,scale_free,inv_degree,7302175,100,291,0.03,3,0.45,0.1,50,1.5,0.12,1,0.4074725277275248
7238,scale_free,inv_degree,7303184,100,291,0.03,3,0.45,0.1,50,1.5,0.1,2,0.5270485551939845
7239,scale_free,inv_degree,7304193,100,291,0.03,3,0.45,0.1,50,1.5,0.11,2,0.5012814735181376
7240,scale_free,inv_degree,7305202,100,291,0.03,3,0.45,0.1,50,1.5,0.16,3,0.34618183539143926
7241,scale_free,inv_degree,7306211,100,291,0.03,3,0.45,0.1,50,1.5,0.12,2,0.41102921527698816
7242,scale_free,inv_degree,7307220,100,291,0.03,3,0.45,0.1,50,1.5,0.16,4,0.3523999546245269
7243,scale_free,inv_degree,7308229,100,291,0.03,3,0.45,0.1,50,1.5,0.12,5,0.4483379393128526
7244,scale_free,inv_degree,7309238,100,291,0.03,3,0.45,0.1,50,1.5,0.07,1,0.6375156878386607
7245,scale_free,inv_degree,7310247,100,291,0.03,3,0.45,0.1,50,1.5,0.09,3,0.5381979028548212
7246,scale_free,inv_degree,7311256,100,291,0.03,3,0.45,0.1,50,1.5,0.08,2,0.5693733603286018
7247,scale_free,inv_degree,7312265,100,291,0.03,3,0.45,0.1,50,1.5,0.17,3,0.28435789550424345
7248,scale_free,inv_degree,7313274,100,291,0.03,3,0.45,0.1,50,1.5,0.1,1,0.5422297889251801
7249,scale_free,inv_degree,7314283,100,291,0.03,3,0.45,0.1,50,1.5,0.08,2,0.6109646983512355
7250,scale_free,inv_degree,7315292,100,291,0.03,3,0.45,0.1,50,1.5,0.12,1,0.4287002883645678
7251,scale_free,inv_degree,7316301,100,291,0.03,3,0.45,0.1,50,1.5,0.14,3,0.439514137931044
7252,scale_free,inv_degree,7317310,100,291,0.03,3,0.45,0.1,50,1.5,0.09,1,0.5632918476114226
7253,scale_free,inv_degree,7318319,100,291,0.03,3,0.45,0.1,50,1.5,0.11,2,0.5352960128100684
7254,scale_free,inv_degree,7319328,100,291,0.03,3,0.45,0.1,50,1.5,0.13,3,0.46165168281873775
7255,scale_free,inv_degree,7320337,100,291,0.03,3,0.45,0.1,50,1.5,0.23,4,0.18517842506797047
7256,scale_free,inv_degree,7321346,100,291,0.03,3,0.45,0.1,50,1.5,0.13,2,0.42823084535683315
7257,scale_free,inv_degree,7322355,100,291,0.03,3,0.45,0.1,50,1.5,0.18,3,0.27937748045575006
7258,scale_free,inv_degree,7323364,100,291,0.03,3,0.45,0.1,50,1.5,0.09,1,0.5842455635538193
7259,scale_free,inv_degree,7324373,100,291,0.03,3,0.45,0.1,50,1.5,0.1,1,0.5431870247408933
7260,scale_free,inv_degree,7325382,100,291,0.03,3,0.45,0.1,50,1.5,0.12,2,0.45004828102751093
7261,scale_free,inv_degree,7326391,100,291,0.03,3,0.45,0.1,50,1.5,0.08,2,0.5917856194586136
7262,scale_free,inv_degree,7327400,100,291,0.03,3,0.45,0.1,50,1.5,0.15,3,0.4082968871042021
7263,scale_free,inv_degree,7328409,100,291,0.03,3,0.45,0.1,50,1.5,0.06,2,0.6510474567823977
7264,scale_free,inv_degree,7329418,100,291,0.03,3,0.45,0.1,50,1.5,0.09,3,0.6165642345009515
7265,scale_free,inv_degree,7330427,100,291,0.03,3,0.45,0.1,50,1.5,0.12,2,0.4535809945689562
7266,scale_free,inv_degree,7331436,100,291,0.03,3,0.45,0.1,50,1.5,0.1,2,0.505214027322021
7267,scale_free,inv_degree,7332445,100,291,0.03,3,0.45,0.1,50,1.5,0.13,2,0.3942211562970331
7268,scale_free,inv_degree,7333454,100,291,0.03,3,0.45,0.1,50,1.5,0.19,6,0.34343476764460235
7269,scale_free,inv_degree,7334463,100,291,0.03,3,0.45,0.1,50,1.5,0.09,2,0.5382644338126341
7270,scale_free,inv_degree,7335472,100,291,0.03,3,0.45,0.1,50,1.5,0.1,2,0.5505136755352422
7271,scale_free,inv_degree,7336481,100,291,0.03,3,0.45,0.1,50,1.5,0.12,1,0.46659431123803097
7272,scale_free,inv_degree,7337490,100,291,0.03,3,0.45,0.1,50,1.5,0.08,1,0.5864992014781686
7273,scale_free,inv_degree,7338499,100,291,0.03,3,0.45,0.1,50,1.5,0.13,1,0.42494812607169274
7274,scale_free,inv_degree,7339508,100,291,0.03,3,0.45,0.1,50,1.5,0.29,5,0.14019157668006027
7275,scale_free,inv_degree,7340517,100,291,0.03,3,0.45,0.1,50,1.5,0.07,1,0.6364103512566884
7276,scale_free,inv_degree,7341526,100,291,0.03,3,0.45,0.1,50,1.5,0.14,4,0.4726784674043925
7277,scale_free,inv_degree,7342535,100,291,0.03,3,0.45,0.1,50,1.5,0.26,8,0.1964423720273064
7278,scale_free,inv_degree,7343544,100,291,0.03,3,0.45,0.1,50,1.5,0.17,5,0.3583730645109312
7279,scale_free,inv_degree,7344553,100,291,0.03,3,0.45,0.1,50,1.5,0.08,1,0.5874503570667534
7280,scale_free,inv_degree,7345562,100,291,0.03,3,0.45,0.1,50,1.5,0.04,1,0.7125707333383077
7281,scale_free,inv_degree,7346571,100,291,0.03,3,0.45,0.1,50,1.5,0.13,2,0.44670677005182813
7282,scale_free,inv_degree,7347580,100,291,0.03,3,0.45,0.1,50,1.5,0.33,5,0.10214644276305931
7283,scale_free,inv_degree,7348589,100,291,0.03,3,0.45,0.1,50,1.5,0.08,2,0.5605960142910499
7284,scale_free,inv_degree,7349598,100,291,0.03,3,0.45,0.1,50,1.5,0.11,2,0.47777471415316236
7285,scale_free,inv_degree,7350607,100,291,0.03,3,0.45,0.1,50,1.5,0.1,2,0.541532413912777
7286,scale_free,inv_degree,7351616,100,291,0.03,3,0.45,0.1,50,1.5,0.18,5,0.349191283702475
7287,scale_free,inv_degree,7352625,100,291,0.03,3,0.45,0.1,50,1.5,0.1,2,0.5033925283353929
7288,scale_free,inv_degree,7353634,100,291,0.03,3,0.45,0.1,50,1.5,0.13,2,0.41880279945186144
7289,scale_free,inv_degree,7354643,100,291,0.03,3,0.45,0.1,50,1.5,0.07,1,0.5975091832412226
7290,scale_free,inv_degree,7355652,100,291,0.03,3,0.45,0.1,50,1.5,0.31,5,0.13900107924856706
7291,scale_free,inv_degree,7356661,100,291,0.03,3,0.45,0.1,50,1.5,0.32,6,0.10418775992381077
7292,scale_free,inv_degree,7357670,100,291,0.03,3,0.45,0.1,50,1.5,0.13,2,0.4153785423856369
7293,scale_free,inv_degree,7358679,100,291,0.03,3,0.45,0.1,50,1.5,0.15,4,0.39980358731011245
7294,scale_free,inv_degree,7359688,100,291,0.03,3,0.45,0.1,50,1.5,0.12,2,0.4365580348859419
7295,scale_free,inv_degree,7360697,100,291,0.03,3,0.45,0.1,50,1.5,0.17,5,0.3089505872907188
7296,scale_free,inv_degree,7361706,100,291,0.03,3,0.45,0.1,50,1.5,0.1,1,0.5202749925798283
7297,scale_free,inv_degree,7362715,100,291,0.03,3,0.45,0.1,50,1.5,0.21,5,0.28601863124170307
7298,scale_free,inv_degree,7363724,100,291,0.03,3,0.45,0.1,50,1.5,0.15,2,0.3739066691368927
7299,scale_free,inv_degree,7364733,100,291,0.03,3,0.45,0.1,50,1.5,0.14,2,0.3955587213687793
7300,scale_free,inv_degree,7365742,100,291,0.03,3,0.45,0.1,50,1.5,0.08,1,0.5740832271866091
7301,scale_free,inv_degree,7366751,100,291,0.03,3,0.45,0.1,50,1.5,0.05,1,0.6847917488427536
7302,scale_free,inv_degree,7367760,100,291,0.03,3,0.45,0.1,50,1.5,0.15,3,0.3700935628527236
7303,scale_free,inv_degree,7368769,100,291,0.03,3,0.45,0.1,50,1.5,0.13,4,0.41998609080022126
7304,scale_free,inv_degree,7369778,100,291,0.03,3,0.45,0.1,50,1.5,0.07,1,0.6371824933668793
7305,scale_free,inv_degree,7370787,100,291,0.03,3,0.45,0.1,50,1.5,0.15,3,0.3346292954520964
7306,scale_free,inv_degree,7371796,100,291,0.03,3,0.45,0.1,50,1.5,0.17,3,0.2937221094578079
7307,scale_free,inv_degree,7372805,100,291,0.03,3,0.45,0.1,50,1.5,0.11,2,0.4659544977056424
7308,scale_free,inv_degree,7373814,100,291,0.03,3,0.45,0.1,50,1.5,0.19,5,0.2856152516541069
7309,scale_free,inv_degree,7374823,100,291,0.03,3,0.45,0.1,50,1.5,0.07,1,0.618183922219384
7310,scale_free,inv_degree,7375832,100,291,0.03,3,0.45,0.1,50,1.5,0.06,1,0.6591687847808815
7311,scale_free,inv_degree,7376841,100,291,0.03,3,0.45,0.1,50,1.5,0.11,2,0.5109389157007556
7312,scale_free,inv_degree,7377850,100,291,0.03,3,0.45,0.1,50,1.5,0.14,3,0.3788925413375951
7313,scale_free,inv_degree,7378859,100,291,0.03,3,0.45,0.1,50,1.5,0.11,3,0.5110760331578537
7314,scale_free,inv_degree,7379868,100,291,0.03,3,0.45,0.1,50,1.5,0.08,1,0.5555630908538578
7315,scale_free,inv_degree,7380877,100,291,0.03,3,0.45,0.1,50,1.5,0.08,1,0.6019960727740951
7316,scale_free,inv_degree,7381886,100,291,0.03,3,0.45,0.1,50,1.5,0.13,2,0.44505418584044043
7317,scale_free,inv_degree,7382895,100,291,0.03,3,0.45,0.1,50,1.5,0.14,2,0.44797202147137277
7318,scale_free,inv_degree,7383904,100,291,0.03,3,0.45,0.1,50,1.5,0.11,1,0.45465853435651143
7319,scale_free,inv_degree,7384913,100,291,0.03,3,0.45,0.1,50,1.5,0.13,2,0.41487444066674345
7320,scale_free,inv_degree,7385922,100,291,0.03,3,0.45,0.1,50,1.5,0.1,2,0.5530567902986363
7321,scale_free,inv_degree,7386931,100,291,0.03,3,0.45,0.1,50,1.5,0.2,4,0.29160789943798515
7322,scale_free,inv_degree,7387940,100,291,0.03,3,0.45,0.1,50,1.5,0.14,2,0.402744260814119
7323,scale_free,inv_degree,7388949,100,291,0.03,3,0.45,0.1,50,1.5,1.0,16,0.0
7324,scale_free,inv_degree,7389958,100,291,0.03,3,0.45,0.1,50,1.5,0.09,2,0.5427967959908382
7325,scale_free,inv_degree,7390967,100,291,0.03,3,0.45,0.1,50,1.5,0.09,2,0.572305135744233
7326,scale_free,inv_degree,7391976,100,291,0.03,3,0.45,0.1,50,1.5,0.14,3,0.3806541206708773
7327,scale_free,inv_degree,7392985,100,291,0.03,3,0.45,0.1,50,1.5,0.1,2,0.5084032000106392
7328,scale_free,inv_degree,7393994,100,291,0.03,3,0.45,0.1,50,1.5,0.12,2,0.4859480992414981
7329,scale_free,inv_degree,7395003,100,291,0.03,3,0.45,0.1,50,1.5,0.17,2,0.358033191576979
7330,scale_free,inv_degree,7396012,100,291,0.03,3,0.45,0.1,50,1.5,0.07,1,0.6465411942248713
7331,scale_free,inv_degree,7397021,100,291,0.03,3,0.45,0.1,50,1.5,0.06,1,0.5976222929732122
7332,scale_free,inv_degree,7398030,100,291,0.03,3,0.45,0.1,50,1.5,0.08,2,0.586796549047806
7333,scale_free,inv_degree,7399039,100,291,0.03,3,0.45,0.1,50,1.5,0.22,5,0.2418505408808556
7334,scale_free,inv_degree,7400048,100,291,0.03,3,0.45,0.1,50,1.5,0.09,1,0.5843067637678829
7335,scale_free,inv_degree,7401057,100,291,0.03,3,0.45,0.1,50,1.5,0.21,3,0.2127269754994848
7336,scale_free,inv_degree,7402066,100,291,0.03,3,0.45,0.1,50,1.5,0.09,2,0.5539929821058251
7337,scale_free,inv_degree,7403075,100,291,0.03,3,0.45,0.1,50,1.5,0.13,2,0.3875429581186252
7338,scale_free,inv_degree,7404084,100,291,0.03,3,0.45,0.1,50,1.5,0.11,2,0.4836523860935938
7339,scale_free,inv_degree,7405093,100,291,0.03,3,0.45,0.1,50,1.5,0.19,2,0.3154144670471284
7340,scale_free,inv_degree,7406102,100,291,0.03,3,0.45,0.1,50,1.5,0.1,3,0.5373909789928615
7341,scale_free,inv_degree,7407111,100,291,0.03,3,0.45,0.1,50,1.5,0.07,2,0.6166424906317253
7342,scale_free,inv_degree,7408120,100,291,0.03,3,0.45,0.1,50,1.5,0.13,2,0.4332019565861041
7343,scale_free,inv_degree,7409129,100,291,0.03,3,0.45,0.1,50,1.5,0.13,2,0.42219660342015164
7344,scale_free,inv_degree,7410138,100,291,0.03,3,0.45,0.1,50,1.5,0.18,5,0.2837277884827216
7345,scale_free,inv_degree,7411147,100,291,0.03,3,0.45,0.1,50,1.5,0.1,3,0.5521360054699577
7346,scale_free,inv_degree,7412156,100,291,0.03,3,0.45,0.1,50,1.5,0.11,2,0.4761817597290094
7347,scale_free,inv_degree,7413165,100,291,0.03,3,0.45,0.1,50,1.5,0.14,3,0.3618840806569609
7348,scale_free,inv_degree,7414174,100,291,0.03,3,0.45,0.1,50,1.5,0.18,3,0.34852496195775046
7349,scale_free,inv_degree,7415183,100,291,0.03,3,0.45,0.1,50,1.5,0.05,1,0.7028464505092281
7350,scale_free,inv_degree,7416192,100,291,0.03,3,0.45,0.1,50,1.5,0.11,4,0.5160097984387858
7351,scale_free,inv_degree,7417201,100,291,0.03,3,0.45,0.1,50,1.5,0.12,1,0.4632035558066166
7352,scale_free,inv_degree,7418210,100,291,0.03,3,0.45,0.1,50,1.5,0.18,2,0.23563067431642268
7353,scale_free,inv_degree,7419219,100,291,0.03,3,0.45,0.1,50,1.5,0.04,1,0.7356513804873942
7354,scale_free,inv_degree,7420228,100,291,0.03,3,0.45,0.1,50,1.5,0.15,3,0.3832627954547203
7355,scale_free,inv_degree,7421237,100,291,0.03,3,0.45,0.1,50,1.5,0.13,4,0.4252624953117544
7356,scale_free,inv_degree,7422246,100,291,0.03,3,0.45,0.1,50,1.5,0.11,2,0.4802266653549085
7357,scale_free,inv_degree,7423255,100,291,0.03,3,0.45,0.1,50,1.5,0.19,3,0.3434679810783965
7358,scale_free,inv_degree,7424264,100,291,0.03,3,0.45,0.1,50,1.5,0.09,2,0.5401030111676786
7359,scale_free,inv_degree,7425273,100,291,0.03,3,0.45,0.1,50,1.5,0.12,2,0.44566321971294753
7360,scale_free,inv_degree,7426282,100,291,0.03,3,0.45,0.1,50,1.5,0.18,3,0.28482946828871963
7361,scale_free,inv_degree,7427291,100,291,0.03,3,0.45,0.1,50,1.5,0.07,1,0.6226585323169972
7362,scale_free,inv_degree,7428300,100,291,0.03,3,0.45,0.1,50,1.5,0.24,4,0.20173783220783287
7363,scale_free,inv_degree,7429309,100,291,0.03,3,0.45,0.1,50,1.5,0.14,2,0.4000109736702394
7364,scale_free,inv_degree,7430318,100,291,0.03,3,0.45,0.1,50,1.5,0.08,2,0.6417938126332371
7365,scale_free,inv_degree,7431327,100,291,0.03,3,0.45,0.1,50,1.5,0.14,3,0.413532776334299
7366,scale_free,inv_degree,7432336,100,291,0.03,3,0.45,0.1,50,1.5,0.14,2,0.389141882096577
7367,scale_free,inv_degree,7433345,100,291,0.03,3,0.45,0.1,50,1.5,0.16,3,0.37542095158481353
7368,scale_free,inv_degree,7434354,100,291,0.03,3,0.45,0.1,50,1.5,0.14,3,0.43233600780293396
7369,scale_free,inv_degree,7435363,100,291,0.03,3,0.45,0.1,50,1.5,0.08,3,0.5348178355527414
7370,scale_free,inv_degree,7436372,100,291,0.03,3,0.45,0.1,50,1.5,0.45,11,0.03335595018535014
7371,scale_free,inv_degree,7437381,100,291,0.03,3,0.45,0.1,50,1.5,0.24,8,0.22339870698802508
7372,scale_free,inv_degree,7438390,100,291,0.03,3,0.45,0.1,50,1.5,0.18,4,0.29942426343569095
7373,scale_free,inv_degree,7439399,100,291,0.03,3,0.45,0.1,50,1.5,0.15,2,0.3680919579898388
7374,scale_free,inv_degree,7440408,100,291,0.03,3,0.45,0.1,50,1.5,0.11,1,0.5039134686533917
7375,scale_free,inv_degree,7441417,100,291,0.03,3,0.45,0.1,50,1.5,0.18,4,0.24425370068000268
7376,scale_free,inv_degree,7442426,100,291,0.03,3,0.45,0.1,50,1.5,0.08,1,0.5592375110018757
7377,scale_free,inv_degree,7443435,100,291,0.03,3,0.45,0.1,50,1.5,0.11,2,0.4529191940226925
7378,scale_free,inv_degree,7444444,100,291,0.03,3,0.45,0.1,50,1.5,0.1,2,0.5390368031283651
7379,scale_free,inv_degree,7445453,100,291,0.03,3,0.45,0.1,50,1.5,0.17,3,0.3388430841465919
7380,scale_free,inv_degree,7446462,100,291,0.03,3,0.45,0.1,50,1.5,0.09,1,0.5390045085497834
7381,scale_free,inv_degree,7447471,100,291,0.03,3,0.45,0.1,50,1.5,0.08,2,0.6018601173773761
7382,scale_free,inv_degree,7448480,100,291,0.03,3,0.45,0.1,50,1.5,0.08,2,0.5868848694757459
7383,scale_free,inv_degree,7449489,100,291,0.03,3,0.45,0.1,50,1.5,0.11,7,0.5285285921738823
7384,scale_free,inv_degree,7450498,100,291,0.03,3,0.45,0.1,50,1.5,0.16,4,0.358844969100606
7385,scale_free,inv_degree,7451507,100,291,0.03,3,0.45,0.1,50,1.5,0.19,6,0.32059755800020806
7386,scale_free,inv_degree,7452516,100,291,0.03,3,0.45,0.1,50,1.5,0.26,6,0.1422164100005803
7387,scale_free,inv_degree,7453525,100,291,0.03,3,0.45,0.1,50,1.5,0.09,3,0.5219212985764442
7388,scale_free,inv_degree,7454534,100,291,0.03,3,0.45,0.1,50,1.5,0.1,2,0.49651100000882165
7389,scale_free,inv_degree,7455543,100,291,0.03,3,0.45,0.1,50,1.5,0.1,2,0.5077048224133353
7390,scale_free,inv_degree,7456552,100,291,0.03,3,0.45,0.1,50,1.5,0.12,2,0.5259887295913676
7391,scale_free,inv_degree,7457561,100,291,0.03,3,0.45,0.1,50,1.5,0.08,1,0.6365421058474603
7392,scale_free,inv_degree,7458570,100,291,0.03,3,0.45,0.1,50,1.5,0.12,5,0.4909084809766898
7393,scale_free,inv_degree,7459579,100,291,0.03,3,0.45,0.1,50,1.5,0.16,4,0.4190444476643457
7394,scale_free,inv_degree,7460588,100,291,0.03,3,0.45,0.1,50,1.5,0.17,2,0.30873869281568417
7395,scale_free,inv_degree,7461597,100,291,0.03,3,0.45,0.1,50,1.5,0.32,10,0.10472268918240746
7396,scale_free,inv_degree,7462606,100,291,0.03,3,0.45,0.1,50,1.5,0.14,5,0.4072833011559567
7397,scale_free,inv_degree,7463615,100,291,0.03,3,0.45,0.1,50,1.5,0.13,2,0.4105484046293512
7398,scale_free,inv_degree,7464624,100,291,0.03,3,0.45,0.1,50,1.5,0.14,2,0.37756421800789375
7399,scale_free,inv_degree,7465633,100,291,0.03,3,0.45,0.1,50,1.5,0.13,3,0.43616420785225346
7400,scale_free,inv_degree,7466642,100,291,0.03,3,0.45,0.1,50,1.5,0.09,2,0.5479921761921278
7401,scale_free,inv_degree,7467651,100,291,0.03,3,0.45,0.1,50,1.5,1.0,22,0.0
7402,scale_free,inv_degree,7468660,100,291,0.03,3,0.45,0.1,50,1.5,0.07,2,0.6314078417126678
7403,scale_free,inv_degree,7469669,100,291,0.03,3,0.45,0.1,50,1.5,0.1,3,0.5240662026017505
7404,scale_free,inv_degree,7470678,100,291,0.03,3,0.45,0.1,50,1.5,0.48,14,0.027805044378412896
7405,scale_free,inv_degree,7471687,100,291,0.03,3,0.45,0.1,50,1.5,0.19,4,0.28399590454979917
7406,scale_free,inv_degree,7472696,100,291,0.03,3,0.45,0.1,50,1.5,0.18,3,0.2580833450164086
7407,scale_free,inv_degree,7473705,100,291,0.03,3,0.45,0.1,50,1.5,0.09,1,0.5871053001457032
7408,scale_free,inv_degree,7474714,100,291,0.03,3,0.45,0.1,50,1.5,0.08,2,0.6024843664398133
7409,scale_free,inv_degree,7475723,100,291,0.03,3,0.45,0.1,50,1.5,0.13,2,0.45417126163685767
7410,scale_free,inv_degree,7476732,100,291,0.03,3,0.45,0.1,50,1.5,0.09,1,0.5754556755240683
7411,scale_free,inv_degree,7477741,100,291,0.03,3,0.45,0.1,50,1.5,0.1,2,0.5198309339902646
7412,scale_free,inv_degree,7478750,100,291,0.03,3,0.45,0.1,50,1.5,0.11,2,0.5043198309005815
7413,scale_free,inv_degree,7479759,100,291,0.03,3,0.45,0.1,50,1.5,0.07,2,0.5850843705727473
7414,scale_free,inv_degree,7480768,100,291,0.03,3,0.45,0.1,50,1.5,0.19,5,0.3062024091026573
7415,scale_free,inv_degree,7481777,100,291,0.03,3,0.45,0.1,50,1.5,0.11,2,0.5157205717052193
7416,scale_free,inv_degree,7482786,100,291,0.03,3,0.45,0.1,50,1.5,0.15,2,0.35334160301417966
7417,scale_free,inv_degree,7483795,100,291,0.03,3,0.45,0.1,50,1.5,0.09,1,0.49235272465606444
7418,scale_free,inv_degree,7484804,100,291,0.03,3,0.45,0.1,50,1.5,0.11,3,0.44795640922049135
7419,scale_free,inv_degree,7485813,100,291,0.03,3,0.45,0.1,50,1.5,0.2,3,0.2694626157648078
7420,scale_free,inv_degree,7486822,100,291,0.03,3,0.45,0.1,50,1.5,0.13,2,0.441261609053269
7421,scale_free,inv_degree,7487831,100,291,0.03,3,0.45,0.1,50,1.5,0.1,1,0.49907578671607866
7422,scale_free,inv_degree,7488840,100,291,0.03,3,0.45,0.1,50,1.5,0.1,2,0.4899181339515058
7423,scale_free,inv_degree,7489849,100,291,0.03,3,0.45,0.1,50,1.5,0.11,2,0.5078713187104209
7424,scale_free,inv_degree,7490858,100,291,0.03,3,0.45,0.1,50,1.5,0.1,1,0.5336141852933557
7425,scale_free,inv_degree,7491867,100,291,0.03,3,0.45,0.1,50,1.5,0.08,1,0.6105523559478946
7426,scale_free,inv_degree,7492876,100,291,0.03,3,0.45,0.1,50,1.5,0.13,2,0.4268936956519427
7427,scale_free,inv_degree,7493885,100,291,0.03,3,0.45,0.1,50,1.5,0.1,2,0.5298499658737579
7428,scale_free,inv_degree,7494894,100,291,0.03,3,0.45,0.1,50,1.5,0.1,2,0.4678314092562601
7429,scale_free,inv_degree,7495903,100,291,0.03,3,0.45,0.1,50,1.5,0.18,6,0.28882937839263
7430,scale_free,inv_degree,7496912,100,291,0.03,3,0.45,0.1,50,1.5,0.14,4,0.3985840021345759
7431,scale_free,inv_degree,7497921,100,291,0.03,3,0.45,0.1,50,1.5,0.13,3,0.3997224172746419
7432,scale_free,inv_degree,7498930,100,291,0.03,3,0.45,0.1,50,1.5,0.06,1,0.6305529488392122
7433,scale_free,inv_degree,7499939,100,291,0.03,3,0.45,0.1,50,1.5,0.18,4,0.28877730690737635
7434,scale_free,inv_degree,7500948,100,291,0.03,3,0.45,0.1,50,1.5,0.2,3,0.22768521016908458
7435,scale_free,inv_degree,7501957,100,291,0.03,3,0.45,0.1,50,1.5,0.08,1,0.5745226074003192
7436,scale_free,inv_degree,7502966,100,291,0.03,3,0.45,0.1,50,1.5,0.16,6,0.39808548345924255
7437,scale_free,inv_degree,7503975,100,291,0.03,3,0.45,0.1,50,1.5,0.25,8,0.12552476979445343
7438,scale_free,inv_degree,7504984,100,291,0.03,3,0.45,0.1,50,1.5,0.18,2,0.2924985296172883
7439,scale_free,inv_degree,7505993,100,291,0.03,3,0.45,0.1,50,1.5,0.18,4,0.3190132075245635
7440,scale_free,inv_degree,7507002,100,291,0.03,3,0.45,0.1,50,1.5,0.11,2,0.5332774026215089
7441,scale_free,inv_degree,7508011,100,291,0.03,3,0.45,0.1,50,1.5,0.18,3,0.3071245368943825
7442,scale_free,inv_degree,7509020,100,291,0.03,3,0.45,0.1,50,1.5,0.17,4,0.3198650983483061
7443,scale_free,inv_degree,7510029,100,291,0.03,3,0.45,0.1,50,1.5,0.15,4,0.4194921384625164
7444,scale_free,inv_degree,7511038,100,291,0.03,3,0.45,0.1,50,1.5,0.1,2,0.5129073541271024
7445,scale_free,inv_degree,7512047,100,291,0.03,3,0.45,0.1,50,1.5,0.26,6,0.2016931526770071
7446,scale_free,inv_degree,7513056,100,291,0.03,3,0.45,0.1,50,1.5,0.15,2,0.3535317628924098
7447,scale_free,inv_degree,7514065,100,291,0.03,3,0.45,0.1,50,1.5,0.06,1,0.6449845392628887
7448,scale_free,inv_degree,7515074,100,291,0.03,3,0.45,0.1,50,1.5,0.07,1,0.5992581609230392
7449,scale_free,inv_degree,7516083,100,291,0.03,3,0.45,0.1,50,1.5,0.07,2,0.6135027789785624
7450,scale_free,inv_degree,7517092,100,291,0.03,3,0.45,0.1,50,1.5,0.13,2,0.4363881547367543
7451,scale_free,inv_degree,7518101,100,291,0.03,3,0.45,0.1,50,1.5,0.06,1,0.6586321226701815
7452,scale_free,inv_degree,7519110,100,291,0.03,3,0.45,0.1,50,1.5,0.17,4,0.3162623996363398
7453,scale_free,inv_degree,7520119,100,291,0.03,3,0.45,0.1,50,1.5,0.09,2,0.5413563111018455
7454,scale_free,inv_degree,7521128,100,291,0.03,3,0.45,0.1,50,1.5,0.12,2,0.46820177025650717
7455,scale_free,inv_degree,7522137,100,291,0.03,3,0.45,0.1,50,1.5,0.14,3,0.37907672911861534
7456,scale_free,inv_degree,7523146,100,291,0.03,3,0.45,0.1,50,1.5,0.18,5,0.33325146620735013
7457,scale_free,inv_degree,7524155,100,291,0.03,3,0.45,0.1,50,1.5,0.24,5,0.15432271351536556
7458,scale_free,inv_degree,7525164,100,291,0.03,3,0.45,0.1,50,1.5,0.15,2,0.3669526102414746
7459,scale_free,inv_degree,7526173,100,291,0.03,3,0.45,0.1,50,1.5,0.25,3,0.16735024106158136
7460,scale_free,inv_degree,7527182,100,291,0.03,3,0.45,0.1,50,1.5,0.12,1,0.4572093438257217
7461,scale_free,inv_degree,7528191,100,291,0.03,3,0.45,0.1,50,1.5,0.07,1,0.6389353865827778
7462,scale_free,inv_degree,7529200,100,291,0.03,3,0.45,0.1,50,1.5,0.04,1,0.7619985985715088
7463,scale_free,inv_degree,7530209,100,291,0.03,3,0.45,0.1,50,1.5,0.11,2,0.4946037042747595
7464,scale_free,inv_degree,7531218,100,291,0.03,3,0.45,0.1,50,1.5,0.14,3,0.403215110341153
7465,scale_free,inv_degree,7532227,100,291,0.03,3,0.45,0.1,50,1.5,1.0,11,0.0
7466,scale_free,inv_degree,7533236,100,291,0.03,3,0.45,0.1,50,1.5,0.11,3,0.5208642518616773
7467,scale_free,inv_degree,7534245,100,291,0.03,3,0.45,0.1,50,1.5,0.16,3,0.3910972101390689
7468,scale_free,inv_degree,7535254,100,291,0.03,3,0.45,0.1,50,1.5,0.11,1,0.45049759790702476
7469,scale_free,inv_degree,7536263,100,291,0.03,3,0.45,0.1,50,1.5,0.1,3,0.5844740667005475
7470,scale_free,inv_degree,7537272,100,291,0.03,3,0.45,0.1,50,1.5,0.15,2,0.34425919780214514
7471,scale_free,inv_degree,7538281,100,291,0.03,3,0.45,0.1,50,1.5,0.11,1,0.47643015364092395
7472,scale_free,inv_degree,7539290,100,291,0.03,3,0.45,0.1,50,1.5,0.2,4,0.23736675417372816
7473,scale_free,inv_degree,7540299,100,291,0.03,3,0.45,0.1,50,1.5,0.12,2,0.42466528700692013
7474,scale_free,inv_degree,7541308,100,291,0.03,3,0.45,0.1,50,1.5,0.09,5,0.5975873525717448
7475,scale_free,inv_degree,7542317,100,291,0.03,3,0.45,0.1,50,1.5,0.1,1,0.5044278934773618
7476,scale_free,inv_degree,7543326,100,291,0.03,3,0.45,0.1,50,1.5,0.05,1,0.7034330057047306
7477,scale_free,inv_degree,7544335,100,291,0.03,3,0.45,0.1,50,1.5,0.23,5,0.21777526868522704
7478,scale_free,inv_degree,7545344,100,291,0.03,3,0.45,0.1,50,1.5,0.17,4,0.30463943362724755
7479,scale_free,inv_degree,7546353,100,291,0.03,3,0.45,0.1,50,1.5,0.08,1,0.613929011597648
7480,scale_free,inv_degree,7547362,100,291,0.03,3,0.45,0.1,50,1.5,0.14,2,0.4001740356923717
7481,scale_free,inv_degree,7548371,100,291,0.03,3,0.45,0.1,50,1.5,0.09,2,0.5742824420878053
7482,scale_free,inv_degree,7549380,100,291,0.03,3,0.45,0.1,50,1.5,0.1,3,0.4991902035941851
7483,scale_free,inv_degree,7550389,100,291,0.03,3,0.45,0.1,50,1.5,0.05,1,0.7044910381214067
7484,scale_free,inv_degree,7551398,100,291,0.03,3,0.45,0.1,50,1.5,0.11,3,0.49405093519967086
7485,scale_free,inv_degree,7552407,100,291,0.03,3,0.45,0.1,50,1.5,0.19,5,0.31691043712609107
7486,scale_free,inv_degree,7553416,100,291,0.03,3,0.45,0.1,50,1.5,0.23,4,0.23713046735666068
7487,scale_free,inv_degree,7554425,100,291,0.03,3,0.45,0.1,50,1.5,0.17,5,0.37940391669903956
7488,scale_free,inv_degree,7555434,100,291,0.03,3,0.45,0.1,50,1.5,0.09,1,0.5525026199285578
7489,scale_free,inv_degree,7556443,100,291,0.03,3,0.45,0.1,50,1.5,0.07,1,0.5832147458104924
7490,scale_free,inv_degree,7557452,100,291,0.03,3,0.45,0.1,50,1.5,0.1,3,0.5480114418414314
7491,scale_free,inv_degree,7558461,100,291,0.03,3,0.45,0.1,50,1.5,0.13,3,0.38216846300270285
7492,scale_free,inv_degree,7559470,100,291,0.03,3,0.45,0.1,50,1.5,0.32,6,0.11510074498228375
7493,scale_free,inv_degree,7560479,100,291,0.03,3,0.45,0.1,50,1.5,0.26,6,0.1978512326839253
7494,scale_free,inv_degree,7561488,100,291,0.03,3,0.45,0.1,50,1.5,0.09,2,0.578865357116105
7495,scale_free,inv_degree,7562497,100,291,0.03,3,0.45,0.1,50,1.5,0.13,2,0.45819712872938245
7496,scale_free,inv_degree,7563506,100,291,0.03,3,0.45,0.1,50,1.5,0.12,1,0.4866996305830055
7497,scale_free,inv_degree,7564515,100,291,0.03,3,0.45,0.1,50,1.5,0.24,8,0.2131521294266498
7498,scale_free,inv_degree,7565524,100,291,0.03,3,0.45,0.1,50,1.5,0.22,3,0.25225382395784995
7499,scale_free,inv_degree,7566533,100,291,0.03,3,0.45,0.1,50,1.5,1.0,16,0.0
7500,scale_free,inv_degree,7567542,100,291,0.03,3,0.45,0.1,50,1.5,0.13,3,0.43616475436429064
7501,scale_free,inv_degree,7568551,100,291,0.03,3,0.45,0.1,50,1.5,0.14,2,0.4196801056724141
7502,scale_free,inv_degree,7569560,100,291,0.03,3,0.45,0.1,50,1.5,0.11,4,0.5176502973647826
7503,scale_free,inv_degree,7570569,100,291,0.03,3,0.45,0.1,50,1.5,0.37,11,0.10725123677997972
7504,scale_free,inv_degree,7571578,100,291,0.03,3,0.45,0.1,50,1.5,0.17,4,0.3742365638177176
7505,scale_free,inv_degree,7572587,100,291,0.03,3,0.45,0.1,50,1.5,0.22,4,0.28747209393970846
7506,scale_free,inv_degree,7573596,100,291,0.03,3,0.45,0.1,50,1.5,0.04,1,0.7280808583546673
7507,scale_free,inv_degree,7574605,100,291,0.03,3,0.45,0.1,50,1.5,0.08,1,0.5613539705235412
7508,scale_free,inv_degree,7575614,100,291,0.03,3,0.45,0.1,50,1.5,0.12,3,0.4270799700486733
7509,scale_free,inv_degree,7576623,100,291,0.03,3,0.45,0.1,50,1.5,0.1,2,0.5184391022782302
7510,scale_free,inv_degree,7577632,100,291,0.03,3,0.45,0.1,50,1.5,0.11,2,0.4903796583501582
7511,scale_free,inv_degree,7578641,100,291,0.03,3,0.45,0.1,50,1.5,0.09,4,0.5775065743020148
7512,scale_free,inv_degree,7579650,100,291,0.03,3,0.45,0.1,50,1.5,0.09,2,0.5553917146004118
7513,scale_free,inv_degree,7580659,100,291,0.03,3,0.45,0.1,50,1.5,0.09,1,0.5427641615252959
7514,scale_free,inv_degree,7581668,100,291,0.03,3,0.45,0.1,50,1.5,0.11,1,0.44530822822737265
7515,scale_free,inv_degree,7582677,100,291,0.03,3,0.45,0.1,50,1.5,0.07,1,0.617596697004575
7516,scale_free,inv_degree,7583686,100,291,0.03,3,0.45,0.1,50,1.5,0.05,1,0.7338978484315083
7517,scale_free,inv_degree,7584695,100,291,0.03,3,0.45,0.1,50,1.5,0.12,2,0.528254482287743
7518,scale_free,inv_degree,7585704,100,291,0.03,3,0.45,0.1,50,1.5,0.1,1,0.5834795191354623
7519,scale_free,inv_degree,7586713,100,291,0.03,3,0.45,0.1,50,1.5,1.0,22,0.0
7520,scale_free,inv_degree,7587722,100,291,0.03,3,0.45,0.1,50,1.5,0.34,8,0.11152538072626601
7521,scale_free,inv_degree,7588731,100,291,0.03,3,0.45,0.1,50,1.5,0.1,1,0.48990401096874503
7522,scale_free,inv_degree,7589740,100,291,0.03,3,0.45,0.1,50,1.5,0.09,2,0.5873799268750615
7523,scale_free,inv_degree,7590749,100,291,0.03,3,0.45,0.1,50,1.5,0.13,2,0.4740553100589421
7524,scale_free,inv_degree,7591758,100,291,0.03,3,0.45,0.1,50,1.5,0.06,1,0.651991702233479
7525,scale_free,inv_degree,7592767,100,291,0.03,3,0.45,0.1,50,1.5,0.11,3,0.49159578743308996
7526,scale_free,inv_degree,7593776,100,291,0.03,3,0.45,0.1,50,1.5,0.06,1,0.6462885063135694
7527,scale_free,inv_degree,7594785,100,291,0.03,3,0.45,0.1,50,1.5,0.15,3,0.38500675438448106
7528,scale_free,inv_degree,7595794,100,291,0.03,3,0.45,0.1,50,1.5,0.09,2,0.5553388443705735
7529,scale_free,inv_degree,7596803,100,291,0.03,3,0.45,0.1,50,1.5,0.07,1,0.5993234950691717
7530,scale_free,inv_degree,7597812,100,291,0.03,3,0.45,0.1,50,1.5,0.22,4,0.18496691184415054
7531,scale_free,inv_degree,7598821,100,291,0.03,3,0.45,0.1,50,1.5,0.15,2,0.382896344725004
7532,scale_free,inv_degree,7599830,100,291,0.03,3,0.45,0.1,50,1.5,0.17,3,0.33311174571956453
7533,scale_free,inv_degree,7600839,100,291,0.03,3,0.45,0.1,50,1.5,0.2,3,0.2784271295256702
7534,scale_free,inv_degree,7601848,100,291,0.03,3,0.45,0.1,50,1.5,0.07,2,0.6538896109646757
7535,scale_free,inv_degree,7602857,100,291,0.03,3,0.45,0.1,50,1.5,0.13,5,0.3991194357027444
7536,scale_free,inv_degree,7603866,100,291,0.03,3,0.45,0.1,50,1.5,0.09,3,0.5407368671445022
7537,scale_free,inv_degree,7604875,100,291,0.03,3,0.45,0.1,50,1.5,0.17,7,0.32556053831770265
7538,scale_free,inv_degree,7605884,100,291,0.03,3,0.45,0.1,50,1.5,0.17,4,0.34072001464859236
7539,scale_free,inv_degree,7606893,100,291,0.03,3,0.45,0.1,50,1.5,0.15,4,0.39532413433115837
7540,scale_free,inv_degree,7607902,100,291,0.03,3,0.45,0.1,50,1.5,0.13,2,0.4576291594062959
7541,scale_free,inv_degree,7608911,100,291,0.03,3,0.45,0.1,50,1.5,0.11,2,0.45710807706325257
7542,scale_free,inv_degree,7609920,100,291,0.03,3,0.45,0.1,50,1.5,0.2,5,0.2441445262770971
7543,scale_free,inv_degree,7610929,100,291,0.03,3,0.45,0.1,50,1.5,0.06,1,0.6752581204772167
7544,scale_free,inv_degree,7611938,100,291,0.03,3,0.45,0.1,50,1.5,0.11,3,0.5094261272404674
7545,scale_free,inv_degree,7612947,100,291,0.03,3,0.45,0.1,50,1.5,0.08,2,0.5855128241157318
7546,scale_free,inv_degree,7613956,100,291,0.03,3,0.45,0.1,50,1.5,0.19,4,0.3441457975485044
7547,scale_free,inv_degree,7614965,100,291,0.03,3,0.45,0.1,50,1.5,0.14,2,0.39847077582023044
7548,scale_free,inv_degree,7615974,100,291,0.03,3,0.45,0.1,50,1.5,0.13,2,0.4607950063893683
7549,scale_free,inv_degree,7616983,100,291,0.03,3,0.45,0.1,50,1.5,0.09,2,0.52793725739101
7550,scale_free,inv_degree,7617992,100,291,0.03,3,0.45,0.1,50,1.5,0.09,1,0.5878715711496735
7551,scale_free,inv_degree,7619001,100,291,0.03,3,0.45,0.1,50,1.5,0.17,3,0.34148353146252736
7552,scale_free,inv_degree,7620010,100,291,0.03,3,0.45,0.1,50,1.5,0.16,2,0.34536154980308825
7553,scale_free,inv_degree,7621019,100,291,0.03,3,0.45,0.1,50,1.5,0.11,2,0.46129391003743486
7554,scale_free,inv_degree,7622028,100,291,0.03,3,0.45,0.1,50,1.5,0.07,2,0.6486739909833308
7555,scale_free,inv_degree,7623037,100,291,0.03,3,0.45,0.1,50,1.5,0.1,2,0.45914666401147625
7556,scale_free,inv_degree,7624046,100,291,0.03,3,0.45,0.1,50,1.5,0.11,3,0.4775438863236073
7557,scale_free,inv_degree,7625055,100,291,0.03,3,0.45,0.1,50,1.5,0.14,2,0.4245556029459892
7558,scale_free,inv_degree,7626064,100,291,0.03,3,0.45,0.1,50,1.5,0.12,1,0.4480206805722986
7559,scale_free,inv_degree,7627073,100,291,0.03,3,0.45,0.1,50,1.5,0.08,1,0.5900328249060272
7560,scale_free,inv_degree,7628082,100,291,0.03,3,0.45,0.1,50,1.5,0.07,1,0.613737748175946
7561,scale_free,inv_degree,7629091,100,291,0.03,3,0.45,0.1,50,1.5,0.13,2,0.4419319761976491
7562,scale_free,inv_degree,7630100,100,291,0.03,3,0.45,0.1,50,1.5,0.11,2,0.4632231642945515
7563,scale_free,inv_degree,7631109,100,291,0.03,3,0.45,0.1,50,1.5,0.13,2,0.4465677867482651
7564,scale_free,inv_degree,7632118,100,291,0.03,3,0.45,0.1,50,1.5,0.11,2,0.511945863330793
7565,scale_free,inv_degree,7633127,100,291,0.03,3,0.45,0.1,50,1.5,0.09,2,0.5760858402071374
7566,scale_free,inv_degree,7634136,100,291,0.03,3,0.45,0.1,50,1.5,0.25,5,0.21154632973403864
7567,scale_free,inv_degree,7635145,100,291,0.03,3,0.45,0.1,50,1.5,0.38,11,0.0664561276038428
7568,scale_free,inv_degree,7636154,100,291,0.03,3,0.45,0.1,50,1.5,0.12,3,0.5004639761981826
7569,scale_free,inv_degree,7637163,100,291,0.03,3,0.45,0.1,50,1.5,0.13,1,0.40175825437599755
7570,scale_free,inv_degree,7638172,100,291,0.03,3,0.45,0.1,50,1.5,0.12,2,0.49775882683442657
7571,scale_free,inv_degree,7639181,100,291,0.03,3,0.45,0.1,50,1.5,0.1,2,0.5072983274512277
7572,scale_free,inv_degree,7640190,100,291,0.03,3,0.45,0.1,50,1.5,0.07,2,0.614685789835974
7573,scale_free,inv_degree,7641199,100,291,0.03,3,0.45,0.1,50,1.5,0.07,2,0.5961644461662875
7574,scale_free,inv_degree,7642208,100,291,0.03,3,0.45,0.1,50,1.5,0.09,2,0.5719628094590573
7575,scale_free,inv_degree,7643217,100,291,0.03,3,0.45,0.1,50,1.5,0.11,2,0.5385122165570331
7576,scale_free,inv_degree,7644226,100,291,0.03,3,0.45,0.1,50,1.5,0.12,3,0.4635892843947915
7577,scale_free,inv_degree,7645235,100,291,0.03,3,0.45,0.1,50,1.5,0.09,1,0.5789318914551146
7578,scale_free,inv_degree,7646244,100,291,0.03,3,0.45,0.1,50,1.5,0.12,3,0.45241976903217684
7579,scale_free,inv_degree,7647253,100,291,0.03,3,0.45,0.1,50,1.5,1.0,14,0.0
7580,scale_free,inv_degree,7648262,100,291,0.03,3,0.45,0.1,50,1.5,0.09,2,0.5674742314831049
7581,scale_free,inv_degree,7649271,100,291,0.03,3,0.45,0.1,50,1.5,0.13,4,0.47757484962702396
7582,scale_free,inv_degree,7650280,100,291,0.03,3,0.45,0.1,50,1.5,0.13,3,0.4608256944505571
7583,scale_free,inv_degree,7651289,100,291,0.03,3,0.45,0.1,50,1.5,0.18,3,0.3358307267503908
7584,scale_free,inv_degree,7652298,100,291,0.03,3,0.45,0.1,50,1.5,0.06,1,0.6393756408217534
7585,scale_free,inv_degree,7653307,100,291,0.03,3,0.45,0.1,50,1.5,0.2,2,0.24207086032453848
7586,scale_free,inv_degree,7654316,100,291,0.03,3,0.45,0.1,50,1.5,0.2,3,0.2958465509175697
7587,scale_free,inv_degree,7655325,100,291,0.03,3,0.45,0.1,50,1.5,0.11,2,0.5043385672660325
7588,scale_free,inv_degree,7656334,100,291,0.03,3,0.45,0.1,50,1.5,0.11,2,0.47771895449609375
7589,scale_free,inv_degree,7657343,100,291,0.03,3,0.45,0.1,50,1.5,0.12,1,0.42840075730928284
7590,scale_free,inv_degree,7658352,100,291,0.03,3,0.45,0.1,50,1.5,0.12,3,0.5012243687193627
7591,scale_free,inv_degree,7659361,100,291,0.03,3,0.45,0.1,50,1.5,0.07,2,0.637039551463767
7592,scale_free,inv_degree,7660370,100,291,0.03,3,0.45,0.1,50,1.5,0.1,3,0.5142419306007122
7593,scale_free,inv_degree,7661379,100,291,0.03,3,0.45,0.1,50,1.5,0.11,2,0.49035718972748654
7594,scale_free,inv_degree,7662388,100,291,0.03,3,0.45,0.1,50,1.5,0.14,2,0.40294630095228084
7595,scale_free,inv_degree,7663397,100,291,0.03,3,0.45,0.1,50,1.5,0.14,3,0.39478748507519174
7596,scale_free,inv_degree,7664406,100,291,0.03,3,0.45,0.1,50,1.5,0.28,4,0.11510371835649238
7597,scale_free,inv_degree,7665415,100,291,0.03,3,0.45,0.1,50,1.5,0.14,3,0.3677378669991322
7598,scale_free,inv_degree,7666424,100,291,0.03,3,0.45,0.1,50,1.5,0.14,1,0.3256077963527165
7599,scale_free,inv_degree,7667433,100,291,0.03,3,0.45,0.1,50,1.5,0.11,2,0.507482403182342
7600,scale_free,inv_degree,7668442,100,291,0.03,3,0.45,0.1,50,1.5,0.14,1,0.4337464353114787
7601,scale_free,inv_degree,7669451,100,291,0.03,3,0.45,0.1,50,1.5,0.09,2,0.5771896855849987
7602,scale_free,inv_degree,7670460,100,291,0.03,3,0.45,0.1,50,1.5,0.23,5,0.23650904688643531
7603,scale_free,inv_degree,7671469,100,291,0.03,3,0.45,0.1,50,1.5,0.12,4,0.5035328361603472
7604,scale_free,inv_degree,7672478,100,291,0.03,3,0.45,0.1,50,1.5,0.08,2,0.6254720208791482
7605,scale_free,inv_degree,7673487,100,291,0.03,3,0.45,0.1,50,1.5,0.08,2,0.5783301945280517
7606,scale_free,inv_degree,7674496,100,291,0.03,3,0.45,0.1,50,1.5,0.18,3,0.3344384110846116
7607,scale_free,inv_degree,7675505,100,291,0.03,3,0.45,0.1,50,1.5,0.09,1,0.5716697207433724
7608,scale_free,inv_degree,7676514,100,291,0.03,3,0.45,0.1,50,1.5,0.12,4,0.4998614648734677
7609,scale_free,inv_degree,7677523,100,291,0.03,3,0.45,0.1,50,1.5,0.16,2,0.2722793291795924
7610,scale_free,inv_degree,7678532,100,291,0.03,3,0.45,0.1,50,1.5,0.1,1,0.5427171546427756
7611,scale_free,inv_degree,7679541,100,291,0.03,3,0.45,0.1,50,1.5,0.13,2,0.43757992737708823
7612,scale_free,inv_degree,7680550,100,291,0.03,3,0.45,0.1,50,1.5,1.0,14,0.0
7613,scale_free,inv_degree,7681559,100,291,0.03,3,0.45,0.1,50,1.5,0.08,2,0.5682396471568472
7614,scale_free,inv_degree,7682568,100,291,0.03,3,0.45,0.1,50,1.5,0.04,1,0.7177569091603281
7615,scale_free,inv_degree,7683577,100,291,0.03,3,0.45,0.1,50,1.5,0.09,2,0.5798989308256004
7616,scale_free,inv_degree,7684586,100,291,0.03,3,0.45,0.1,50,1.5,0.12,3,0.44294544371153316
7617,scale_free,inv_degree,7685595,100,291,0.03,3,0.45,0.1,50,1.5,0.04,1,0.7203932105701892
7618,scale_free,inv_degree,7686604,100,291,0.03,3,0.45,0.1,50,1.5,0.21,3,0.2465264160666929
7619,scale_free,inv_degree,7687613,100,291,0.03,3,0.45,0.1,50,1.5,0.17,4,0.3075441863394772
7620,scale_free,inv_degree,7688622,100,291,0.03,3,0.45,0.1,50,1.5,0.16,5,0.3181153777142651
7621,scale_free,inv_degree,7689631,100,291,0.03,3,0.45,0.1,50,1.5,0.12,2,0.4531195314627172
7622,scale_free,inv_degree,7690640,100,291,0.03,3,0.45,0.1,50,1.5,0.14,4,0.41658037574666673
7623,scale_free,inv_degree,7691649,100,291,0.03,3,0.45,0.1,50,1.5,0.16,5,0.3671947675758635
7624,scale_free,inv_degree,7692658,100,291,0.03,3,0.45,0.1,50,1.5,0.13,2,0.4234144302932572
7625,scale_free,inv_degree,7693667,100,291,0.03,3,0.45,0.1,50,1.5,0.08,1,0.5842077418960757
7626,scale_free,inv_degree,7694676,100,291,0.03,3,0.45,0.1,50,1.5,0.15,3,0.3415607823142327
7627,scale_free,inv_degree,7695685,100,291,0.03,3,0.45,0.1,50,1.5,0.16,4,0.375914365197513
7628,scale_free,inv_degree,7696694,100,291,0.03,3,0.45,0.1,50,1.5,0.16,3,0.3584773777051961
7629,scale_free,inv_degree,7697703,100,291,0.03,3,0.45,0.1,50,1.5,0.09,2,0.5769770241927986
7630,scale_free,inv_degree,7698712,100,291,0.03,3,0.45,0.1,50,1.5,0.12,2,0.4739956830525688
7631,scale_free,inv_degree,7699721,100,291,0.03,3,0.45,0.1,50,1.5,0.14,4,0.40102912058511
7632,scale_free,inv_degree,7700730,100,291,0.03,3,0.45,0.1,50,1.5,0.1,1,0.544156835324038
7633,scale_free,inv_degree,7701739,100,291,0.03,3,0.45,0.1,50,1.5,0.17,3,0.3401589066776571
7634,scale_free,inv_degree,7702748,100,291,0.03,3,0.45,0.1,50,1.5,0.1,2,0.5447377156202503
7635,scale_free,inv_degree,7703757,100,291,0.03,3,0.45,0.1,50,1.5,0.14,2,0.44326945816989527
7636,scale_free,inv_degree,7704766,100,291,0.03,3,0.45,0.1,50,1.5,0.11,3,0.5121128845107624
7637,scale_free,inv_degree,7705775,100,291,0.03,3,0.45,0.1,50,1.5,0.13,3,0.4398235335403829
7638,scale_free,inv_degree,7706784,100,291,0.03,3,0.45,0.1,50,1.5,0.38,8,0.06034898667899119
7639,scale_free,inv_degree,7707793,100,291,0.03,3,0.45,0.1,50,1.5,0.12,3,0.4527115513775556
7640,scale_free,inv_degree,7708802,100,291,0.03,3,0.45,0.1,50,1.5,0.16,5,0.37315952755672405
7641,scale_free,inv_degree,7709811,100,291,0.03,3,0.45,0.1,50,1.5,0.09,2,0.5452409084217252
7642,scale_free,inv_degree,7710820,100,291,0.03,3,0.45,0.1,50,1.5,0.21,3,0.2570132256920293
7643,scale_free,inv_degree,7711829,100,291,0.03,3,0.45,0.1,50,1.5,0.13,2,0.4253964374097888
7644,scale_free,inv_degree,7712838,100,291,0.03,3,0.45,0.1,50,1.5,0.17,3,0.31231714435263347
7645,scale_free,inv_degree,7713847,100,291,0.03,3,0.45,0.1,50,1.5,0.08,1,0.5556177245820217
7646,scale_free,inv_degree,7714856,100,291,0.03,3,0.45,0.1,50,1.5,0.27,8,0.16292415869184287
7647,scale_free,inv_degree,7715865,100,291,0.03,3,0.45,0.1,50,1.5,0.08,2,0.650974282069941
7648,scale_free,inv_degree,7716874,100,291,0.03,3,0.45,0.1,50,1.5,0.19,4,0.2579713266065449
7649,scale_free,inv_degree,7717883,100,291,0.03,3,0.45,0.1,50,1.5,0.14,5,0.41514745080105486
7650,scale_free,inv_degree,7718892,100,291,0.03,3,0.45,0.1,50,1.5,0.15,5,0.37077615764987704
7651,scale_free,inv_degree,7719901,100,291,0.03,3,0.45,0.1,50,1.5,0.18,2,0.3317355084320196
7652,scale_free,inv_degree,7720910,100,291,0.03,3,0.45,0.1,50,1.5,0.1,3,0.5013960567346837
7653,scale_free,inv_degree,7721919,100,291,0.03,3,0.45,0.1,50,1.5,0.23,4,0.2779453353126102
7654,scale_free,inv_degree,7722928,100,291,0.03,3,0.45,0.1,50,1.5,0.11,2,0.495093372108906
7655,scale_free,inv_degree,7723937,100,291,0.03,3,0.45,0.1,50,1.5,0.12,4,0.5072405399064297
7656,scale_free,inv_degree,7724946,100,291,0.03,3,0.45,0.1,50,1.5,0.23,6,0.20203972464803832
7657,scale_free,inv_degree,7725955,100,291,0.03,3,0.45,0.1,50,1.5,0.08,2,0.5712359616550802
7658,scale_free,inv_degree,7726964,100,291,0.03,3,0.45,0.1,50,1.5,0.05,1,0.7029570706858888
7659,scale_free,inv_degree,7727973,100,291,0.03,3,0.45,0.1,50,1.5,0.08,1,0.6205785637695646
7660,scale_free,inv_degree,7728982,100,291,0.03,3,0.45,0.1,50,1.5,0.12,2,0.4749151143964696
7661,scale_free,inv_degree,7729991,100,291,0.03,3,0.45,0.1,50,1.5,0.19,6,0.2964930627092024
7662,scale_free,inv_degree,7731000,100,291,0.03,3,0.45,0.1,50,1.5,0.06,1,0.6668794521648792
7663,scale_free,inv_degree,7732009,100,291,0.03,3,0.45,0.1,50,1.5,0.05,1,0.708546849881647
7664,scale_free,inv_degree,7733018,100,291,0.03,3,0.45,0.1,50,1.5,0.22,4,0.2372568023837602
7665,scale_free,inv_degree,7734027,100,291,0.03,3,0.45,0.1,50,1.5,0.14,3,0.4294297204521978
7666,scale_free,inv_degree,7735036,100,291,0.03,3,0.45,0.1,50,1.5,0.13,2,0.39165601717156584
7667,scale_free,inv_degree,7736045,100,291,0.03,3,0.45,0.1,50,1.5,0.13,2,0.39181021159656193
7668,scale_free,inv_degree,7737054,100,291,0.03,3,0.45,0.1,50,1.5,0.05,1,0.7046856973987061
7669,scale_free,inv_degree,7738063,100,291,0.03,3,0.45,0.1,50,1.5,0.16,4,0.35561632778068025
7670,scale_free,inv_degree,7739072,100,291,0.03,3,0.45,0.1,50,1.5,0.09,1,0.5813303622767629
7671,scale_free,inv_degree,7740081,100,291,0.03,3,0.45,0.1,50,1.5,0.15,3,0.3666598590858086
7672,scale_free,inv_degree,7741090,100,291,0.03,3,0.45,0.1,50,1.5,0.15,4,0.40373133469286265
7673,scale_free,inv_degree,7742099,100,291,0.03,3,0.45,0.1,50,1.5,0.18,3,0.30662527014311836
7674,scale_free,inv_degree,7743108,100,291,0.03,3,0.45,0.1,50,1.5,0.15,4,0.41834545730948025
7675,scale_free,inv_degree,7744117,100,291,0.03,3,0.45,0.1,50,1.5,0.37,8,0.10595126914046786
7676,scale_free,inv_degree,7745126,100,291,0.03,3,0.45,0.1,50,1.5,0.17,3,0.3473988574111273
7677,scale_free,inv_degree,7746135,100,291,0.03,3,0.45,0.1,50,1.5,0.04,1,0.7094839835729029
7678,scale_free,inv_degree,7747144,100,291,0.03,3,0.45,0.1,50,1.5,0.16,3,0.371314923107565
7679,scale_free,inv_degree,7748153,100,291,0.03,3,0.45,0.1,50,1.5,0.11,2,0.4611711858167466
7680,scale_free,inv_degree,7749162,100,291,0.03,3,0.45,0.1,50,1.5,0.15,2,0.37358094545149023
7681,scale_free,inv_degree,7750171,100,291,0.03,3,0.45,0.1,50,1.5,0.19,4,0.2916624216519798
7682,scale_free,inv_degree,7751180,100,291,0.03,3,0.45,0.1,50,1.5,0.08,2,0.5920917672832592
7683,scale_free,inv_degree,7752189,100,291,0.03,3,0.45,0.1,50,1.5,0.11,1,0.49114571813005536
7684,scale_free,inv_degree,7753198,100,291,0.03,3,0.45,0.1,50,1.5,0.12,3,0.4606658514012693
7685,scale_free,inv_degree,7754207,100,291,0.03,3,0.45,0.1,50,1.5,0.08,4,0.6172877717216755
7686,scale_free,inv_degree,7755216,100,291,0.03,3,0.45,0.1,50,1.5,0.16,4,0.34318125363748975
7687,scale_free,inv_degree,7756225,100,291,0.03,3,0.45,0.1,50,1.5,0.12,2,0.4486129951550152
7688,scale_free,inv_degree,7757234,100,291,0.03,3,0.45,0.1,50,1.5,0.13,1,0.3919841918275787
7689,scale_free,inv_degree,7758243,100,291,0.03,3,0.45,0.1,50,1.5,0.43,9,0.049259364083912856
7690,scale_free,inv_degree,7759252,100,291,0.03,3,0.45,0.1,50,1.5,0.07,2,0.6154642511180646
7691,scale_free,inv_degree,7760261,100,291,0.03,3,0.45,0.1,50,1.5,0.06,1,0.6605948982959345
7692,scale_free,inv_degree,7761270,100,291,0.03,3,0.45,0.1,50,1.5,0.05,1,0.7042695776829012
7693,scale_free,inv_degree,7762279,100,291,0.03,3,0.45,0.1,50,1.5,0.15,3,0.40526146374917205
7694,scale_free,inv_degree,7763288,100,291,0.03,3,0.45,0.1,50,1.5,0.17,4,0.3760351428324862
7695,scale_free,inv_degree,7764297,100,291,0.03,3,0.45,0.1,50,1.5,0.15,3,0.43002223706757087
7696,scale_free,inv_degree,7765306,100,291,0.03,3,0.45,0.1,50,1.5,0.21,5,0.2481687387756682
7697,scale_free,inv_degree,7766315,100,291,0.03,3,0.45,0.1,50,1.5,0.2,4,0.21164468030042485
7698,scale_free,inv_degree,7767324,100,291,0.03,3,0.45,0.1,50,1.5,0.17,4,0.2724757539902027
7699,scale_free,inv_degree,7768333,100,291,0.03,3,0.45,0.1,50,1.5,0.08,1,0.5770371018024619
7700,scale_free,inv_degree,7769342,100,291,0.03,3,0.45,0.1,50,1.5,0.08,1,0.574543872213419
7701,scale_free,inv_degree,7770351,100,291,0.03,3,0.45,0.1,50,1.5,0.08,2,0.5845695311546591
7702,scale_free,inv_degree,7771360,100,291,0.03,3,0.45,0.1,50,1.5,0.1,3,0.5767313870158327
7703,scale_free,inv_degree,7772369,100,291,0.03,3,0.45,0.1,50,1.5,0.15,3,0.3829239168615177
7704,scale_free,inv_degree,7773378,100,291,0.03,3,0.45,0.1,50,1.5,0.15,2,0.3562339865444837
7705,scale_free,inv_degree,7774387,100,291,0.03,3,0.45,0.1,50,1.5,0.16,3,0.36078943755407983
7706,scale_free,inv_degree,7775396,100,291,0.03,3,0.45,0.1,50,1.5,0.14,2,0.40049253674920066
7707,scale_free,inv_degree,7776405,100,291,0.03,3,0.45,0.1,50,1.5,0.14,3,0.40292263884887763
7708,scale_free,inv_degree,7777414,100,291,0.03,3,0.45,0.1,50,1.5,0.21,4,0.21752282377944737
7709,scale_free,inv_degree,7778423,100,291,0.03,3,0.45,0.1,50,1.5,0.06,1,0.6494883805582283
7710,scale_free,inv_degree,7779432,100,291,0.03,3,0.45,0.1,50,1.5,0.22,5,0.25993459694222926
7711,scale_free,inv_degree,7780441,100,291,0.03,3,0.45,0.1,50,1.5,0.09,1,0.625951007442456
7712,scale_free,inv_degree,7781450,100,291,0.03,3,0.45,0.1,50,1.5,0.21,4,0.2908149285893319
7713,scale_free,inv_degree,7782459,100,291,0.03,3,0.45,0.1,50,1.5,0.16,2,0.3482375076059286
7714,scale_free,inv_degree,7783468,100,291,0.03,3,0.45,0.1,50,1.5,0.16,3,0.36093410841279006
7715,scale_free,inv_degree,7784477,100,291,0.03,3,0.45,0.1,50,1.5,0.11,2,0.45840827696970277
7716,scale_free,inv_degree,7785486,100,291,0.03,3,0.45,0.1,50,1.5,0.22,4,0.21701439762522765
7717,scale_free,inv_degree,7786495,100,291,0.03,3,0.45,0.1,50,1.5,0.05,1,0.6690522327875879
7718,scale_free,inv_degree,7787504,100,291,0.03,3,0.45,0.1,50,1.5,0.09,2,0.5856253341162324
7719,scale_free,inv_degree,7788513,100,291,0.03,3,0.45,0.1,50,1.5,0.21,4,0.22610678066140816
7720,scale_free,inv_degree,7789522,100,291,0.03,3,0.45,0.1,50,1.5,0.07,1,0.6422153569854425
7721,scale_free,inv_degree,7790531,100,291,0.03,3,0.45,0.1,50,1.5,0.15,2,0.4119363845684395
7722,scale_free,inv_degree,7791540,100,291,0.03,3,0.45,0.1,50,1.5,0.1,2,0.5090055220863657
7723,scale_free,inv_degree,7792549,100,291,0.03,3,0.45,0.1,50,1.5,0.05,1,0.7016821381533656
7724,scale_free,inv_degree,7793558,100,291,0.03,3,0.45,0.1,50,1.5,0.13,2,0.48403506576216737
7725,scale_free,inv_degree,7794567,100,291,0.03,3,0.45,0.1,50,1.5,0.11,1,0.49646728607129487
7726,scale_free,inv_degree,7795576,100,291,0.03,3,0.45,0.1,50,1.5,0.15,3,0.38591339759316107
7727,scale_free,inv_degree,7796585,100,291,0.03,3,0.45,0.1,50,1.5,0.19,3,0.34678035374147065
7728,scale_free,inv_degree,7797594,100,291,0.03,3,0.45,0.1,50,1.5,0.09,2,0.5099399310255898
7729,scale_free,inv_degree,7798603,100,291,0.03,3,0.45,0.1,50,1.5,0.21,6,0.2442081261299756
7730,scale_free,inv_degree,7799612,100,291,0.03,3,0.45,0.1,50,1.5,0.19,4,0.2868327847135824
7731,scale_free,inv_degree,7800621,100,291,0.03,3,0.45,0.1,50,1.5,0.17,2,0.3561517995258394
7732,scale_free,inv_degree,7801630,100,291,0.03,3,0.45,0.1,50,1.5,0.11,2,0.5252710909944701
7733,scale_free,inv_degree,7802639,100,291,0.03,3,0.45,0.1,50,1.5,0.14,2,0.4074431213601125
7734,scale_free,inv_degree,7803648,100,291,0.03,3,0.45,0.1,50,1.5,0.15,3,0.3985985105041419
7735,scale_free,inv_degree,7804657,100,291,0.03,3,0.45,0.1,50,1.5,0.1,2,0.5057477627372888
7736,scale_free,inv_degree,7805666,100,291,0.03,3,0.45,0.1,50,1.5,0.14,2,0.3921485661263587
7737,scale_free,inv_degree,7806675,100,291,0.03,3,0.45,0.1,50,1.5,0.14,2,0.43312537274896007
7738,scale_free,inv_degree,7807684,100,291,0.03,3,0.45,0.1,50,1.5,0.18,3,0.27788881609826227
7739,scale_free,inv_degree,7808693,100,291,0.03,3,0.45,0.1,50,1.5,0.11,1,0.45793477011513983
7740,scale_free,inv_degree,7809702,100,291,0.03,3,0.45,0.1,50,1.5,0.1,2,0.5566997914255358
7741,scale_free,inv_degree,7810711,100,291,0.03,3,0.45,0.1,50,1.5,0.21,4,0.23242343204326874
7742,scale_free,inv_degree,7811720,100,291,0.03,3,0.45,0.1,50,1.5,0.06,1,0.6385480500377844
7743,scale_free,inv_degree,7812729,100,291,0.03,3,0.45,0.1,50,1.5,0.14,3,0.41267904504273134
7744,scale_free,inv_degree,7813738,100,291,0.03,3,0.45,0.1,50,1.5,0.1,2,0.4918063735421398
7745,scale_free,inv_degree,7814747,100,291,0.03,3,0.45,0.1,50,1.5,0.08,1,0.6107940431064076
7746,scale_free,inv_degree,7815756,100,291,0.03,3,0.45,0.1,50,1.5,0.11,2,0.45791340827003496
7747,scale_free,inv_degree,7816765,100,291,0.03,3,0.45,0.1,50,1.5,0.1,2,0.5566553493325465
7748,scale_free,inv_degree,7817774,100,291,0.03,3,0.45,0.1,50,1.5,0.13,2,0.49236273319297
7749,scale_free,inv_degree,7818783,100,291,0.03,3,0.45,0.1,50,1.5,0.17,4,0.3460480080407586
7750,scale_free,inv_degree,7819792,100,291,0.03,3,0.45,0.1,50,1.5,0.12,2,0.4847800087815621
7751,scale_free,inv_degree,7820801,100,291,0.03,3,0.45,0.1,50,1.5,0.08,2,0.6107802646579799
7752,scale_free,inv_degree,7821810,100,291,0.03,3,0.45,0.1,50,1.5,0.1,1,0.5461385991564517
7753,scale_free,inv_degree,7822819,100,291,0.03,3,0.45,0.1,50,1.5,0.12,2,0.5219726047990451
7754,scale_free,inv_degree,7823828,100,291,0.03,3,0.45,0.1,50,1.5,0.13,2,0.4108191269527332
7755,scale_free,inv_degree,7824837,100,291,0.03,3,0.45,0.1,50,1.5,0.12,3,0.43361457817776206
7756,scale_free,inv_degree,7825846,100,291,0.03,3,0.45,0.1,50,1.5,0.1,2,0.5191040296975385
7757,scale_free,inv_degree,7826855,100,291,0.03,3,0.45,0.1,50,1.5,0.06,1,0.6405075901786965
7758,scale_free,inv_degree,7827864,100,291,0.03,3,0.45,0.1,50,1.5,0.06,2,0.6472500378045151
7759,scale_free,inv_degree,7828873,100,291,0.03,3,0.45,0.1,50,1.5,0.09,2,0.5991264546534746
7760,scale_free,inv_degree,7829882,100,291,0.03,3,0.45,0.1,50,1.5,0.13,2,0.42542003075623663
7761,scale_free,inv_degree,7830891,100,291,0.03,3,0.45,0.1,50,1.5,0.07,1,0.6197468754163806
7762,scale_free,inv_degree,7831900,100,291,0.03,3,0.45,0.1,50,1.5,0.1,2,0.5226506658966644
7763,scale_free,inv_degree,7832909,100,291,0.03,3,0.45,0.1,50,1.5,0.07,1,0.6215075892665857
7764,scale_free,inv_degree,7833918,100,291,0.03,3,0.45,0.1,50,1.5,0.11,1,0.48662714074856545
7765,scale_free,inv_degree,7834927,100,291,0.03,3,0.45,0.1,50,1.5,0.15,3,0.4036432026787851
7766,scale_free,inv_degree,7835936,100,291,0.03,3,0.45,0.1,50,1.5,0.17,3,0.3642960427398266
7767,scale_free,inv_degree,7836945,100,291,0.03,3,0.45,0.1,50,1.5,0.14,2,0.3545223652717654
7768,scale_free,inv_degree,7837954,100,291,0.03,3,0.45,0.1,50,1.5,0.16,4,0.32900730331363387
7769,scale_free,inv_degree,7838963,100,291,0.03,3,0.45,0.1,50,1.5,0.1,2,0.5052557367851159
7770,scale_free,inv_degree,7839972,100,291,0.03,3,0.45,0.1,50,1.5,0.17,4,0.36088545139350325
7771,scale_free,inv_degree,7840981,100,291,0.03,3,0.45,0.1,50,1.5,0.28,5,0.11471874234415635
7772,scale_free,inv_degree,7841990,100,291,0.03,3,0.45,0.1,50,1.5,0.09,2,0.5565668555372314
7773,scale_free,inv_degree,7842999,100,291,0.03,3,0.45,0.1,50,1.5,0.13,2,0.389958928603249
7774,scale_free,inv_degree,7844008,100,291,0.03,3,0.45,0.1,50,1.5,0.09,1,0.5628242442064357
7775,scale_free,inv_degree,7845017,100,291,0.03,3,0.45,0.1,50,1.5,0.09,1,0.5780481895832903
7776,scale_free,inv_degree,7846026,100,291,0.03,3,0.45,0.1,50,1.5,0.12,1,0.4495852376069497
7777,scale_free,inv_degree,7847035,100,291,0.03,3,0.45,0.1,50,1.5,1.0,18,0.0
7778,scale_free,inv_degree,7848044,100,291,0.03,3,0.45,0.1,50,1.5,0.11,2,0.5068911363345342
7779,scale_free,inv_degree,7849053,100,291,0.03,3,0.45,0.1,50,1.5,0.2,5,0.21186227675392458
7780,scale_free,inv_degree,7850062,100,291,0.03,3,0.45,0.1,50,1.5,0.07,3,0.6249542208903911
7781,scale_free,inv_degree,7851071,100,291,0.03,3,0.45,0.1,50,1.5,0.14,4,0.3630885301858936
7782,scale_free,inv_degree,7852080,100,291,0.03,3,0.45,0.1,50,1.5,0.09,2,0.569567729736812
7783,scale_free,inv_degree,7853089,100,291,0.03,3,0.45,0.1,50,1.5,0.14,2,0.38621910655172104
7784,scale_free,inv_degree,7854098,100,291,0.03,3,0.45,0.1,50,1.5,0.18,2,0.2546197019569243
7785,scale_free,inv_degree,7855107,100,291,0.03,3,0.45,0.1,50,1.5,0.12,3,0.4747386050593768
7786,scale_free,inv_degree,7856116,100,291,0.03,3,0.45,0.1,50,1.5,0.2,4,0.25344325424230085
7787,scale_free,inv_degree,7857125,100,291,0.03,3,0.45,0.1,50,1.5,0.08,2,0.570519048871814
7788,scale_free,inv_degree,7858134,100,291,0.03,3,0.45,0.1,50,1.5,0.1,1,0.5754451674114397
7789,scale_free,inv_degree,7859143,100,291,0.03,3,0.45,0.1,50,1.5,0.1,2,0.5774902229095115
7790,scale_free,inv_degree,7860152,100,291,0.03,3,0.45,0.1,50,1.5,0.08,1,0.6201392344091667
7791,scale_free,inv_degree,7861161,100,291,0.03,3,0.45,0.1,50,1.5,0.09,4,0.6043129797799138
7792,scale_free,inv_degree,7862170,100,291,0.03,3,0.45,0.1,50,1.5,0.1,1,0.5384228111560615
7793,scale_free,inv_degree,7863179,100,291,0.03,3,0.45,0.1,50,1.5,0.34,7,0.07804557533495313
7794,scale_free,inv_degree,7864188,100,291,0.03,3,0.45,0.1,50,1.5,0.1,3,0.5527266013544696
7795,scale_free,inv_degree,7865197,100,291,0.03,3,0.45,0.1,50,1.5,0.08,1,0.5748925442087501
7796,scale_free,inv_degree,7866206,100,291,0.03,3,0.45,0.1,50,1.5,0.42,10,0.052262583759865686
7797,scale_free,inv_degree,7867215,100,291,0.03,3,0.45,0.1,50,1.5,0.17,5,0.315189046603112
7798,scale_free,inv_degree,7868224,100,291,0.03,3,0.45,0.1,50,1.5,0.12,1,0.42759371497286425
7799,scale_free,inv_degree,7869233,100,291,0.03,3,0.45,0.1,50,1.5,0.13,3,0.4250042342874047
7800,scale_free,inv_degree,7870242,100,291,0.03,3,0.45,0.1,50,1.5,0.09,1,0.5595351607739476
7801,scale_free,inv_degree,7871251,100,291,0.03,3,0.45,0.1,50,1.5,0.11,1,0.48665208706190644
7802,scale_free,inv_degree,7872260,100,291,0.03,3,0.45,0.1,50,1.5,0.2,5,0.25790171477096263
7803,scale_free,inv_degree,7873269,100,291,0.03,3,0.45,0.1,50,1.5,0.05,1,0.6935455402087031
7804,scale_free,inv_degree,7874278,100,291,0.03,3,0.45,0.1,50,1.5,0.13,4,0.4423556420271784
7805,scale_free,inv_degree,7875287,100,291,0.03,3,0.45,0.1,50,1.5,0.06,1,0.650765988482889
7806,scale_free,inv_degree,7876296,100,291,0.03,3,0.45,0.1,50,1.5,0.1,2,0.5866133159056476
7807,scale_free,inv_degree,7877305,100,291,0.03,3,0.45,0.1,50,1.5,0.09,1,0.5328540570646574
7808,scale_free,inv_degree,7878314,100,291,0.03,3,0.45,0.1,50,1.5,0.1,2,0.48922616582628775
7809,scale_free,inv_degree,7879323,100,291,0.03,3,0.45,0.1,50,1.5,0.12,2,0.48461898218867955
7810,scale_free,inv_degree,7880332,100,291,0.03,3,0.45,0.1,50,1.5,0.13,3,0.41036210007003726
7811,scale_free,inv_degree,7881341,100,291,0.03,3,0.45,0.1,50,1.5,0.05,1,0.6824726825076108
7812,scale_free,inv_degree,7882350,100,291,0.03,3,0.45,0.1,50,1.5,0.13,3,0.463666113453468
7813,scale_free,inv_degree,7883359,100,291,0.03,3,0.45,0.1,50,1.5,0.09,2,0.568269584281403
7814,scale_free,inv_degree,7884368,100,291,0.03,3,0.45,0.1,50,1.5,0.22,3,0.24009521821201682
7815,scale_free,inv_degree,7885377,100,291,0.03,3,0.45,0.1,50,1.5,0.21,4,0.2263803331544357
7816,scale_free,inv_degree,7886386,100,291,0.03,3,0.45,0.1,50,1.5,0.06,1,0.6683012481208038
7817,scale_free,inv_degree,7887395,100,291,0.03,3,0.45,0.1,50,1.5,0.15,1,0.32986414537971404
7818,scale_free,inv_degree,7888404,100,291,0.03,3,0.45,0.1,50,1.5,0.16,6,0.37134486504697867
7819,scale_free,inv_degree,7889413,100,291,0.03,3,0.45,0.1,50,1.5,0.19,4,0.28444175108066366
7820,scale_free,inv_degree,7890422,100,291,0.03,3,0.45,0.1,50,1.5,0.12,2,0.49042081634064233
7821,scale_free,inv_degree,7891431,100,291,0.03,3,0.45,0.1,50,1.5,0.12,2,0.4175430496049867
7822,scale_free,inv_degree,7892440,100,291,0.03,3,0.45,0.1,50,1.5,0.11,2,0.5103088252871842
7823,scale_free,inv_degree,7893449,100,291,0.03,3,0.45,0.1,50,1.5,0.09,2,0.5631112673872893
7824,scale_free,inv_degree,7894458,100,291,0.03,3,0.45,0.1,50,1.5,0.09,2,0.5602945035211699
7825,scale_free,inv_degree,7895467,100,291,0.03,3,0.45,0.1,50,1.5,1.0,11,0.0
7826,scale_free,inv_degree,7896476,100,291,0.03,3,0.45,0.1,50,1.5,0.11,2,0.462848379328632
7827,scale_free,inv_degree,7897485,100,291,0.03,3,0.45,0.1,50,1.5,0.09,2,0.5573328238016537
7828,scale_free,inv_degree,7898494,100,291,0.03,3,0.45,0.1,50,1.5,0.14,3,0.35758829118695806
7829,scale_free,inv_degree,7899503,100,291,0.03,3,0.45,0.1,50,1.5,0.13,2,0.42305108278778625
7830,scale_free,inv_degree,7900512,100,291,0.03,3,0.45,0.1,50,1.5,0.14,2,0.378908282209286
7831,scale_free,inv_degree,7901521,100,291,0.03,3,0.45,0.1,50,1.5,0.48,6,0.02079645118411764
7832,scale_free,inv_degree,7902530,100,291,0.03,3,0.45,0.1,50,1.5,0.13,4,0.4082677161503017
7833,scale_free,inv_degree,7903539,100,291,0.03,3,0.45,0.1,50,1.5,0.16,5,0.3271746495518052
7834,scale_free,inv_degree,7904548,100,291,0.03,3,0.45,0.1,50,1.5,0.16,3,0.2947788067200809
7835,scale_free,inv_degree,7905557,100,291,0.03,3,0.45,0.1,50,1.5,0.09,1,0.5660382738187312
7836,scale_free,inv_degree,7906566,100,291,0.03,3,0.45,0.1,50,1.5,0.11,1,0.47997972370559916
7837,scale_free,inv_degree,7907575,100,291,0.03,3,0.45,0.1,50,1.5,0.37,9,0.08139816750673975
7838,scale_free,inv_degree,7908584,100,291,0.03,3,0.45,0.1,50,1.5,0.17,6,0.3547272887836031
7839,scale_free,inv_degree,7909593,100,291,0.03,3,0.45,0.1,50,1.5,0.12,1,0.5058538662214278
7840,scale_free,inv_degree,7910602,100,291,0.03,3,0.45,0.1,50,1.5,0.14,3,0.37197646192306527
7841,scale_free,inv_degree,7911611,100,291,0.03,3,0.45,0.1,50,1.5,0.15,3,0.38723454384553396
7842,scale_free,inv_degree,7912620,100,291,0.03,3,0.45,0.1,50,1.5,0.1,2,0.511330873993291
7843,scale_free,inv_degree,7913629,100,291,0.03,3,0.45,0.1,50,1.5,0.15,2,0.34767765991021843
7844,scale_free,inv_degree,7914638,100,291,0.03,3,0.45,0.1,50,1.5,0.09,1,0.5280615608523715
7845,scale_free,inv_degree,7915647,100,291,0.03,3,0.45,0.1,50,1.5,0.13,2,0.4338057233861623
7846,scale_free,inv_degree,7916656,100,291,0.03,3,0.45,0.1,50,1.5,0.08,1,0.6308942450890815
7847,scale_free,inv_degree,7917665,100,291,0.03,3,0.45,0.1,50,1.5,0.15,2,0.38448192538114156
7848,scale_free,inv_degree,7918674,100,291,0.03,3,0.45,0.1,50,1.5,0.13,2,0.3851805960283736
7849,scale_free,inv_degree,7919683,100,291,0.03,3,0.45,0.1,50,1.5,0.12,2,0.4742941132103779
7850,scale_free,inv_degree,7920692,100,291,0.03,3,0.45,0.1,50,1.5,0.1,1,0.5796927821448435
7851,scale_free,inv_degree,7921701,100,291,0.03,3,0.45,0.1,50,1.5,0.1,4,0.5240429495922316
7852,scale_free,inv_degree,7922710,100,291,0.03,3,0.45,0.1,50,1.5,0.08,1,0.58685537330823
7853,scale_free,inv_degree,7923719,100,291,0.03,3,0.45,0.1,50,1.5,0.12,3,0.4696444955407913
7854,scale_free,inv_degree,7924728,100,291,0.03,3,0.45,0.1,50,1.5,0.21,4,0.2035116096369384
7855,scale_free,inv_degree,7925737,100,291,0.03,3,0.45,0.1,50,1.5,0.14,3,0.4188775205957416
7856,scale_free,inv_degree,7926746,100,291,0.03,3,0.45,0.1,50,1.5,0.11,1,0.4575517927573285
7857,scale_free,inv_degree,7927755,100,291,0.03,3,0.45,0.1,50,1.5,0.19,5,0.27806338787285717
7858,scale_free,inv_degree,7928764,100,291,0.03,3,0.45,0.1,50,1.5,0.08,2,0.611240651785743
7859,scale_free,inv_degree,7929773,100,291,0.03,3,0.45,0.1,50,1.5,0.1,2,0.5385622745780662
7860,scale_free,inv_degree,7930782,100,291,0.03,3,0.45,0.1,50,1.5,0.07,1,0.6273180047598007
7861,scale_free,inv_degree,7931791,100,291,0.03,3,0.45,0.1,50,1.5,0.12,2,0.4953683870136484
7862,scale_free,inv_degree,7932800,100,291,0.03,3,0.45,0.1,50,1.5,0.18,4,0.2929238448124911
7863,scale_free,inv_degree,7933809,100,291,0.03,3,0.45,0.1,50,1.5,0.08,1,0.604183530055311
7864,scale_free,inv_degree,7934818,100,291,0.03,3,0.45,0.1,50,1.5,0.13,4,0.46632438366302714
7865,scale_free,inv_degree,7935827,100,291,0.03,3,0.45,0.1,50,1.5,0.08,2,0.6327958462257106
7866,scale_free,inv_degree,7936836,100,291,0.03,3,0.45,0.1,50,1.5,0.1,2,0.48171993528813595
7867,scale_free,inv_degree,7937845,100,291,0.03,3,0.45,0.1,50,1.5,0.22,4,0.2556965374543023
7868,scale_free,inv_degree,7938854,100,291,0.03,3,0.45,0.1,50,1.5,0.15,3,0.4098330066113166
7869,scale_free,inv_degree,7939863,100,291,0.03,3,0.45,0.1,50,1.5,0.17,3,0.30899265764271355
7870,scale_free,inv_degree,7940872,100,291,0.03,3,0.45,0.1,50,1.5,0.08,3,0.6209078025187944
7871,scale_free,inv_degree,7941881,100,291,0.03,3,0.45,0.1,50,1.5,0.11,2,0.46024008946245715
7872,scale_free,inv_degree,7942890,100,291,0.03,3,0.45,0.1,50,1.5,0.09,1,0.5598555514339475
7873,scale_free,inv_degree,7943899,100,291,0.03,3,0.45,0.1,50,1.5,0.11,3,0.5355524165048839
7874,scale_free,inv_degree,7944908,100,291,0.03,3,0.45,0.1,50,1.5,0.11,2,0.5003970245454848
7875,scale_free,inv_degree,7945917,100,291,0.03,3,0.45,0.1,50,1.5,0.25,4,0.14527327347810257
7876,scale_free,inv_degree,7946926,100,291,0.03,3,0.45,0.1,50,1.5,0.08,1,0.5635952755237927
7877,scale_free,inv_degree,7947935,100,291,0.03,3,0.45,0.1,50,1.5,0.18,3,0.3306345041468665
7878,scale_free,inv_degree,7948944,100,291,0.03,3,0.45,0.1,50,1.5,0.31,5,0.12156230399272473
7879,scale_free,inv_degree,7949953,100,291,0.03,3,0.45,0.1,50,1.5,0.11,2,0.5137890806979544
7880,scale_free,inv_degree,7950962,100,291,0.03,3,0.45,0.1,50,1.5,0.15,3,0.3576474547448601
7881,scale_free,inv_degree,7951971,100,291,0.03,3,0.45,0.1,50,1.5,0.13,3,0.440633305373157
7882,scale_free,inv_degree,7952980,100,291,0.03,3,0.45,0.1,50,1.5,0.12,3,0.4414733580410596
7883,scale_free,inv_degree,7953989,100,291,0.03,3,0.45,0.1,50,1.5,0.26,7,0.23373517980851113
7884,scale_free,inv_degree,7954998,100,291,0.03,3,0.45,0.1,50,1.5,0.17,5,0.3124243541983357
7885,scale_free,inv_degree,7956007,100,291,0.03,3,0.45,0.1,50,1.5,0.15,7,0.40015621068632484
7886,scale_free,inv_degree,7957016,100,291,0.03,3,0.45,0.1,50,1.5,0.11,4,0.498041009213855
7887,scale_free,inv_degree,7958025,100,291,0.03,3,0.45,0.1,50,1.5,0.09,1,0.5685728182209497
7888,scale_free,inv_degree,7959034,100,291,0.03,3,0.45,0.1,50,1.5,0.09,2,0.5807388354721202
7889,scale_free,inv_degree,7960043,100,291,0.03,3,0.45,0.1,50,1.5,0.11,3,0.4702246453915121
7890,scale_free,inv_degree,7961052,100,291,0.03,3,0.45,0.1,50,1.5,0.08,1,0.5682314731882663
7891,scale_free,inv_degree,7962061,100,291,0.03,3,0.45,0.1,50,1.5,0.11,3,0.47563073525217625
7892,scale_free,inv_degree,7963070,100,291,0.03,3,0.45,0.1,50,1.5,0.13,2,0.4180284473318304
7893,scale_free,inv_degree,7964079,100,291,0.03,3,0.45,0.1,50,1.5,0.09,2,0.5516953481043667
7894,scale_free,inv_degree,7965088,100,291,0.03,3,0.45,0.1,50,1.5,0.07,1,0.6654624523579482
7895,scale_free,inv_degree,7966097,100,291,0.03,3,0.45,0.1,50,1.5,0.08,3,0.6008202946003628
7896,scale_free,inv_degree,7967106,100,291,0.03,3,0.45,0.1,50,1.5,0.11,2,0.46578097720278283
7897,scale_free,inv_degree,7968115,100,291,0.03,3,0.45,0.1,50,1.5,0.18,3,0.29975366466694225
7898,scale_free,inv_degree,7969124,100,291,0.03,3,0.45,0.1,50,1.5,0.14,2,0.3478974667898786
7899,scale_free,inv_degree,7970133,100,291,0.03,3,0.45,0.1,50,1.5,0.15,2,0.3732419460730449
7900,scale_free,inv_degree,7971142,100,291,0.03,3,0.45,0.1,50,1.5,0.14,2,0.40498496891921537
7901,scale_free,inv_degree,7972151,100,291,0.03,3,0.45,0.1,50,1.5,0.11,3,0.4415816472004544
7902,scale_free,inv_degree,7973160,100,291,0.03,3,0.45,0.1,50,1.5,0.15,4,0.42611699471602543
7903,scale_free,inv_degree,7974169,100,291,0.03,3,0.45,0.1,50,1.5,0.11,1,0.4712244199163057
7904,scale_free,inv_degree,7975178,100,291,0.03,3,0.45,0.1,50,1.5,0.19,4,0.32838644659551053
7905,scale_free,inv_degree,7976187,100,291,0.03,3,0.45,0.1,50,1.5,0.08,1,0.6207809569712089
7906,scale_free,inv_degree,7977196,100,291,0.03,3,0.45,0.1,50,1.5,0.17,3,0.3449918414918112
7907,scale_free,inv_degree,7978205,100,291,0.03,3,0.45,0.1,50,1.5,0.18,4,0.29499439087995016
7908,scale_free,inv_degree,7979214,100,291,0.03,3,0.45,0.1,50,1.5,0.08,3,0.6044427144566299
7909,scale_free,inv_degree,7980223,100,291,0.03,3,0.45,0.1,50,1.5,0.15,2,0.3465410349819139
7910,scale_free,inv_degree,7981232,100,291,0.03,3,0.45,0.1,50,1.5,0.11,3,0.4487435473605478
7911,scale_free,inv_degree,7982241,100,291,0.03,3,0.45,0.1,50,1.5,0.14,3,0.4577442395950194
7912,scale_free,inv_degree,7983250,100,291,0.03,3,0.45,0.1,50,1.5,0.13,3,0.4559879176356068
7913,scale_free,inv_degree,7984259,100,291,0.03,3,0.45,0.1,50,1.5,0.11,2,0.5159872715248499
7914,scale_free,inv_degree,7985268,100,291,0.03,3,0.45,0.1,50,1.5,0.14,1,0.39688088298244306
7915,scale_free,inv_degree,7986277,100,291,0.03,3,0.45,0.1,50,1.5,0.15,3,0.44518942533664124
7916,scale_free,inv_degree,7987286,100,291,0.03,3,0.45,0.1,50,1.5,0.11,3,0.5263004897539351
7917,scale_free,inv_degree,7988295,100,291,0.03,3,0.45,0.1,50,1.5,0.08,1,0.5913583406358883
7918,scale_free,inv_degree,7989304,100,291,0.03,3,0.45,0.1,50,1.5,0.13,2,0.38606652947523057
7919,scale_free,inv_degree,7990313,100,291,0.03,3,0.45,0.1,50,1.5,0.06,1,0.6533575575895986
7920,scale_free,inv_degree,7991322,100,291,0.03,3,0.45,0.1,50,1.5,0.16,3,0.31933620785038264
7921,scale_free,inv_degree,7992331,100,291,0.03,3,0.45,0.1,50,1.5,0.27,5,0.1476113276156088
7922,scale_free,inv_degree,7993340,100,291,0.03,3,0.45,0.1,50,1.5,0.05,2,0.6677271344080724
7923,scale_free,inv_degree,7994349,100,291,0.03,3,0.45,0.1,50,1.5,0.09,2,0.6010763556037997
7924,scale_free,inv_degree,7995358,100,291,0.03,3,0.45,0.1,50,1.5,0.1,1,0.5185640437491699
7925,scale_free,inv_degree,7996367,100,291,0.03,3,0.45,0.1,50,1.5,0.17,4,0.3686681490609166
7926,scale_free,inv_degree,7997376,100,291,0.03,3,0.45,0.1,50,1.5,0.12,4,0.4960275940147069
7927,scale_free,inv_degree,7998385,100,291,0.03,3,0.45,0.1,50,1.5,0.09,2,0.5230041169327051
7928,scale_free,inv_degree,7999394,100,291,0.03,3,0.45,0.1,50,1.5,0.14,3,0.4275782179506001
7929,scale_free,inv_degree,8000403,100,291,0.03,3,0.45,0.1,50,1.5,0.09,2,0.5602146613443082
7930,scale_free,inv_degree,8001412,100,291,0.03,3,0.45,0.1,50,1.5,0.13,3,0.47815594177253623
7931,scale_free,inv_degree,8002421,100,291,0.03,3,0.45,0.1,50,1.5,0.11,1,0.48167538234893303
7932,scale_free,inv_degree,8003430,100,291,0.03,3,0.45,0.1,50,1.5,0.05,1,0.69952571250216
7933,scale_free,inv_degree,8004439,100,291,0.03,3,0.45,0.1,50,1.5,0.15,3,0.4012712234718531
7934,scale_free,inv_degree,8005448,100,291,0.03,3,0.45,0.1,50,1.5,0.13,2,0.45919047176878525
7935,scale_free,inv_degree,8006457,100,291,0.03,3,0.45,0.1,50,1.5,0.1,2,0.5257404687102317
7936,scale_free,inv_degree,8007466,100,291,0.03,3,0.45,0.1,50,1.5,0.06,2,0.6556796882852818
7937,scale_free,inv_degree,8008475,100,291,0.03,3,0.45,0.1,50,1.5,0.07,1,0.616200125616993
7938,scale_free,inv_degree,8009484,100,291,0.03,3,0.45,0.1,50,1.5,0.08,1,0.5639327131505149
7939,scale_free,inv_degree,8010493,100,291,0.03,3,0.45,0.1,50,1.5,0.2,7,0.2522377641574911
7940,scale_free,inv_degree,8011502,100,291,0.03,3,0.45,0.1,50,1.5,0.11,2,0.5247150651203362
7941,scale_free,inv_degree,8012511,100,291,0.03,3,0.45,0.1,50,1.5,0.12,2,0.47140752253389967
7942,scale_free,inv_degree,8013520,100,291,0.03,3,0.45,0.1,50,1.5,0.12,2,0.4335557444135394
7943,scale_free,inv_degree,8014529,100,291,0.03,3,0.45,0.1,50,1.5,0.17,4,0.3732662571405334
7944,scale_free,inv_degree,8015538,100,291,0.03,3,0.45,0.1,50,1.5,0.19,4,0.3036134305681043
7945,scale_free,inv_degree,8016547,100,291,0.03,3,0.45,0.1,50,1.5,0.06,1,0.6254799474765568
7946,scale_free,inv_degree,8017556,100,291,0.03,3,0.45,0.1,50,1.5,0.12,4,0.39823821342649485
7947,scale_free,inv_degree,8018565,100,291,0.03,3,0.45,0.1,50,1.5,0.13,3,0.4519698354909493
7948,scale_free,inv_degree,8019574,100,291,0.03,3,0.45,0.1,50,1.5,0.1,1,0.536761497464711
7949,scale_free,inv_degree,8020583,100,291,0.03,3,0.45,0.1,50,1.5,0.15,3,0.3721721653056879
7950,scale_free,inv_degree,8021592,100,291,0.03,3,0.45,0.1,50,1.5,0.2,4,0.26702011588872365
7951,scale_free,inv_degree,8022601,100,291,0.03,3,0.45,0.1,50,1.5,0.16,3,0.3447559424505333
7952,scale_free,inv_degree,8023610,100,291,0.03,3,0.45,0.1,50,1.5,0.1,2,0.5250278811321697
7953,scale_free,inv_degree,8024619,100,291,0.03,3,0.45,0.1,50,1.5,0.08,2,0.5986992358642481
7954,scale_free,inv_degree,8025628,100,291,0.03,3,0.45,0.1,50,1.5,0.06,2,0.6611244757445576
7955,scale_free,inv_degree,8026637,100,291,0.03,3,0.45,0.1,50,1.5,0.17,4,0.3411922181022067
7956,scale_free,inv_degree,8027646,100,291,0.03,3,0.45,0.1,50,1.5,0.09,2,0.5627578231291491
7957,scale_free,inv_degree,8028655,100,291,0.03,3,0.45,0.1,50,1.5,0.15,4,0.3721966252461567
7958,scale_free,inv_degree,8029664,100,291,0.03,3,0.45,0.1,50,1.5,0.11,1,0.4969699293216972
7959,scale_free,inv_degree,8030673,100,291,0.03,3,0.45,0.1,50,1.5,0.12,2,0.4875987471496749
7960,scale_free,inv_degree,8031682,100,291,0.03,3,0.45,0.1,50,1.5,0.11,2,0.4738924703650543
7961,scale_free,inv_degree,8032691,100,291,0.03,3,0.45,0.1,50,1.5,0.08,2,0.6211434320070458
7962,scale_free,inv_degree,8033700,100,291,0.03,3,0.45,0.1,50,1.5,0.12,2,0.4810994416527319
7963,scale_free,inv_degree,8034709,100,291,0.03,3,0.45,0.1,50,1.5,0.1,1,0.5425291069852748
7964,scale_free,inv_degree,8035718,100,291,0.03,3,0.45,0.1,50,1.5,0.07,1,0.6357340534194432
7965,scale_free,inv_degree,8036727,100,291,0.03,3,0.45,0.1,50,1.5,0.26,7,0.18071726900370688
7966,scale_free,inv_degree,8037736,100,291,0.03,3,0.45,0.1,50,1.5,0.08,3,0.6029813288464065
7967,scale_free,inv_degree,8038745,100,291,0.03,3,0.45,0.1,50,1.5,0.07,1,0.6076915367621013
7968,scale_free,inv_degree,8039754,100,291,0.03,3,0.45,0.1,50,1.5,0.11,2,0.4758266382647859
7969,scale_free,inv_degree,8040763,100,291,0.03,3,0.45,0.1,50,1.5,0.09,2,0.5518371181014996
7970,scale_free,inv_degree,8041772,100,291,0.03,3,0.45,0.1,50,1.5,0.07,1,0.6242912190849582
7971,scale_free,inv_degree,8042781,100,291,0.03,3,0.45,0.1,50,1.5,0.13,3,0.46393181685808066
7972,scale_free,inv_degree,8043790,100,291,0.03,3,0.45,0.1,50,1.5,0.4,11,0.07989127007118628
7973,scale_free,inv_degree,8044799,100,291,0.03,3,0.45,0.1,50,1.5,0.04,1,0.7413400437954083
7974,scale_free,inv_degree,8045808,100,291,0.03,3,0.45,0.1,50,1.5,0.1,2,0.49722123262887036
7975,scale_free,inv_degree,8046817,100,291,0.03,3,0.45,0.1,50,1.5,1.0,27,0.0
7976,scale_free,inv_degree,8047826,100,291,0.03,3,0.45,0.1,50,1.5,0.24,7,0.17790684019009795
7977,scale_free,inv_degree,8048835,100,291,0.03,3,0.45,0.1,50,1.5,0.16,2,0.3694693472607573
7978,scale_free,inv_degree,8049844,100,291,0.03,3,0.45,0.1,50,1.5,0.14,2,0.3197009650586732
7979,scale_free,inv_degree,8050853,100,291,0.03,3,0.45,0.1,50,1.5,0.21,7,0.2362440366035487
7980,scale_free,inv_degree,8051862,100,291,0.03,3,0.45,0.1,50,1.5,0.13,2,0.4211658953356446
7981,scale_free,inv_degree,8052871,100,291,0.03,3,0.45,0.1,50,1.5,0.12,3,0.4597541427050118
7982,scale_free,inv_degree,8053880,100,291,0.03,3,0.45,0.1,50,1.5,0.25,6,0.19603246766165003
7983,scale_free,inv_degree,8054889,100,291,0.03,3,0.45,0.1,50,1.5,0.2,3,0.3105037166289806
7984,scale_free,inv_degree,8055898,100,291,0.03,3,0.45,0.1,50,1.5,0.25,5,0.23080363495130493
7985,scale_free,inv_degree,8056907,100,291,0.03,3,0.45,0.1,50,1.5,0.1,2,0.5104942937924922
7986,scale_free,inv_degree,8057916,100,291,0.03,3,0.45,0.1,50,1.5,0.05,1,0.6940395564877402
7987,scale_free,inv_degree,8058925,100,291,0.03,3,0.45,0.1,50,1.5,0.14,2,0.4103620780522087
7988,scale_free,inv_degree,8059934,100,291,0.03,3,0.45,0.1,50,1.5,0.09,3,0.5460704821676854
7989,scale_free,inv_degree,8060943,100,291,0.03,3,0.45,0.1,50,1.5,0.13,4,0.4934863908044632
7990,scale_free,inv_degree,8061952,100,291,0.03,3,0.45,0.1,50,1.5,0.06,1,0.6618641715686682
7991,scale_free,inv_degree,8062961,100,291,0.03,3,0.45,0.1,50,1.5,0.14,3,0.34291832651928206
7992,scale_free,inv_degree,8063970,100,291,0.03,3,0.45,0.1,50,1.5,0.14,4,0.45347871235596343
7993,scale_free,inv_degree,8064979,100,291,0.03,3,0.45,0.1,50,1.5,0.15,3,0.3936915175119899
7994,scale_free,inv_degree,8065988,100,291,0.03,3,0.45,0.1,50,1.5,0.08,2,0.6028627195440829
7995,scale_free,inv_degree,8066997,100,291,0.03,3,0.45,0.1,50,1.5,0.11,2,0.4675572262938107
7996,scale_free,inv_degree,8068006,100,291,0.03,3,0.45,0.1,50,1.5,0.09,2,0.5105582373843794
7997,scale_free,inv_degree,8069015,100,291,0.03,3,0.45,0.1,50,1.5,0.17,4,0.3581261375802646
7998,scale_free,inv_degree,8070024,100,291,0.03,3,0.45,0.1,50,1.5,0.09,1,0.5583187051113688
7999,scale_free,inv_degree,8071033,100,291,0.03,3,0.45,0.1,50,1.5,0.07,1,0.6708688348804387
8000,scale_free,inv_degree,8072042,100,291,0.03,3,0.45,0.1,50,1.5,0.11,2,0.48751537745507756
8001,small_world,inv_degree,8073051,100,300,0.03,3,0.45,0.1,50,1.5,0.03,0,0.904873645305682
8002,small_world,inv_degree,8074060,100,300,0.03,3,0.45,0.1,50,1.5,0.03,0,0.9021252811826564
8003,small_world,inv_degree,8075069,100,300,0.03,3,0.45,0.1,50,1.5,0.03,0,0.9140245958931296
8004,small_world,inv_degree,8076078,100,300,0.03,3,0.45,0.1,50,1.5,0.03,0,0.9087905713409252
8005,small_world,inv_degree,8077087,100,300,0.03,3,0.45,0.1,50,1.5,0.05,1,0.858706635545991
8006,small_world,inv_degree,8078096,100,300,0.03,3,0.45,0.1,50,1.5,0.03,0,0.9262826104976025
8007,small_world,inv_degree,8079105,100,300,0.03,3,0.45,0.1,50,1.5,0.07,3,0.8334216184484249
8008,small_world,inv_degree,8080114,100,300,0.03,3,0.45,0.1,50,1.5,0.03,0,0.8995724881699085
8009,small_world,inv_degree,8081123,100,300,0.03,3,0.45,0.1,50,1.5,0.03,0,0.9077153320424474
8010,small_world,inv_degree,8082132,100,300,0.03,3,0.45,0.1,50,1.5,0.04,1,0.8806914752297695
8011,small_world,inv_degree,8083141,100,300,0.03,3,0.45,0.1,50,1.5,0.03,0,0.9121615205137259
8012,small_world,inv_degree,8084150,100,300,0.03,3,0.45,0.1,50,1.5,0.03,0,0.9114587977622023
8013,small_world,inv_degree,8085159,100,300,0.03,3,0.45,0.1,50,1.5,0.06,2,0.835322901440175
8014,small_world,inv_degree,8086168,100,300,0.03,3,0.45,0.1,50,1.5,0.03,0,0.8958861943824429
8015,small_world,inv_degree,8087177,100,300,0.03,3,0.45,0.1,50,1.5,0.03,0,0.9072012409803266
8016,small_world,inv_degree,8088186,100,300,0.03,3,0.45,0.1,50,1.5,0.08,5,0.8274910532855
8017,small_world,inv_degree,8089195,100,300,0.03,3,0.45,0.1,50,1.5,0.03,0,0.9124159670084404
8018,small_world,inv_degree,8090204,100,300,0.03,3,0.45,0.1,50,1.5,0.15,9,0.7437132337749467
8019,small_world,inv_degree,8091213,100,300,0.03,3,0.45,0.1,50,1.5,0.03,0,0.9056965592451973
8020,small_world,inv_degree,8092222,100,300,0.03,3,0.45,0.1,50,1.5,0.03,0,0.9058774607676693
8021,small_world,inv_degree,8093231,100,300,0.03,3,0.45,0.1,50,1.5,0.03,0,0.9073617583119593
8022,small_world,inv_degree,8094240,100,300,0.03,3,0.45,0.1,50,1.5,0.03,0,0.9164312452209583
8023,small_world,inv_degree,8095249,100,300,0.03,3,0.45,0.1,50,1.5,0.03,0,0.911420419608185
8024,small_world,inv_degree,8096258,100,300,0.03,3,0.45,0.1,50,1.5,0.03,0,0.9104521653719737
8025,small_world,inv_degree,8097267,100,300,0.03,3,0.45,0.1,50,1.5,0.03,0,0.905580244650441
8026,small_world,inv_degree,8098276,100,300,0.03,3,0.45,0.1,50,1.5,0.04,1,0.8788708688818014
8027,small_world,inv_degree,8099285,100,300,0.03,3,0.45,0.1,50,1.5,0.04,1,0.8825593850802147
8028,small_world,inv_degree,8100294,100,300,0.03,3,0.45,0.1,50,1.5,0.03,0,0.911263150488646
8029,small_world,inv_degree,8101303,100,300,0.03,3,0.45,0.1,50,1.5,0.03,0,0.9085456834901658
8030,small_world,inv_degree,8102312,100,300,0.03,3,0.45,0.1,50,1.5,0.04,1,0.8704538610360207
8031,small_world,inv_degree,8103321,100,300,0.03,3,0.45,0.1,50,1.5,0.03,0,0.889229999285822
8032,small_world,inv_degree,8104330,100,300,0.03,3,0.45,0.1,50,1.5,0.03,0,0.9081484300888193
8033,small_world,inv_degree,8105339,100,300,0.03,3,0.45,0.1,50,1.5,0.07,4,0.8088738730141903
8034,small_world,inv_degree,8106348,100,300,0.03,3,0.45,0.1,50,1.5,0.03,0,0.9106556552054617
8035,small_world,inv_degree,8107357,100,300,0.03,3,0.45,0.1,50,1.5,0.1,7,0.7852400977422523
8036,small_world,inv_degree,8108366,100,300,0.03,3,0.45,0.1,50,1.5,0.04,1,0.8670190152082502
8037,small_world,inv_degree,8109375,100,300,0.03,3,0.45,0.1,50,1.5,0.03,0,0.9059095056879968
8038,small_world,inv_degree,8110384,100,300,0.03,3,0.45,0.1,50,1.5,0.03,0,0.9042682282469819
8039,small_world,inv_degree,8111393,100,300,0.03,3,0.45,0.1,50,1.5,0.04,1,0.8730490778461101
8040,small_world,inv_degree,8112402,100,300,0.03,3,0.45,0.1,50,1.5,0.03,0,0.9091750060385252
8041,small_world,inv_degree,8113411,100,300,0.03,3,0.45,0.1,50,1.5,0.12,7,0.7554103633651443
8042,small_world,inv_degree,8114420,100,300,0.03,3,0.45,0.1,50,1.5,0.03,0,0.9007828238508675
8043,small_world,inv_degree,8115429,100,300,0.03,3,0.45,0.1,50,1.5,0.03,0,0.9059387075342723
8044,small_world,inv_degree,8116438,100,300,0.03,3,0.45,0.1,50,1.5,0.04,1,0.8664479837906529
8045,small_world,inv_degree,8117447,100,300,0.03,3,0.45,0.1,50,1.5,0.03,0,0.9140505282105742
8046,small_world,inv_degree,8118456,100,300,0.03,3,0.45,0.1,50,1.5,0.03,0,0.900324269203681
8047,small_world,inv_degree,8119465,100,300,0.03,3,0.45,0.1,50,1.5,0.03,0,0.9080105348260107
8048,small_world,inv_degree,8120474,100,300,0.03,3,0.45,0.1,50,1.5,0.04,1,0.8798400842701494
8049,small_world,inv_degree,8121483,100,300,0.03,3,0.45,0.1,50,1.5,0.03,0,0.90936068030717
8050,small_world,inv_degree,8122492,100,300,0.03,3,0.45,0.1,50,1.5,0.06,2,0.900483870542059
8051,small_world,inv_degree,8123501,100,300,0.03,3,0.45,0.1,50,1.5,0.03,0,0.8961969094675746
8052,small_world,inv_degree,8124510,100,300,0.03,3,0.45,0.1,50,1.5,0.03,0,0.9053563883176533
8053,small_world,inv_degree,8125519,100,300,0.03,3,0.45,0.1,50,1.5,0.03,0,0.902272301485447
8054,small_world,inv_degree,8126528,100,300,0.03,3,0.45,0.1,50,1.5,0.03,0,0.911565958772193
8055,small_world,inv_degree,8127537,100,300,0.03,3,0.45,0.1,50,1.5,0.03,0,0.9117807109074272
8056,small_world,inv_degree,8128546,100,300,0.03,3,0.45,0.1,50,1.5,0.03,0,0.8895547268562617
8057,small_world,inv_degree,8129555,100,300,0.03,3,0.45,0.1,50,1.5,0.03,0,0.8946826535079421
8058,small_world,inv_degree,8130564,100,300,0.03,3,0.45,0.1,50,1.5,0.05,2,0.8500511698273645
8059,small_world,inv_degree,8131573,100,300,0.03,3,0.45,0.1,50,1.5,0.03,0,0.9109750025883303
8060,small_world,inv_degree,8132582,100,300,0.03,3,0.45,0.1,50,1.5,0.03,0,0.9070208200544113
8061,small_world,inv_degree,8133591,100,300,0.03,3,0.45,0.1,50,1.5,0.08,3,0.8344804114135823
8062,small_world,inv_degree,8134600,100,300,0.03,3,0.45,0.1,50,1.5,0.03,0,0.9037944115819413
8063,small_world,inv_degree,8135609,100,300,0.03,3,0.45,0.1,50,1.5,0.03,0,0.883246930023159
8064,small_world,inv_degree,8136618,100,300,0.03,3,0.45,0.1,50,1.5,0.03,0,0.9137801655819111
8065,small_world,inv_degree,8137627,100,300,0.03,3,0.45,0.1,50,1.5,0.03,0,0.9115774355540461
8066,small_world,inv_degree,8138636,100,300,0.03,3,0.45,0.1,50,1.5,0.05,2,0.8729856825967144
8067,small_world,inv_degree,8139645,100,300,0.03,3,0.45,0.1,50,1.5,0.03,0,0.9145111060940456
8068,small_world,inv_degree,8140654,100,300,0.03,3,0.45,0.1,50,1.5,0.07,3,0.8280031481613187
8069,small_world,inv_degree,8141663,100,300,0.03,3,0.45,0.1,50,1.5,0.03,0,0.9093362878918051
8070,small_world,inv_degree,8142672,100,300,0.03,3,0.45,0.1,50,1.5,0.08,4,0.8117524788654948
8071,small_world,inv_degree,8143681,100,300,0.03,3,0.45,0.1,50,1.5,0.03,0,0.898358010795006
8072,small_world,inv_degree,8144690,100,300,0.03,3,0.45,0.1,50,1.5,0.03,0,0.9084947408223136
8073,small_world,inv_degree,8145699,100,300,0.03,3,0.45,0.1,50,1.5,0.03,0,0.9085507089932213
8074,small_world,inv_degree,8146708,100,300,0.03,3,0.45,0.1,50,1.5,0.03,0,0.9036261867361701
8075,small_world,inv_degree,8147717,100,300,0.03,3,0.45,0.1,50,1.5,0.03,0,0.928971928089639
8076,small_world,inv_degree,8148726,100,300,0.03,3,0.45,0.1,50,1.5,0.03,0,0.907759457815619
8077,small_world,inv_degree,8149735,100,300,0.03,3,0.45,0.1,50,1.5,0.03,0,0.9060541734539476
8078,small_world,inv_degree,8150744,100,300,0.03,3,0.45,0.1,50,1.5,0.03,0,0.9151510594160418
8079,small_world,inv_degree,8151753,100,300,0.03,3,0.45,0.1,50,1.5,0.03,0,0.907754048197558
8080,small_world,inv_degree,8152762,100,300,0.03,3,0.45,0.1,50,1.5,0.07,3,0.8080949517713423
8081,small_world,inv_degree,8153771,100,300,0.03,3,0.45,0.1,50,1.5,0.03,0,0.8960739993501491
8082,small_world,inv_degree,8154780,100,300,0.03,3,0.45,0.1,50,1.5,0.03,0,0.8976047639660214
8083,small_world,inv_degree,8155789,100,300,0.03,3,0.45,0.1,50,1.5,0.03,0,0.9085572436240604
8084,small_world,inv_degree,8156798,100,300,0.03,3,0.45,0.1,50,1.5,0.1,5,0.7537051339225137
8085,small_world,inv_degree,8157807,100,300,0.03,3,0.45,0.1,50,1.5,0.05,1,0.856803985986076
8086,small_world,inv_degree,8158816,100,300,0.03,3,0.45,0.1,50,1.5,0.03,0,0.8992911148785767
8087,small_world,inv_degree,8159825,100,300,0.03,3,0.45,0.1,50,1.5,0.03,0,0.9114071885034767
8088,small_world,inv_degree,8160834,100,300,0.03,3,0.45,0.1,50,1.5,0.03,0,0.8946861210001927
8089,small_world,inv_degree,8161843,100,300,0.03,3,0.45,0.1,50,1.5,0.03,0,0.904749881358175
8090,small_world,inv_degree,8162852,100,300,0.03,3,0.45,0.1,50,1.5,0.03,0,0.9049145945121269
8091,small_world,inv_degree,8163861,100,300,0.03,3,0.45,0.1,50,1.5,0.03,0,0.9102282229322268
8092,small_world,inv_degree,8164870,100,300,0.03,3,0.45,0.1,50,1.5,0.03,0,0.9051969679251239
8093,small_world,inv_degree,8165879,100,300,0.03,3,0.45,0.1,50,1.5,0.09,4,0.8132251996248644
8094,small_world,inv_degree,8166888,100,300,0.03,3,0.45,0.1,50,1.5,0.03,0,0.9053143120317398
8095,small_world,inv_degree,8167897,100,300,0.03,3,0.45,0.1,50,1.5,0.03,0,0.8933075290158178
8096,small_world,inv_degree,8168906,100,300,0.03,3,0.45,0.1,50,1.5,0.03,0,0.8946398363521418
8097,small_world,inv_degree,8169915,100,300,0.03,3,0.45,0.1,50,1.5,0.03,0,0.902744481910838
8098,small_world,inv_degree,8170924,100,300,0.03,3,0.45,0.1,50,1.5,0.03,0,0.9107808190223204
8099,small_world,inv_degree,8171933,100,300,0.03,3,0.45,0.1,50,1.5,0.07,2,0.8325949329613852
8100,small_world,inv_degree,8172942,100,300,0.03,3,0.45,0.1,50,1.5,0.07,3,0.8040020906474328
8101,small_world,inv_degree,8173951,100,300,0.03,3,0.45,0.1,50,1.5,0.03,0,0.9141387163661872
8102,small_world,inv_degree,8174960,100,300,0.03,3,0.45,0.1,50,1.5,0.03,0,0.9103178884347768
8103,small_world,inv_degree,8175969,100,300,0.03,3,0.45,0.1,50,1.5,0.03,0,0.9132643209247763
8104,small_world,inv_degree,8176978,100,300,0.03,3,0.45,0.1,50,1.5,0.03,0,0.9063652790597982
8105,small_world,inv_degree,8177987,100,300,0.03,3,0.45,0.1,50,1.5,0.03,0,0.8995530597474304
8106,small_world,inv_degree,8178996,100,300,0.03,3,0.45,0.1,50,1.5,0.03,0,0.9058131653368701
8107,small_world,inv_degree,8180005,100,300,0.03,3,0.45,0.1,50,1.5,0.05,2,0.8427173874162728
8108,small_world,inv_degree,8181014,100,300,0.03,3,0.45,0.1,50,1.5,0.12,4,0.7031974214636391
8109,small_world,inv_degree,8182023,100,300,0.03,3,0.45,0.1,50,1.5,0.03,0,0.8953585130092342
8110,small_world,inv_degree,8183032,100,300,0.03,3,0.45,0.1,50,1.5,0.09,5,0.8076751648567609
8111,small_world,inv_degree,8184041,100,300,0.03,3,0.45,0.1,50,1.5,0.04,1,0.8755411703461922
8112,small_world,inv_degree,8185050,100,300,0.03,3,0.45,0.1,50,1.5,0.03,0,0.9089734418782048
8113,small_world,inv_degree,8186059,100,300,0.03,3,0.45,0.1,50,1.5,0.03,0,0.9085044367512589
8114,small_world,inv_degree,8187068,100,300,0.03,3,0.45,0.1,50,1.5,0.03,0,0.9123039127954139
8115,small_world,inv_degree,8188077,100,300,0.03,3,0.45,0.1,50,1.5,0.04,1,0.8921404270682266
8116,small_world,inv_degree,8189086,100,300,0.03,3,0.45,0.1,50,1.5,0.05,1,0.8552685526261901
8117,small_world,inv_degree,8190095,100,300,0.03,3,0.45,0.1,50,1.5,0.03,0,0.9082788053428876
8118,small_world,inv_degree,8191104,100,300,0.03,3,0.45,0.1,50,1.5,0.03,0,0.8903050603249794
8119,small_world,inv_degree,8192113,100,300,0.03,3,0.45,0.1,50,1.5,0.03,0,0.9059344687128601
8120,small_world,inv_degree,8193122,100,300,0.03,3,0.45,0.1,50,1.5,0.03,0,0.9099028173663278
8121,small_world,inv_degree,8194131,100,300,0.03,3,0.45,0.1,50,1.5,0.03,0,0.9085396804793381
8122,small_world,inv_degree,8195140,100,300,0.03,3,0.45,0.1,50,1.5,0.21,14,0.6217164490263789
8123,small_world,inv_degree,8196149,100,300,0.03,3,0.45,0.1,50,1.5,0.04,1,0.8744157551221122
8124,small_world,inv_degree,8197158,100,300,0.03,3,0.45,0.1,50,1.5,0.03,0,0.9100656956931642
8125,small_world,inv_degree,8198167,100,300,0.03,3,0.45,0.1,50,1.5,0.1,6,0.7992239774874761
8126,small_world,inv_degree,8199176,100,300,0.03,3,0.45,0.1,50,1.5,0.03,0,0.9042723721628193
8127,small_world,inv_degree,8200185,100,300,0.03,3,0.45,0.1,50,1.5,0.03,0,0.8920243151566432
8128,small_world,inv_degree,8201194,100,300,0.03,3,0.45,0.1,50,1.5,0.07,3,0.8138735529692425
8129,small_world,inv_degree,8202203,100,300,0.03,3,0.45,0.1,50,1.5,0.09,3,0.7995489222222399
8130,small_world,inv_degree,8203212,100,300,0.03,3,0.45,0.1,50,1.5,0.03,0,0.8988739547940674
8131,small_world,inv_degree,8204221,100,300,0.03,3,0.45,0.1,50,1.5,0.03,0,0.9267134773881444
8132,small_world,inv_degree,8205230,100,300,0.03,3,0.45,0.1,50,1.5,0.03,0,0.9113606536396462
8133,small_world,inv_degree,8206239,100,300,0.03,3,0.45,0.1,50,1.5,0.03,0,0.9135464423062766
8134,small_world,inv_degree,8207248,100,300,0.03,3,0.45,0.1,50,1.5,0.03,0,0.9018618830225653
8135,small_world,inv_degree,8208257,100,300,0.03,3,0.45,0.1,50,1.5,0.03,0,0.9035361355826492
8136,small_world,inv_degree,8209266,100,300,0.03,3,0.45,0.1,50,1.5,0.04,1,0.878148956095597
8137,small_world,inv_degree,8210275,100,300,0.03,3,0.45,0.1,50,1.5,0.03,0,0.9077092194274998
8138,small_world,inv_degree,8211284,100,300,0.03,3,0.45,0.1,50,1.5,0.09,6,0.820701496893354
8139,small_world,inv_degree,8212293,100,300,0.03,3,0.45,0.1,50,1.5,0.03,0,0.9085632042263945
8140,small_world,inv_degree,8213302,100,300,0.03,3,0.45,0.1,50,1.5,0.03,0,0.8973650840527188
8141,small_world,inv_degree,8214311,100,300,0.03,3,0.45,0.1,50,1.5,0.03,0,0.8908236648633185
8142,small_world,inv_degree,8215320,100,300,0.03,3,0.45,0.1,50,1.5,0.03,0,0.9040812869281089
8143,small_world,inv_degree,8216329,100,300,0.03,3,0.45,0.1,50,1.5,0.03,0,0.9118350655524695
8144,small_world,inv_degree,8217338,100,300,0.03,3,0.45,0.1,50,1.5,0.03,0,0.9035274352121498
8145,small_world,inv_degree,8218347,100,300,0.03,3,0.45,0.1,50,1.5,0.03,0,0.8947121399327487
8146,small_world,inv_degree,8219356,100,300,0.03,3,0.45,0.1,50,1.5,0.03,0,0.9066949157667031
8147,small_world,inv_degree,8220365,100,300,0.03,3,0.45,0.1,50,1.5,0.03,0,0.8929863070627378
8148,small_world,inv_degree,8221374,100,300,0.03,3,0.45,0.1,50,1.5,0.03,0,0.9040991520790614
8149,small_world,inv_degree,8222383,100,300,0.03,3,0.45,0.1,50,1.5,0.03,0,0.9012724745527203
8150,small_world,inv_degree,8223392,100,300,0.03,3,0.45,0.1,50,1.5,0.03,0,0.9083934140819158
8151,small_world,inv_degree,8224401,100,300,0.03,3,0.45,0.1,50,1.5,0.03,0,0.9086984776250288
8152,small_world,inv_degree,8225410,100,300,0.03,3,0.45,0.1,50,1.5,0.03,0,0.9129987721441484
8153,small_world,inv_degree,8226419,100,300,0.03,3,0.45,0.1,50,1.5,0.03,0,0.9085549587521887
8154,small_world,inv_degree,8227428,100,300,0.03,3,0.45,0.1,50,1.5,0.03,0,0.9047918591789917
8155,small_world,inv_degree,8228437,100,300,0.03,3,0.45,0.1,50,1.5,0.04,1,0.8811542560450173
8156,small_world,inv_degree,8229446,100,300,0.03,3,0.45,0.1,50,1.5,0.03,0,0.9009684137025035
8157,small_world,inv_degree,8230455,100,300,0.03,3,0.45,0.1,50,1.5,0.03,0,0.9010295620332517
8158,small_world,inv_degree,8231464,100,300,0.03,3,0.45,0.1,50,1.5,0.03,0,0.9124822029898486
8159,small_world,inv_degree,8232473,100,300,0.03,3,0.45,0.1,50,1.5,0.03,0,0.9097526606484875
8160,small_world,inv_degree,8233482,100,300,0.03,3,0.45,0.1,50,1.5,0.03,0,0.909198501897516
8161,small_world,inv_degree,8234491,100,300,0.03,3,0.45,0.1,50,1.5,0.03,0,0.9118894709693252
8162,small_world,inv_degree,8235500,100,300,0.03,3,0.45,0.1,50,1.5,0.03,0,0.9080110044500502
8163,small_world,inv_degree,8236509,100,300,0.03,3,0.45,0.1,50,1.5,0.03,0,0.9093896720535101
8164,small_world,inv_degree,8237518,100,300,0.03,3,0.45,0.1,50,1.5,0.03,0,0.9037842602780518
8165,small_world,inv_degree,8238527,100,300,0.03,3,0.45,0.1,50,1.5,0.03,0,0.9118028505249693
8166,small_world,inv_degree,8239536,100,300,0.03,3,0.45,0.1,50,1.5,0.09,4,0.8618685772290773
8167,small_world,inv_degree,8240545,100,300,0.03,3,0.45,0.1,50,1.5,0.03,0,0.9031152138811926
8168,small_world,inv_degree,8241554,100,300,0.03,3,0.45,0.1,50,1.5,0.03,0,0.9051234917396327
8169,small_world,inv_degree,8242563,100,300,0.03,3,0.45,0.1,50,1.5,0.03,0,0.9025421247762853
8170,small_world,inv_degree,8243572,100,300,0.03,3,0.45,0.1,50,1.5,0.03,0,0.9103415974947972
8171,small_world,inv_degree,8244581,100,300,0.03,3,0.45,0.1,50,1.5,0.03,0,0.9105173812201185
8172,small_world,inv_degree,8245590,100,300,0.03,3,0.45,0.1,50,1.5,0.03,0,0.8894669473802562
8173,small_world,inv_degree,8246599,100,300,0.03,3,0.45,0.1,50,1.5,0.07,3,0.83835377783336
8174,small_world,inv_degree,8247608,100,300,0.03,3,0.45,0.1,50,1.5,0.03,0,0.9072523041185048
8175,small_world,inv_degree,8248617,100,300,0.03,3,0.45,0.1,50,1.5,0.03,0,0.9137989960917537
8176,small_world,inv_degree,8249626,100,300,0.03,3,0.45,0.1,50,1.5,0.04,1,0.8793633815510372
8177,small_world,inv_degree,8250635,100,300,0.03,3,0.45,0.1,50,1.5,0.03,0,0.928639786157516
8178,small_world,inv_degree,8251644,100,300,0.03,3,0.45,0.1,50,1.5,0.04,1,0.8800385142954469
8179,small_world,inv_degree,8252653,100,300,0.03,3,0.45,0.1,50,1.5,0.04,1,0.8683346095445789
8180,small_world,inv_degree,8253662,100,300,0.03,3,0.45,0.1,50,1.5,0.03,0,0.9002474983522686
8181,small_world,inv_degree,8254671,100,300,0.03,3,0.45,0.1,50,1.5,0.03,0,0.9093455713096373
8182,small_world,inv_degree,8255680,100,300,0.03,3,0.45,0.1,50,1.5,0.03,0,0.9080100799865225
8183,small_world,inv_degree,8256689,100,300,0.03,3,0.45,0.1,50,1.5,0.03,0,0.904720606951526
8184,small_world,inv_degree,8257698,100,300,0.03,3,0.45,0.1,50,1.5,0.03,0,0.9118648035140012
8185,small_world,inv_degree,8258707,100,300,0.03,3,0.45,0.1,50,1.5,0.07,2,0.8333115522008022
8186,small_world,inv_degree,8259716,100,300,0.03,3,0.45,0.1,50,1.5,0.03,0,0.8945033345268754
8187,small_world,inv_degree,8260725,100,300,0.03,3,0.45,0.1,50,1.5,0.03,0,0.9080588971708642
8188,small_world,inv_degree,8261734,100,300,0.03,3,0.45,0.1,50,1.5,0.14,8,0.7710798383719953
8189,small_world,inv_degree,8262743,100,300,0.03,3,0.45,0.1,50,1.5,0.03,0,0.913450777252278
8190,small_world,inv_degree,8263752,100,300,0.03,3,0.45,0.1,50,1.5,0.03,0,0.8938840182737758
8191,small_world,inv_degree,8264761,100,300,0.03,3,0.45,0.1,50,1.5,0.03,0,0.9060628507888883
8192,small_world,inv_degree,8265770,100,300,0.03,3,0.45,0.1,50,1.5,0.03,0,0.8928113808583777
8193,small_world,inv_degree,8266779,100,300,0.03,3,0.45,0.1,50,1.5,0.03,0,0.9209598223812832
8194,small_world,inv_degree,8267788,100,300,0.03,3,0.45,0.1,50,1.5,0.05,1,0.8447593151547933
8195,small_world,inv_degree,8268797,100,300,0.03,3,0.45,0.1,50,1.5,0.03,0,0.893168470813803
8196,small_world,inv_degree,8269806,100,300,0.03,3,0.45,0.1,50,1.5,0.03,0,0.9073942104601886
8197,small_world,inv_degree,8270815,100,300,0.03,3,0.45,0.1,50,1.5,0.04,1,0.8773933043141905
8198,small_world,inv_degree,8271824,100,300,0.03,3,0.45,0.1,50,1.5,0.03,0,0.9092894034323245
8199,small_world,inv_degree,8272833,100,300,0.03,3,0.45,0.1,50,1.5,0.04,1,0.8784921870799653
8200,small_world,inv_degree,8273842,100,300,0.03,3,0.45,0.1,50,1.5,0.03,0,0.9091899863060812
8201,small_world,inv_degree,8274851,100,300,0.03,3,0.45,0.1,50,1.5,0.03,0,0.9030314130046077
8202,small_world,inv_degree,8275860,100,300,0.03,3,0.45,0.1,50,1.5,0.03,0,0.9033574050539765
8203,small_world,inv_degree,8276869,100,300,0.03,3,0.45,0.1,50,1.5,0.03,0,0.9119857398508658
8204,small_world,inv_degree,8277878,100,300,0.03,3,0.45,0.1,50,1.5,0.03,0,0.9037037535015319
8205,small_world,inv_degree,8278887,100,300,0.03,3,0.45,0.1,50,1.5,0.1,6,0.7428745399915773
8206,small_world,inv_degree,8279896,100,300,0.03,3,0.45,0.1,50,1.5,0.1,5,0.7904028223174258
8207,small_world,inv_degree,8280905,100,300,0.03,3,0.45,0.1,50,1.5,0.04,1,0.8804437133129432
8208,small_world,inv_degree,8281914,100,300,0.03,3,0.45,0.1,50,1.5,0.03,0,0.9042587282162213
8209,small_world,inv_degree,8282923,100,300,0.03,3,0.45,0.1,50,1.5,0.03,0,0.911789221947723
8210,small_world,inv_degree,8283932,100,300,0.03,3,0.45,0.1,50,1.5,0.03,0,0.9045898934025484
8211,small_world,inv_degree,8284941,100,300,0.03,3,0.45,0.1,50,1.5,0.03,0,0.893095521096378
8212,small_world,inv_degree,8285950,100,300,0.03,3,0.45,0.1,50,1.5,0.03,0,0.8930798536526047
8213,small_world,inv_degree,8286959,100,300,0.03,3,0.45,0.1,50,1.5,0.03,0,0.908016631677054
8214,small_world,inv_degree,8287968,100,300,0.03,3,0.45,0.1,50,1.5,0.03,0,0.8875904131270853
8215,small_world,inv_degree,8288977,100,300,0.03,3,0.45,0.1,50,1.5,0.03,0,0.903401933100647
8216,small_world,inv_degree,8289986,100,300,0.03,3,0.45,0.1,50,1.5,0.05,2,0.8581158485254821
8217,small_world,inv_degree,8290995,100,300,0.03,3,0.45,0.1,50,1.5,0.03,0,0.9174242357942133
8218,small_world,inv_degree,8292004,100,300,0.03,3,0.45,0.1,50,1.5,0.03,0,0.8905847069701095
8219,small_world,inv_degree,8293013,100,300,0.03,3,0.45,0.1,50,1.5,0.04,1,0.8633044062659139
8220,small_world,inv_degree,8294022,100,300,0.03,3,0.45,0.1,50,1.5,0.03,0,0.8888833707727578
8221,small_world,inv_degree,8295031,100,300,0.03,3,0.45,0.1,50,1.5,0.03,0,0.9049938876566792
8222,small_world,inv_degree,8296040,100,300,0.03,3,0.45,0.1,50,1.5,0.03,0,0.8949794266361301
8223,small_world,inv_degree,8297049,100,300,0.03,3,0.45,0.1,50,1.5,0.03,0,0.8859143757394027
8224,small_world,inv_degree,8298058,100,300,0.03,3,0.45,0.1,50,1.5,0.03,0,0.8984352122197456
8225,small_world,inv_degree,8299067,100,300,0.03,3,0.45,0.1,50,1.5,0.03,0,0.8903478069019612
8226,small_world,inv_degree,8300076,100,300,0.03,3,0.45,0.1,50,1.5,0.03,0,0.8951771855636108
8227,small_world,inv_degree,8301085,100,300,0.03,3,0.45,0.1,50,1.5,0.12,7,0.7561542274760443
8228,small_world,inv_degree,8302094,100,300,0.03,3,0.45,0.1,50,1.5,0.03,0,0.9075033683818726
8229,small_world,inv_degree,8303103,100,300,0.03,3,0.45,0.1,50,1.5,0.05,2,0.8628405054026633
8230,small_world,inv_degree,8304112,100,300,0.03,3,0.45,0.1,50,1.5,0.06,3,0.8543566855043555
8231,small_world,inv_degree,8305121,100,300,0.03,3,0.45,0.1,50,1.5,0.03,0,0.8929172732870971
8232,small_world,inv_degree,8306130,100,300,0.03,3,0.45,0.1,50,1.5,0.04,1,0.8710077072969012
8233,small_world,inv_degree,8307139,100,300,0.03,3,0.45,0.1,50,1.5,0.07,3,0.844777362825883
8234,small_world,inv_degree,8308148,100,300,0.03,3,0.45,0.1,50,1.5,0.03,0,0.9067465796260742
8235,small_world,inv_degree,8309157,100,300,0.03,3,0.45,0.1,50,1.5,0.03,0,0.8907237557665553
8236,small_world,inv_degree,8310166,100,300,0.03,3,0.45,0.1,50,1.5,0.03,0,0.8997773257327855
8237,small_world,inv_degree,8311175,100,300,0.03,3,0.45,0.1,50,1.5,0.03,0,0.9129437685083812
8238,small_world,inv_degree,8312184,100,300,0.03,3,0.45,0.1,50,1.5,0.04,1,0.8775238325182771
8239,small_world,inv_degree,8313193,100,300,0.03,3,0.45,0.1,50,1.5,0.03,0,0.9028856324009286
8240,small_world,inv_degree,8314202,100,300,0.03,3,0.45,0.1,50,1.5,0.03,0,0.9094646338071545
8241,small_world,inv_degree,8315211,100,300,0.03,3,0.45,0.1,50,1.5,0.03,0,0.9090936988316707
8242,small_world,inv_degree,8316220,100,300,0.03,3,0.45,0.1,50,1.5,0.05,1,0.8753356640270786
8243,small_world,inv_degree,8317229,100,300,0.03,3,0.45,0.1,50,1.5,0.03,0,0.9053987568334598
8244,small_world,inv_degree,8318238,100,300,0.03,3,0.45,0.1,50,1.5,0.03,0,0.909463781984773
8245,small_world,inv_degree,8319247,100,300,0.03,3,0.45,0.1,50,1.5,0.03,0,0.9078185221468389
8246,small_world,inv_degree,8320256,100,300,0.03,3,0.45,0.1,50,1.5,0.03,0,0.8958082181578333
8247,small_world,inv_degree,8321265,100,300,0.03,3,0.45,0.1,50,1.5,0.03,0,0.907829729554378
8248,small_world,inv_degree,8322274,100,300,0.03,3,0.45,0.1,50,1.5,0.03,0,0.9099729387747099
8249,small_world,inv_degree,8323283,100,300,0.03,3,0.45,0.1,50,1.5,0.03,0,0.9185693212755955
8250,small_world,inv_degree,8324292,100,300,0.03,3,0.45,0.1,50,1.5,0.1,5,0.8130220064351138
8251,small_world,inv_degree,8325301,100,300,0.03,3,0.45,0.1,50,1.5,0.03,0,0.8963992421258242
8252,small_world,inv_degree,8326310,100,300,0.03,3,0.45,0.1,50,1.5,0.03,0,0.9099862426022053
8253,small_world,inv_degree,8327319,100,300,0.03,3,0.45,0.1,50,1.5,0.03,0,0.9080745504766095
8254,small_world,inv_degree,8328328,100,300,0.03,3,0.45,0.1,50,1.5,0.03,0,0.907084437627628
8255,small_world,inv_degree,8329337,100,300,0.03,3,0.45,0.1,50,1.5,0.03,0,0.8937664832737483
8256,small_world,inv_degree,8330346,100,300,0.03,3,0.45,0.1,50,1.5,0.03,0,0.9073527961805459
8257,small_world,inv_degree,8331355,100,300,0.03,3,0.45,0.1,50,1.5,0.03,0,0.8971353081093468
8258,small_world,inv_degree,8332364,100,300,0.03,3,0.45,0.1,50,1.5,0.03,0,0.907122700191112
8259,small_world,inv_degree,8333373,100,300,0.03,3,0.45,0.1,50,1.5,0.05,1,0.8657865091135134
8260,small_world,inv_degree,8334382,100,300,0.03,3,0.45,0.1,50,1.5,0.04,1,0.86837533370854
8261,small_world,inv_degree,8335391,100,300,0.03,3,0.45,0.1,50,1.5,0.03,0,0.9090593244246162
8262,small_world,inv_degree,8336400,100,300,0.03,3,0.45,0.1,50,1.5,0.04,1,0.8771253431792925
8263,small_world,inv_degree,8337409,100,300,0.03,3,0.45,0.1,50,1.5,0.03,0,0.8945593209220518
8264,small_world,inv_degree,8338418,100,300,0.03,3,0.45,0.1,50,1.5,0.03,0,0.9016433797634746
8265,small_world,inv_degree,8339427,100,300,0.03,3,0.45,0.1,50,1.5,0.03,0,0.9122055463411853
8266,small_world,inv_degree,8340436,100,300,0.03,3,0.45,0.1,50,1.5,0.04,1,0.8902421964170623
8267,small_world,inv_degree,8341445,100,300,0.03,3,0.45,0.1,50,1.5,0.05,1,0.859201168644658
8268,small_world,inv_degree,8342454,100,300,0.03,3,0.45,0.1,50,1.5,0.14,9,0.7288898364242254
8269,small_world,inv_degree,8343463,100,300,0.03,3,0.45,0.1,50,1.5,0.03,0,0.926724026270198
8270,small_world,inv_degree,8344472,100,300,0.03,3,0.45,0.1,50,1.5,0.03,0,0.8967556710400677
8271,small_world,inv_degree,8345481,100,300,0.03,3,0.45,0.1,50,1.5,0.04,1,0.8716591419907997
8272,small_world,inv_degree,8346490,100,300,0.03,3,0.45,0.1,50,1.5,0.03,0,0.9131099396148437
8273,small_world,inv_degree,8347499,100,300,0.03,3,0.45,0.1,50,1.5,0.03,0,0.9090608148606156
8274,small_world,inv_degree,8348508,100,300,0.03,3,0.45,0.1,50,1.5,0.06,3,0.8386332465059819
8275,small_world,inv_degree,8349517,100,300,0.03,3,0.45,0.1,50,1.5,0.03,0,0.8938858758106447
8276,small_world,inv_degree,8350526,100,300,0.03,3,0.45,0.1,50,1.5,0.03,0,0.9042777715673973
8277,small_world,inv_degree,8351535,100,300,0.03,3,0.45,0.1,50,1.5,0.04,1,0.8761300482062397
8278,small_world,inv_degree,8352544,100,300,0.03,3,0.45,0.1,50,1.5,0.03,0,0.9169487012244834
8279,small_world,inv_degree,8353553,100,300,0.03,3,0.45,0.1,50,1.5,0.03,0,0.9036470543205599
8280,small_world,inv_degree,8354562,100,300,0.03,3,0.45,0.1,50,1.5,0.03,0,0.9097602366144896
8281,small_world,inv_degree,8355571,100,300,0.03,3,0.45,0.1,50,1.5,0.03,0,0.9031479959469655
8282,small_world,inv_degree,8356580,100,300,0.03,3,0.45,0.1,50,1.5,0.04,1,0.8650543340321488
8283,small_world,inv_degree,8357589,100,300,0.03,3,0.45,0.1,50,1.5,0.04,1,0.86807639556014
8284,small_world,inv_degree,8358598,100,300,0.03,3,0.45,0.1,50,1.5,0.03,0,0.9121689546937758
8285,small_world,inv_degree,8359607,100,300,0.03,3,0.45,0.1,50,1.5,0.04,1,0.8856710877742404
8286,small_world,inv_degree,8360616,100,300,0.03,3,0.45,0.1,50,1.5,0.06,3,0.8387862002721768
8287,small_world,inv_degree,8361625,100,300,0.03,3,0.45,0.1,50,1.5,0.03,0,0.9125425524321941
8288,small_world,inv_degree,8362634,100,300,0.03,3,0.45,0.1,50,1.5,0.03,0,0.9083047251907722
8289,small_world,inv_degree,8363643,100,300,0.03,3,0.45,0.1,50,1.5,0.03,0,0.9076264620776003
8290,small_world,inv_degree,8364652,100,300,0.03,3,0.45,0.1,50,1.5,0.03,0,0.9043367825101932
8291,small_world,inv_degree,8365661,100,300,0.03,3,0.45,0.1,50,1.5,0.04,1,0.8640060564807618
8292,small_world,inv_degree,8366670,100,300,0.03,3,0.45,0.1,50,1.5,0.15,10,0.6974257454034138
8293,small_world,inv_degree,8367679,100,300,0.03,3,0.45,0.1,50,1.5,0.14,9,0.7221318590350485
8294,small_world,inv_degree,8368688,100,300,0.03,3,0.45,0.1,50,1.5,0.03,0,0.9094729528850484
8295,small_world,inv_degree,8369697,100,300,0.03,3,0.45,0.1,50,1.5,0.03,0,0.9073576814738343
8296,small_world,inv_degree,8370706,100,300,0.03,3,0.45,0.1,50,1.5,0.03,0,0.8983394941662446
8297,small_world,inv_degree,8371715,100,300,0.03,3,0.45,0.1,50,1.5,0.05,1,0.8535172169597443
8298,small_world,inv_degree,8372724,100,300,0.03,3,0.45,0.1,50,1.5,0.03,0,0.9094840563090189
8299,small_world,inv_degree,8373733,100,300,0.03,3,0.45,0.1,50,1.5,0.03,0,0.8970645121178674
8300,small_world,inv_degree,8374742,100,300,0.03,3,0.45,0.1,50,1.5,0.03,0,0.9031929600358399
8301,small_world,inv_degree,8375751,100,300,0.03,3,0.45,0.1,50,1.5,0.06,3,0.8426642830936721
8302,small_world,inv_degree,8376760,100,300,0.03,3,0.45,0.1,50,1.5,0.03,0,0.8973266449283427
8303,small_world,inv_degree,8377769,100,300,0.03,3,0.45,0.1,50,1.5,0.04,1,0.8833275053449949
8304,small_world,inv_degree,8378778,100,300,0.03,3,0.45,0.1,50,1.5,0.03,0,0.9059672787433137
8305,small_world,inv_degree,8379787,100,300,0.03,3,0.45,0.1,50,1.5,0.03,0,0.9132831246927754
8306,small_world,inv_degree,8380796,100,300,0.03,3,0.45,0.1,50,1.5,0.03,0,0.9048994622544899
8307,small_world,inv_degree,8381805,100,300,0.03,3,0.45,0.1,50,1.5,0.03,0,0.9031359630405675
8308,small_world,inv_degree,8382814,100,300,0.03,3,0.45,0.1,50,1.5,0.03,0,0.911670797230818
8309,small_world,inv_degree,8383823,100,300,0.03,3,0.45,0.1,50,1.5,0.03,0,0.905544489525368
8310,small_world,inv_degree,8384832,100,300,0.03,3,0.45,0.1,50,1.5,0.03,0,0.9079896804174021
8311,small_world,inv_degree,8385841,100,300,0.03,3,0.45,0.1,50,1.5,0.04,1,0.877225398985264
8312,small_world,inv_degree,8386850,100,300,0.03,3,0.45,0.1,50,1.5,0.03,0,0.9140939599245866
8313,small_world,inv_degree,8387859,100,300,0.03,3,0.45,0.1,50,1.5,0.03,0,0.9009794170152934
8314,small_world,inv_degree,8388868,100,300,0.03,3,0.45,0.1,50,1.5,0.03,0,0.9085597623366045
8315,small_world,inv_degree,8389877,100,300,0.03,3,0.45,0.1,50,1.5,0.03,0,0.8962368384542952
8316,small_world,inv_degree,8390886,100,300,0.03,3,0.45,0.1,50,1.5,0.11,7,0.781247218773463
8317,small_world,inv_degree,8391895,100,300,0.03,3,0.45,0.1,50,1.5,0.03,0,0.9093950919936521
8318,small_world,inv_degree,8392904,100,300,0.03,3,0.45,0.1,50,1.5,0.03,0,0.9017487293027546
8319,small_world,inv_degree,8393913,100,300,0.03,3,0.45,0.1,50,1.5,0.03,0,0.897514431445786
8320,small_world,inv_degree,8394922,100,300,0.03,3,0.45,0.1,50,1.5,0.03,0,0.9180488515485551
8321,small_world,inv_degree,8395931,100,300,0.03,3,0.45,0.1,50,1.5,0.03,0,0.9033395489036042
8322,small_world,inv_degree,8396940,100,300,0.03,3,0.45,0.1,50,1.5,0.03,0,0.9011756539318883
8323,small_world,inv_degree,8397949,100,300,0.03,3,0.45,0.1,50,1.5,0.03,0,0.9068910830469771
8324,small_world,inv_degree,8398958,100,300,0.03,3,0.45,0.1,50,1.5,0.03,0,0.9121452732180472
8325,small_world,inv_degree,8399967,100,300,0.03,3,0.45,0.1,50,1.5,0.03,0,0.8957155252927663
8326,small_world,inv_degree,8400976,100,300,0.03,3,0.45,0.1,50,1.5,0.03,0,0.9075049061304927
8327,small_world,inv_degree,8401985,100,300,0.03,3,0.45,0.1,50,1.5,0.04,1,0.8766274957836863
8328,small_world,inv_degree,8402994,100,300,0.03,3,0.45,0.1,50,1.5,0.03,0,0.9102320336317521
8329,small_world,inv_degree,8404003,100,300,0.03,3,0.45,0.1,50,1.5,0.1,5,0.7968097910001771
8330,small_world,inv_degree,8405012,100,300,0.03,3,0.45,0.1,50,1.5,0.03,0,0.8927354477832153
8331,small_world,inv_degree,8406021,100,300,0.03,3,0.45,0.1,50,1.5,0.03,0,0.8991924797001821
8332,small_world,inv_degree,8407030,100,300,0.03,3,0.45,0.1,50,1.5,0.03,0,0.9051373169921796
8333,small_world,inv_degree,8408039,100,300,0.03,3,0.45,0.1,50,1.5,0.03,0,0.9021736813982373
8334,small_world,inv_degree,8409048,100,300,0.03,3,0.45,0.1,50,1.5,0.03,0,0.907714957481074
8335,small_world,inv_degree,8410057,100,300,0.03,3,0.45,0.1,50,1.5,0.03,0,0.9077965281605141
8336,small_world,inv_degree,8411066,100,300,0.03,3,0.45,0.1,50,1.5,0.04,1,0.8710654933798494
8337,small_world,inv_degree,8412075,100,300,0.03,3,0.45,0.1,50,1.5,0.07,3,0.83901450261055
8338,small_world,inv_degree,8413084,100,300,0.03,3,0.45,0.1,50,1.5,0.03,0,0.9089902004819059
8339,small_world,inv_degree,8414093,100,300,0.03,3,0.45,0.1,50,1.5,0.03,0,0.909268399644161
8340,small_world,inv_degree,8415102,100,300,0.03,3,0.45,0.1,50,1.5,0.03,0,0.9107439875921078
8341,small_world,inv_degree,8416111,100,300,0.03,3,0.45,0.1,50,1.5,0.03,0,0.9028946375499265
8342,small_world,inv_degree,8417120,100,300,0.03,3,0.45,0.1,50,1.5,0.04,1,0.8774784525356485
8343,small_world,inv_degree,8418129,100,300,0.03,3,0.45,0.1,50,1.5,0.03,0,0.9037584297872393
8344,small_world,inv_degree,8419138,100,300,0.03,3,0.45,0.1,50,1.5,0.03,0,0.90902576357549
8345,small_world,inv_degree,8420147,100,300,0.03,3,0.45,0.1,50,1.5,0.03,0,0.9049049376129027
8346,small_world,inv_degree,8421156,100,300,0.03,3,0.45,0.1,50,1.5,0.03,0,0.902639418988401
8347,small_world,inv_degree,8422165,100,300,0.03,3,0.45,0.1,50,1.5,0.08,4,0.8147839551476426
8348,small_world,inv_degree,8423174,100,300,0.03,3,0.45,0.1,50,1.5,0.03,0,0.9043101992071935
8349,small_world,inv_degree,8424183,100,300,0.03,3,0.45,0.1,50,1.5,0.03,0,0.9087504220322972
8350,small_world,inv_degree,8425192,100,300,0.03,3,0.45,0.1,50,1.5,0.03,0,0.9084452982715839
8351,small_world,inv_degree,8426201,100,300,0.03,3,0.45,0.1,50,1.5,0.04,1,0.8834686472605333
8352,small_world,inv_degree,8427210,100,300,0.03,3,0.45,0.1,50,1.5,0.03,0,0.9064805923491
8353,small_world,inv_degree,8428219,100,300,0.03,3,0.45,0.1,50,1.5,0.03,0,0.8976975227866929
8354,small_world,inv_degree,8429228,100,300,0.03,3,0.45,0.1,50,1.5,0.15,9,0.7352538082098772
8355,small_world,inv_degree,8430237,100,300,0.03,3,0.45,0.1,50,1.5,0.03,0,0.8951272452657792
8356,small_world,inv_degree,8431246,100,300,0.03,3,0.45,0.1,50,1.5,0.06,3,0.8292832268846538
8357,small_world,inv_degree,8432255,100,300,0.03,3,0.45,0.1,50,1.5,0.07,4,0.8109832338414017
8358,small_world,inv_degree,8433264,100,300,0.03,3,0.45,0.1,50,1.5,0.03,0,0.9073388733871814
8359,small_world,inv_degree,8434273,100,300,0.03,3,0.45,0.1,50,1.5,0.03,0,0.924154738351634
8360,small_world,inv_degree,8435282,100,300,0.03,3,0.45,0.1,50,1.5,0.03,0,0.9128280286729854
8361,small_world,inv_degree,8436291,100,300,0.03,3,0.45,0.1,50,1.5,0.03,0,0.9032695770420468
8362,small_world,inv_degree,8437300,100,300,0.03,3,0.45,0.1,50,1.5,0.03,0,0.9039494692381879
8363,small_world,inv_degree,8438309,100,300,0.03,3,0.45,0.1,50,1.5,0.03,0,0.9170502169238537
8364,small_world,inv_degree,8439318,100,300,0.03,3,0.45,0.1,50,1.5,0.05,2,0.8749476158172388
8365,small_world,inv_degree,8440327,100,300,0.03,3,0.45,0.1,50,1.5,0.03,0,0.9077440663900141
8366,small_world,inv_degree,8441336,100,300,0.03,3,0.45,0.1,50,1.5,0.03,0,0.9052640252933138
8367,small_world,inv_degree,8442345,100,300,0.03,3,0.45,0.1,50,1.5,0.04,1,0.8820643700257306
8368,small_world,inv_degree,8443354,100,300,0.03,3,0.45,0.1,50,1.5,0.03,0,0.9114255306981055
8369,small_world,inv_degree,8444363,100,300,0.03,3,0.45,0.1,50,1.5,0.03,0,0.9007623223513539
8370,small_world,inv_degree,8445372,100,300,0.03,3,0.45,0.1,50,1.5,0.03,0,0.9045495216202111
8371,small_world,inv_degree,8446381,100,300,0.03,3,0.45,0.1,50,1.5,0.03,0,0.9034181027428606
8372,small_world,inv_degree,8447390,100,300,0.03,3,0.45,0.1,50,1.5,0.03,0,0.8903296083501903
8373,small_world,inv_degree,8448399,100,300,0.03,3,0.45,0.1,50,1.5,0.12,8,0.7507530230991037
8374,small_world,inv_degree,8449408,100,300,0.03,3,0.45,0.1,50,1.5,0.03,0,0.8979767693569168
8375,small_world,inv_degree,8450417,100,300,0.03,3,0.45,0.1,50,1.5,0.03,0,0.9076127678161527
8376,small_world,inv_degree,8451426,100,300,0.03,3,0.45,0.1,50,1.5,0.03,0,0.9040734077568497
8377,small_world,inv_degree,8452435,100,300,0.03,3,0.45,0.1,50,1.5,0.03,0,0.9078234754089133
8378,small_world,inv_degree,8453444,100,300,0.03,3,0.45,0.1,50,1.5,0.03,0,0.9221535082780475
8379,small_world,inv_degree,8454453,100,300,0.03,3,0.45,0.1,50,1.5,0.03,0,0.9062889553444291
8380,small_world,inv_degree,8455462,100,300,0.03,3,0.45,0.1,50,1.5,0.03,0,0.9063646031449126
8381,small_world,inv_degree,8456471,100,300,0.03,3,0.45,0.1,50,1.5,0.03,0,0.9058999258142488
8382,small_world,inv_degree,8457480,100,300,0.03,3,0.45,0.1,50,1.5,0.03,0,0.9091114717030794
8383,small_world,inv_degree,8458489,100,300,0.03,3,0.45,0.1,50,1.5,0.04,1,0.8854191777073864
8384,small_world,inv_degree,8459498,100,300,0.03,3,0.45,0.1,50,1.5,0.04,1,0.8718203326966495
8385,small_world,inv_degree,8460507,100,300,0.03,3,0.45,0.1,50,1.5,0.03,0,0.9058187171542258
8386,small_world,inv_degree,8461516,100,300,0.03,3,0.45,0.1,50,1.5,0.05,2,0.8665435651277661
8387,small_world,inv_degree,8462525,100,300,0.03,3,0.45,0.1,50,1.5,0.03,0,0.8985932341183883
8388,small_world,inv_degree,8463534,100,300,0.03,3,0.45,0.1,50,1.5,0.04,1,0.8658369109852696
8389,small_world,inv_degree,8464543,100,300,0.03,3,0.45,0.1,50,1.5,0.09,4,0.7616600202202726
8390,small_world,inv_degree,8465552,100,300,0.03,3,0.45,0.1,50,1.5,0.03,0,0.9085167455963534
8391,small_world,inv_degree,8466561,100,300,0.03,3,0.45,0.1,50,1.5,0.03,0,0.9033049829838594
8392,small_world,inv_degree,8467570,100,300,0.03,3,0.45,0.1,50,1.5,0.03,0,0.9029449061959801
8393,small_world,inv_degree,8468579,100,300,0.03,3,0.45,0.1,50,1.5,0.04,1,0.8640885579405704
8394,small_world,inv_degree,8469588,100,300,0.03,3,0.45,0.1,50,1.5,0.03,0,0.9149740341363342
8395,small_world,inv_degree,8470597,100,300,0.03,3,0.45,0.1,50,1.5,0.03,0,0.8936323332032948
8396,small_world,inv_degree,8471606,100,300,0.03,3,0.45,0.1,50,1.5,0.03,0,0.8910171159152039
8397,small_world,inv_degree,8472615,100,300,0.03,3,0.45,0.1,50,1.5,0.04,1,0.8853553014592559
8398,small_world,inv_degree,8473624,100,300,0.03,3,0.45,0.1,50,1.5,0.03,0,0.9042472882295577
8399,small_world,inv_degree,8474633,100,300,0.03,3,0.45,0.1,50,1.5,0.03,0,0.9070673316907938
8400,small_world,inv_degree,8475642,100,300,0.03,3,0.45,0.1,50,1.5,0.11,6,0.7685879374707544
8401,small_world,inv_degree,8476651,100,300,0.03,3,0.45,0.1,50,1.5,0.03,0,0.9248284522092795
8402,small_world,inv_degree,8477660,100,300,0.03,3,0.45,0.1,50,1.5,0.03,0,0.9198284715733138
8403,small_world,inv_degree,8478669,100,300,0.03,3,0.45,0.1,50,1.5,0.15,11,0.7141668321671484
8404,small_world,inv_degree,8479678,100,300,0.03,3,0.45,0.1,50,1.5,0.06,2,0.8478318096371481
8405,small_world,inv_degree,8480687,100,300,0.03,3,0.45,0.1,50,1.5,0.03,0,0.9036393296125227
8406,small_world,inv_degree,8481696,100,300,0.03,3,0.45,0.1,50,1.5,0.03,0,0.9089250421665093
8407,small_world,inv_degree,8482705,100,300,0.03,3,0.45,0.1,50,1.5,0.03,0,0.9116591865699591
8408,small_world,inv_degree,8483714,100,300,0.03,3,0.45,0.1,50,1.5,0.03,0,0.9041562889913536
8409,small_world,inv_degree,8484723,100,300,0.03,3,0.45,0.1,50,1.5,0.03,0,0.9091074031640582
8410,small_world,inv_degree,8485732,100,300,0.03,3,0.45,0.1,50,1.5,0.03,0,0.9100856696291841
8411,small_world,inv_degree,8486741,100,300,0.03,3,0.45,0.1,50,1.5,0.03,0,0.9042396245142177
8412,small_world,inv_degree,8487750,100,300,0.03,3,0.45,0.1,50,1.5,0.03,0,0.9060025497867905
8413,small_world,inv_degree,8488759,100,300,0.03,3,0.45,0.1,50,1.5,0.03,0,0.9103264884972646
8414,small_world,inv_degree,8489768,100,300,0.03,3,0.45,0.1,50,1.5,0.05,2,0.8537190423966473
8415,small_world,inv_degree,8490777,100,300,0.03,3,0.45,0.1,50,1.5,0.03,0,0.9078021394591986
8416,small_world,inv_degree,8491786,100,300,0.03,3,0.45,0.1,50,1.5,0.05,2,0.8457051837593547
8417,small_world,inv_degree,8492795,100,300,0.03,3,0.45,0.1,50,1.5,0.03,0,0.8934833913113948
8418,small_world,inv_degree,8493804,100,300,0.03,3,0.45,0.1,50,1.5,0.03,0,0.8867861834905357
8419,small_world,inv_degree,8494813,100,300,0.03,3,0.45,0.1,50,1.5,0.1,5,0.7824885870721625
8420,small_world,inv_degree,8495822,100,300,0.03,3,0.45,0.1,50,1.5,0.04,1,0.8718975439765195
8421,small_world,inv_degree,8496831,100,300,0.03,3,0.45,0.1,50,1.5,0.04,1,0.8789600346322411
8422,small_world,inv_degree,8497840,100,300,0.03,3,0.45,0.1,50,1.5,0.03,0,0.9106604557876538
8423,small_world,inv_degree,8498849,100,300,0.03,3,0.45,0.1,50,1.5,0.03,0,0.9078385904007602
8424,small_world,inv_degree,8499858,100,300,0.03,3,0.45,0.1,50,1.5,0.03,0,0.9017916330183982
8425,small_world,inv_degree,8500867,100,300,0.03,3,0.45,0.1,50,1.5,0.03,0,0.8990564812882976
8426,small_world,inv_degree,8501876,100,300,0.03,3,0.45,0.1,50,1.5,0.14,8,0.698932257932777
8427,small_world,inv_degree,8502885,100,300,0.03,3,0.45,0.1,50,1.5,0.1,4,0.8376252294041173
8428,small_world,inv_degree,8503894,100,300,0.03,3,0.45,0.1,50,1.5,0.03,0,0.9043114730528606
8429,small_world,inv_degree,8504903,100,300,0.03,3,0.45,0.1,50,1.5,0.03,0,0.906250073534338
8430,small_world,inv_degree,8505912,100,300,0.03,3,0.45,0.1,50,1.5,0.12,7,0.7553951811905045
8431,small_world,inv_degree,8506921,100,300,0.03,3,0.45,0.1,50,1.5,0.09,5,0.81479349697494
8432,small_world,inv_degree,8507930,100,300,0.03,3,0.45,0.1,50,1.5,0.03,0,0.9055264227433004
8433,small_world,inv_degree,8508939,100,300,0.03,3,0.45,0.1,50,1.5,0.04,1,0.8726425122720185
8434,small_world,inv_degree,8509948,100,300,0.03,3,0.45,0.1,50,1.5,0.03,0,0.9099092581895182
8435,small_world,inv_degree,8510957,100,300,0.03,3,0.45,0.1,50,1.5,0.03,0,0.9056975164537386
8436,small_world,inv_degree,8511966,100,300,0.03,3,0.45,0.1,50,1.5,0.03,0,0.9036891049778891
8437,small_world,inv_degree,8512975,100,300,0.03,3,0.45,0.1,50,1.5,0.03,0,0.906153814502645
8438,small_world,inv_degree,8513984,100,300,0.03,3,0.45,0.1,50,1.5,0.03,0,0.9121311646706519
8439,small_world,inv_degree,8514993,100,300,0.03,3,0.45,0.1,50,1.5,0.03,0,0.8995722542989016
8440,small_world,inv_degree,8516002,100,300,0.03,3,0.45,0.1,50,1.5,0.03,0,0.9094826171497303
8441,small_world,inv_degree,8517011,100,300,0.03,3,0.45,0.1,50,1.5,0.03,0,0.9028325325606449
8442,small_world,inv_degree,8518020,100,300,0.03,3,0.45,0.1,50,1.5,0.04,1,0.8827073179092649
8443,small_world,inv_degree,8519029,100,300,0.03,3,0.45,0.1,50,1.5,0.03,0,0.9090023599072534
8444,small_world,inv_degree,8520038,100,300,0.03,3,0.45,0.1,50,1.5,0.03,0,0.904294619636316
8445,small_world,inv_degree,8521047,100,300,0.03,3,0.45,0.1,50,1.5,0.03,0,0.9073041743182331
8446,small_world,inv_degree,8522056,100,300,0.03,3,0.45,0.1,50,1.5,0.1,6,0.776617517251595
8447,small_world,inv_degree,8523065,100,300,0.03,3,0.45,0.1,50,1.5,0.03,0,0.8938568285619827
8448,small_world,inv_degree,8524074,100,300,0.03,3,0.45,0.1,50,1.5,0.03,0,0.9127191308255079
8449,small_world,inv_degree,8525083,100,300,0.03,3,0.45,0.1,50,1.5,0.03,0,0.9074685555277238
8450,small_world,inv_degree,8526092,100,300,0.03,3,0.45,0.1,50,1.5,0.03,0,0.9090619110213977
8451,small_world,inv_degree,8527101,100,300,0.03,3,0.45,0.1,50,1.5,0.03,0,0.9036181041932321
8452,small_world,inv_degree,8528110,100,300,0.03,3,0.45,0.1,50,1.5,0.03,0,0.884820993723251
8453,small_world,inv_degree,8529119,100,300,0.03,3,0.45,0.1,50,1.5,0.04,1,0.8670750120676038
8454,small_world,inv_degree,8530128,100,300,0.03,3,0.45,0.1,50,1.5,0.03,0,0.8964946450634924
8455,small_world,inv_degree,8531137,100,300,0.03,3,0.45,0.1,50,1.5,0.14,7,0.7370865086075975
8456,small_world,inv_degree,8532146,100,300,0.03,3,0.45,0.1,50,1.5,0.03,0,0.9010438268453701
8457,small_world,inv_degree,8533155,100,300,0.03,3,0.45,0.1,50,1.5,0.04,1,0.8681008244724036
8458,small_world,inv_degree,8534164,100,300,0.03,3,0.45,0.1,50,1.5,0.03,0,0.8879524907072708
8459,small_world,inv_degree,8535173,100,300,0.03,3,0.45,0.1,50,1.5,0.03,0,0.9031541986957209
8460,small_world,inv_degree,8536182,100,300,0.03,3,0.45,0.1,50,1.5,0.03,0,0.9086258052719492
8461,small_world,inv_degree,8537191,100,300,0.03,3,0.45,0.1,50,1.5,0.05,2,0.8625572380049524
8462,small_world,inv_degree,8538200,100,300,0.03,3,0.45,0.1,50,1.5,0.03,0,0.8976622454037387
8463,small_world,inv_degree,8539209,100,300,0.03,3,0.45,0.1,50,1.5,0.03,0,0.9111518293536963
8464,small_world,inv_degree,8540218,100,300,0.03,3,0.45,0.1,50,1.5,0.03,0,0.9097601807501009
8465,small_world,inv_degree,8541227,100,300,0.03,3,0.45,0.1,50,1.5,0.03,0,0.8967659434257729
8466,small_world,inv_degree,8542236,100,300,0.03,3,0.45,0.1,50,1.5,0.03,0,0.9135140560265573
8467,small_world,inv_degree,8543245,100,300,0.03,3,0.45,0.1,50,1.5,0.03,0,0.907564848194534
8468,small_world,inv_degree,8544254,100,300,0.03,3,0.45,0.1,50,1.5,0.04,1,0.8871958549706467
8469,small_world,inv_degree,8545263,100,300,0.03,3,0.45,0.1,50,1.5,0.04,1,0.877875421442324
8470,small_world,inv_degree,8546272,100,300,0.03,3,0.45,0.1,50,1.5,0.04,1,0.8771108937987803
8471,small_world,inv_degree,8547281,100,300,0.03,3,0.45,0.1,50,1.5,0.03,0,0.8960768220333843
8472,small_world,inv_degree,8548290,100,300,0.03,3,0.45,0.1,50,1.5,0.03,0,0.9095527577016376
8473,small_world,inv_degree,8549299,100,300,0.03,3,0.45,0.1,50,1.5,0.03,0,0.9137313830767189
8474,small_world,inv_degree,8550308,100,300,0.03,3,0.45,0.1,50,1.5,0.03,0,0.9074122592329402
8475,small_world,inv_degree,8551317,100,300,0.03,3,0.45,0.1,50,1.5,0.03,0,0.9045301996019588
8476,small_world,inv_degree,8552326,100,300,0.03,3,0.45,0.1,50,1.5,0.03,0,0.9035582727001948
8477,small_world,inv_degree,8553335,100,300,0.03,3,0.45,0.1,50,1.5,0.03,0,0.909654938023985
8478,small_world,inv_degree,8554344,100,300,0.03,3,0.45,0.1,50,1.5,0.04,1,0.8772969049291259
8479,small_world,inv_degree,8555353,100,300,0.03,3,0.45,0.1,50,1.5,0.03,0,0.9046254309881836
8480,small_world,inv_degree,8556362,100,300,0.03,3,0.45,0.1,50,1.5,0.03,0,0.9077831396283887
8481,small_world,inv_degree,8557371,100,300,0.03,3,0.45,0.1,50,1.5,0.03,0,0.8962963015961262
8482,small_world,inv_degree,8558380,100,300,0.03,3,0.45,0.1,50,1.5,0.04,1,0.8786224662418354
8483,small_world,inv_degree,8559389,100,300,0.03,3,0.45,0.1,50,1.5,0.04,1,0.8886281012578042
8484,small_world,inv_degree,8560398,100,300,0.03,3,0.45,0.1,50,1.5,0.03,0,0.9131571320986714
8485,small_world,inv_degree,8561407,100,300,0.03,3,0.45,0.1,50,1.5,0.04,1,0.872843662962297
8486,small_world,inv_degree,8562416,100,300,0.03,3,0.45,0.1,50,1.5,0.04,1,0.8827713331721306
8487,small_world,inv_degree,8563425,100,300,0.03,3,0.45,0.1,50,1.5,0.03,0,0.9054496226951492
8488,small_world,inv_degree,8564434,100,300,0.03,3,0.45,0.1,50,1.5,0.04,1,0.8825007829800907
8489,small_world,inv_degree,8565443,100,300,0.03,3,0.45,0.1,50,1.5,0.12,6,0.7392446623155964
8490,small_world,inv_degree,8566452,100,300,0.03,3,0.45,0.1,50,1.5,0.03,0,0.9091111369773752
8491,small_world,inv_degree,8567461,100,300,0.03,3,0.45,0.1,50,1.5,0.04,1,0.8819203107193536
8492,small_world,inv_degree,8568470,100,300,0.03,3,0.45,0.1,50,1.5,0.03,0,0.9014606056546351
8493,small_world,inv_degree,8569479,100,300,0.03,3,0.45,0.1,50,1.5,0.05,2,0.866420657922833
8494,small_world,inv_degree,8570488,100,300,0.03,3,0.45,0.1,50,1.5,0.03,0,0.9168165970169923
8495,small_world,inv_degree,8571497,100,300,0.03,3,0.45,0.1,50,1.5,0.03,0,0.9048692965694188
8496,small_world,inv_degree,8572506,100,300,0.03,3,0.45,0.1,50,1.5,0.04,1,0.8825534146506591
8497,small_world,inv_degree,8573515,100,300,0.03,3,0.45,0.1,50,1.5,0.04,1,0.8810732801472383
8498,small_world,inv_degree,8574524,100,300,0.03,3,0.45,0.1,50,1.5,0.03,0,0.9079208387222093
8499,small_world,inv_degree,8575533,100,300,0.03,3,0.45,0.1,50,1.5,0.03,0,0.9103857630344705
8500,small_world,inv_degree,8576542,100,300,0.03,3,0.45,0.1,50,1.5,0.11,6,0.7239885467149211
8501,small_world,inv_degree,8577551,100,300,0.03,3,0.45,0.1,50,1.5,0.03,0,0.9112990761460313
8502,small_world,inv_degree,8578560,100,300,0.03,3,0.45,0.1,50,1.5,0.03,0,0.9134440716122558
8503,small_world,inv_degree,8579569,100,300,0.03,3,0.45,0.1,50,1.5,0.03,0,0.9035592898121717
8504,small_world,inv_degree,8580578,100,300,0.03,3,0.45,0.1,50,1.5,0.03,0,0.8994033909174703
8505,small_world,inv_degree,8581587,100,300,0.03,3,0.45,0.1,50,1.5,0.03,0,0.914542048383282
8506,small_world,inv_degree,8582596,100,300,0.03,3,0.45,0.1,50,1.5,0.03,0,0.8943999520163851
8507,small_world,inv_degree,8583605,100,300,0.03,3,0.45,0.1,50,1.5,0.12,7,0.7663763925369118
8508,small_world,inv_degree,8584614,100,300,0.03,3,0.45,0.1,50,1.5,0.03,0,0.9021031965807954
8509,small_world,inv_degree,8585623,100,300,0.03,3,0.45,0.1,50,1.5,0.03,0,0.8894296505202979
8510,small_world,inv_degree,8586632,100,300,0.03,3,0.45,0.1,50,1.5,0.03,0,0.8859347462823982
8511,small_world,inv_degree,8587641,100,300,0.03,3,0.45,0.1,50,1.5,0.03,0,0.9082330809434795
8512,small_world,inv_degree,8588650,100,300,0.03,3,0.45,0.1,50,1.5,0.09,5,0.7890006833798628
8513,small_world,inv_degree,8589659,100,300,0.03,3,0.45,0.1,50,1.5,0.03,0,0.9036156180814812
8514,small_world,inv_degree,8590668,100,300,0.03,3,0.45,0.1,50,1.5,0.03,0,0.9043985986894554
8515,small_world,inv_degree,8591677,100,300,0.03,3,0.45,0.1,50,1.5,0.03,0,0.8972060769432704
8516,small_world,inv_degree,8592686,100,300,0.03,3,0.45,0.1,50,1.5,0.19,7,0.6684887069577045
8517,small_world,inv_degree,8593695,100,300,0.03,3,0.45,0.1,50,1.5,0.05,2,0.8419984400559888
8518,small_world,inv_degree,8594704,100,300,0.03,3,0.45,0.1,50,1.5,0.03,0,0.9082405103488184
8519,small_world,inv_degree,8595713,100,300,0.03,3,0.45,0.1,50,1.5,0.03,0,0.902303073406292
8520,small_world,inv_degree,8596722,100,300,0.03,3,0.45,0.1,50,1.5,0.03,0,0.913795776923271
8521,small_world,inv_degree,8597731,100,300,0.03,3,0.45,0.1,50,1.5,0.03,0,0.9057270129376291
8522,small_world,inv_degree,8598740,100,300,0.03,3,0.45,0.1,50,1.5,0.03,0,0.9079879308542708
8523,small_world,inv_degree,8599749,100,300,0.03,3,0.45,0.1,50,1.5,0.03,0,0.9026603631801583
8524,small_world,inv_degree,8600758,100,300,0.03,3,0.45,0.1,50,1.5,0.06,3,0.8326714731956042
8525,small_world,inv_degree,8601767,100,300,0.03,3,0.45,0.1,50,1.5,0.04,1,0.883337811006821
8526,small_world,inv_degree,8602776,100,300,0.03,3,0.45,0.1,50,1.5,0.08,5,0.810134212396615
8527,small_world,inv_degree,8603785,100,300,0.03,3,0.45,0.1,50,1.5,0.03,0,0.9048907723500264
8528,small_world,inv_degree,8604794,100,300,0.03,3,0.45,0.1,50,1.5,0.03,0,0.9067005734234896
8529,small_world,inv_degree,8605803,100,300,0.03,3,0.45,0.1,50,1.5,0.03,0,0.9081529682407642
8530,small_world,inv_degree,8606812,100,300,0.03,3,0.45,0.1,50,1.5,0.07,3,0.8255594855923387
8531,small_world,inv_degree,8607821,100,300,0.03,3,0.45,0.1,50,1.5,0.03,0,0.9098164503347602
8532,small_world,inv_degree,8608830,100,300,0.03,3,0.45,0.1,50,1.5,0.03,0,0.9093586572440886
8533,small_world,inv_degree,8609839,100,300,0.03,3,0.45,0.1,50,1.5,0.04,1,0.8833666508768507
8534,small_world,inv_degree,8610848,100,300,0.03,3,0.45,0.1,50,1.5,0.03,0,0.9067734597814564
8535,small_world,inv_degree,8611857,100,300,0.03,3,0.45,0.1,50,1.5,0.03,0,0.9131508741340374
8536,small_world,inv_degree,8612866,100,300,0.03,3,0.45,0.1,50,1.5,0.03,0,0.9014152499483254
8537,small_world,inv_degree,8613875,100,300,0.03,3,0.45,0.1,50,1.5,0.03,0,0.9016690319387424
8538,small_world,inv_degree,8614884,100,300,0.03,3,0.45,0.1,50,1.5,0.03,0,0.9027768666375151
8539,small_world,inv_degree,8615893,100,300,0.03,3,0.45,0.1,50,1.5,0.05,2,0.8674514562472297
8540,small_world,inv_degree,8616902,100,300,0.03,3,0.45,0.1,50,1.5,0.03,0,0.9001725263975021
8541,small_world,inv_degree,8617911,100,300,0.03,3,0.45,0.1,50,1.5,0.05,1,0.8261331829795505
8542,small_world,inv_degree,8618920,100,300,0.03,3,0.45,0.1,50,1.5,0.03,0,0.9204368166501604
8543,small_world,inv_degree,8619929,100,300,0.03,3,0.45,0.1,50,1.5,0.03,0,0.9113337223672427
8544,small_world,inv_degree,8620938,100,300,0.03,3,0.45,0.1,50,1.5,0.03,0,0.9172240691124893
8545,small_world,inv_degree,8621947,100,300,0.03,3,0.45,0.1,50,1.5,0.03,0,0.9084932763180489
8546,small_world,inv_degree,8622956,100,300,0.03,3,0.45,0.1,50,1.5,0.03,0,0.8945049656980696
8547,small_world,inv_degree,8623965,100,300,0.03,3,0.45,0.1,50,1.5,0.03,0,0.8952441276897085
8548,small_world,inv_degree,8624974,100,300,0.03,3,0.45,0.1,50,1.5,0.03,0,0.9065775604941048
8549,small_world,inv_degree,8625983,100,300,0.03,3,0.45,0.1,50,1.5,0.03,0,0.9114271265789495
8550,small_world,inv_degree,8626992,100,300,0.03,3,0.45,0.1,50,1.5,0.03,0,0.9058606248043629
8551,small_world,inv_degree,8628001,100,300,0.03,3,0.45,0.1,50,1.5,0.03,0,0.9037360554648649
8552,small_world,inv_degree,8629010,100,300,0.03,3,0.45,0.1,50,1.5,0.03,0,0.905904920509264
8553,small_world,inv_degree,8630019,100,300,0.03,3,0.45,0.1,50,1.5,0.03,0,0.8891631585686769
8554,small_world,inv_degree,8631028,100,300,0.03,3,0.45,0.1,50,1.5,0.03,0,0.9112094230758772
8555,small_world,inv_degree,8632037,100,300,0.03,3,0.45,0.1,50,1.5,0.07,3,0.8253923246977538
8556,small_world,inv_degree,8633046,100,300,0.03,3,0.45,0.1,50,1.5,0.03,0,0.9040259228080579
8557,small_world,inv_degree,8634055,100,300,0.03,3,0.45,0.1,50,1.5,0.03,0,0.9149519569281117
8558,small_world,inv_degree,8635064,100,300,0.03,3,0.45,0.1,50,1.5,0.03,0,0.9297943555370677
8559,small_world,inv_degree,8636073,100,300,0.03,3,0.45,0.1,50,1.5,0.04,1,0.8860060348330108
8560,small_world,inv_degree,8637082,100,300,0.03,3,0.45,0.1,50,1.5,0.03,0,0.9135935965661267
8561,small_world,inv_degree,8638091,100,300,0.03,3,0.45,0.1,50,1.5,0.05,1,0.8555047449561557
8562,small_world,inv_degree,8639100,100,300,0.03,3,0.45,0.1,50,1.5,0.03,0,0.920882438900931
8563,small_world,inv_degree,8640109,100,300,0.03,3,0.45,0.1,50,1.5,0.03,0,0.8977712304284212
8564,small_world,inv_degree,8641118,100,300,0.03,3,0.45,0.1,50,1.5,0.03,0,0.9122082418912232
8565,small_world,inv_degree,8642127,100,300,0.03,3,0.45,0.1,50,1.5,0.03,0,0.8924276817872691
8566,small_world,inv_degree,8643136,100,300,0.03,3,0.45,0.1,50,1.5,0.1,6,0.8012943810294054
8567,small_world,inv_degree,8644145,100,300,0.03,3,0.45,0.1,50,1.5,0.03,0,0.896709792236916
8568,small_world,inv_degree,8645154,100,300,0.03,3,0.45,0.1,50,1.5,0.03,0,0.8937845239457886
8569,small_world,inv_degree,8646163,100,300,0.03,3,0.45,0.1,50,1.5,0.03,0,0.9012954733005392
8570,small_world,inv_degree,8647172,100,300,0.03,3,0.45,0.1,50,1.5,0.12,7,0.7144856254665712
8571,small_world,inv_degree,8648181,100,300,0.03,3,0.45,0.1,50,1.5,0.03,0,0.9154105016830886
8572,small_world,inv_degree,8649190,100,300,0.03,3,0.45,0.1,50,1.5,0.08,4,0.7878730786547317
8573,small_world,inv_degree,8650199,100,300,0.03,3,0.45,0.1,50,1.5,0.03,0,0.9137681361922718
8574,small_world,inv_degree,8651208,100,300,0.03,3,0.45,0.1,50,1.5,0.04,1,0.8794388833430586
8575,small_world,inv_degree,8652217,100,300,0.03,3,0.45,0.1,50,1.5,0.03,0,0.9034786962024346
8576,small_world,inv_degree,8653226,100,300,0.03,3,0.45,0.1,50,1.5,0.03,0,0.9001419320465032
8577,small_world,inv_degree,8654235,100,300,0.03,3,0.45,0.1,50,1.5,0.04,1,0.8753469687490327
8578,small_world,inv_degree,8655244,100,300,0.03,3,0.45,0.1,50,1.5,0.03,0,0.9171029893671239
8579,small_world,inv_degree,8656253,100,300,0.03,3,0.45,0.1,50,1.5,0.03,0,0.9084994963694357
8580,small_world,inv_degree,8657262,100,300,0.03,3,0.45,0.1,50,1.5,0.03,0,0.9041717155134139
8581,small_world,inv_degree,8658271,100,300,0.03,3,0.45,0.1,50,1.5,0.03,0,0.9052104686218273
8582,small_world,inv_degree,8659280,100,300,0.03,3,0.45,0.1,50,1.5,0.03,0,0.892889592718896
8583,small_world,inv_degree,8660289,100,300,0.03,3,0.45,0.1,50,1.5,0.03,0,0.8935844378286509
8584,small_world,inv_degree,8661298,100,300,0.03,3,0.45,0.1,50,1.5,0.03,0,0.9027025363963809
8585,small_world,inv_degree,8662307,100,300,0.03,3,0.45,0.1,50,1.5,0.03,0,0.9121216777887565
8586,small_world,inv_degree,8663316,100,300,0.03,3,0.45,0.1,50,1.5,0.03,0,0.9023953635429149
8587,small_world,inv_degree,8664325,100,300,0.03,3,0.45,0.1,50,1.5,0.03,0,0.9098698281896603
8588,small_world,inv_degree,8665334,100,300,0.03,3,0.45,0.1,50,1.5,0.09,5,0.8121133602858275
8589,small_world,inv_degree,8666343,100,300,0.03,3,0.45,0.1,50,1.5,0.03,0,0.9063157174473995
8590,small_world,inv_degree,8667352,100,300,0.03,3,0.45,0.1,50,1.5,0.03,0,0.905804583793611
8591,small_world,inv_degree,8668361,100,300,0.03,3,0.45,0.1,50,1.5,0.03,0,0.9154707018082276
8592,small_world,inv_degree,8669370,100,300,0.03,3,0.45,0.1,50,1.5,0.03,0,0.9096440123633708
8593,small_world,inv_degree,8670379,100,300,0.03,3,0.45,0.1,50,1.5,0.03,0,0.9136508775514859
8594,small_world,inv_degree,8671388,100,300,0.03,3,0.45,0.1,50,1.5,0.03,0,0.9085263818744164
8595,small_world,inv_degree,8672397,100,300,0.03,3,0.45,0.1,50,1.5,0.03,0,0.9102643021079152
8596,small_world,inv_degree,8673406,100,300,0.03,3,0.45,0.1,50,1.5,0.06,3,0.8340925547554706
8597,small_world,inv_degree,8674415,100,300,0.03,3,0.45,0.1,50,1.5,0.05,2,0.8540372657600518
8598,small_world,inv_degree,8675424,100,300,0.03,3,0.45,0.1,50,1.5,0.03,0,0.916510677575613
8599,small_world,inv_degree,8676433,100,300,0.03,3,0.45,0.1,50,1.5,0.03,0,0.9133020438169778
8600,small_world,inv_degree,8677442,100,300,0.03,3,0.45,0.1,50,1.5,0.09,3,0.8007143146579018
8601,small_world,inv_degree,8678451,100,300,0.03,3,0.45,0.1,50,1.5,0.03,0,0.8948188502649861
8602,small_world,inv_degree,8679460,100,300,0.03,3,0.45,0.1,50,1.5,0.04,1,0.8862549297063668
8603,small_world,inv_degree,8680469,100,300,0.03,3,0.45,0.1,50,1.5,0.04,1,0.8700172367492759
8604,small_world,inv_degree,8681478,100,300,0.03,3,0.45,0.1,50,1.5,0.03,0,0.8894594829772405
8605,small_world,inv_degree,8682487,100,300,0.03,3,0.45,0.1,50,1.5,0.03,0,0.9071013695996603
8606,small_world,inv_degree,8683496,100,300,0.03,3,0.45,0.1,50,1.5,0.08,4,0.8108213583281556
8607,small_world,inv_degree,8684505,100,300,0.03,3,0.45,0.1,50,1.5,0.05,1,0.8572697506228932
8608,small_world,inv_degree,8685514,100,300,0.03,3,0.45,0.1,50,1.5,0.03,0,0.9079963022234485
8609,small_world,inv_degree,8686523,100,300,0.03,3,0.45,0.1,50,1.5,0.03,0,0.9081154516821375
8610,small_world,inv_degree,8687532,100,300,0.03,3,0.45,0.1,50,1.5,0.03,0,0.8987885971907968
8611,small_world,inv_degree,8688541,100,300,0.03,3,0.45,0.1,50,1.5,0.03,0,0.9113480277717407
8612,small_world,inv_degree,8689550,100,300,0.03,3,0.45,0.1,50,1.5,0.03,0,0.9027840365544844
8613,small_world,inv_degree,8690559,100,300,0.03,3,0.45,0.1,50,1.5,0.03,0,0.9108097153662882
8614,small_world,inv_degree,8691568,100,300,0.03,3,0.45,0.1,50,1.5,0.04,1,0.879146694927083
8615,small_world,inv_degree,8692577,100,300,0.03,3,0.45,0.1,50,1.5,0.15,6,0.697699335317896
8616,small_world,inv_degree,8693586,100,300,0.03,3,0.45,0.1,50,1.5,0.03,0,0.8985825731052447
8617,small_world,inv_degree,8694595,100,300,0.03,3,0.45,0.1,50,1.5,0.03,0,0.9106210767496433
8618,small_world,inv_degree,8695604,100,300,0.03,3,0.45,0.1,50,1.5,0.03,0,0.9068898538100277
8619,small_world,inv_degree,8696613,100,300,0.03,3,0.45,0.1,50,1.5,0.03,0,0.9082596592447568
8620,small_world,inv_degree,8697622,100,300,0.03,3,0.45,0.1,50,1.5,0.04,1,0.8790295433253288
8621,small_world,inv_degree,8698631,100,300,0.03,3,0.45,0.1,50,1.5,0.04,1,0.8878384510252568
8622,small_world,inv_degree,8699640,100,300,0.03,3,0.45,0.1,50,1.5,0.03,0,0.9129309299163128
8623,small_world,inv_degree,8700649,100,300,0.03,3,0.45,0.1,50,1.5,0.03,0,0.9090368681218551
8624,small_world,inv_degree,8701658,100,300,0.03,3,0.45,0.1,50,1.5,0.03,0,0.905957880944364
8625,small_world,inv_degree,8702667,100,300,0.03,3,0.45,0.1,50,1.5,0.03,0,0.9025922378459943
8626,small_world,inv_degree,8703676,100,300,0.03,3,0.45,0.1,50,1.5,0.03,0,0.903346868071015
8627,small_world,inv_degree,8704685,100,300,0.03,3,0.45,0.1,50,1.5,0.03,0,0.9081994520589705
8628,small_world,inv_degree,8705694,100,300,0.03,3,0.45,0.1,50,1.5,0.03,0,0.9047974467937456
8629,small_world,inv_degree,8706703,100,300,0.03,3,0.45,0.1,50,1.5,0.03,0,0.9049874326388688
8630,small_world,inv_degree,8707712,100,300,0.03,3,0.45,0.1,50,1.5,0.03,0,0.9032514512246672
8631,small_world,inv_degree,8708721,100,300,0.03,3,0.45,0.1,50,1.5,0.03,0,0.9048819838924445
8632,small_world,inv_degree,8709730,100,300,0.03,3,0.45,0.1,50,1.5,0.03,0,0.9013506552216893
8633,small_world,inv_degree,8710739,100,300,0.03,3,0.45,0.1,50,1.5,0.03,0,0.9070087918848189
8634,small_world,inv_degree,8711748,100,300,0.03,3,0.45,0.1,50,1.5,0.03,0,0.8951138276859891
8635,small_world,inv_degree,8712757,100,300,0.03,3,0.45,0.1,50,1.5,0.03,0,0.8973771777823925
8636,small_world,inv_degree,8713766,100,300,0.03,3,0.45,0.1,50,1.5,0.03,0,0.9112343204185646
8637,small_world,inv_degree,8714775,100,300,0.03,3,0.45,0.1,50,1.5,0.03,0,0.8848261810940944
8638,small_world,inv_degree,8715784,100,300,0.03,3,0.45,0.1,50,1.5,0.04,1,0.8837208195635432
8639,small_world,inv_degree,8716793,100,300,0.03,3,0.45,0.1,50,1.5,0.04,1,0.8611585321075033
8640,small_world,inv_degree,8717802,100,300,0.03,3,0.45,0.1,50,1.5,0.04,1,0.8692418301712144
8641,small_world,inv_degree,8718811,100,300,0.03,3,0.45,0.1,50,1.5,0.03,0,0.904864055809897
8642,small_world,inv_degree,8719820,100,300,0.03,3,0.45,0.1,50,1.5,0.11,6,0.757223481598217
8643,small_world,inv_degree,8720829,100,300,0.03,3,0.45,0.1,50,1.5,0.03,0,0.9015255604470412
8644,small_world,inv_degree,8721838,100,300,0.03,3,0.45,0.1,50,1.5,0.04,1,0.8878756216934611
8645,small_world,inv_degree,8722847,100,300,0.03,3,0.45,0.1,50,1.5,0.03,0,0.9067676972137275
8646,small_world,inv_degree,8723856,100,300,0.03,3,0.45,0.1,50,1.5,0.03,0,0.8993393187281506
8647,small_world,inv_degree,8724865,100,300,0.03,3,0.45,0.1,50,1.5,0.03,0,0.9149910279544003
8648,small_world,inv_degree,8725874,100,300,0.03,3,0.45,0.1,50,1.5,0.03,0,0.9016005512741417
8649,small_world,inv_degree,8726883,100,300,0.03,3,0.45,0.1,50,1.5,0.03,0,0.9043747619200229
8650,small_world,inv_degree,8727892,100,300,0.03,3,0.45,0.1,50,1.5,0.03,0,0.9039406360875261
8651,small_world,inv_degree,8728901,100,300,0.03,3,0.45,0.1,50,1.5,0.03,0,0.9158024848714631
8652,small_world,inv_degree,8729910,100,300,0.03,3,0.45,0.1,50,1.5,0.03,0,0.8920219037306784
8653,small_world,inv_degree,8730919,100,300,0.03,3,0.45,0.1,50,1.5,0.08,3,0.8319867239649429
8654,small_world,inv_degree,8731928,100,300,0.03,3,0.45,0.1,50,1.5,0.06,2,0.7981748917728885
8655,small_world,inv_degree,8732937,100,300,0.03,3,0.45,0.1,50,1.5,0.09,3,0.8442172343233533
8656,small_world,inv_degree,8733946,100,300,0.03,3,0.45,0.1,50,1.5,0.03,0,0.8973837456400813
8657,small_world,inv_degree,8734955,100,300,0.03,3,0.45,0.1,50,1.5,0.03,0,0.9085957079794494
8658,small_world,inv_degree,8735964,100,300,0.03,3,0.45,0.1,50,1.5,0.03,0,0.8932930327782257
8659,small_world,inv_degree,8736973,100,300,0.03,3,0.45,0.1,50,1.5,0.03,0,0.9099543056447309
8660,small_world,inv_degree,8737982,100,300,0.03,3,0.45,0.1,50,1.5,0.03,0,0.9114228051111627
8661,small_world,inv_degree,8738991,100,300,0.03,3,0.45,0.1,50,1.5,0.03,0,0.9028978414923653
8662,small_world,inv_degree,8740000,100,300,0.03,3,0.45,0.1,50,1.5,0.03,0,0.9041106427552341
8663,small_world,inv_degree,8741009,100,300,0.03,3,0.45,0.1,50,1.5,0.03,0,0.9121908974629148
8664,small_world,inv_degree,8742018,100,300,0.03,3,0.45,0.1,50,1.5,0.03,0,0.9170825310913208
8665,small_world,inv_degree,8743027,100,300,0.03,3,0.45,0.1,50,1.5,0.03,0,0.9045047685376983
8666,small_world,inv_degree,8744036,100,300,0.03,3,0.45,0.1,50,1.5,0.03,0,0.9051155969616679
8667,small_world,inv_degree,8745045,100,300,0.03,3,0.45,0.1,50,1.5,0.04,1,0.8824642106966822
8668,small_world,inv_degree,8746054,100,300,0.03,3,0.45,0.1,50,1.5,0.05,1,0.8566084251285221
8669,small_world,inv_degree,8747063,100,300,0.03,3,0.45,0.1,50,1.5,0.03,0,0.896179448838598
8670,small_world,inv_degree,8748072,100,300,0.03,3,0.45,0.1,50,1.5,0.03,0,0.9113945261735207
8671,small_world,inv_degree,8749081,100,300,0.03,3,0.45,0.1,50,1.5,0.03,0,0.8884382785182484
8672,small_world,inv_degree,8750090,100,300,0.03,3,0.45,0.1,50,1.5,0.03,0,0.9144718004459295
8673,small_world,inv_degree,8751099,100,300,0.03,3,0.45,0.1,50,1.5,0.03,0,0.8922978528472731
8674,small_world,inv_degree,8752108,100,300,0.03,3,0.45,0.1,50,1.5,0.03,0,0.8979036032648485
8675,small_world,inv_degree,8753117,100,300,0.03,3,0.45,0.1,50,1.5,0.03,0,0.8999358222713338
8676,small_world,inv_degree,8754126,100,300,0.03,3,0.45,0.1,50,1.5,0.04,1,0.8904990065754057
8677,small_world,inv_degree,8755135,100,300,0.03,3,0.45,0.1,50,1.5,0.03,0,0.9121771361925205
8678,small_world,inv_degree,8756144,100,300,0.03,3,0.45,0.1,50,1.5,0.03,0,0.9077862730223152
8679,small_world,inv_degree,8757153,100,300,0.03,3,0.45,0.1,50,1.5,0.03,0,0.9074697840661445
8680,small_world,inv_degree,8758162,100,300,0.03,3,0.45,0.1,50,1.5,0.08,3,0.7927683698443962
8681,small_world,inv_degree,8759171,100,300,0.03,3,0.45,0.1,50,1.5,0.14,8,0.7609939353224802
8682,small_world,inv_degree,8760180,100,300,0.03,3,0.45,0.1,50,1.5,0.04,1,0.8710479806249177
8683,small_world,inv_degree,8761189,100,300,0.03,3,0.45,0.1,50,1.5,0.03,0,0.9093191493786994
8684,small_world,inv_degree,8762198,100,300,0.03,3,0.45,0.1,50,1.5,0.03,0,0.9042897729330197
8685,small_world,inv_degree,8763207,100,300,0.03,3,0.45,0.1,50,1.5,0.03,0,0.9224128644425782
8686,small_world,inv_degree,8764216,100,300,0.03,3,0.45,0.1,50,1.5,0.03,0,0.9082548037591754
8687,small_world,inv_degree,8765225,100,300,0.03,3,0.45,0.1,50,1.5,0.06,3,0.838578575893349
8688,small_world,inv_degree,8766234,100,300,0.03,3,0.45,0.1,50,1.5,0.03,0,0.8961300033445783
8689,small_world,inv_degree,8767243,100,300,0.03,3,0.45,0.1,50,1.5,0.03,0,0.9074208272779213
8690,small_world,inv_degree,8768252,100,300,0.03,3,0.45,0.1,50,1.5,0.03,0,0.9117893833196001
8691,small_world,inv_degree,8769261,100,300,0.03,3,0.45,0.1,50,1.5,0.04,1,0.8849450278374827
8692,small_world,inv_degree,8770270,100,300,0.03,3,0.45,0.1,50,1.5,0.04,1,0.8836859004137684
8693,small_world,inv_degree,8771279,100,300,0.03,3,0.45,0.1,50,1.5,0.03,0,0.9162192280130259
8694,small_world,inv_degree,8772288,100,300,0.03,3,0.45,0.1,50,1.5,0.03,0,0.9138537290526298
8695,small_world,inv_degree,8773297,100,300,0.03,3,0.45,0.1,50,1.5,0.03,0,0.9042182059761625
8696,small_world,inv_degree,8774306,100,300,0.03,3,0.45,0.1,50,1.5,0.03,0,0.8933057184346379
8697,small_world,inv_degree,8775315,100,300,0.03,3,0.45,0.1,50,1.5,0.03,0,0.9046502251705724
8698,small_world,inv_degree,8776324,100,300,0.03,3,0.45,0.1,50,1.5,0.06,2,0.8257018231305325
8699,small_world,inv_degree,8777333,100,300,0.03,3,0.45,0.1,50,1.5,0.14,8,0.7027282999895458
8700,small_world,inv_degree,8778342,100,300,0.03,3,0.45,0.1,50,1.5,0.04,1,0.8788057643185213
8701,small_world,inv_degree,8779351,100,300,0.03,3,0.45,0.1,50,1.5,0.03,0,0.903532230520056
8702,small_world,inv_degree,8780360,100,300,0.03,3,0.45,0.1,50,1.5,0.03,0,0.9108763022664409
8703,small_world,inv_degree,8781369,100,300,0.03,3,0.45,0.1,50,1.5,0.03,0,0.906733108295307
8704,small_world,inv_degree,8782378,100,300,0.03,3,0.45,0.1,50,1.5,0.03,0,0.915268532490487
8705,small_world,inv_degree,8783387,100,300,0.03,3,0.45,0.1,50,1.5,0.03,0,0.9050584436980079
8706,small_world,inv_degree,8784396,100,300,0.03,3,0.45,0.1,50,1.5,0.03,0,0.9006161425507294
8707,small_world,inv_degree,8785405,100,300,0.03,3,0.45,0.1,50,1.5,0.03,0,0.9026750588965595
8708,small_world,inv_degree,8786414,100,300,0.03,3,0.45,0.1,50,1.5,0.08,4,0.8113335346121976
8709,small_world,inv_degree,8787423,100,300,0.03,3,0.45,0.1,50,1.5,0.03,0,0.8982472526261313
8710,small_world,inv_degree,8788432,100,300,0.03,3,0.45,0.1,50,1.5,0.03,0,0.8930885611394489
8711,small_world,inv_degree,8789441,100,300,0.03,3,0.45,0.1,50,1.5,0.03,0,0.9097102988310805
8712,small_world,inv_degree,8790450,100,300,0.03,3,0.45,0.1,50,1.5,0.03,0,0.9135807224954391
8713,small_world,inv_degree,8791459,100,300,0.03,3,0.45,0.1,50,1.5,0.03,0,0.8993651054203623
8714,small_world,inv_degree,8792468,100,300,0.03,3,0.45,0.1,50,1.5,0.07,2,0.8081622017612826
8715,small_world,inv_degree,8793477,100,300,0.03,3,0.45,0.1,50,1.5,0.03,0,0.8929936209998001
8716,small_world,inv_degree,8794486,100,300,0.03,3,0.45,0.1,50,1.5,0.03,0,0.9102238263044459
8717,small_world,inv_degree,8795495,100,300,0.03,3,0.45,0.1,50,1.5,0.07,3,0.8162716126638385
8718,small_world,inv_degree,8796504,100,300,0.03,3,0.45,0.1,50,1.5,0.04,1,0.8851425339535895
8719,small_world,inv_degree,8797513,100,300,0.03,3,0.45,0.1,50,1.5,0.03,0,0.907024661653554
8720,small_world,inv_degree,8798522,100,300,0.03,3,0.45,0.1,50,1.5,0.03,0,0.9081780389706815
8721,small_world,inv_degree,8799531,100,300,0.03,3,0.45,0.1,50,1.5,0.09,4,0.7856422308005407
8722,small_world,inv_degree,8800540,100,300,0.03,3,0.45,0.1,50,1.5,0.03,0,0.9073446156587205
8723,small_world,inv_degree,8801549,100,300,0.03,3,0.45,0.1,50,1.5,0.03,0,0.9075960620769004
8724,small_world,inv_degree,8802558,100,300,0.03,3,0.45,0.1,50,1.5,0.07,3,0.7988692114978919
8725,small_world,inv_degree,8803567,100,300,0.03,3,0.45,0.1,50,1.5,0.03,0,0.9028897672038891
8726,small_world,inv_degree,8804576,100,300,0.03,3,0.45,0.1,50,1.5,0.04,1,0.8757878399873635
8727,small_world,inv_degree,8805585,100,300,0.03,3,0.45,0.1,50,1.5,0.13,5,0.7473406120415303
8728,small_world,inv_degree,8806594,100,300,0.03,3,0.45,0.1,50,1.5,0.03,0,0.9110972137888835
8729,small_world,inv_degree,8807603,100,300,0.03,3,0.45,0.1,50,1.5,0.03,0,0.8982805080643914
8730,small_world,inv_degree,8808612,100,300,0.03,3,0.45,0.1,50,1.5,0.03,0,0.9061098550972336
8731,small_world,inv_degree,8809621,100,300,0.03,3,0.45,0.1,50,1.5,0.03,0,0.9124950240242876
8732,small_world,inv_degree,8810630,100,300,0.03,3,0.45,0.1,50,1.5,0.04,1,0.878349977034746
8733,small_world,inv_degree,8811639,100,300,0.03,3,0.45,0.1,50,1.5,0.03,0,0.908518483707797
8734,small_world,inv_degree,8812648,100,300,0.03,3,0.45,0.1,50,1.5,0.03,0,0.904746893941152
8735,small_world,inv_degree,8813657,100,300,0.03,3,0.45,0.1,50,1.5,0.03,0,0.9172562828936393
8736,small_world,inv_degree,8814666,100,300,0.03,3,0.45,0.1,50,1.5,0.07,4,0.830300782915939
8737,small_world,inv_degree,8815675,100,300,0.03,3,0.45,0.1,50,1.5,0.03,0,0.9011402954961023
8738,small_world,inv_degree,8816684,100,300,0.03,3,0.45,0.1,50,1.5,0.03,0,0.908030926429519
8739,small_world,inv_degree,8817693,100,300,0.03,3,0.45,0.1,50,1.5,0.05,2,0.8568086306360576
8740,small_world,inv_degree,8818702,100,300,0.03,3,0.45,0.1,50,1.5,0.1,3,0.7580805131608108
8741,small_world,inv_degree,8819711,100,300,0.03,3,0.45,0.1,50,1.5,0.03,0,0.9037551404132094
8742,small_world,inv_degree,8820720,100,300,0.03,3,0.45,0.1,50,1.5,0.03,0,0.896584992682445
8743,small_world,inv_degree,8821729,100,300,0.03,3,0.45,0.1,50,1.5,0.03,0,0.9063464291526664
8744,small_world,inv_degree,8822738,100,300,0.03,3,0.45,0.1,50,1.5,0.03,0,0.9073064251149225
8745,small_world,inv_degree,8823747,100,300,0.03,3,0.45,0.1,50,1.5,0.03,0,0.9092059496901514
8746,small_world,inv_degree,8824756,100,300,0.03,3,0.45,0.1,50,1.5,0.1,3,0.784599749748494
8747,small_world,inv_degree,8825765,100,300,0.03,3,0.45,0.1,50,1.5,0.06,2,0.842062708463227
8748,small_world,inv_degree,8826774,100,300,0.03,3,0.45,0.1,50,1.5,0.05,2,0.8508672930632595
8749,small_world,inv_degree,8827783,100,300,0.03,3,0.45,0.1,50,1.5,0.04,1,0.868215698385491
8750,small_world,inv_degree,8828792,100,300,0.03,3,0.45,0.1,50,1.5,0.04,1,0.8682003348221664
8751,small_world,inv_degree,8829801,100,300,0.03,3,0.45,0.1,50,1.5,0.03,0,0.8916245181230571
8752,small_world,inv_degree,8830810,100,300,0.03,3,0.45,0.1,50,1.5,0.03,0,0.8987475916355387
8753,small_world,inv_degree,8831819,100,300,0.03,3,0.45,0.1,50,1.5,0.03,0,0.908652836307814
8754,small_world,inv_degree,8832828,100,300,0.03,3,0.45,0.1,50,1.5,0.03,0,0.8970836312425886
8755,small_world,inv_degree,8833837,100,300,0.03,3,0.45,0.1,50,1.5,0.11,5,0.7638513340971083
8756,small_world,inv_degree,8834846,100,300,0.03,3,0.45,0.1,50,1.5,0.03,0,0.9077880733780326
8757,small_world,inv_degree,8835855,100,300,0.03,3,0.45,0.1,50,1.5,0.03,0,0.8902408207593708
8758,small_world,inv_degree,8836864,100,300,0.03,3,0.45,0.1,50,1.5,0.03,0,0.9093034979718412
8759,small_world,inv_degree,8837873,100,300,0.03,3,0.45,0.1,50,1.5,0.03,0,0.9076621236638428
8760,small_world,inv_degree,8838882,100,300,0.03,3,0.45,0.1,50,1.5,0.03,0,0.9062227853523924
8761,small_world,inv_degree,8839891,100,300,0.03,3,0.45,0.1,50,1.5,0.12,4,0.7389444297865321
8762,small_world,inv_degree,8840900,100,300,0.03,3,0.45,0.1,50,1.5,0.03,0,0.903458224432524
8763,small_world,inv_degree,8841909,100,300,0.03,3,0.45,0.1,50,1.5,0.03,0,0.9055363584815247
8764,small_world,inv_degree,8842918,100,300,0.03,3,0.45,0.1,50,1.5,0.03,0,0.9062722483019252
8765,small_world,inv_degree,8843927,100,300,0.03,3,0.45,0.1,50,1.5,0.03,0,0.9120625105606451
8766,small_world,inv_degree,8844936,100,300,0.03,3,0.45,0.1,50,1.5,0.03,0,0.9107574700496675
8767,small_world,inv_degree,8845945,100,300,0.03,3,0.45,0.1,50,1.5,0.08,5,0.8236516432804638
8768,small_world,inv_degree,8846954,100,300,0.03,3,0.45,0.1,50,1.5,0.03,0,0.9054085301380725
8769,small_world,inv_degree,8847963,100,300,0.03,3,0.45,0.1,50,1.5,0.03,0,0.9072922598207871
8770,small_world,inv_degree,8848972,100,300,0.03,3,0.45,0.1,50,1.5,0.03,0,0.9081687423677547
8771,small_world,inv_degree,8849981,100,300,0.03,3,0.45,0.1,50,1.5,0.03,0,0.9115946559467857
8772,small_world,inv_degree,8850990,100,300,0.03,3,0.45,0.1,50,1.5,0.05,2,0.8589062962404257
8773,small_world,inv_degree,8851999,100,300,0.03,3,0.45,0.1,50,1.5,0.03,0,0.9121347907702527
8774,small_world,inv_degree,8853008,100,300,0.03,3,0.45,0.1,50,1.5,0.03,0,0.8971313982149123
8775,small_world,inv_degree,8854017,100,300,0.03,3,0.45,0.1,50,1.5,0.04,1,0.8795907364623389
8776,small_world,inv_degree,8855026,100,300,0.03,3,0.45,0.1,50,1.5,0.03,0,0.912519746929144
8777,small_world,inv_degree,8856035,100,300,0.03,3,0.45,0.1,50,1.5,0.03,0,0.9126805553271649
8778,small_world,inv_degree,8857044,100,300,0.03,3,0.45,0.1,50,1.5,0.03,0,0.9070881569671231
8779,small_world,inv_degree,8858053,100,300,0.03,3,0.45,0.1,50,1.5,0.03,0,0.9022564061954859
8780,small_world,inv_degree,8859062,100,300,0.03,3,0.45,0.1,50,1.5,0.03,0,0.9077476223536332
8781,small_world,inv_degree,8860071,100,300,0.03,3,0.45,0.1,50,1.5,0.05,2,0.869304251013896
8782,small_world,inv_degree,8861080,100,300,0.03,3,0.45,0.1,50,1.5,0.06,3,0.8364225266196279
8783,small_world,inv_degree,8862089,100,300,0.03,3,0.45,0.1,50,1.5,0.03,0,0.902836587999075
8784,small_world,inv_degree,8863098,100,300,0.03,3,0.45,0.1,50,1.5,0.07,3,0.8060264695102134
8785,small_world,inv_degree,8864107,100,300,0.03,3,0.45,0.1,50,1.5,0.03,0,0.89954711828984
8786,small_world,inv_degree,8865116,100,300,0.03,3,0.45,0.1,50,1.5,0.03,0,0.8917549606939668
8787,small_world,inv_degree,8866125,100,300,0.03,3,0.45,0.1,50,1.5,0.16,8,0.7181457715852153
8788,small_world,inv_degree,8867134,100,300,0.03,3,0.45,0.1,50,1.5,0.07,4,0.8134882369765046
8789,small_world,inv_degree,8868143,100,300,0.03,3,0.45,0.1,50,1.5,0.03,0,0.9057627764470881
8790,small_world,inv_degree,8869152,100,300,0.03,3,0.45,0.1,50,1.5,0.03,0,0.9141083962465489
8791,small_world,inv_degree,8870161,100,300,0.03,3,0.45,0.1,50,1.5,0.03,0,0.9003012170591443
8792,small_world,inv_degree,8871170,100,300,0.03,3,0.45,0.1,50,1.5,0.03,0,0.9125671859820327
8793,small_world,inv_degree,8872179,100,300,0.03,3,0.45,0.1,50,1.5,0.06,3,0.8411844032272122
8794,small_world,inv_degree,8873188,100,300,0.03,3,0.45,0.1,50,1.5,0.03,0,0.9115307927667046
8795,small_world,inv_degree,8874197,100,300,0.03,3,0.45,0.1,50,1.5,0.03,0,0.9074356976979766
8796,small_world,inv_degree,8875206,100,300,0.03,3,0.45,0.1,50,1.5,0.03,0,0.9005296856954138
8797,small_world,inv_degree,8876215,100,300,0.03,3,0.45,0.1,50,1.5,0.03,0,0.9120402660611409
8798,small_world,inv_degree,8877224,100,300,0.03,3,0.45,0.1,50,1.5,0.03,0,0.9015090198946715
8799,small_world,inv_degree,8878233,100,300,0.03,3,0.45,0.1,50,1.5,0.03,0,0.8983695856800039
8800,small_world,inv_degree,8879242,100,300,0.03,3,0.45,0.1,50,1.5,0.03,0,0.8944312181339698
8801,small_world,inv_degree,8880251,100,300,0.03,3,0.45,0.1,50,1.5,0.03,0,0.9033266113233868
8802,small_world,inv_degree,8881260,100,300,0.03,3,0.45,0.1,50,1.5,0.03,0,0.9323259132397171
8803,small_world,inv_degree,8882269,100,300,0.03,3,0.45,0.1,50,1.5,0.16,7,0.7303237195258034
8804,small_world,inv_degree,8883278,100,300,0.03,3,0.45,0.1,50,1.5,0.03,0,0.9148229838716048
8805,small_world,inv_degree,8884287,100,300,0.03,3,0.45,0.1,50,1.5,0.09,4,0.8128005953768744
8806,small_world,inv_degree,8885296,100,300,0.03,3,0.45,0.1,50,1.5,0.03,0,0.910111985402246
8807,small_world,inv_degree,8886305,100,300,0.03,3,0.45,0.1,50,1.5,0.03,0,0.894383938388719
8808,small_world,inv_degree,8887314,100,300,0.03,3,0.45,0.1,50,1.5,0.03,0,0.9191673130141652
8809,small_world,inv_degree,8888323,100,300,0.03,3,0.45,0.1,50,1.5,0.03,0,0.8981065537694337
8810,small_world,inv_degree,8889332,100,300,0.03,3,0.45,0.1,50,1.5,0.1,7,0.7805745160218089
8811,small_world,inv_degree,8890341,100,300,0.03,3,0.45,0.1,50,1.5,0.06,3,0.8303893652582721
8812,small_world,inv_degree,8891350,100,300,0.03,3,0.45,0.1,50,1.5,0.03,0,0.904768147260414
8813,small_world,inv_degree,8892359,100,300,0.03,3,0.45,0.1,50,1.5,0.03,0,0.9109492551963944
8814,small_world,inv_degree,8893368,100,300,0.03,3,0.45,0.1,50,1.5,0.03,0,0.9109630572961188
8815,small_world,inv_degree,8894377,100,300,0.03,3,0.45,0.1,50,1.5,0.07,4,0.8370311287736656
8816,small_world,inv_degree,8895386,100,300,0.03,3,0.45,0.1,50,1.5,0.03,0,0.9035929155482152
8817,small_world,inv_degree,8896395,100,300,0.03,3,0.45,0.1,50,1.5,0.03,0,0.9105794554159131
8818,small_world,inv_degree,8897404,100,300,0.03,3,0.45,0.1,50,1.5,0.03,0,0.9008897755243352
8819,small_world,inv_degree,8898413,100,300,0.03,3,0.45,0.1,50,1.5,0.03,0,0.8947820750833266
8820,small_world,inv_degree,8899422,100,300,0.03,3,0.45,0.1,50,1.5,0.13,7,0.7706397751577134
8821,small_world,inv_degree,8900431,100,300,0.03,3,0.45,0.1,50,1.5,0.03,0,0.9101427560473235
8822,small_world,inv_degree,8901440,100,300,0.03,3,0.45,0.1,50,1.5,0.04,1,0.8782505147506364
8823,small_world,inv_degree,8902449,100,300,0.03,3,0.45,0.1,50,1.5,0.03,0,0.8917621049030456
8824,small_world,inv_degree,8903458,100,300,0.03,3,0.45,0.1,50,1.5,0.04,1,0.8760033019697194
8825,small_world,inv_degree,8904467,100,300,0.03,3,0.45,0.1,50,1.5,0.03,0,0.9139222755638982
8826,small_world,inv_degree,8905476,100,300,0.03,3,0.45,0.1,50,1.5,0.03,0,0.9086729440980919
8827,small_world,inv_degree,8906485,100,300,0.03,3,0.45,0.1,50,1.5,0.03,0,0.9079685185163007
8828,small_world,inv_degree,8907494,100,300,0.03,3,0.45,0.1,50,1.5,0.05,1,0.8457216846349098
8829,small_world,inv_degree,8908503,100,300,0.03,3,0.45,0.1,50,1.5,0.03,0,0.9059805887900839
8830,small_world,inv_degree,8909512,100,300,0.03,3,0.45,0.1,50,1.5,0.08,4,0.8076327914402275
8831,small_world,inv_degree,8910521,100,300,0.03,3,0.45,0.1,50,1.5,0.04,1,0.870667017393734
8832,small_world,inv_degree,8911530,100,300,0.03,3,0.45,0.1,50,1.5,0.03,0,0.9067725170102442
8833,small_world,inv_degree,8912539,100,300,0.03,3,0.45,0.1,50,1.5,0.03,0,0.9092150971095349
8834,small_world,inv_degree,8913548,100,300,0.03,3,0.45,0.1,50,1.5,0.03,0,0.905430941469703
8835,small_world,inv_degree,8914557,100,300,0.03,3,0.45,0.1,50,1.5,0.03,0,0.9010527688563281
8836,small_world,inv_degree,8915566,100,300,0.03,3,0.45,0.1,50,1.5,0.03,0,0.9150324580167397
8837,small_world,inv_degree,8916575,100,300,0.03,3,0.45,0.1,50,1.5,0.03,0,0.9051519783651844
8838,small_world,inv_degree,8917584,100,300,0.03,3,0.45,0.1,50,1.5,0.03,0,0.911161990770894
8839,small_world,inv_degree,8918593,100,300,0.03,3,0.45,0.1,50,1.5,0.03,0,0.9039574701204982
8840,small_world,inv_degree,8919602,100,300,0.03,3,0.45,0.1,50,1.5,0.03,0,0.8968736588100783
8841,small_world,inv_degree,8920611,100,300,0.03,3,0.45,0.1,50,1.5,0.03,0,0.8997912991998842
8842,small_world,inv_degree,8921620,100,300,0.03,3,0.45,0.1,50,1.5,0.04,1,0.8904213955435122
8843,small_world,inv_degree,8922629,100,300,0.03,3,0.45,0.1,50,1.5,0.03,0,0.907263007808191
8844,small_world,inv_degree,8923638,100,300,0.03,3,0.45,0.1,50,1.5,0.04,1,0.8879888491181166
8845,small_world,inv_degree,8924647,100,300,0.03,3,0.45,0.1,50,1.5,0.04,1,0.8749819371942003
8846,small_world,inv_degree,8925656,100,300,0.03,3,0.45,0.1,50,1.5,0.03,0,0.9135551262915025
8847,small_world,inv_degree,8926665,100,300,0.03,3,0.45,0.1,50,1.5,0.03,0,0.9045388856213372
8848,small_world,inv_degree,8927674,100,300,0.03,3,0.45,0.1,50,1.5,0.03,0,0.8881505036275105
8849,small_world,inv_degree,8928683,100,300,0.03,3,0.45,0.1,50,1.5,0.03,0,0.9084562625506225
8850,small_world,inv_degree,8929692,100,300,0.03,3,0.45,0.1,50,1.5,0.03,0,0.9025613657799885
8851,small_world,inv_degree,8930701,100,300,0.03,3,0.45,0.1,50,1.5,0.1,5,0.8174925443708119
8852,small_world,inv_degree,8931710,100,300,0.03,3,0.45,0.1,50,1.5,0.11,7,0.7736356323438064
8853,small_world,inv_degree,8932719,100,300,0.03,3,0.45,0.1,50,1.5,0.04,1,0.876247298648372
8854,small_world,inv_degree,8933728,100,300,0.03,3,0.45,0.1,50,1.5,0.03,0,0.9122676306922871
8855,small_world,inv_degree,8934737,100,300,0.03,3,0.45,0.1,50,1.5,0.03,0,0.9128847506721874
8856,small_world,inv_degree,8935746,100,300,0.03,3,0.45,0.1,50,1.5,0.03,0,0.9049202070772246
8857,small_world,inv_degree,8936755,100,300,0.03,3,0.45,0.1,50,1.5,0.03,0,0.9075752969011734
8858,small_world,inv_degree,8937764,100,300,0.03,3,0.45,0.1,50,1.5,0.03,0,0.8929213426752246
8859,small_world,inv_degree,8938773,100,300,0.03,3,0.45,0.1,50,1.5,0.03,0,0.9130821324317809
8860,small_world,inv_degree,8939782,100,300,0.03,3,0.45,0.1,50,1.5,0.03,0,0.90552560227419
8861,small_world,inv_degree,8940791,100,300,0.03,3,0.45,0.1,50,1.5,0.04,1,0.8769717400140107
8862,small_world,inv_degree,8941800,100,300,0.03,3,0.45,0.1,50,1.5,0.05,2,0.8654538268375713
8863,small_world,inv_degree,8942809,100,300,0.03,3,0.45,0.1,50,1.5,0.03,0,0.9067403997755644
8864,small_world,inv_degree,8943818,100,300,0.03,3,0.45,0.1,50,1.5,0.07,3,0.8410724940608938
8865,small_world,inv_degree,8944827,100,300,0.03,3,0.45,0.1,50,1.5,0.04,1,0.8791879640571508
8866,small_world,inv_degree,8945836,100,300,0.03,3,0.45,0.1,50,1.5,0.13,5,0.7509648274255974
8867,small_world,inv_degree,8946845,100,300,0.03,3,0.45,0.1,50,1.5,0.03,0,0.9080696853253649
8868,small_world,inv_degree,8947854,100,300,0.03,3,0.45,0.1,50,1.5,0.03,0,0.8879173221107043
8869,small_world,inv_degree,8948863,100,300,0.03,3,0.45,0.1,50,1.5,0.05,2,0.8450620867042207
8870,small_world,inv_degree,8949872,100,300,0.03,3,0.45,0.1,50,1.5,0.03,0,0.9054055569440937
8871,small_world,inv_degree,8950881,100,300,0.03,3,0.45,0.1,50,1.5,0.03,0,0.9075192955996384
8872,small_world,inv_degree,8951890,100,300,0.03,3,0.45,0.1,50,1.5,0.03,0,0.8974085212284555
8873,small_world,inv_degree,8952899,100,300,0.03,3,0.45,0.1,50,1.5,0.03,0,0.9010099691735709
8874,small_world,inv_degree,8953908,100,300,0.03,3,0.45,0.1,50,1.5,0.03,0,0.8970742941477394
8875,small_world,inv_degree,8954917,100,300,0.03,3,0.45,0.1,50,1.5,0.03,0,0.8974285259217994
8876,small_world,inv_degree,8955926,100,300,0.03,3,0.45,0.1,50,1.5,0.03,0,0.9069251344080441
8877,small_world,inv_degree,8956935,100,300,0.03,3,0.45,0.1,50,1.5,0.03,0,0.9179695985259277
8878,small_world,inv_degree,8957944,100,300,0.03,3,0.45,0.1,50,1.5,0.03,0,0.8991622632922117
8879,small_world,inv_degree,8958953,100,300,0.03,3,0.45,0.1,50,1.5,0.04,1,0.8864600980118309
8880,small_world,inv_degree,8959962,100,300,0.03,3,0.45,0.1,50,1.5,0.03,0,0.8917507980326332
8881,small_world,inv_degree,8960971,100,300,0.03,3,0.45,0.1,50,1.5,0.03,0,0.8923073783820036
8882,small_world,inv_degree,8961980,100,300,0.03,3,0.45,0.1,50,1.5,0.04,1,0.8587953709982953
8883,small_world,inv_degree,8962989,100,300,0.03,3,0.45,0.1,50,1.5,0.04,1,0.8891632802541477
8884,small_world,inv_degree,8963998,100,300,0.03,3,0.45,0.1,50,1.5,0.04,1,0.8796224533372631
8885,small_world,inv_degree,8965007,100,300,0.03,3,0.45,0.1,50,1.5,0.13,6,0.7910704079743843
8886,small_world,inv_degree,8966016,100,300,0.03,3,0.45,0.1,50,1.5,0.03,0,0.9113891690590208
8887,small_world,inv_degree,8967025,100,300,0.03,3,0.45,0.1,50,1.5,0.03,0,0.9111396173709237
8888,small_world,inv_degree,8968034,100,300,0.03,3,0.45,0.1,50,1.5,0.03,0,0.9014140262915744
8889,small_world,inv_degree,8969043,100,300,0.03,3,0.45,0.1,50,1.5,0.03,0,0.9050156864706502
8890,small_world,inv_degree,8970052,100,300,0.03,3,0.45,0.1,50,1.5,0.03,0,0.9023339848183257
8891,small_world,inv_degree,8971061,100,300,0.03,3,0.45,0.1,50,1.5,0.03,0,0.8949224877130186
8892,small_world,inv_degree,8972070,100,300,0.03,3,0.45,0.1,50,1.5,0.05,1,0.8230176431525684
8893,small_world,inv_degree,8973079,100,300,0.03,3,0.45,0.1,50,1.5,0.03,0,0.904524344267101
8894,small_world,inv_degree,8974088,100,300,0.03,3,0.45,0.1,50,1.5,0.03,0,0.9124762112896204
8895,small_world,inv_degree,8975097,100,300,0.03,3,0.45,0.1,50,1.5,0.13,8,0.7769350073600318
8896,small_world,inv_degree,8976106,100,300,0.03,3,0.45,0.1,50,1.5,0.03,0,0.8918848870797119
8897,small_world,inv_degree,8977115,100,300,0.03,3,0.45,0.1,50,1.5,0.03,0,0.9087516284305925
8898,small_world,inv_degree,8978124,100,300,0.03,3,0.45,0.1,50,1.5,0.03,0,0.911794238669791
8899,small_world,inv_degree,8979133,100,300,0.03,3,0.45,0.1,50,1.5,0.03,0,0.8928643387876305
8900,small_world,inv_degree,8980142,100,300,0.03,3,0.45,0.1,50,1.5,0.03,0,0.907489677396125
8901,small_world,inv_degree,8981151,100,300,0.03,3,0.45,0.1,50,1.5,0.05,2,0.8608845527689738
8902,small_world,inv_degree,8982160,100,300,0.03,3,0.45,0.1,50,1.5,0.03,0,0.8967805634806751
8903,small_world,inv_degree,8983169,100,300,0.03,3,0.45,0.1,50,1.5,0.03,0,0.9076594860125129
8904,small_world,inv_degree,8984178,100,300,0.03,3,0.45,0.1,50,1.5,0.03,0,0.8942033596245835
8905,small_world,inv_degree,8985187,100,300,0.03,3,0.45,0.1,50,1.5,0.03,0,0.9072316608146229
8906,small_world,inv_degree,8986196,100,300,0.03,3,0.45,0.1,50,1.5,0.03,0,0.9109141623517423
8907,small_world,inv_degree,8987205,100,300,0.03,3,0.45,0.1,50,1.5,0.03,0,0.8990590038255866
8908,small_world,inv_degree,8988214,100,300,0.03,3,0.45,0.1,50,1.5,0.03,0,0.8968716850579739
8909,small_world,inv_degree,8989223,100,300,0.03,3,0.45,0.1,50,1.5,0.03,0,0.8934015704801233
8910,small_world,inv_degree,8990232,100,300,0.03,3,0.45,0.1,50,1.5,0.03,0,0.9114346321103075
8911,small_world,inv_degree,8991241,100,300,0.03,3,0.45,0.1,50,1.5,0.04,1,0.8780637216863335
8912,small_world,inv_degree,8992250,100,300,0.03,3,0.45,0.1,50,1.5,0.03,0,0.9071555872391797
8913,small_world,inv_degree,8993259,100,300,0.03,3,0.45,0.1,50,1.5,0.03,0,0.8960159444371779
8914,small_world,inv_degree,8994268,100,300,0.03,3,0.45,0.1,50,1.5,0.03,0,0.9098863525175664
8915,small_world,inv_degree,8995277,100,300,0.03,3,0.45,0.1,50,1.5,0.03,0,0.9216955950805692
8916,small_world,inv_degree,8996286,100,300,0.03,3,0.45,0.1,50,1.5,0.03,0,0.9194287549964694
8917,small_world,inv_degree,8997295,100,300,0.03,3,0.45,0.1,50,1.5,0.03,0,0.9075392335731877
8918,small_world,inv_degree,8998304,100,300,0.03,3,0.45,0.1,50,1.5,0.04,1,0.8812114299956957
8919,small_world,inv_degree,8999313,100,300,0.03,3,0.45,0.1,50,1.5,0.03,0,0.8966082641675149
8920,small_world,inv_degree,9000322,100,300,0.03,3,0.45,0.1,50,1.5,0.09,4,0.7943995777418825
8921,small_world,inv_degree,9001331,100,300,0.03,3,0.45,0.1,50,1.5,0.04,1,0.8783948736471237
8922,small_world,inv_degree,9002340,100,300,0.03,3,0.45,0.1,50,1.5,0.03,0,0.9147196552315301
8923,small_world,inv_degree,9003349,100,300,0.03,3,0.45,0.1,50,1.5,0.03,0,0.909382977137107
8924,small_world,inv_degree,9004358,100,300,0.03,3,0.45,0.1,50,1.5,0.03,0,0.9009307099225665
8925,small_world,inv_degree,9005367,100,300,0.03,3,0.45,0.1,50,1.5,0.03,0,0.9063758771021073
8926,small_world,inv_degree,9006376,100,300,0.03,3,0.45,0.1,50,1.5,0.03,0,0.9113332451520493
8927,small_world,inv_degree,9007385,100,300,0.03,3,0.45,0.1,50,1.5,0.08,4,0.7989592045117951
8928,small_world,inv_degree,9008394,100,300,0.03,3,0.45,0.1,50,1.5,0.03,0,0.9090720349652814
8929,small_world,inv_degree,9009403,100,300,0.03,3,0.45,0.1,50,1.5,0.04,1,0.8796982665118245
8930,small_world,inv_degree,9010412,100,300,0.03,3,0.45,0.1,50,1.5,0.03,0,0.9041257382656066
8931,small_world,inv_degree,9011421,100,300,0.03,3,0.45,0.1,50,1.5,0.03,0,0.9078825760103257
8932,small_world,inv_degree,9012430,100,300,0.03,3,0.45,0.1,50,1.5,0.03,0,0.9083877105939395
8933,small_world,inv_degree,9013439,100,300,0.03,3,0.45,0.1,50,1.5,0.03,0,0.9095744766792653
8934,small_world,inv_degree,9014448,100,300,0.03,3,0.45,0.1,50,1.5,0.15,9,0.6999520470292526
8935,small_world,inv_degree,9015457,100,300,0.03,3,0.45,0.1,50,1.5,0.03,0,0.9143743086036701
8936,small_world,inv_degree,9016466,100,300,0.03,3,0.45,0.1,50,1.5,0.03,0,0.8978127047367763
8937,small_world,inv_degree,9017475,100,300,0.03,3,0.45,0.1,50,1.5,0.04,1,0.8672496462529435
8938,small_world,inv_degree,9018484,100,300,0.03,3,0.45,0.1,50,1.5,0.16,8,0.6679783015400645
8939,small_world,inv_degree,9019493,100,300,0.03,3,0.45,0.1,50,1.5,0.03,0,0.8994579355972661
8940,small_world,inv_degree,9020502,100,300,0.03,3,0.45,0.1,50,1.5,0.03,0,0.9069633563918866
8941,small_world,inv_degree,9021511,100,300,0.03,3,0.45,0.1,50,1.5,0.03,0,0.9003612909631277
8942,small_world,inv_degree,9022520,100,300,0.03,3,0.45,0.1,50,1.5,0.07,3,0.8453167644811804
8943,small_world,inv_degree,9023529,100,300,0.03,3,0.45,0.1,50,1.5,0.1,5,0.7647260753141892
8944,small_world,inv_degree,9024538,100,300,0.03,3,0.45,0.1,50,1.5,0.03,0,0.8943763095181292
8945,small_world,inv_degree,9025547,100,300,0.03,3,0.45,0.1,50,1.5,0.07,2,0.8328360077732039
8946,small_world,inv_degree,9026556,100,300,0.03,3,0.45,0.1,50,1.5,0.03,0,0.8950333012713958
8947,small_world,inv_degree,9027565,100,300,0.03,3,0.45,0.1,50,1.5,0.15,7,0.6616117549392297
8948,small_world,inv_degree,9028574,100,300,0.03,3,0.45,0.1,50,1.5,0.03,0,0.9002864518855224
8949,small_world,inv_degree,9029583,100,300,0.03,3,0.45,0.1,50,1.5,0.04,1,0.8717785066508538
8950,small_world,inv_degree,9030592,100,300,0.03,3,0.45,0.1,50,1.5,0.03,0,0.9067419136314889
8951,small_world,inv_degree,9031601,100,300,0.03,3,0.45,0.1,50,1.5,0.03,0,0.9126229252388407
8952,small_world,inv_degree,9032610,100,300,0.03,3,0.45,0.1,50,1.5,0.03,0,0.9051691371163058
8953,small_world,inv_degree,9033619,100,300,0.03,3,0.45,0.1,50,1.5,0.03,0,0.8973002078734322
8954,small_world,inv_degree,9034628,100,300,0.03,3,0.45,0.1,50,1.5,0.06,3,0.8370456834241046
8955,small_world,inv_degree,9035637,100,300,0.03,3,0.45,0.1,50,1.5,0.03,0,0.9019029327219121
8956,small_world,inv_degree,9036646,100,300,0.03,3,0.45,0.1,50,1.5,0.03,0,0.9068711807360673
8957,small_world,inv_degree,9037655,100,300,0.03,3,0.45,0.1,50,1.5,0.04,1,0.8787350673850737
8958,small_world,inv_degree,9038664,100,300,0.03,3,0.45,0.1,50,1.5,0.03,0,0.9125088117674498
8959,small_world,inv_degree,9039673,100,300,0.03,3,0.45,0.1,50,1.5,0.08,4,0.8153545496121167
8960,small_world,inv_degree,9040682,100,300,0.03,3,0.45,0.1,50,1.5,0.03,0,0.9141280053678028
8961,small_world,inv_degree,9041691,100,300,0.03,3,0.45,0.1,50,1.5,0.03,0,0.9111107474190918
8962,small_world,inv_degree,9042700,100,300,0.03,3,0.45,0.1,50,1.5,0.03,0,0.8985322281236158
8963,small_world,inv_degree,9043709,100,300,0.03,3,0.45,0.1,50,1.5,0.03,0,0.9044204679748651
8964,small_world,inv_degree,9044718,100,300,0.03,3,0.45,0.1,50,1.5,0.03,0,0.9102406385336607
8965,small_world,inv_degree,9045727,100,300,0.03,3,0.45,0.1,50,1.5,0.11,4,0.7684269378524774
8966,small_world,inv_degree,9046736,100,300,0.03,3,0.45,0.1,50,1.5,0.03,0,0.9046690772067318
8967,small_world,inv_degree,9047745,100,300,0.03,3,0.45,0.1,50,1.5,0.04,1,0.8714871303005837
8968,small_world,inv_degree,9048754,100,300,0.03,3,0.45,0.1,50,1.5,0.03,0,0.9172189560397815
8969,small_world,inv_degree,9049763,100,300,0.03,3,0.45,0.1,50,1.5,0.03,0,0.9144372313227952
8970,small_world,inv_degree,9050772,100,300,0.03,3,0.45,0.1,50,1.5,0.04,1,0.8788791472901426
8971,small_world,inv_degree,9051781,100,300,0.03,3,0.45,0.1,50,1.5,0.03,0,0.9067744147388571
8972,small_world,inv_degree,9052790,100,300,0.03,3,0.45,0.1,50,1.5,0.03,0,0.9108618598033167
8973,small_world,inv_degree,9053799,100,300,0.03,3,0.45,0.1,50,1.5,0.03,0,0.890254431923253
8974,small_world,inv_degree,9054808,100,300,0.03,3,0.45,0.1,50,1.5,0.07,3,0.8275583742669672
8975,small_world,inv_degree,9055817,100,300,0.03,3,0.45,0.1,50,1.5,0.14,4,0.7394661502016292
8976,small_world,inv_degree,9056826,100,300,0.03,3,0.45,0.1,50,1.5,0.03,0,0.9023879698947855
8977,small_world,inv_degree,9057835,100,300,0.03,3,0.45,0.1,50,1.5,0.03,0,0.907222261818832
8978,small_world,inv_degree,9058844,100,300,0.03,3,0.45,0.1,50,1.5,0.03,0,0.9020624512195738
8979,small_world,inv_degree,9059853,100,300,0.03,3,0.45,0.1,50,1.5,0.05,2,0.8711879359254159
8980,small_world,inv_degree,9060862,100,300,0.03,3,0.45,0.1,50,1.5,0.04,1,0.8671737224349906
8981,small_world,inv_degree,9061871,100,300,0.03,3,0.45,0.1,50,1.5,0.03,0,0.9088038716804279
8982,small_world,inv_degree,9062880,100,300,0.03,3,0.45,0.1,50,1.5,0.04,1,0.8788498698857015
8983,small_world,inv_degree,9063889,100,300,0.03,3,0.45,0.1,50,1.5,0.03,0,0.9045802189376576
8984,small_world,inv_degree,9064898,100,300,0.03,3,0.45,0.1,50,1.5,0.12,7,0.7618861559207564
8985,small_world,inv_degree,9065907,100,300,0.03,3,0.45,0.1,50,1.5,0.09,3,0.8172674659603874
8986,small_world,inv_degree,9066916,100,300,0.03,3,0.45,0.1,50,1.5,0.03,0,0.9061293709138853
8987,small_world,inv_degree,9067925,100,300,0.03,3,0.45,0.1,50,1.5,0.03,0,0.9068244963478076
8988,small_world,inv_degree,9068934,100,300,0.03,3,0.45,0.1,50,1.5,0.1,3,0.7864720269018891
8989,small_world,inv_degree,9069943,100,300,0.03,3,0.45,0.1,50,1.5,0.03,0,0.9080328378835842
8990,small_world,inv_degree,9070952,100,300,0.03,3,0.45,0.1,50,1.5,0.03,0,0.9024869350189904
8991,small_world,inv_degree,9071961,100,300,0.03,3,0.45,0.1,50,1.5,0.03,0,0.9039921202694802
8992,small_world,inv_degree,9072970,100,300,0.03,3,0.45,0.1,50,1.5,0.03,0,0.9003776097021582
8993,small_world,inv_degree,9073979,100,300,0.03,3,0.45,0.1,50,1.5,0.04,1,0.8814876060812045
8994,small_world,inv_degree,9074988,100,300,0.03,3,0.45,0.1,50,1.5,0.03,0,0.9056643717212335
8995,small_world,inv_degree,9075997,100,300,0.03,3,0.45,0.1,50,1.5,0.09,3,0.8078425770552856
8996,small_world,inv_degree,9077006,100,300,0.03,3,0.45,0.1,50,1.5,0.03,0,0.9078555012671372
8997,small_world,inv_degree,9078015,100,300,0.03,3,0.45,0.1,50,1.5,0.03,0,0.8906956031250917
8998,small_world,inv_degree,9079024,100,300,0.03,3,0.45,0.1,50,1.5,0.04,1,0.8804435707540029
8999,small_world,inv_degree,9080033,100,300,0.03,3,0.45,0.1,50,1.5,0.03,0,0.9118676253059705
9000,small_world,inv_degree,9081042,100,300,0.03,3,0.45,0.1,50,1.5,0.03,0,0.901691619895405
