run_id,kind,weight_type,targeting,rng_seed,n,edges,seed_frac,seed_count,theta_mean,theta_sd,max_steps,final_adoption,steps_to_converge,xi_d_1,xi_a_1.5
1,random,uniform,degree,1051,500,1543,0.03,15,0.45,0.1,50,0.036,1,0.666,0.6770886917016864
2,random,uniform,degree,2060,500,1501,0.03,15,0.45,0.1,50,0.056,1,0.654,0.6219340796008094
3,random,uniform,degree,3069,500,1554,0.03,15,0.45,0.1,50,0.042,2,0.664,0.6589970019607206
4,random,uniform,degree,4078,500,1530,0.03,15,0.45,0.1,50,0.048,2,0.624,0.6266391804542282
5,random,uniform,degree,5087,500,1511,0.03,15,0.45,0.1,50,0.044,2,0.644,0.6450037631814357
6,random,uniform,degree,6096,500,1455,0.03,15,0.45,0.1,50,0.04,1,0.648,0.672552823955464
7,random,uniform,degree,7105,500,1551,0.03,15,0.45,0.1,50,0.046,2,0.654,0.6321748920726844
8,random,uniform,degree,8114,500,1538,0.03,15,0.45,0.1,50,0.044,2,0.638,0.638682991694004
9,random,uniform,degree,9123,500,1448,0.03,15,0.45,0.1,50,0.048,2,0.654,0.6525943187523647
10,random,uniform,degree,10132,500,1469,0.03,15,0.45,0.1,50,0.04,2,0.658,0.6692987180433012
11,random,uniform,degree,11141,500,1468,0.03,15,0.45,0.1,50,0.044,2,0.648,0.6504806176504594
12,random,uniform,degree,12150,500,1530,0.03,15,0.45,0.1,50,0.044,1,0.642,0.635614977720297
13,random,uniform,degree,13159,500,1537,0.03,15,0.45,0.1,50,0.05,2,0.648,0.6345361960295909
14,random,uniform,degree,14168,500,1495,0.03,15,0.45,0.1,50,0.05,1,0.662,0.6438872792537659
15,random,uniform,degree,15177,500,1523,0.03,15,0.45,0.1,50,0.052,3,0.644,0.6093732500613247
16,random,uniform,degree,16186,500,1445,0.03,15,0.45,0.1,50,0.054,2,0.624,0.6139875695524509
17,random,uniform,degree,17195,500,1447,0.03,15,0.45,0.1,50,0.064,3,0.61,0.5892305850767378
18,random,uniform,degree,18204,500,1521,0.03,15,0.45,0.1,50,0.036,1,0.66,0.6807575784378087
19,random,uniform,degree,19213,500,1452,0.03,15,0.45,0.1,50,0.046,1,0.654,0.652931278879829
20,random,uniform,degree,20222,500,1472,0.03,15,0.45,0.1,50,0.038,1,0.67,0.6851094104576251
41,random,uniform,degree,41411,500,1544,0.03,15,0.45,0.1,50,0.046,2,0.654,0.6362070644856233
42,random,uniform,degree,42420,500,1492,0.03,15,0.45,0.1,50,0.054,2,0.648,0.6116630205790442
43,random,uniform,degree,43429,500,1470,0.03,15,0.45,0.1,50,0.062,3,0.618,0.5851184251858966
44,random,uniform,degree,44438,500,1542,0.03,15,0.45,0.1,50,0.044,2,0.64,0.6217736907218996
45,random,uniform,degree,45447,500,1555,0.03,15,0.45,0.1,50,0.046,2,0.654,0.6245350600867186
46,random,uniform,degree,46456,500,1550,0.03,15,0.45,0.1,50,0.04,1,0.658,0.6593615474886191
47,random,uniform,degree,47465,500,1544,0.03,15,0.45,0.1,50,0.046,1,0.656,0.6405377347728908
48,random,uniform,degree,48474,500,1560,0.03,15,0.45,0.1,50,0.04,1,0.654,0.6460432022268732
49,random,uniform,degree,49483,500,1499,0.03,15,0.45,0.1,50,0.042,2,0.662,0.6612903216517289
50,random,uniform,degree,50492,500,1521,0.03,15,0.45,0.1,50,0.042,1,0.656,0.6612180290217099
51,random,uniform,degree,51501,500,1461,0.03,15,0.45,0.1,50,0.044,1,0.682,0.6721005987086327
52,random,uniform,degree,52510,500,1520,0.03,15,0.45,0.1,50,0.056,3,0.622,0.5935366681861133
53,random,uniform,degree,53519,500,1500,0.03,15,0.45,0.1,50,0.044,3,0.66,0.6546541097223516
54,random,uniform,degree,54528,500,1473,0.03,15,0.45,0.1,50,0.048,2,0.656,0.6479423701537548
55,random,uniform,degree,55537,500,1553,0.03,15,0.45,0.1,50,0.042,1,0.664,0.6498526859946534
56,random,uniform,degree,56546,500,1492,0.03,15,0.45,0.1,50,0.064,3,0.614,0.557283957113319
57,random,uniform,degree,57555,500,1497,0.03,15,0.45,0.1,50,0.038,1,0.66,0.6842482095897812
58,random,uniform,degree,58564,500,1493,0.03,15,0.45,0.1,50,0.044,2,0.644,0.6501766310127524
59,random,uniform,degree,59573,500,1464,0.03,15,0.45,0.1,50,0.042,2,0.642,0.6550872941471316
60,random,uniform,degree,60582,500,1560,0.03,15,0.45,0.1,50,0.044,2,0.642,0.643024372226711
81,random,uniform,degree,81771,500,1550,0.03,15,0.45,0.1,50,0.044,2,0.66,0.6383197971334607
82,random,uniform,degree,82780,500,1507,0.03,15,0.45,0.1,50,0.04,2,0.642,0.6621712477077377
83,random,uniform,degree,83789,500,1515,0.03,15,0.45,0.1,50,0.038,1,0.664,0.665771281707801
84,random,uniform,degree,84798,500,1539,0.03,15,0.45,0.1,50,0.046,1,0.636,0.6300014472134506
85,random,uniform,degree,85807,500,1479,0.03,15,0.45,0.1,50,0.04,2,0.678,0.664279522767214
86,random,uniform,degree,86816,500,1544,0.03,15,0.45,0.1,50,0.044,2,0.648,0.6398386038029761
87,random,uniform,degree,87825,500,1605,0.03,15,0.45,0.1,50,0.042,1,0.646,0.6574809448906155
88,random,uniform,degree,88834,500,1460,0.03,15,0.45,0.1,50,0.038,1,0.652,0.6906142662109156
89,random,uniform,degree,89843,500,1568,0.03,15,0.45,0.1,50,0.052,3,0.644,0.6050674840118229
90,random,uniform,degree,90852,500,1479,0.03,15,0.45,0.1,50,0.056,3,0.624,0.5933582271894146
91,random,uniform,degree,91861,500,1505,0.03,15,0.45,0.1,50,0.044,1,0.65,0.6557474996135779
92,random,uniform,degree,92870,500,1525,0.03,15,0.45,0.1,50,0.05,1,0.642,0.6421336586365931
93,random,uniform,degree,93879,500,1502,0.03,15,0.45,0.1,50,0.042,2,0.664,0.6611353204113152
94,random,uniform,degree,94888,500,1550,0.03,15,0.45,0.1,50,0.042,1,0.638,0.6423754674951756
95,random,uniform,degree,95897,500,1459,0.03,15,0.45,0.1,50,0.06,3,0.624,0.5914856030484119
96,random,uniform,degree,96906,500,1585,0.03,15,0.45,0.1,50,0.032,1,0.642,0.6791549364222489
97,random,uniform,degree,97915,500,1467,0.03,15,0.45,0.1,50,0.056,2,0.672,0.6319444363074755
98,random,uniform,degree,98924,500,1509,0.03,15,0.45,0.1,50,0.044,1,0.642,0.6457515527215781
99,random,uniform,degree,99933,500,1576,0.03,15,0.45,0.1,50,0.048,1,0.63,0.5945598369691161
100,random,uniform,degree,100942,500,1568,0.03,15,0.45,0.1,50,0.054,2,0.622,0.5882560225160245
21,random,uniform,degree,21231,500,1553,0.03,15,0.45,0.1,50,0.044,2,0.64,0.6419637667842593
22,random,uniform,degree,22240,500,1532,0.03,15,0.45,0.1,50,0.04,2,0.656,0.6621122729154852
23,random,uniform,degree,23249,500,1509,0.03,15,0.45,0.1,50,0.056,5,0.62,0.6005672035566242
24,random,uniform,degree,24258,500,1555,0.03,15,0.45,0.1,50,0.044,1,0.646,0.6350864052352625
25,random,uniform,degree,25267,500,1538,0.03,15,0.45,0.1,50,0.05,3,0.628,0.6113663897223114
26,random,uniform,degree,26276,500,1475,0.03,15,0.45,0.1,50,0.056,3,0.632,0.6002484102059894
27,random,uniform,degree,27285,500,1498,0.03,15,0.45,0.1,50,0.048,2,0.62,0.6317429646357282
28,random,uniform,degree,28294,500,1488,0.03,15,0.45,0.1,50,0.046,2,0.678,0.6375403992004893
29,random,uniform,degree,29303,500,1552,0.03,15,0.45,0.1,50,0.036,1,0.662,0.6689257644495582
30,random,uniform,degree,30312,500,1534,0.03,15,0.45,0.1,50,0.052,2,0.634,0.6040290572228714
31,random,uniform,degree,31321,500,1495,0.03,15,0.45,0.1,50,0.04,2,0.672,0.6739166871318836
32,random,uniform,degree,32330,500,1494,0.03,15,0.45,0.1,50,0.054,2,0.64,0.6249073744158947
33,random,uniform,degree,33339,500,1547,0.03,15,0.45,0.1,50,0.044,1,0.644,0.6465736263963141
34,random,uniform,degree,34348,500,1528,0.03,15,0.45,0.1,50,0.046,2,0.618,0.6352908870365492
35,random,uniform,degree,35357,500,1522,0.03,15,0.45,0.1,50,0.042,1,0.672,0.6791584858660794
36,random,uniform,degree,36366,500,1497,0.03,15,0.45,0.1,50,0.052,2,0.642,0.6190812334196241
37,random,uniform,degree,37375,500,1501,0.03,15,0.45,0.1,50,0.046,1,0.658,0.6531789878502648
38,random,uniform,degree,38384,500,1470,0.03,15,0.45,0.1,50,0.046,2,0.634,0.6508471438809192
39,random,uniform,degree,39393,500,1520,0.03,15,0.45,0.1,50,0.048,3,0.642,0.6176016255977882
40,random,uniform,degree,40402,500,1455,0.03,15,0.45,0.1,50,0.046,3,0.636,0.6336799441321495
121,random,uniform,degree,122131,500,1469,0.03,15,0.45,0.1,50,0.052,2,0.642,0.626142534297031
122,random,uniform,degree,123140,500,1477,0.03,15,0.45,0.1,50,0.044,1,0.674,0.663646578225309
123,random,uniform,degree,124149,500,1557,0.03,15,0.45,0.1,50,0.036,1,0.664,0.6755001023104467
124,random,uniform,degree,125158,500,1498,0.03,15,0.45,0.1,50,0.036,2,0.638,0.678728008718682
125,random,uniform,degree,126167,500,1475,0.03,15,0.45,0.1,50,0.056,2,0.646,0.6155004286357374
126,random,uniform,degree,127176,500,1497,0.03,15,0.45,0.1,50,0.048,3,0.654,0.6532070232869122
127,random,uniform,degree,128185,500,1498,0.03,15,0.45,0.1,50,0.05,2,0.638,0.6318278140912622
128,random,uniform,degree,129194,500,1463,0.03,15,0.45,0.1,50,0.046,1,0.646,0.6518759087725073
129,random,uniform,degree,130203,500,1547,0.03,15,0.45,0.1,50,0.044,3,0.67,0.6532169837460637
130,random,uniform,degree,131212,500,1557,0.03,15,0.45,0.1,50,0.04,2,0.656,0.6610187397506738
131,random,uniform,degree,132221,500,1555,0.03,15,0.45,0.1,50,0.048,2,0.65,0.6105194311160558
132,random,uniform,degree,133230,500,1513,0.03,15,0.45,0.1,50,0.042,2,0.65,0.655611072027397
133,random,uniform,degree,134239,500,1483,0.03,15,0.45,0.1,50,0.05,1,0.656,0.6166145779821753
134,random,uniform,degree,135248,500,1541,0.03,15,0.45,0.1,50,0.05,2,0.642,0.6106578663057839
135,random,uniform,degree,136257,500,1431,0.03,15,0.45,0.1,50,0.05,2,0.666,0.6556718473061534
136,random,uniform,degree,137266,500,1497,0.03,15,0.45,0.1,50,0.054,3,0.622,0.6033012280438098
137,random,uniform,degree,138275,500,1560,0.03,15,0.45,0.1,50,0.05,2,0.66,0.6328521683013704
138,random,uniform,degree,139284,500,1510,0.03,15,0.45,0.1,50,0.038,2,0.668,0.6791267827280678
139,random,uniform,degree,140293,500,1516,0.03,15,0.45,0.1,50,0.042,2,0.65,0.6503894831050044
140,random,uniform,degree,141302,500,1517,0.03,15,0.45,0.1,50,0.044,1,0.664,0.6613267924941192
141,random,uniform,degree,142311,500,1597,0.03,15,0.45,0.1,50,0.044,1,0.656,0.6369402453646553
142,random,uniform,degree,143320,500,1469,0.03,15,0.45,0.1,50,0.05,2,0.656,0.6360189742342861
143,random,uniform,degree,144329,500,1507,0.03,15,0.45,0.1,50,0.044,2,0.658,0.6467055680170067
144,random,uniform,degree,145338,500,1463,0.03,15,0.45,0.1,50,0.052,2,0.652,0.6334034513766733
145,random,uniform,degree,146347,500,1476,0.03,15,0.45,0.1,50,0.048,2,0.66,0.6395945144154486
146,random,uniform,degree,147356,500,1529,0.03,15,0.45,0.1,50,0.038,1,0.686,0.6736426749168845
147,random,uniform,degree,148365,500,1488,0.03,15,0.45,0.1,50,0.036,1,0.674,0.6823131995341519
148,random,uniform,degree,149374,500,1492,0.03,15,0.45,0.1,50,0.048,1,0.64,0.6318053490791877
149,random,uniform,degree,150383,500,1570,0.03,15,0.45,0.1,50,0.046,1,0.638,0.6229089127491909
150,random,uniform,degree,151392,500,1534,0.03,15,0.45,0.1,50,0.048,1,0.66,0.6466102450726193
151,random,uniform,degree,152401,500,1536,0.03,15,0.45,0.1,50,0.042,2,0.65,0.6521078313336027
152,random,uniform,degree,153410,500,1536,0.03,15,0.45,0.1,50,0.048,1,0.66,0.6313347563520758
153,random,uniform,degree,154419,500,1488,0.03,15,0.45,0.1,50,0.048,2,0.658,0.6454062779416508
154,random,uniform,degree,155428,500,1470,0.03,15,0.45,0.1,50,0.038,1,0.686,0.6854865739035695
155,random,uniform,degree,156437,500,1463,0.03,15,0.45,0.1,50,0.056,2,0.66,0.6246111188346617
156,random,uniform,degree,157446,500,1497,0.03,15,0.45,0.1,50,0.056,3,0.626,0.5897902282807553
157,random,uniform,degree,158455,500,1521,0.03,15,0.45,0.1,50,0.032,1,0.672,0.7006887579334842
158,random,uniform,degree,159464,500,1456,0.03,15,0.45,0.1,50,0.04,2,0.656,0.681366636287219
159,random,uniform,degree,160473,500,1508,0.03,15,0.45,0.1,50,0.042,1,0.696,0.6797866388742377
160,random,uniform,degree,161482,500,1519,0.03,15,0.45,0.1,50,0.05,2,0.636,0.6246525299119573
181,random,uniform,degree,182671,500,1491,0.03,15,0.45,0.1,50,0.048,1,0.642,0.6394346190564753
182,random,uniform,degree,183680,500,1532,0.03,15,0.45,0.1,50,0.032,1,0.686,0.7060141591956607
183,random,uniform,degree,184689,500,1562,0.03,15,0.45,0.1,50,0.042,1,0.656,0.662902568692323
184,random,uniform,degree,185698,500,1479,0.03,15,0.45,0.1,50,0.044,2,0.658,0.6654916746766049
185,random,uniform,degree,186707,500,1512,0.03,15,0.45,0.1,50,0.04,1,0.64,0.6497068888289843
186,random,uniform,degree,187716,500,1452,0.03,15,0.45,0.1,50,0.05,2,0.664,0.6595907018958341
187,random,uniform,degree,188725,500,1523,0.03,15,0.45,0.1,50,0.044,3,0.66,0.6437131169370578
188,random,uniform,degree,189734,500,1417,0.03,15,0.45,0.1,50,0.056,2,0.648,0.6165942881809591
189,random,uniform,degree,190743,500,1478,0.03,15,0.45,0.1,50,0.046,1,0.66,0.6478767625354306
190,random,uniform,degree,191752,500,1489,0.03,15,0.45,0.1,50,0.04,2,0.678,0.6803418473783457
191,random,uniform,degree,192761,500,1511,0.03,15,0.45,0.1,50,0.048,2,0.646,0.6284751228477311
192,random,uniform,degree,193770,500,1496,0.03,15,0.45,0.1,50,0.046,2,0.652,0.6581062806690197
193,random,uniform,degree,194779,500,1508,0.03,15,0.45,0.1,50,0.054,2,0.626,0.5988168061712329
194,random,uniform,degree,195788,500,1543,0.03,15,0.45,0.1,50,0.038,1,0.654,0.6555682299884491
195,random,uniform,degree,196797,500,1584,0.03,15,0.45,0.1,50,0.042,2,0.658,0.6417681281625056
196,random,uniform,degree,197806,500,1525,0.03,15,0.45,0.1,50,0.044,1,0.64,0.6413689466018829
197,random,uniform,degree,198815,500,1501,0.03,15,0.45,0.1,50,0.046,2,0.67,0.6512212361071849
198,random,uniform,degree,199824,500,1552,0.03,15,0.45,0.1,50,0.05,2,0.646,0.6181059192230415
199,random,uniform,degree,200833,500,1540,0.03,15,0.45,0.1,50,0.048,2,0.656,0.6204550481346597
200,random,uniform,degree,201842,500,1572,0.03,15,0.45,0.1,50,0.054,1,0.644,0.577748452237565
161,random,uniform,degree,162491,500,1491,0.03,15,0.45,0.1,50,0.048,1,0.64,0.624093397606525
162,random,uniform,degree,163500,500,1473,0.03,15,0.45,0.1,50,0.056,4,0.628,0.6070816472827569
163,random,uniform,degree,164509,500,1595,0.03,15,0.45,0.1,50,0.05,2,0.632,0.6195359232025722
164,random,uniform,degree,165518,500,1526,0.03,15,0.45,0.1,50,0.062,1,0.67,0.5812135515372447
165,random,uniform,degree,166527,500,1500,0.03,15,0.45,0.1,50,0.042,2,0.674,0.6584808897368098
166,random,uniform,degree,167536,500,1478,0.03,15,0.45,0.1,50,0.058,3,0.644,0.5887019485281153
167,random,uniform,degree,168545,500,1460,0.03,15,0.45,0.1,50,0.058,2,0.626,0.5868432388179923
168,random,uniform,degree,169554,500,1522,0.03,15,0.45,0.1,50,0.054,2,0.644,0.5921132127992442
169,random,uniform,degree,170563,500,1575,0.03,15,0.45,0.1,50,0.048,1,0.628,0.613042813432904
170,random,uniform,degree,171572,500,1558,0.03,15,0.45,0.1,50,0.048,2,0.638,0.6220706937209727
171,random,uniform,degree,172581,500,1528,0.03,15,0.45,0.1,50,0.046,1,0.648,0.6304987227494097
172,random,uniform,degree,173590,500,1493,0.03,15,0.45,0.1,50,0.044,2,0.666,0.650276496455502
173,random,uniform,degree,174599,500,1515,0.03,15,0.45,0.1,50,0.04,1,0.638,0.6626480131524535
174,random,uniform,degree,175608,500,1479,0.03,15,0.45,0.1,50,0.046,1,0.668,0.6644651896260753
175,random,uniform,degree,176617,500,1504,0.03,15,0.45,0.1,50,0.048,1,0.626,0.6279719823238644
176,random,uniform,degree,177626,500,1534,0.03,15,0.45,0.1,50,0.052,3,0.638,0.6143412045815397
177,random,uniform,degree,178635,500,1502,0.03,15,0.45,0.1,50,0.048,2,0.652,0.641059013473567
178,random,uniform,degree,179644,500,1502,0.03,15,0.45,0.1,50,0.048,1,0.666,0.6326041953201473
179,random,uniform,degree,180653,500,1561,0.03,15,0.45,0.1,50,0.046,2,0.644,0.6164473672720404
180,random,uniform,degree,181662,500,1529,0.03,15,0.45,0.1,50,0.034,1,0.67,0.6918383683119449
101,random,uniform,degree,101951,500,1521,0.03,15,0.45,0.1,50,0.052,2,0.65,0.6193949202263022
102,random,uniform,degree,102960,500,1510,0.03,15,0.45,0.1,50,0.046,2,0.646,0.6314350269866676
103,random,uniform,degree,103969,500,1456,0.03,15,0.45,0.1,50,0.048,2,0.65,0.6451827029289771
104,random,uniform,degree,104978,500,1553,0.03,15,0.45,0.1,50,0.058,2,0.648,0.6102504867082122
105,random,uniform,degree,105987,500,1490,0.03,15,0.45,0.1,50,0.054,3,0.63,0.6111690365330037
106,random,uniform,degree,106996,500,1515,0.03,15,0.45,0.1,50,0.048,2,0.634,0.6249867722409693
107,random,uniform,degree,108005,500,1511,0.03,15,0.45,0.1,50,0.058,3,0.646,0.590414028524002
108,random,uniform,degree,109014,500,1518,0.03,15,0.45,0.1,50,0.042,1,0.668,0.6737370340289119
109,random,uniform,degree,110023,500,1546,0.03,15,0.45,0.1,50,0.04,1,0.644,0.6463991819324636
110,random,uniform,degree,111032,500,1493,0.03,15,0.45,0.1,50,0.068,2,0.61,0.5590203716710987
111,random,uniform,degree,112041,500,1540,0.03,15,0.45,0.1,50,0.042,2,0.656,0.6539312757493967
112,random,uniform,degree,113050,500,1510,0.03,15,0.45,0.1,50,0.048,2,0.634,0.6342526751842529
113,random,uniform,degree,114059,500,1431,0.03,15,0.45,0.1,50,0.05,2,0.632,0.6368557847657227
114,random,uniform,degree,115068,500,1551,0.03,15,0.45,0.1,50,0.05,2,0.644,0.6233173072789715
115,random,uniform,degree,116077,500,1469,0.03,15,0.45,0.1,50,0.052,1,0.662,0.6414987569374884
116,random,uniform,degree,117086,500,1619,0.03,15,0.45,0.1,50,0.032,1,0.66,0.6840776898263506
117,random,uniform,degree,118095,500,1514,0.03,15,0.45,0.1,50,0.042,1,0.652,0.6574535932571267
118,random,uniform,degree,119104,500,1469,0.03,15,0.45,0.1,50,0.052,2,0.64,0.6292120838732779
119,random,uniform,degree,120113,500,1500,0.03,15,0.45,0.1,50,0.054,2,0.616,0.6001259830561207
120,random,uniform,degree,121122,500,1457,0.03,15,0.45,0.1,50,0.038,1,0.678,0.6721298588431414
61,random,uniform,degree,61591,500,1490,0.03,15,0.45,0.1,50,0.048,1,0.644,0.6455341336073049
62,random,uniform,degree,62600,500,1509,0.03,15,0.45,0.1,50,0.046,1,0.638,0.6457310640109439
63,random,uniform,degree,63609,500,1554,0.03,15,0.45,0.1,50,0.038,2,0.656,0.6691404942030016
64,random,uniform,degree,64618,500,1475,0.03,15,0.45,0.1,50,0.042,1,0.658,0.6532552519138801
65,random,uniform,degree,65627,500,1541,0.03,15,0.45,0.1,50,0.044,2,0.654,0.6457257476848037
66,random,uniform,degree,66636,500,1420,0.03,15,0.45,0.1,50,0.054,3,0.69,0.6647613573751163
67,random,uniform,degree,67645,500,1476,0.03,15,0.45,0.1,50,0.05,3,0.654,0.6462037434278549
68,random,uniform,degree,68654,500,1563,0.03,15,0.45,0.1,50,0.058,2,0.616,0.558408185853996
69,random,uniform,degree,69663,500,1575,0.03,15,0.45,0.1,50,0.04,1,0.65,0.6478573145597413
70,random,uniform,degree,70672,500,1416,0.03,15,0.45,0.1,50,0.058,3,0.648,0.6231782398096186
71,random,uniform,degree,71681,500,1536,0.03,15,0.45,0.1,50,0.048,2,0.646,0.6258049541126709
72,random,uniform,degree,72690,500,1548,0.03,15,0.45,0.1,50,0.05,2,0.604,0.5928554333974373
73,random,uniform,degree,73699,500,1491,0.03,15,0.45,0.1,50,0.038,2,0.66,0.6724304121911545
74,random,uniform,degree,74708,500,1500,0.03,15,0.45,0.1,50,0.04,1,0.676,0.6627582226690721
75,random,uniform,degree,75717,500,1499,0.03,15,0.45,0.1,50,0.054,3,0.648,0.6063300966066077
76,random,uniform,degree,76726,500,1491,0.03,15,0.45,0.1,50,0.052,4,0.674,0.6495270588049383
77,random,uniform,degree,77735,500,1470,0.03,15,0.45,0.1,50,0.048,3,0.654,0.6544008498656985
78,random,uniform,degree,78744,500,1496,0.03,15,0.45,0.1,50,0.04,1,0.692,0.6791310138342017
79,random,uniform,degree,79753,500,1499,0.03,15,0.45,0.1,50,0.046,2,0.656,0.6488545728876358
80,random,uniform,degree,80762,500,1464,0.03,15,0.45,0.1,50,0.048,3,0.674,0.6506971065527565
201,scale_free,uniform,degree,202851,500,1491,0.03,15,0.45,0.1,50,0.25,9,0.218,0.012190414829906461
202,scale_free,uniform,degree,203860,500,1491,0.03,15,0.45,0.1,50,0.172,5,0.27,0.05364312675872567
203,scale_free,uniform,degree,204869,500,1491,0.03,15,0.45,0.1,50,1.0,34,0.0,0.0
204,scale_free,uniform,degree,205878,500,1491,0.03,15,0.45,0.1,50,0.244,10,0.218,0.012533640026631813
205,scale_free,uniform,degree,206887,500,1491,0.03,15,0.45,0.1,50,0.276,5,0.166,0.005368368796302344
206,scale_free,uniform,degree,207896,500,1491,0.03,15,0.45,0.1,50,0.218,6,0.242,0.018519419004952947
207,scale_free,uniform,degree,208905,500,1491,0.03,15,0.45,0.1,50,0.264,14,0.228,0.014071330348370627
208,scale_free,uniform,degree,209914,500,1491,0.03,15,0.45,0.1,50,0.224,6,0.232,0.016567620043835284
209,scale_free,uniform,degree,210923,500,1491,0.03,15,0.45,0.1,50,0.212,7,0.254,0.03269901965036785
210,scale_free,uniform,degree,211932,500,1491,0.03,15,0.45,0.1,50,1.0,24,0.0,0.0
211,scale_free,uniform,degree,212941,500,1491,0.03,15,0.45,0.1,50,1.0,24,0.0,0.0
212,scale_free,uniform,degree,213950,500,1491,0.03,15,0.45,0.1,50,0.334,13,0.16,0.002853091618343563
213,scale_free,uniform,degree,214959,500,1491,0.03,15,0.45,0.1,50,0.232,6,0.214,0.017305812387180194
214,scale_free,uniform,degree,215968,500,1491,0.03,15,0.45,0.1,50,0.424,14,0.112,0.0004292616780944336
215,scale_free,uniform,degree,216977,500,1491,0.03,15,0.45,0.1,50,0.266,13,0.236,0.011867598115958502
216,scale_free,uniform,degree,217986,500,1491,0.03,15,0.45,0.1,50,0.194,6,0.284,0.04314512436692165
217,scale_free,uniform,degree,218995,500,1491,0.03,15,0.45,0.1,50,0.208,8,0.256,0.026376043379165014
218,scale_free,uniform,degree,220004,500,1491,0.03,15,0.45,0.1,50,0.206,5,0.238,0.028439646823592218
219,scale_free,uniform,degree,221013,500,1491,0.03,15,0.45,0.1,50,0.276,12,0.204,0.0074865306463069575
220,scale_free,uniform,degree,222022,500,1491,0.03,15,0.45,0.1,50,0.304,13,0.194,0.005848524815848378
341,scale_free,uniform,degree,344111,500,1491,0.03,15,0.45,0.1,50,0.308,18,0.174,0.004541091058772718
342,scale_free,uniform,degree,345120,500,1491,0.03,15,0.45,0.1,50,0.432,12,0.12,1.7938710520837285e-05
343,scale_free,uniform,degree,346129,500,1491,0.03,15,0.45,0.1,50,0.268,5,0.214,0.00969988439561624
344,scale_free,uniform,degree,347138,500,1491,0.03,15,0.45,0.1,50,0.36,15,0.164,0.0011724940982735302
345,scale_free,uniform,degree,348147,500,1491,0.03,15,0.45,0.1,50,0.284,6,0.21,0.007891971200289602
346,scale_free,uniform,degree,349156,500,1491,0.03,15,0.45,0.1,50,0.19,6,0.298,0.055776402051217124
347,scale_free,uniform,degree,350165,500,1491,0.03,15,0.45,0.1,50,0.326,8,0.184,0.0032485976950395756
348,scale_free,uniform,degree,351174,500,1491,0.03,15,0.45,0.1,50,0.318,10,0.15,0.005190387264187267
349,scale_free,uniform,degree,352183,500,1491,0.03,15,0.45,0.1,50,0.212,9,0.25,0.03638756237450222
350,scale_free,uniform,degree,353192,500,1491,0.03,15,0.45,0.1,50,0.218,8,0.21,0.01824514728244695
351,scale_free,uniform,degree,354201,500,1491,0.03,15,0.45,0.1,50,0.278,6,0.228,0.013195911480317742
352,scale_free,uniform,degree,355210,500,1491,0.03,15,0.45,0.1,50,0.164,4,0.278,0.06442684858726189
353,scale_free,uniform,degree,356219,500,1491,0.03,15,0.45,0.1,50,0.302,8,0.154,0.003239874569329049
354,scale_free,uniform,degree,357228,500,1491,0.03,15,0.45,0.1,50,0.302,6,0.15,0.0048842300857043774
355,scale_free,uniform,degree,358237,500,1491,0.03,15,0.45,0.1,50,0.438,20,0.116,0.0009713918625561935
356,scale_free,uniform,degree,359246,500,1491,0.03,15,0.45,0.1,50,1.0,25,0.0,0.0
357,scale_free,uniform,degree,360255,500,1491,0.03,15,0.45,0.1,50,0.336,16,0.168,0.001989055279424709
358,scale_free,uniform,degree,361264,500,1491,0.03,15,0.45,0.1,50,0.262,7,0.258,0.015439597151866461
359,scale_free,uniform,degree,362273,500,1491,0.03,15,0.45,0.1,50,0.192,5,0.262,0.04148856877824702
360,scale_free,uniform,degree,363282,500,1491,0.03,15,0.45,0.1,50,0.182,5,0.314,0.044381852176858985
281,scale_free,uniform,degree,283571,500,1491,0.03,15,0.45,0.1,50,0.174,5,0.262,0.050792160228249124
282,scale_free,uniform,degree,284580,500,1491,0.03,15,0.45,0.1,50,0.406,16,0.132,0.002103839550935928
283,scale_free,uniform,degree,285589,500,1491,0.03,15,0.45,0.1,50,0.262,9,0.26,0.01476207177502759
284,scale_free,uniform,degree,286598,500,1491,0.03,15,0.45,0.1,50,0.24,12,0.226,0.015698955750912978
285,scale_free,uniform,degree,287607,500,1491,0.03,15,0.45,0.1,50,1.0,17,0.0,0.0
286,scale_free,uniform,degree,288616,500,1491,0.03,15,0.45,0.1,50,0.17,6,0.31,0.06647980887228346
287,scale_free,uniform,degree,289625,500,1491,0.03,15,0.45,0.1,50,1.0,29,0.0,0.0
288,scale_free,uniform,degree,290634,500,1491,0.03,15,0.45,0.1,50,1.0,28,0.0,0.0
289,scale_free,uniform,degree,291643,500,1491,0.03,15,0.45,0.1,50,0.314,17,0.142,0.00486307520303601
290,scale_free,uniform,degree,292652,500,1491,0.03,15,0.45,0.1,50,0.33,15,0.138,0.0009247535839906389
291,scale_free,uniform,degree,293661,500,1491,0.03,15,0.45,0.1,50,0.308,9,0.158,0.0040813605936769635
292,scale_free,uniform,degree,294670,500,1491,0.03,15,0.45,0.1,50,0.268,7,0.206,0.0123134821471774
293,scale_free,uniform,degree,295679,500,1491,0.03,15,0.45,0.1,50,0.276,7,0.23,0.012579034302830255
294,scale_free,uniform,degree,296688,500,1491,0.03,15,0.45,0.1,50,0.208,4,0.228,0.029327606511020593
295,scale_free,uniform,degree,297697,500,1491,0.03,15,0.45,0.1,50,1.0,31,0.0,0.0
296,scale_free,uniform,degree,298706,500,1491,0.03,15,0.45,0.1,50,0.248,7,0.2,0.013541949663159575
297,scale_free,uniform,degree,299715,500,1491,0.03,15,0.45,0.1,50,0.154,5,0.296,0.08058694045343928
298,scale_free,uniform,degree,300724,500,1491,0.03,15,0.45,0.1,50,0.204,9,0.254,0.030576122758398563
299,scale_free,uniform,degree,301733,500,1491,0.03,15,0.45,0.1,50,0.242,9,0.216,0.01447096864003851
300,scale_free,uniform,degree,302742,500,1491,0.03,15,0.45,0.1,50,0.198,4,0.28,0.038546171130772584
261,scale_free,uniform,degree,263391,500,1491,0.03,15,0.45,0.1,50,0.426,14,0.108,0.0
262,scale_free,uniform,degree,264400,500,1491,0.03,15,0.45,0.1,50,1.0,28,0.0,0.0
263,scale_free,uniform,degree,265409,500,1491,0.03,15,0.45,0.1,50,0.194,3,0.262,0.0296340629250752
264,scale_free,uniform,degree,266418,500,1491,0.03,15,0.45,0.1,50,0.23,7,0.244,0.022344237225202776
265,scale_free,uniform,degree,267427,500,1491,0.03,15,0.45,0.1,50,0.32,10,0.178,0.003586716586413061
266,scale_free,uniform,degree,268436,500,1491,0.03,15,0.45,0.1,50,0.21,6,0.234,0.023070754878391636
267,scale_free,uniform,degree,269445,500,1491,0.03,15,0.45,0.1,50,0.16,4,0.278,0.05801926848320199
268,scale_free,uniform,degree,270454,500,1491,0.03,15,0.45,0.1,50,0.224,5,0.21,0.02089882220384564
269,scale_free,uniform,degree,271463,500,1491,0.03,15,0.45,0.1,50,1.0,19,0.0,0.0
270,scale_free,uniform,degree,272472,500,1491,0.03,15,0.45,0.1,50,1.0,15,0.0,0.0
271,scale_free,uniform,degree,273481,500,1491,0.03,15,0.45,0.1,50,0.48,20,0.074,0.0
272,scale_free,uniform,degree,274490,500,1491,0.03,15,0.45,0.1,50,1.0,28,0.0,0.0
273,scale_free,uniform,degree,275499,500,1491,0.03,15,0.45,0.1,50,0.176,6,0.286,0.058633077848848025
274,scale_free,uniform,degree,276508,500,1491,0.03,15,0.45,0.1,50,0.238,6,0.246,0.02043682027783849
275,scale_free,uniform,degree,277517,500,1491,0.03,15,0.45,0.1,50,0.266,8,0.184,0.009858552558560116
276,scale_free,uniform,degree,278526,500,1491,0.03,15,0.45,0.1,50,0.244,10,0.198,0.01125662583609548
277,scale_free,uniform,degree,279535,500,1491,0.03,15,0.45,0.1,50,0.304,7,0.166,0.003002104625518019
278,scale_free,uniform,degree,280544,500,1491,0.03,15,0.45,0.1,50,0.328,13,0.15,0.004111010282795278
279,scale_free,uniform,degree,281553,500,1491,0.03,15,0.45,0.1,50,0.358,11,0.122,0.00036634676418358293
280,scale_free,uniform,degree,282562,500,1491,0.03,15,0.45,0.1,50,0.282,8,0.202,0.008570004985695195
221,scale_free,uniform,degree,223031,500,1491,0.03,15,0.45,0.1,50,0.25,7,0.22,0.015003256568830331
222,scale_free,uniform,degree,224040,500,1491,0.03,15,0.45,0.1,50,0.32,7,0.17,0.005639471430383275
223,scale_free,uniform,degree,225049,500,1491,0.03,15,0.45,0.1,50,0.216,9,0.216,0.01758128648981416
224,scale_free,uniform,degree,226058,500,1491,0.03,15,0.45,0.1,50,0.288,8,0.192,0.006878814817028279
225,scale_free,uniform,degree,227067,500,1491,0.03,15,0.45,0.1,50,0.222,7,0.254,0.024860492356619822
226,scale_free,uniform,degree,228076,500,1491,0.03,15,0.45,0.1,50,0.448,20,0.1,0.0
227,scale_free,uniform,degree,229085,500,1491,0.03,15,0.45,0.1,50,0.2,5,0.222,0.022819345501812548
228,scale_free,uniform,degree,230094,500,1491,0.03,15,0.45,0.1,50,0.23,8,0.25,0.022533027181354002
229,scale_free,uniform,degree,231103,500,1491,0.03,15,0.45,0.1,50,0.182,5,0.292,0.05310203768678888
230,scale_free,uniform,degree,232112,500,1491,0.03,15,0.45,0.1,50,1.0,17,0.0,0.0
231,scale_free,uniform,degree,233121,500,1491,0.03,15,0.45,0.1,50,0.284,12,0.186,0.00836200309171451
232,scale_free,uniform,degree,234130,500,1491,0.03,15,0.45,0.1,50,0.254,9,0.236,0.018382498840473625
233,scale_free,uniform,degree,235139,500,1491,0.03,15,0.45,0.1,50,1.0,19,0.0,0.0
234,scale_free,uniform,degree,236148,500,1491,0.03,15,0.45,0.1,50,0.298,6,0.178,0.003854443049051107
235,scale_free,uniform,degree,237157,500,1491,0.03,15,0.45,0.1,50,0.428,11,0.106,0.0009911182078572599
236,scale_free,uniform,degree,238166,500,1491,0.03,15,0.45,0.1,50,1.0,43,0.0,0.0
237,scale_free,uniform,degree,239175,500,1491,0.03,15,0.45,0.1,50,0.31,9,0.192,0.0033196556830073186
238,scale_free,uniform,degree,240184,500,1491,0.03,15,0.45,0.1,50,0.224,7,0.252,0.024909666729235325
239,scale_free,uniform,degree,241193,500,1491,0.03,15,0.45,0.1,50,1.0,19,0.0,0.0
240,scale_free,uniform,degree,242202,500,1491,0.03,15,0.45,0.1,50,0.22,7,0.23,0.021271258961366307
241,scale_free,uniform,degree,243211,500,1491,0.03,15,0.45,0.1,50,0.268,15,0.19,0.008081941967027526
242,scale_free,uniform,degree,244220,500,1491,0.03,15,0.45,0.1,50,0.15,3,0.312,0.09490294218530274
243,scale_free,uniform,degree,245229,500,1491,0.03,15,0.45,0.1,50,0.204,5,0.254,0.03003235393340812
244,scale_free,uniform,degree,246238,500,1491,0.03,15,0.45,0.1,50,0.194,4,0.296,0.0460716361699669
245,scale_free,uniform,degree,247247,500,1491,0.03,15,0.45,0.1,50,0.306,12,0.2,0.004935800574065308
246,scale_free,uniform,degree,248256,500,1491,0.03,15,0.45,0.1,50,0.234,6,0.26,0.016850409459479125
247,scale_free,uniform,degree,249265,500,1491,0.03,15,0.45,0.1,50,0.23,4,0.254,0.0216334802810093
248,scale_free,uniform,degree,250274,500,1491,0.03,15,0.45,0.1,50,0.27,8,0.196,0.0073750142584673595
249,scale_free,uniform,degree,251283,500,1491,0.03,15,0.45,0.1,50,1.0,24,0.0,0.0
250,scale_free,uniform,degree,252292,500,1491,0.03,15,0.45,0.1,50,0.272,19,0.212,0.011842124728329219
251,scale_free,uniform,degree,253301,500,1491,0.03,15,0.45,0.1,50,1.0,21,0.0,0.0
252,scale_free,uniform,degree,254310,500,1491,0.03,15,0.45,0.1,50,0.4,11,0.11,9.199971745574875e-05
253,scale_free,uniform,degree,255319,500,1491,0.03,15,0.45,0.1,50,1.0,18,0.0,0.0
254,scale_free,uniform,degree,256328,500,1491,0.03,15,0.45,0.1,50,1.0,33,0.0,0.0
255,scale_free,uniform,degree,257337,500,1491,0.03,15,0.45,0.1,50,0.182,4,0.282,0.05243489215152393
256,scale_free,uniform,degree,258346,500,1491,0.03,15,0.45,0.1,50,1.0,24,0.0,0.0
257,scale_free,uniform,degree,259355,500,1491,0.03,15,0.45,0.1,50,0.372,15,0.152,0.0021741076846684315
258,scale_free,uniform,degree,260364,500,1491,0.03,15,0.45,0.1,50,0.25,5,0.264,0.022656260137096
259,scale_free,uniform,degree,261373,500,1491,0.03,15,0.45,0.1,50,1.0,24,0.0,0.0
260,scale_free,uniform,degree,262382,500,1491,0.03,15,0.45,0.1,50,0.328,11,0.174,0.0031293955848940022
321,scale_free,uniform,degree,323931,500,1491,0.03,15,0.45,0.1,50,0.418,13,0.118,0.0
322,scale_free,uniform,degree,324940,500,1491,0.03,15,0.45,0.1,50,0.308,9,0.174,0.002500293660728217
323,scale_free,uniform,degree,325949,500,1491,0.03,15,0.45,0.1,50,0.258,9,0.2,0.011141046901918125
324,scale_free,uniform,degree,326958,500,1491,0.03,15,0.45,0.1,50,0.3,15,0.18,0.0047173172974857465
325,scale_free,uniform,degree,327967,500,1491,0.03,15,0.45,0.1,50,0.258,7,0.224,0.009900000220803739
326,scale_free,uniform,degree,328976,500,1491,0.03,15,0.45,0.1,50,0.22,4,0.242,0.021171131285092137
327,scale_free,uniform,degree,329985,500,1491,0.03,15,0.45,0.1,50,0.256,8,0.206,0.009851864926903148
328,scale_free,uniform,degree,330994,500,1491,0.03,15,0.45,0.1,50,0.292,12,0.18,0.006496565489839353
329,scale_free,uniform,degree,332003,500,1491,0.03,15,0.45,0.1,50,0.29,12,0.22,0.009236998114862106
330,scale_free,uniform,degree,333012,500,1491,0.03,15,0.45,0.1,50,0.37,10,0.128,0.001531725092597614
331,scale_free,uniform,degree,334021,500,1491,0.03,15,0.45,0.1,50,0.472,31,0.078,0.0
332,scale_free,uniform,degree,335030,500,1491,0.03,15,0.45,0.1,50,1.0,21,0.0,0.0
333,scale_free,uniform,degree,336039,500,1491,0.03,15,0.45,0.1,50,0.234,7,0.242,0.024958278230778386
334,scale_free,uniform,degree,337048,500,1491,0.03,15,0.45,0.1,50,0.194,7,0.272,0.04794737746331482
335,scale_free,uniform,degree,338057,500,1491,0.03,15,0.45,0.1,50,0.322,18,0.184,0.005496539511673807
336,scale_free,uniform,degree,339066,500,1491,0.03,15,0.45,0.1,50,0.164,5,0.306,0.07511820700195576
337,scale_free,uniform,degree,340075,500,1491,0.03,15,0.45,0.1,50,0.254,7,0.24,0.014169058594599692
338,scale_free,uniform,degree,341084,500,1491,0.03,15,0.45,0.1,50,1.0,24,0.0,0.0
339,scale_free,uniform,degree,342093,500,1491,0.03,15,0.45,0.1,50,0.312,10,0.166,0.0021020933546187937
340,scale_free,uniform,degree,343102,500,1491,0.03,15,0.45,0.1,50,1.0,30,0.0,0.0
301,scale_free,uniform,degree,303751,500,1491,0.03,15,0.45,0.1,50,0.216,7,0.264,0.026606921061356256
302,scale_free,uniform,degree,304760,500,1491,0.03,15,0.45,0.1,50,0.338,11,0.166,0.001103215964686968
303,scale_free,uniform,degree,305769,500,1491,0.03,15,0.45,0.1,50,0.178,4,0.27,0.04775899466287953
304,scale_free,uniform,degree,306778,500,1491,0.03,15,0.45,0.1,50,0.196,8,0.258,0.048692977323827075
305,scale_free,uniform,degree,307787,500,1491,0.03,15,0.45,0.1,50,0.224,8,0.25,0.027377503809860274
306,scale_free,uniform,degree,308796,500,1491,0.03,15,0.45,0.1,50,0.338,14,0.162,0.0030764820588990195
307,scale_free,uniform,degree,309805,500,1491,0.03,15,0.45,0.1,50,0.274,14,0.204,0.008094828595904487
308,scale_free,uniform,degree,310814,500,1491,0.03,15,0.45,0.1,50,0.288,9,0.19,0.0070746522155460505
309,scale_free,uniform,degree,311823,500,1491,0.03,15,0.45,0.1,50,1.0,23,0.0,0.0
310,scale_free,uniform,degree,312832,500,1491,0.03,15,0.45,0.1,50,0.174,4,0.338,0.07460500426610349
311,scale_free,uniform,degree,313841,500,1491,0.03,15,0.45,0.1,50,0.23,6,0.216,0.020421434598960238
312,scale_free,uniform,degree,314850,500,1491,0.03,15,0.45,0.1,50,0.322,19,0.174,0.005262121864887188
313,scale_free,uniform,degree,315859,500,1491,0.03,15,0.45,0.1,50,0.2,6,0.28,0.036875401942185956
314,scale_free,uniform,degree,316868,500,1491,0.03,15,0.45,0.1,50,0.256,5,0.208,0.0048179253478459
315,scale_free,uniform,degree,317877,500,1491,0.03,15,0.45,0.1,50,0.23,5,0.228,0.0189330371579784
316,scale_free,uniform,degree,318886,500,1491,0.03,15,0.45,0.1,50,0.28,16,0.188,0.009267659651849136
317,scale_free,uniform,degree,319895,500,1491,0.03,15,0.45,0.1,50,1.0,22,0.0,0.0
318,scale_free,uniform,degree,320904,500,1491,0.03,15,0.45,0.1,50,0.35,17,0.162,0.002629077524177114
319,scale_free,uniform,degree,321913,500,1491,0.03,15,0.45,0.1,50,1.0,31,0.0,0.0
320,scale_free,uniform,degree,322922,500,1491,0.03,15,0.45,0.1,50,0.35,13,0.176,0.002006032151687938
361,scale_free,uniform,degree,364291,500,1491,0.03,15,0.45,0.1,50,0.322,15,0.17,0.004544958603243993
362,scale_free,uniform,degree,365300,500,1491,0.03,15,0.45,0.1,50,0.206,6,0.296,0.04767166111641812
363,scale_free,uniform,degree,366309,500,1491,0.03,15,0.45,0.1,50,0.21,5,0.24,0.03198468417159378
364,scale_free,uniform,degree,367318,500,1491,0.03,15,0.45,0.1,50,0.366,11,0.144,0.0010130397559674114
365,scale_free,uniform,degree,368327,500,1491,0.03,15,0.45,0.1,50,0.276,6,0.206,0.009337787875991328
366,scale_free,uniform,degree,369336,500,1491,0.03,15,0.45,0.1,50,0.172,4,0.278,0.05678348187974736
367,scale_free,uniform,degree,370345,500,1491,0.03,15,0.45,0.1,50,0.438,14,0.126,2.0915148420649342e-05
368,scale_free,uniform,degree,371354,500,1491,0.03,15,0.45,0.1,50,0.508,38,0.094,0.0
369,scale_free,uniform,degree,372363,500,1491,0.03,15,0.45,0.1,50,0.26,9,0.218,0.01390937382236947
370,scale_free,uniform,degree,373372,500,1491,0.03,15,0.45,0.1,50,1.0,14,0.0,0.0
371,scale_free,uniform,degree,374381,500,1491,0.03,15,0.45,0.1,50,0.236,7,0.246,0.021114746390445815
372,scale_free,uniform,degree,375390,500,1491,0.03,15,0.45,0.1,50,0.344,15,0.156,0.001934789136459218
373,scale_free,uniform,degree,376399,500,1491,0.03,15,0.45,0.1,50,0.272,8,0.224,0.008726944909688271
374,scale_free,uniform,degree,377408,500,1491,0.03,15,0.45,0.1,50,0.194,4,0.3,0.04805406633239802
375,scale_free,uniform,degree,378417,500,1491,0.03,15,0.45,0.1,50,0.436,13,0.094,0.000299223783485028
376,scale_free,uniform,degree,379426,500,1491,0.03,15,0.45,0.1,50,1.0,21,0.0,0.0
377,scale_free,uniform,degree,380435,500,1491,0.03,15,0.45,0.1,50,0.3,11,0.212,0.008236734729304722
378,scale_free,uniform,degree,381444,500,1491,0.03,15,0.45,0.1,50,0.258,9,0.208,0.009252771176510664
379,scale_free,uniform,degree,382453,500,1491,0.03,15,0.45,0.1,50,0.168,4,0.276,0.062270416170616454
380,scale_free,uniform,degree,383462,500,1491,0.03,15,0.45,0.1,50,1.0,20,0.0,0.0
381,scale_free,uniform,degree,384471,500,1491,0.03,15,0.45,0.1,50,0.244,5,0.198,0.008252651697243764
382,scale_free,uniform,degree,385480,500,1491,0.03,15,0.45,0.1,50,0.23,12,0.222,0.024108956733670892
383,scale_free,uniform,degree,386489,500,1491,0.03,15,0.45,0.1,50,0.272,8,0.196,0.007672130089118792
384,scale_free,uniform,degree,387498,500,1491,0.03,15,0.45,0.1,50,0.222,6,0.256,0.022371210467819366
385,scale_free,uniform,degree,388507,500,1491,0.03,15,0.45,0.1,50,0.236,8,0.208,0.02163936344715143
386,scale_free,uniform,degree,389516,500,1491,0.03,15,0.45,0.1,50,0.306,15,0.174,0.005284174312658403
387,scale_free,uniform,degree,390525,500,1491,0.03,15,0.45,0.1,50,1.0,26,0.0,0.0
388,scale_free,uniform,degree,391534,500,1491,0.03,15,0.45,0.1,50,1.0,38,0.0,0.0
389,scale_free,uniform,degree,392543,500,1491,0.03,15,0.45,0.1,50,0.232,6,0.264,0.027715307701497577
390,scale_free,uniform,degree,393552,500,1491,0.03,15,0.45,0.1,50,0.234,7,0.23,0.020683909723503043
391,scale_free,uniform,degree,394561,500,1491,0.03,15,0.45,0.1,50,0.378,13,0.12,0.0011931359597046076
392,scale_free,uniform,degree,395570,500,1491,0.03,15,0.45,0.1,50,0.224,11,0.214,0.022854262595107457
393,scale_free,uniform,degree,396579,500,1491,0.03,15,0.45,0.1,50,0.308,11,0.18,0.008317896689631562
394,scale_free,uniform,degree,397588,500,1491,0.03,15,0.45,0.1,50,1.0,25,0.0,0.0
395,scale_free,uniform,degree,398597,500,1491,0.03,15,0.45,0.1,50,0.382,11,0.136,6.635226666201376e-05
396,scale_free,uniform,degree,399606,500,1491,0.03,15,0.45,0.1,50,0.3,9,0.184,0.004782295955517118
397,scale_free,uniform,degree,400615,500,1491,0.03,15,0.45,0.1,50,0.248,10,0.222,0.012554982596547106
398,scale_free,uniform,degree,401624,500,1491,0.03,15,0.45,0.1,50,0.348,12,0.152,0.0012733481542521953
399,scale_free,uniform,degree,402633,500,1491,0.03,15,0.45,0.1,50,0.208,6,0.224,0.02759256555487434
400,scale_free,uniform,degree,403642,500,1491,0.03,15,0.45,0.1,50,0.278,9,0.192,0.005253652011086954
401,small_world,uniform,degree,404651,500,1500,0.03,15,0.45,0.1,50,0.04,3,0.766,0.8446082976217767
402,small_world,uniform,degree,405660,500,1500,0.03,15,0.45,0.1,50,0.042,4,0.782,0.8464666504486993
403,small_world,uniform,degree,406669,500,1500,0.03,15,0.45,0.1,50,0.086,10,0.734,0.7796183872057494
404,small_world,uniform,degree,407678,500,1500,0.03,15,0.45,0.1,50,0.03,0,0.742,0.8604649249439373
405,small_world,uniform,degree,408687,500,1500,0.03,15,0.45,0.1,50,0.056,7,0.782,0.8183882975524402
406,small_world,uniform,degree,409696,500,1500,0.03,15,0.45,0.1,50,0.03,0,0.758,0.8540321280964475
407,small_world,uniform,degree,410705,500,1500,0.03,15,0.45,0.1,50,0.044,3,0.78,0.8478257435154054
408,small_world,uniform,degree,411714,500,1500,0.03,15,0.45,0.1,50,0.046,3,0.74,0.8216045001073123
409,small_world,uniform,degree,412723,500,1500,0.03,15,0.45,0.1,50,0.058,5,0.744,0.7972919938401872
410,small_world,uniform,degree,413732,500,1500,0.03,15,0.45,0.1,50,0.032,1,0.76,0.8583306219808062
411,small_world,uniform,degree,414741,500,1500,0.03,15,0.45,0.1,50,0.036,2,0.758,0.8515757023180408
412,small_world,uniform,degree,415750,500,1500,0.03,15,0.45,0.1,50,0.032,1,0.744,0.8485852206178591
413,small_world,uniform,degree,416759,500,1500,0.03,15,0.45,0.1,50,0.058,8,0.71,0.790367931505907
414,small_world,uniform,degree,417768,500,1500,0.03,15,0.45,0.1,50,0.032,1,0.754,0.8589666635199048
415,small_world,uniform,degree,418777,500,1500,0.03,15,0.45,0.1,50,0.044,4,0.774,0.8427096707105804
416,small_world,uniform,degree,419786,500,1500,0.03,15,0.45,0.1,50,0.032,1,0.764,0.8546761631432526
417,small_world,uniform,degree,420795,500,1500,0.03,15,0.45,0.1,50,0.034,1,0.768,0.8560432934857021
418,small_world,uniform,degree,421804,500,1500,0.03,15,0.45,0.1,50,0.074,9,0.752,0.8114768769803795
419,small_world,uniform,degree,422813,500,1500,0.03,15,0.45,0.1,50,0.064,12,0.754,0.8276344466531899
420,small_world,uniform,degree,423822,500,1500,0.03,15,0.45,0.1,50,0.044,4,0.774,0.8498631976422165
421,small_world,uniform,degree,424831,500,1500,0.03,15,0.45,0.1,50,0.044,2,0.748,0.8252791911374898
422,small_world,uniform,degree,425840,500,1500,0.03,15,0.45,0.1,50,0.03,0,0.764,0.8630592008257087
423,small_world,uniform,degree,426849,500,1500,0.03,15,0.45,0.1,50,0.052,6,0.818,0.8497193541703228
424,small_world,uniform,degree,427858,500,1500,0.03,15,0.45,0.1,50,0.072,5,0.776,0.8134856029989188
425,small_world,uniform,degree,428867,500,1500,0.03,15,0.45,0.1,50,0.048,4,0.77,0.8093709786414217
426,small_world,uniform,degree,429876,500,1500,0.03,15,0.45,0.1,50,0.032,1,0.75,0.8515226313378059
427,small_world,uniform,degree,430885,500,1500,0.03,15,0.45,0.1,50,0.034,2,0.768,0.8609229157319276
428,small_world,uniform,degree,431894,500,1500,0.03,15,0.45,0.1,50,0.082,7,0.732,0.776819129820091
429,small_world,uniform,degree,432903,500,1500,0.03,15,0.45,0.1,50,0.062,5,0.744,0.814768468085732
430,small_world,uniform,degree,433912,500,1500,0.03,15,0.45,0.1,50,0.082,7,0.762,0.7846658059513852
431,small_world,uniform,degree,434921,500,1500,0.03,15,0.45,0.1,50,0.044,3,0.752,0.8293548650260865
432,small_world,uniform,degree,435930,500,1500,0.03,15,0.45,0.1,50,0.07,8,0.742,0.7854855212193229
433,small_world,uniform,degree,436939,500,1500,0.03,15,0.45,0.1,50,0.046,3,0.754,0.8235826956459962
434,small_world,uniform,degree,437948,500,1500,0.03,15,0.45,0.1,50,0.084,7,0.762,0.7914174890872859
435,small_world,uniform,degree,438957,500,1500,0.03,15,0.45,0.1,50,0.072,9,0.74,0.8034027527414476
436,small_world,uniform,degree,439966,500,1500,0.03,15,0.45,0.1,50,0.05,7,0.74,0.8192911583260976
437,small_world,uniform,degree,440975,500,1500,0.03,15,0.45,0.1,50,0.034,2,0.76,0.8496679641370994
438,small_world,uniform,degree,441984,500,1500,0.03,15,0.45,0.1,50,0.05,4,0.76,0.8223684999190193
439,small_world,uniform,degree,442993,500,1500,0.03,15,0.45,0.1,50,0.046,4,0.752,0.8322554880873576
440,small_world,uniform,degree,444002,500,1500,0.03,15,0.45,0.1,50,0.058,7,0.724,0.8223808699200091
441,small_world,uniform,degree,445011,500,1500,0.03,15,0.45,0.1,50,0.036,1,0.754,0.8525297643710353
442,small_world,uniform,degree,446020,500,1500,0.03,15,0.45,0.1,50,0.042,6,0.726,0.8353570604421588
443,small_world,uniform,degree,447029,500,1500,0.03,15,0.45,0.1,50,0.034,1,0.752,0.8500363187662824
444,small_world,uniform,degree,448038,500,1500,0.03,15,0.45,0.1,50,0.046,6,0.754,0.8368955261936339
445,small_world,uniform,degree,449047,500,1500,0.03,15,0.45,0.1,50,0.058,7,0.74,0.8115771614684649
446,small_world,uniform,degree,450056,500,1500,0.03,15,0.45,0.1,50,0.046,4,0.728,0.8201806682633679
447,small_world,uniform,degree,451065,500,1500,0.03,15,0.45,0.1,50,0.052,6,0.728,0.8151529547653458
448,small_world,uniform,degree,452074,500,1500,0.03,15,0.45,0.1,50,0.056,7,0.748,0.8285132166398483
449,small_world,uniform,degree,453083,500,1500,0.03,15,0.45,0.1,50,0.038,2,0.758,0.8498264288675326
450,small_world,uniform,degree,454092,500,1500,0.03,15,0.45,0.1,50,0.038,1,0.748,0.834014039907845
451,small_world,uniform,degree,455101,500,1500,0.03,15,0.45,0.1,50,0.056,6,0.744,0.813671924252901
452,small_world,uniform,degree,456110,500,1500,0.03,15,0.45,0.1,50,0.04,3,0.74,0.8399519710242436
453,small_world,uniform,degree,457119,500,1500,0.03,15,0.45,0.1,50,0.032,1,0.754,0.8678196371210064
454,small_world,uniform,degree,458128,500,1500,0.03,15,0.45,0.1,50,0.038,2,0.734,0.8357743275830959
455,small_world,uniform,degree,459137,500,1500,0.03,15,0.45,0.1,50,0.04,3,0.784,0.8544128624977757
456,small_world,uniform,degree,460146,500,1500,0.03,15,0.45,0.1,50,0.032,1,0.748,0.8555089480278364
457,small_world,uniform,degree,461155,500,1500,0.03,15,0.45,0.1,50,0.046,4,0.738,0.818017866778692
458,small_world,uniform,degree,462164,500,1500,0.03,15,0.45,0.1,50,0.05,3,0.772,0.8334613697908827
459,small_world,uniform,degree,463173,500,1500,0.03,15,0.45,0.1,50,0.066,6,0.77,0.8032815797739074
460,small_world,uniform,degree,464182,500,1500,0.03,15,0.45,0.1,50,0.058,8,0.804,0.8498130780825752
461,small_world,uniform,degree,465191,500,1500,0.03,15,0.45,0.1,50,0.046,5,0.792,0.8401483162080247
462,small_world,uniform,degree,466200,500,1500,0.03,15,0.45,0.1,50,0.068,7,0.748,0.8023271655918645
463,small_world,uniform,degree,467209,500,1500,0.03,15,0.45,0.1,50,0.062,6,0.756,0.8075302189920264
464,small_world,uniform,degree,468218,500,1500,0.03,15,0.45,0.1,50,0.042,2,0.738,0.830861293834133
465,small_world,uniform,degree,469227,500,1500,0.03,15,0.45,0.1,50,0.066,8,0.728,0.8192825517254543
466,small_world,uniform,degree,470236,500,1500,0.03,15,0.45,0.1,50,0.05,5,0.734,0.8115914962839877
467,small_world,uniform,degree,471245,500,1500,0.03,15,0.45,0.1,50,0.068,12,0.758,0.8079009855278662
468,small_world,uniform,degree,472254,500,1500,0.03,15,0.45,0.1,50,0.036,2,0.742,0.845916401833582
469,small_world,uniform,degree,473263,500,1500,0.03,15,0.45,0.1,50,0.04,5,0.75,0.8421054418088603
470,small_world,uniform,degree,474272,500,1500,0.03,15,0.45,0.1,50,0.034,1,0.734,0.8483296686321833
471,small_world,uniform,degree,475281,500,1500,0.03,15,0.45,0.1,50,0.05,4,0.764,0.8360264005870311
472,small_world,uniform,degree,476290,500,1500,0.03,15,0.45,0.1,50,0.05,6,0.742,0.8201045599138578
473,small_world,uniform,degree,477299,500,1500,0.03,15,0.45,0.1,50,0.036,1,0.752,0.8445666905036552
474,small_world,uniform,degree,478308,500,1500,0.03,15,0.45,0.1,50,0.032,1,0.75,0.8514526750237581
475,small_world,uniform,degree,479317,500,1500,0.03,15,0.45,0.1,50,0.03,0,0.744,0.8657794528037717
476,small_world,uniform,degree,480326,500,1500,0.03,15,0.45,0.1,50,0.056,7,0.734,0.8090883594359111
477,small_world,uniform,degree,481335,500,1500,0.03,15,0.45,0.1,50,0.048,4,0.768,0.8379488505181688
478,small_world,uniform,degree,482344,500,1500,0.03,15,0.45,0.1,50,0.054,5,0.774,0.8233858598178911
479,small_world,uniform,degree,483353,500,1500,0.03,15,0.45,0.1,50,0.05,8,0.742,0.8199987119472478
480,small_world,uniform,degree,484362,500,1500,0.03,15,0.45,0.1,50,0.072,6,0.748,0.7811857710343959
481,small_world,uniform,degree,485371,500,1500,0.03,15,0.45,0.1,50,0.036,1,0.74,0.840109975550129
482,small_world,uniform,degree,486380,500,1500,0.03,15,0.45,0.1,50,0.062,7,0.736,0.7880114811882148
483,small_world,uniform,degree,487389,500,1500,0.03,15,0.45,0.1,50,0.05,7,0.74,0.8432617263125352
484,small_world,uniform,degree,488398,500,1500,0.03,15,0.45,0.1,50,0.056,7,0.74,0.8228765372709821
485,small_world,uniform,degree,489407,500,1500,0.03,15,0.45,0.1,50,0.038,4,0.746,0.8407921100336548
486,small_world,uniform,degree,490416,500,1500,0.03,15,0.45,0.1,50,0.038,3,0.79,0.8559440665196405
487,small_world,uniform,degree,491425,500,1500,0.03,15,0.45,0.1,50,0.054,10,0.716,0.8150291488322057
488,small_world,uniform,degree,492434,500,1500,0.03,15,0.45,0.1,50,0.03,0,0.758,0.8625516192091488
489,small_world,uniform,degree,493443,500,1500,0.03,15,0.45,0.1,50,0.034,1,0.746,0.8476840560913469
490,small_world,uniform,degree,494452,500,1500,0.03,15,0.45,0.1,50,0.03,0,0.75,0.863656603772498
491,small_world,uniform,degree,495461,500,1500,0.03,15,0.45,0.1,50,0.032,1,0.744,0.8627008287465855
492,small_world,uniform,degree,496470,500,1500,0.03,15,0.45,0.1,50,0.03,0,0.762,0.8639037705904953
493,small_world,uniform,degree,497479,500,1500,0.03,15,0.45,0.1,50,0.044,4,0.726,0.828499010237509
494,small_world,uniform,degree,498488,500,1500,0.03,15,0.45,0.1,50,0.038,1,0.73,0.8384563088033118
495,small_world,uniform,degree,499497,500,1500,0.03,15,0.45,0.1,50,0.032,1,0.748,0.8527632839191924
496,small_world,uniform,degree,500506,500,1500,0.03,15,0.45,0.1,50,0.034,2,0.75,0.8468413833326481
497,small_world,uniform,degree,501515,500,1500,0.03,15,0.45,0.1,50,0.032,1,0.738,0.852969430440847
498,small_world,uniform,degree,502524,500,1500,0.03,15,0.45,0.1,50,0.05,5,0.728,0.8286118682619403
499,small_world,uniform,degree,503533,500,1500,0.03,15,0.45,0.1,50,0.102,13,0.746,0.760127497286579
500,small_world,uniform,degree,504542,500,1500,0.03,15,0.45,0.1,50,0.034,2,0.774,0.8576414407705578
521,small_world,uniform,degree,525731,500,1500,0.03,15,0.45,0.1,50,0.052,5,0.744,0.8186440902990917
522,small_world,uniform,degree,526740,500,1500,0.03,15,0.45,0.1,50,0.034,1,0.754,0.8533392641641275
523,small_world,uniform,degree,527749,500,1500,0.03,15,0.45,0.1,50,0.052,5,0.75,0.8126143523919559
524,small_world,uniform,degree,528758,500,1500,0.03,15,0.45,0.1,50,0.048,3,0.732,0.8136486342643431
525,small_world,uniform,degree,529767,500,1500,0.03,15,0.45,0.1,50,0.048,3,0.718,0.8157344692451343
526,small_world,uniform,degree,530776,500,1500,0.03,15,0.45,0.1,50,0.032,1,0.758,0.8617142033914374
527,small_world,uniform,degree,531785,500,1500,0.03,15,0.45,0.1,50,0.084,9,0.736,0.7735779973044494
528,small_world,uniform,degree,532794,500,1500,0.03,15,0.45,0.1,50,0.04,2,0.774,0.8476406251232963
529,small_world,uniform,degree,533803,500,1500,0.03,15,0.45,0.1,50,0.038,2,0.758,0.8459510506888251
530,small_world,uniform,degree,534812,500,1500,0.03,15,0.45,0.1,50,0.052,5,0.732,0.8030990356661625
531,small_world,uniform,degree,535821,500,1500,0.03,15,0.45,0.1,50,0.048,4,0.764,0.8229179802998992
532,small_world,uniform,degree,536830,500,1500,0.03,15,0.45,0.1,50,0.066,9,0.714,0.7842614705325288
533,small_world,uniform,degree,537839,500,1500,0.03,15,0.45,0.1,50,0.036,1,0.77,0.8590376540179784
534,small_world,uniform,degree,538848,500,1500,0.03,15,0.45,0.1,50,0.038,2,0.794,0.8597191829122247
535,small_world,uniform,degree,539857,500,1500,0.03,15,0.45,0.1,50,0.032,1,0.754,0.8566253983065547
536,small_world,uniform,degree,540866,500,1500,0.03,15,0.45,0.1,50,0.034,1,0.76,0.8603702864801657
537,small_world,uniform,degree,541875,500,1500,0.03,15,0.45,0.1,50,0.084,15,0.744,0.7867377292148313
538,small_world,uniform,degree,542884,500,1500,0.03,15,0.45,0.1,50,0.042,3,0.766,0.8403526760555173
539,small_world,uniform,degree,543893,500,1500,0.03,15,0.45,0.1,50,0.07,8,0.766,0.8128874340097854
540,small_world,uniform,degree,544902,500,1500,0.03,15,0.45,0.1,50,0.044,2,0.768,0.84239156593185
501,small_world,uniform,degree,505551,500,1500,0.03,15,0.45,0.1,50,0.034,2,0.758,0.8525401579806366
502,small_world,uniform,degree,506560,500,1500,0.03,15,0.45,0.1,50,0.046,3,0.748,0.8286636134494433
503,small_world,uniform,degree,507569,500,1500,0.03,15,0.45,0.1,50,0.05,5,0.768,0.8393717501494834
504,small_world,uniform,degree,508578,500,1500,0.03,15,0.45,0.1,50,0.034,1,0.734,0.8540234496646758
505,small_world,uniform,degree,509587,500,1500,0.03,15,0.45,0.1,50,0.07,9,0.774,0.800934318929219
506,small_world,uniform,degree,510596,500,1500,0.03,15,0.45,0.1,50,0.064,7,0.774,0.8035016026414818
507,small_world,uniform,degree,511605,500,1500,0.03,15,0.45,0.1,50,0.06,5,0.75,0.802212962598872
508,small_world,uniform,degree,512614,500,1500,0.03,15,0.45,0.1,50,0.038,2,0.806,0.8624148522415254
509,small_world,uniform,degree,513623,500,1500,0.03,15,0.45,0.1,50,0.034,2,0.758,0.8475134650541525
510,small_world,uniform,degree,514632,500,1500,0.03,15,0.45,0.1,50,0.03,0,0.744,0.8615987868913074
511,small_world,uniform,degree,515641,500,1500,0.03,15,0.45,0.1,50,0.03,0,0.75,0.8667298414409583
512,small_world,uniform,degree,516650,500,1500,0.03,15,0.45,0.1,50,0.05,6,0.732,0.819594829251753
513,small_world,uniform,degree,517659,500,1500,0.03,15,0.45,0.1,50,0.084,9,0.736,0.7713979932375088
514,small_world,uniform,degree,518668,500,1500,0.03,15,0.45,0.1,50,0.05,5,0.746,0.8194257628116509
515,small_world,uniform,degree,519677,500,1500,0.03,15,0.45,0.1,50,0.034,2,0.738,0.8408172024940491
516,small_world,uniform,degree,520686,500,1500,0.03,15,0.45,0.1,50,0.046,2,0.772,0.8284164232636595
517,small_world,uniform,degree,521695,500,1500,0.03,15,0.45,0.1,50,0.064,4,0.73,0.784957687189294
518,small_world,uniform,degree,522704,500,1500,0.03,15,0.45,0.1,50,0.034,1,0.738,0.8555170315568024
519,small_world,uniform,degree,523713,500,1500,0.03,15,0.45,0.1,50,0.03,0,0.762,0.869494501560278
520,small_world,uniform,degree,524722,500,1500,0.03,15,0.45,0.1,50,0.038,3,0.748,0.843270992156461
541,small_world,uniform,degree,545911,500,1500,0.03,15,0.45,0.1,50,0.052,5,0.762,0.8423596256106317
542,small_world,uniform,degree,546920,500,1500,0.03,15,0.45,0.1,50,0.048,6,0.74,0.825170203191538
543,small_world,uniform,degree,547929,500,1500,0.03,15,0.45,0.1,50,0.032,1,0.748,0.8551229868595029
544,small_world,uniform,degree,548938,500,1500,0.03,15,0.45,0.1,50,0.048,3,0.778,0.8280338103195215
545,small_world,uniform,degree,549947,500,1500,0.03,15,0.45,0.1,50,0.034,1,0.75,0.8513981879201954
546,small_world,uniform,degree,550956,500,1500,0.03,15,0.45,0.1,50,0.038,3,0.764,0.8509793921915938
547,small_world,uniform,degree,551965,500,1500,0.03,15,0.45,0.1,50,0.062,11,0.722,0.8044812785766274
548,small_world,uniform,degree,552974,500,1500,0.03,15,0.45,0.1,50,0.03,0,0.754,0.866895369615937
549,small_world,uniform,degree,553983,500,1500,0.03,15,0.45,0.1,50,0.052,3,0.75,0.8163987917052968
550,small_world,uniform,degree,554992,500,1500,0.03,15,0.45,0.1,50,0.038,3,0.754,0.8353622576022147
551,small_world,uniform,degree,556001,500,1500,0.03,15,0.45,0.1,50,0.034,1,0.762,0.8427904150034873
552,small_world,uniform,degree,557010,500,1500,0.03,15,0.45,0.1,50,0.032,1,0.75,0.8564651840517155
553,small_world,uniform,degree,558019,500,1500,0.03,15,0.45,0.1,50,0.05,4,0.744,0.8064353594860543
554,small_world,uniform,degree,559028,500,1500,0.03,15,0.45,0.1,50,0.032,1,0.766,0.8573544400058392
555,small_world,uniform,degree,560037,500,1500,0.03,15,0.45,0.1,50,0.032,1,0.752,0.8576831171742918
556,small_world,uniform,degree,561046,500,1500,0.03,15,0.45,0.1,50,0.036,1,0.77,0.8472258600370051
557,small_world,uniform,degree,562055,500,1500,0.03,15,0.45,0.1,50,0.044,4,0.76,0.841216776655036
558,small_world,uniform,degree,563064,500,1500,0.03,15,0.45,0.1,50,0.03,0,0.746,0.8628786112146003
559,small_world,uniform,degree,564073,500,1500,0.03,15,0.45,0.1,50,0.032,1,0.768,0.8608281536989755
560,small_world,uniform,degree,565082,500,1500,0.03,15,0.45,0.1,50,0.034,1,0.76,0.8465810062842188
561,small_world,uniform,degree,566091,500,1500,0.03,15,0.45,0.1,50,0.034,1,0.766,0.8520556276025498
562,small_world,uniform,degree,567100,500,1500,0.03,15,0.45,0.1,50,0.03,0,0.748,0.8619438793619677
563,small_world,uniform,degree,568109,500,1500,0.03,15,0.45,0.1,50,0.042,2,0.76,0.8373330883057263
564,small_world,uniform,degree,569118,500,1500,0.03,15,0.45,0.1,50,0.032,1,0.746,0.8594309686600923
565,small_world,uniform,degree,570127,500,1500,0.03,15,0.45,0.1,50,0.034,1,0.734,0.8459703156265719
566,small_world,uniform,degree,571136,500,1500,0.03,15,0.45,0.1,50,0.032,1,0.748,0.8497288748224504
567,small_world,uniform,degree,572145,500,1500,0.03,15,0.45,0.1,50,0.03,0,0.756,0.866656408542702
568,small_world,uniform,degree,573154,500,1500,0.03,15,0.45,0.1,50,0.058,6,0.766,0.8204043567333041
569,small_world,uniform,degree,574163,500,1500,0.03,15,0.45,0.1,50,0.038,2,0.73,0.836052501013078
570,small_world,uniform,degree,575172,500,1500,0.03,15,0.45,0.1,50,0.03,0,0.772,0.8716999006205882
571,small_world,uniform,degree,576181,500,1500,0.03,15,0.45,0.1,50,0.064,6,0.78,0.8202970554898595
572,small_world,uniform,degree,577190,500,1500,0.03,15,0.45,0.1,50,0.044,4,0.76,0.8373481289498482
573,small_world,uniform,degree,578199,500,1500,0.03,15,0.45,0.1,50,0.06,5,0.74,0.8191098242534086
574,small_world,uniform,degree,579208,500,1500,0.03,15,0.45,0.1,50,0.05,8,0.74,0.8232201298714485
575,small_world,uniform,degree,580217,500,1500,0.03,15,0.45,0.1,50,0.038,2,0.746,0.8464836503084485
576,small_world,uniform,degree,581226,500,1500,0.03,15,0.45,0.1,50,0.052,8,0.744,0.8164636149312753
577,small_world,uniform,degree,582235,500,1500,0.03,15,0.45,0.1,50,0.056,4,0.764,0.8075964210917514
578,small_world,uniform,degree,583244,500,1500,0.03,15,0.45,0.1,50,0.04,3,0.736,0.828173608760349
579,small_world,uniform,degree,584253,500,1500,0.03,15,0.45,0.1,50,0.048,5,0.748,0.813431515456073
580,small_world,uniform,degree,585262,500,1500,0.03,15,0.45,0.1,50,0.054,7,0.744,0.8137906564124181
581,small_world,uniform,degree,586271,500,1500,0.03,15,0.45,0.1,50,0.046,2,0.792,0.8458282363634249
582,small_world,uniform,degree,587280,500,1500,0.03,15,0.45,0.1,50,0.04,2,0.754,0.8462661547662282
583,small_world,uniform,degree,588289,500,1500,0.03,15,0.45,0.1,50,0.044,3,0.764,0.8361232452271163
584,small_world,uniform,degree,589298,500,1500,0.03,15,0.45,0.1,50,0.064,5,0.744,0.7962394768227553
585,small_world,uniform,degree,590307,500,1500,0.03,15,0.45,0.1,50,0.056,3,0.808,0.8375030762072687
586,small_world,uniform,degree,591316,500,1500,0.03,15,0.45,0.1,50,0.034,1,0.752,0.8593672938229505
587,small_world,uniform,degree,592325,500,1500,0.03,15,0.45,0.1,50,0.034,1,0.748,0.8501220466116691
588,small_world,uniform,degree,593334,500,1500,0.03,15,0.45,0.1,50,0.056,5,0.758,0.8079496077962276
589,small_world,uniform,degree,594343,500,1500,0.03,15,0.45,0.1,50,0.05,3,0.77,0.825885213184616
590,small_world,uniform,degree,595352,500,1500,0.03,15,0.45,0.1,50,0.048,3,0.77,0.8372952828242028
591,small_world,uniform,degree,596361,500,1500,0.03,15,0.45,0.1,50,0.032,1,0.758,0.8491560844166719
592,small_world,uniform,degree,597370,500,1500,0.03,15,0.45,0.1,50,0.044,2,0.762,0.8277307716983159
593,small_world,uniform,degree,598379,500,1500,0.03,15,0.45,0.1,50,0.044,5,0.766,0.8383940171478834
594,small_world,uniform,degree,599388,500,1500,0.03,15,0.45,0.1,50,0.042,3,0.748,0.8302167819370705
595,small_world,uniform,degree,600397,500,1500,0.03,15,0.45,0.1,50,0.068,11,0.742,0.801470010297179
596,small_world,uniform,degree,601406,500,1500,0.03,15,0.45,0.1,50,0.032,1,0.748,0.8555098271589182
597,small_world,uniform,degree,602415,500,1500,0.03,15,0.45,0.1,50,0.036,1,0.746,0.8422482519944766
598,small_world,uniform,degree,603424,500,1500,0.03,15,0.45,0.1,50,0.03,0,0.754,0.8597011895154545
599,small_world,uniform,degree,604433,500,1500,0.03,15,0.45,0.1,50,0.03,0,0.756,0.8637567430927019
600,small_world,uniform,degree,605442,500,1500,0.03,15,0.45,0.1,50,0.03,0,0.764,0.8611899914907066
601,random,degree,degree,606451,500,1497,0.03,15,0.45,0.1,50,0.05,2,0.5657578187650362,0.5620932944825088
602,random,degree,degree,607460,500,1522,0.03,15,0.45,0.1,50,0.04,1,0.5837264150943391,0.5841725346984233
603,random,degree,degree,608469,500,1449,0.03,15,0.45,0.1,50,0.052,3,0.5959132610508744,0.5996250174876032
604,random,degree,degree,609478,500,1476,0.03,15,0.45,0.1,50,0.048,2,0.5978792822185972,0.5983683871064209
605,random,degree,degree,610487,500,1496,0.03,15,0.45,0.1,50,0.046,2,0.5786516853932584,0.5878026227055909
606,random,degree,degree,611496,500,1462,0.03,15,0.45,0.1,50,0.048,2,0.5775577557755769,0.5927568280413817
607,random,degree,degree,612505,500,1504,0.03,15,0.45,0.1,50,0.062,2,0.546251993620415,0.4989788157653772
608,random,degree,degree,613514,500,1482,0.03,15,0.45,0.1,50,0.052,3,0.5673701298701292,0.543533526294583
609,random,degree,degree,614523,500,1503,0.03,15,0.45,0.1,50,0.038,1,0.6229050279329608,0.6249040968988712
610,random,degree,degree,615532,500,1428,0.03,15,0.45,0.1,50,0.044,1,0.595076400679117,0.6172448765645115
611,random,degree,degree,616541,500,1509,0.03,15,0.45,0.1,50,0.048,1,0.5687053216838756,0.5643656324083887
612,random,degree,degree,617550,500,1493,0.03,15,0.45,0.1,50,0.04,2,0.6122284794851172,0.6062126522085758
613,random,degree,degree,618559,500,1528,0.03,15,0.45,0.1,50,0.046,2,0.5755086071987477,0.5823727034636716
614,random,degree,degree,619568,500,1566,0.03,15,0.45,0.1,50,0.04,1,0.5801671732522801,0.6055255617014901
615,random,degree,degree,620577,500,1468,0.03,15,0.45,0.1,50,0.048,1,0.6157635467980296,0.6096501633676611
616,random,degree,degree,621586,500,1475,0.03,15,0.45,0.1,50,0.052,3,0.5534693877551013,0.5491967608799976
617,random,degree,degree,622595,500,1555,0.03,15,0.45,0.1,50,0.04,1,0.5750957854406129,0.5871514937924577
618,random,degree,degree,623604,500,1535,0.03,15,0.45,0.1,50,0.048,3,0.6046692607003895,0.5858536865295952
619,random,degree,degree,624613,500,1481,0.03,15,0.45,0.1,50,0.048,1,0.5759545085296509,0.5777793710641045
620,random,degree,degree,625622,500,1468,0.03,15,0.45,0.1,50,0.044,1,0.551313628899837,0.5969810670509526
721,random,degree,degree,727531,500,1527,0.03,15,0.45,0.1,50,0.056,2,0.5908379013312447,0.5627505883993011
722,random,degree,degree,728540,500,1556,0.03,15,0.45,0.1,50,0.046,2,0.6068147013782546,0.6059881318169809
723,random,degree,degree,729549,500,1474,0.03,15,0.45,0.1,50,0.046,2,0.6086601307189542,0.6029287664145301
724,random,degree,degree,730558,500,1568,0.03,15,0.45,0.1,50,0.056,4,0.5489377845220033,0.5154949053630776
725,random,degree,degree,731567,500,1511,0.03,15,0.45,0.1,50,0.044,1,0.5654242664551938,0.593697290358279
726,random,degree,degree,732576,500,1530,0.03,15,0.45,0.1,50,0.054,2,0.5499999999999997,0.5492145217522568
727,random,degree,degree,733585,500,1527,0.03,15,0.45,0.1,50,0.046,2,0.5978856695379797,0.5692477497440658
728,random,degree,degree,734594,500,1509,0.03,15,0.45,0.1,50,0.066,2,0.5258141382049247,0.47364196836666456
729,random,degree,degree,735603,500,1569,0.03,15,0.45,0.1,50,0.034,1,0.5894617134192568,0.6201120620937616
730,random,degree,degree,736612,500,1527,0.03,15,0.45,0.1,50,0.048,2,0.5873140172278785,0.5742070944608453
731,random,degree,degree,737621,500,1483,0.03,15,0.45,0.1,50,0.048,1,0.589618815896188,0.5920458950831302
732,random,degree,degree,738630,500,1519,0.03,15,0.45,0.1,50,0.048,1,0.5992907801418434,0.5711973448158978
733,random,degree,degree,739639,500,1455,0.03,15,0.45,0.1,50,0.05,2,0.5908713692946052,0.5924712352638578
734,random,degree,degree,740648,500,1544,0.03,15,0.45,0.1,50,0.054,2,0.5931221020092744,0.5561197925102384
735,random,degree,degree,741657,500,1504,0.03,15,0.45,0.1,50,0.05,1,0.5785486443381179,0.5657386718799522
736,random,degree,degree,742666,500,1480,0.03,15,0.45,0.1,50,0.042,2,0.5918699186991859,0.5960294726529637
737,random,degree,degree,743675,500,1511,0.03,15,0.45,0.1,50,0.046,2,0.5923869944488499,0.5904354206049941
738,random,degree,degree,744684,500,1531,0.03,15,0.45,0.1,50,0.046,1,0.5577673692427784,0.5623056441882444
739,random,degree,degree,745693,500,1529,0.03,15,0.45,0.1,50,0.05,2,0.5801407349491784,0.5644134732661878
740,random,degree,degree,746702,500,1468,0.03,15,0.45,0.1,50,0.046,2,0.607553366174056,0.5921217505405074
701,random,degree,degree,707351,500,1525,0.03,15,0.45,0.1,50,0.038,2,0.5749019607843135,0.6027019982613051
702,random,degree,degree,708360,500,1482,0.03,15,0.45,0.1,50,0.056,2,0.587662337662337,0.5720624609653514
703,random,degree,degree,709369,500,1473,0.03,15,0.45,0.1,50,0.042,2,0.5658217497955844,0.5908535671159011
704,random,degree,degree,710378,500,1528,0.03,15,0.45,0.1,50,0.038,2,0.588028169014085,0.616205691401161
705,random,degree,degree,711387,500,1535,0.03,15,0.45,0.1,50,0.05,1,0.6007782101167314,0.549837582490148
706,random,degree,degree,712396,500,1407,0.03,15,0.45,0.1,50,0.048,2,0.6227312013828866,0.6119470742783916
707,random,degree,degree,713405,500,1541,0.03,15,0.45,0.1,50,0.044,1,0.6006971340046484,0.5882534689281482
708,random,degree,degree,714414,500,1543,0.03,15,0.45,0.1,50,0.044,1,0.5618716163959783,0.5799497591865995
709,random,degree,degree,715423,500,1555,0.03,15,0.45,0.1,50,0.038,1,0.6444444444444436,0.6302182186750546
710,random,degree,degree,716432,500,1528,0.03,15,0.45,0.1,50,0.046,1,0.5833333333333335,0.5795176871782428
711,random,degree,degree,717441,500,1533,0.03,15,0.45,0.1,50,0.05,4,0.5869056897895555,0.5569173393166873
712,random,degree,degree,718450,500,1526,0.03,15,0.45,0.1,50,0.044,2,0.5932601880877744,0.5923413970620522
713,random,degree,degree,719459,500,1470,0.03,15,0.45,0.1,50,0.044,2,0.578688524590164,0.5849624052130595
714,random,degree,degree,720468,500,1508,0.03,15,0.45,0.1,50,0.038,2,0.5624006359300477,0.5965143626356441
715,random,degree,degree,721477,500,1445,0.03,15,0.45,0.1,50,0.06,3,0.601673640167362,0.5663397502262132
716,random,degree,degree,722486,500,1545,0.03,15,0.45,0.1,50,0.044,2,0.5938223938223939,0.5817082219493397
717,random,degree,degree,723495,500,1525,0.03,15,0.45,0.1,50,0.054,2,0.600392156862745,0.5757830687477853
718,random,degree,degree,724504,500,1482,0.03,15,0.45,0.1,50,0.044,2,0.5868506493506495,0.5930045054645674
719,random,degree,degree,725513,500,1518,0.03,15,0.45,0.1,50,0.048,2,0.5607255520504735,0.5695506662547978
720,random,degree,degree,726522,500,1522,0.03,15,0.45,0.1,50,0.04,1,0.5719339622641497,0.6065433974716878
661,random,degree,degree,666991,500,1527,0.03,15,0.45,0.1,50,0.038,2,0.5978856695379796,0.6130805999647577
662,random,degree,degree,668000,500,1476,0.03,15,0.45,0.1,50,0.044,2,0.6007340946166394,0.6171326906718151
663,random,degree,degree,669009,500,1483,0.03,15,0.45,0.1,50,0.046,1,0.586374695863747,0.5997191870418267
664,random,degree,degree,670018,500,1601,0.03,15,0.45,0.1,50,0.044,3,0.587712805329386,0.5867904181221586
665,random,degree,degree,671027,500,1538,0.03,15,0.45,0.1,50,0.05,2,0.58501552795031,0.5788726074238376
666,random,degree,degree,672036,500,1564,0.03,15,0.45,0.1,50,0.048,1,0.5799086757990871,0.5771980191070218
667,random,degree,degree,673045,500,1478,0.03,15,0.45,0.1,50,0.066,3,0.5244299674267091,0.4691390992791274
668,random,degree,degree,674054,500,1495,0.03,15,0.45,0.1,50,0.056,2,0.5710843373493976,0.5477229982918248
669,random,degree,degree,675063,500,1454,0.03,15,0.45,0.1,50,0.044,2,0.584717607973422,0.6085295846570388
670,random,degree,degree,676072,500,1503,0.03,15,0.45,0.1,50,0.056,2,0.5698324022346364,0.5517797710449751
671,random,degree,degree,677081,500,1526,0.03,15,0.45,0.1,50,0.048,3,0.5650470219435736,0.5386221871182176
672,random,degree,degree,678090,500,1524,0.03,15,0.45,0.1,50,0.054,2,0.59065934065934,0.5557815791483248
673,random,degree,degree,679099,500,1448,0.03,15,0.45,0.1,50,0.06,2,0.5955759599332211,0.5620636306564556
674,random,degree,degree,680108,500,1509,0.03,15,0.45,0.1,50,0.052,2,0.5591739475774415,0.5530811336145798
675,random,degree,degree,681117,500,1485,0.03,15,0.45,0.1,50,0.046,2,0.5769230769230768,0.5833744015728769
676,random,degree,degree,682126,500,1503,0.03,15,0.45,0.1,50,0.052,4,0.6129289704708701,0.607733822617759
677,random,degree,degree,683135,500,1523,0.03,15,0.45,0.1,50,0.04,1,0.5648075412411618,0.5946608623210702
678,random,degree,degree,684144,500,1536,0.03,15,0.45,0.1,50,0.04,1,0.5699844479004672,0.5938247168647244
679,random,degree,degree,685153,500,1559,0.03,15,0.45,0.1,50,0.038,1,0.5622612681436218,0.6073223177953868
680,random,degree,degree,686162,500,1544,0.03,15,0.45,0.1,50,0.048,3,0.5850077279752705,0.5708152029366833
621,random,degree,degree,626631,500,1462,0.03,15,0.45,0.1,50,0.05,2,0.5618811881188124,0.5697481264319897
622,random,degree,degree,627640,500,1539,0.03,15,0.45,0.1,50,0.044,1,0.5620636152055857,0.5578277503740589
623,random,degree,degree,628649,500,1550,0.03,15,0.45,0.1,50,0.04,1,0.591538461538462,0.5778558146349838
624,random,degree,degree,629658,500,1496,0.03,15,0.45,0.1,50,0.044,2,0.5922953451043336,0.5733644766710208
625,random,degree,degree,630667,500,1504,0.03,15,0.45,0.1,50,0.04,2,0.5829346092503987,0.6024913956087706
626,random,degree,degree,631676,500,1527,0.03,15,0.45,0.1,50,0.044,2,0.5665622552858264,0.5728868605366679
627,random,degree,degree,632685,500,1486,0.03,15,0.45,0.1,50,0.052,2,0.5703883495145636,0.5579786380254167
628,random,degree,degree,633694,500,1478,0.03,15,0.45,0.1,50,0.042,2,0.568403908794789,0.6122253110026209
629,random,degree,degree,634703,500,1560,0.03,15,0.45,0.1,50,0.04,1,0.5881679389312989,0.6041252376070876
630,random,degree,degree,635712,500,1453,0.03,15,0.45,0.1,50,0.05,1,0.6014131338320859,0.5766334738823901
631,random,degree,degree,636721,500,1514,0.03,15,0.45,0.1,50,0.046,2,0.5791139240506321,0.5892914003767291
632,random,degree,degree,637730,500,1525,0.03,15,0.45,0.1,50,0.06,2,0.5729411764705885,0.537698280400403
633,random,degree,degree,638739,500,1468,0.03,15,0.45,0.1,50,0.05,3,0.6042692939244663,0.5787090945253703
634,random,degree,degree,639748,500,1497,0.03,15,0.45,0.1,50,0.054,2,0.5954290296712105,0.5537559268290945
635,random,degree,degree,640757,500,1521,0.03,15,0.45,0.1,50,0.052,2,0.5731707317073176,0.5615394368320791
636,random,degree,degree,641766,500,1456,0.03,15,0.45,0.1,50,0.048,2,0.5679933665008287,0.5797782562769309
637,random,degree,degree,642775,500,1548,0.03,15,0.45,0.1,50,0.044,2,0.5835901386748843,0.569739649846271
638,random,degree,degree,643784,500,1471,0.03,15,0.45,0.1,50,0.04,1,0.6085176085176088,0.6225449694540255
639,random,degree,degree,644793,500,1476,0.03,15,0.45,0.1,50,0.044,1,0.566068515497553,0.5816833841430074
640,random,degree,degree,645802,500,1525,0.03,15,0.45,0.1,50,0.034,1,0.6015686274509795,0.6337052470972733
681,random,degree,degree,687171,500,1456,0.03,15,0.45,0.1,50,0.042,1,0.5634328358208956,0.6047913982499078
682,random,degree,degree,688180,500,1464,0.03,15,0.45,0.1,50,0.044,2,0.5799011532125213,0.5883811738082718
683,random,degree,degree,689189,500,1534,0.03,15,0.45,0.1,50,0.052,2,0.5767133956386301,0.5473344119735852
684,random,degree,degree,690198,500,1516,0.03,15,0.45,0.1,50,0.054,3,0.5967614533965238,0.5683432213017189
685,random,degree,degree,691207,500,1458,0.03,15,0.45,0.1,50,0.046,2,0.5687086092715224,0.5760373477556072
686,random,degree,degree,692216,500,1490,0.03,15,0.45,0.1,50,0.046,1,0.5907258064516125,0.6005536619955213
687,random,degree,degree,693225,500,1528,0.03,15,0.45,0.1,50,0.044,2,0.6005477308294209,0.6103022618379234
688,random,degree,degree,694234,500,1511,0.03,15,0.45,0.1,50,0.056,2,0.5761300555114993,0.5384574441080695
689,random,degree,degree,695243,500,1485,0.03,15,0.45,0.1,50,0.056,3,0.5599190283400808,0.5374676061015314
690,random,degree,degree,696252,500,1475,0.03,15,0.45,0.1,50,0.042,1,0.6024489795918366,0.600443055432175
691,random,degree,degree,697261,500,1535,0.03,15,0.45,0.1,50,0.034,1,0.6143968871595332,0.6294357834642438
692,random,degree,degree,698270,500,1530,0.03,15,0.45,0.1,50,0.048,1,0.5863281250000001,0.5743340567191736
693,random,degree,degree,699279,500,1520,0.03,15,0.45,0.1,50,0.048,2,0.5885826771653533,0.5754590920773421
694,random,degree,degree,700288,500,1498,0.03,15,0.45,0.1,50,0.048,3,0.6001602564102566,0.5854117725451197
695,random,degree,degree,701297,500,1490,0.03,15,0.45,0.1,50,0.056,2,0.5842741935483875,0.5614018095728218
696,random,degree,degree,702306,500,1536,0.03,15,0.45,0.1,50,0.04,1,0.5867029548989109,0.6000054823790586
697,random,degree,degree,703315,500,1562,0.03,15,0.45,0.1,50,0.042,1,0.5693597560975616,0.5814066932756726
698,random,degree,degree,704324,500,1559,0.03,15,0.45,0.1,50,0.046,3,0.5897631779984714,0.5580390751099686
699,random,degree,degree,705333,500,1511,0.03,15,0.45,0.1,50,0.048,2,0.5519429024583667,0.5424070912148725
700,random,degree,degree,706342,500,1513,0.03,15,0.45,0.1,50,0.04,2,0.6128266033254153,0.6332903138756819
741,random,degree,degree,747711,500,1545,0.03,15,0.45,0.1,50,0.048,2,0.5733590733590733,0.568720358710583
742,random,degree,degree,748720,500,1475,0.03,15,0.45,0.1,50,0.04,1,0.5942857142857135,0.6356208531337957
743,random,degree,degree,749729,500,1545,0.03,15,0.45,0.1,50,0.048,2,0.5806949806949808,0.5684230903608503
744,random,degree,degree,750738,500,1552,0.03,15,0.45,0.1,50,0.046,1,0.5902457757296459,0.5727195472762643
745,random,degree,degree,751747,500,1546,0.03,15,0.45,0.1,50,0.042,1,0.6091820987654322,0.605283725082716
746,random,degree,degree,752756,500,1508,0.03,15,0.45,0.1,50,0.052,3,0.6204292527821937,0.5674995821410103
747,random,degree,degree,753765,500,1561,0.03,15,0.45,0.1,50,0.054,2,0.5598779557589626,0.5328617075982662
748,random,degree,degree,754774,500,1498,0.03,15,0.45,0.1,50,0.046,1,0.6125801282051281,0.5985468978049016
749,random,degree,degree,755783,500,1461,0.03,15,0.45,0.1,50,0.056,2,0.5582163501238643,0.5468875355218749
750,random,degree,degree,756792,500,1542,0.03,15,0.45,0.1,50,0.07,4,0.5994582043343646,0.5049867690990806
751,random,degree,degree,757801,500,1540,0.03,15,0.45,0.1,50,0.048,1,0.5875968992248067,0.5731196151372411
752,random,degree,degree,758810,500,1451,0.03,15,0.45,0.1,50,0.052,2,0.5957535387177358,0.5751849285558354
753,random,degree,degree,759819,500,1518,0.03,15,0.45,0.1,50,0.052,2,0.5591482649842263,0.5614065051217719
754,random,degree,degree,760828,500,1501,0.03,15,0.45,0.1,50,0.046,1,0.5903277378097518,0.5925446051658568
755,random,degree,degree,761837,500,1470,0.03,15,0.45,0.1,50,0.048,2,0.5811475409836077,0.5797603835948114
756,random,degree,degree,762846,500,1516,0.03,15,0.45,0.1,50,0.054,2,0.5726698262243288,0.5465199236329945
757,random,degree,degree,763855,500,1469,0.03,15,0.45,0.1,50,0.038,2,0.5771123872026245,0.6185050188801244
758,random,degree,degree,764864,500,1550,0.03,15,0.45,0.1,50,0.044,2,0.5838461538461545,0.5936701666094835
759,random,degree,degree,765873,500,1495,0.03,15,0.45,0.1,50,0.054,3,0.5654618473895582,0.5595586793781877
760,random,degree,degree,766882,500,1451,0.03,15,0.45,0.1,50,0.04,1,0.6199000832639466,0.6350877625063455
641,random,degree,degree,646811,500,1551,0.03,15,0.45,0.1,50,0.048,1,0.5430438124519605,0.5271708516499133
642,random,degree,degree,647820,500,1465,0.03,15,0.45,0.1,50,0.048,2,0.594238683127572,0.5882699938821019
643,random,degree,degree,648829,500,1496,0.03,15,0.45,0.1,50,0.036,1,0.5975120385232751,0.6178547781990223
644,random,degree,degree,649838,500,1521,0.03,15,0.45,0.1,50,0.046,2,0.5857592446892214,0.593885398400618
645,random,degree,degree,650847,500,1540,0.03,15,0.45,0.1,50,0.042,2,0.5678294573643397,0.5957184776887325
646,random,degree,degree,651856,500,1535,0.03,15,0.45,0.1,50,0.042,2,0.614396887159533,0.6029084673555174
647,random,degree,degree,652865,500,1495,0.03,15,0.45,0.1,50,0.04,1,0.5859437751004006,0.6198879095088753
648,random,degree,degree,653874,500,1511,0.03,15,0.45,0.1,50,0.038,1,0.6288659793814437,0.6283895652384598
649,random,degree,degree,654883,500,1511,0.03,15,0.45,0.1,50,0.056,3,0.555114988104678,0.5342412006258344
650,random,degree,degree,655892,500,1495,0.03,15,0.45,0.1,50,0.06,4,0.5542168674698802,0.5292976048972429
651,random,degree,degree,656901,500,1531,0.03,15,0.45,0.1,50,0.044,2,0.6178766588602655,0.6125161810771328
652,random,degree,degree,657910,500,1510,0.03,15,0.45,0.1,50,0.042,2,0.5817460317460318,0.5962563116334384
653,random,degree,degree,658919,500,1420,0.03,15,0.45,0.1,50,0.064,2,0.5478632478632476,0.511972137907973
654,random,degree,degree,659928,500,1471,0.03,15,0.45,0.1,50,0.052,3,0.6449631449631441,0.6022440975694033
655,random,degree,degree,660937,500,1491,0.03,15,0.45,0.1,50,0.04,1,0.5785656728444798,0.5926473830963511
656,random,degree,degree,661946,500,1476,0.03,15,0.45,0.1,50,0.044,2,0.5754486133768352,0.5793253531614302
657,random,degree,degree,662955,500,1528,0.03,15,0.45,0.1,50,0.042,2,0.6064162754303599,0.5970711970287867
658,random,degree,degree,663964,500,1471,0.03,15,0.45,0.1,50,0.048,2,0.5999180999180994,0.6031821212338275
659,random,degree,degree,664973,500,1530,0.03,15,0.45,0.1,50,0.038,1,0.5847656250000002,0.5978816622389128
660,random,degree,degree,665982,500,1522,0.03,15,0.45,0.1,50,0.048,3,0.5715408805031431,0.5607288640639982
761,random,degree,degree,767891,500,1518,0.03,15,0.45,0.1,50,0.034,1,0.6013406940063092,0.6182033734630284
762,random,degree,degree,768900,500,1531,0.03,15,0.45,0.1,50,0.034,1,0.61631537861046,0.6325999363219917
763,random,degree,degree,769909,500,1509,0.03,15,0.45,0.1,50,0.058,2,0.5738681493248607,0.5452395586089539
764,random,degree,degree,770918,500,1499,0.03,15,0.45,0.1,50,0.06,2,0.5888710968775019,0.5412132721749063
765,random,degree,degree,771927,500,1484,0.03,15,0.45,0.1,50,0.06,3,0.5830632090761747,0.5551187996438515
766,random,degree,degree,772936,500,1547,0.03,15,0.45,0.1,50,0.04,2,0.6010023130300693,0.6210687598688824
767,random,degree,degree,773945,500,1515,0.03,15,0.45,0.1,50,0.05,2,0.57588932806324,0.5632116696992814
768,random,degree,degree,774954,500,1528,0.03,15,0.45,0.1,50,0.046,1,0.5684663536776218,0.5595881712636508
769,random,degree,degree,775963,500,1522,0.03,15,0.45,0.1,50,0.048,2,0.6065251572327035,0.5923637936303797
770,random,degree,degree,776972,500,1489,0.03,15,0.45,0.1,50,0.042,2,0.5786924939467329,0.5944643331901356
771,random,degree,degree,777981,500,1509,0.03,15,0.45,0.1,50,0.064,2,0.5528196981731532,0.5121789725165639
772,random,degree,degree,778990,500,1466,0.03,15,0.45,0.1,50,0.05,3,0.5645559210526321,0.5601616433650544
773,random,degree,degree,779999,500,1524,0.03,15,0.45,0.1,50,0.038,1,0.5934065934065932,0.6079380597193015
774,random,degree,degree,781008,500,1586,0.03,15,0.45,0.1,50,0.04,1,0.5984281437125755,0.6092132379706493
775,random,degree,degree,782017,500,1526,0.03,15,0.45,0.1,50,0.05,2,0.5764106583072112,0.5775777957463757
776,random,degree,degree,783026,500,1566,0.03,15,0.45,0.1,50,0.048,1,0.568389057750759,0.5658486395919038
777,random,degree,degree,784035,500,1513,0.03,15,0.45,0.1,50,0.04,2,0.6072842438638157,0.6209156339540297
778,random,degree,degree,785044,500,1535,0.03,15,0.45,0.1,50,0.054,2,0.5891050583657584,0.5719363537330909
779,random,degree,degree,786053,500,1438,0.03,15,0.45,0.1,50,0.044,2,0.5896464646464644,0.5814670138995116
780,random,degree,degree,787062,500,1483,0.03,15,0.45,0.1,50,0.062,4,0.5433901054339008,0.5245507090705189
781,random,degree,degree,788071,500,1560,0.03,15,0.45,0.1,50,0.04,1,0.5988549618320615,0.5998698645367821
782,random,degree,degree,789080,500,1474,0.03,15,0.45,0.1,50,0.042,1,0.622957516339869,0.6357936163680264
783,random,degree,degree,790089,500,1536,0.03,15,0.45,0.1,50,0.038,1,0.6259720062208404,0.6318214013041588
784,random,degree,degree,791098,500,1547,0.03,15,0.45,0.1,50,0.044,1,0.5936777178103326,0.582250724582397
785,random,degree,degree,792107,500,1549,0.03,15,0.45,0.1,50,0.046,1,0.5604311008468045,0.5572459171965779
786,random,degree,degree,793116,500,1469,0.03,15,0.45,0.1,50,0.044,2,0.588597210828548,0.6050411809904381
787,random,degree,degree,794125,500,1530,0.03,15,0.45,0.1,50,0.046,1,0.5597656250000003,0.5718331399292821
788,random,degree,degree,795134,500,1452,0.03,15,0.45,0.1,50,0.036,1,0.5848585690515798,0.6279639181844175
789,random,degree,degree,796143,500,1519,0.03,15,0.45,0.1,50,0.04,1,0.6312056737588654,0.6337313313550672
790,random,degree,degree,797152,500,1460,0.03,15,0.45,0.1,50,0.066,3,0.5533057851239676,0.5059599948603146
791,random,degree,degree,798161,500,1583,0.03,15,0.45,0.1,50,0.04,1,0.5780195048762192,0.6033179558688391
792,random,degree,degree,799170,500,1470,0.03,15,0.45,0.1,50,0.06,2,0.5946721311475406,0.5635324480533402
793,random,degree,degree,800179,500,1537,0.03,15,0.45,0.1,50,0.04,1,0.5664335664335656,0.5840418754395262
794,random,degree,degree,801188,500,1544,0.03,15,0.45,0.1,50,0.048,2,0.5927357032457492,0.5843746906949654
795,random,degree,degree,802197,500,1585,0.03,15,0.45,0.1,50,0.042,3,0.5853932584269663,0.5887387479024926
796,random,degree,degree,803206,500,1540,0.03,15,0.45,0.1,50,0.048,3,0.5775193798449617,0.5646867842882295
797,random,degree,degree,804215,500,1504,0.03,15,0.45,0.1,50,0.042,1,0.5917065390749606,0.5983731863441601
798,random,degree,degree,805224,500,1542,0.03,15,0.45,0.1,50,0.06,2,0.5394736842105246,0.500379928945922
799,random,degree,degree,806233,500,1561,0.03,15,0.45,0.1,50,0.042,2,0.594584286803966,0.597942530063261
800,random,degree,degree,807242,500,1454,0.03,15,0.45,0.1,50,0.042,1,0.6117109634551491,0.6051893729255416
801,scale_free,degree,degree,808251,500,1491,0.03,15,0.45,0.1,50,0.234,7,0.05668016194331952,0.002607186795968868
802,scale_free,degree,degree,809260,500,1491,0.03,15,0.45,0.1,50,0.286,12,0.0398110661268556,0.00033086058277281323
803,scale_free,degree,degree,810269,500,1491,0.03,15,0.45,0.1,50,0.34,17,0.04116059379217261,0.00011875521309740745
804,scale_free,degree,degree,811278,500,1491,0.03,15,0.45,0.1,50,0.316,9,0.10233682514101444,0.001608430307821999
805,scale_free,degree,degree,812287,500,1491,0.03,15,0.45,0.1,50,0.274,8,0.0627530364372471,0.0010408383350366738
806,scale_free,degree,degree,813296,500,1491,0.03,15,0.45,0.1,50,0.336,11,0.026990553306342927,0.00011713189735049636
807,scale_free,degree,degree,814305,500,1491,0.03,15,0.45,0.1,50,0.266,8,0.05735492577597826,0.0008820212359160239
808,scale_free,degree,degree,815314,500,1491,0.03,15,0.45,0.1,50,0.29,18,0.07017543859649142,0.002198228756492511
809,scale_free,degree,degree,816323,500,1491,0.03,15,0.45,0.1,50,0.374,18,0.020917678812415585,1.6336534600730235e-05
810,scale_free,degree,degree,817332,500,1491,0.03,15,0.45,0.1,50,0.166,7,0.12145748987854321,0.016989143999679275
811,scale_free,degree,degree,818341,500,1491,0.03,15,0.45,0.1,50,0.206,7,0.1365834004834789,0.010524379971220552
812,scale_free,degree,degree,819350,500,1491,0.03,15,0.45,0.1,50,1.0,22,0.0,0.0
813,scale_free,degree,degree,820359,500,1491,0.03,15,0.45,0.1,50,0.332,15,0.036437246963562486,2.3058247453478005e-05
814,scale_free,degree,degree,821368,500,1491,0.03,15,0.45,0.1,50,1.0,37,0.0,0.0
815,scale_free,degree,degree,822377,500,1491,0.03,15,0.45,0.1,50,0.182,5,0.07085020242914952,0.006926911312159802
816,scale_free,degree,degree,823386,500,1491,0.03,15,0.45,0.1,50,0.27,9,0.05600539811066095,0.0009918762052314786
817,scale_free,degree,degree,824395,500,1491,0.03,15,0.45,0.1,50,0.168,3,0.07489878542510059,0.009843634506457134
818,scale_free,degree,degree,825404,500,1491,0.03,15,0.45,0.1,50,0.19,9,0.07827260458839413,0.003691059559342371
819,scale_free,degree,degree,826413,500,1491,0.03,15,0.45,0.1,50,0.232,8,0.04520917678812424,0.0010539343303345645
820,scale_free,degree,degree,827422,500,1491,0.03,15,0.45,0.1,50,0.388,12,0.029689608636976825,0.0
861,scale_free,degree,degree,868791,500,1491,0.03,15,0.45,0.1,50,1.0,26,0.0,0.0
862,scale_free,degree,degree,869800,500,1491,0.03,15,0.45,0.1,50,0.226,8,0.05600539811066142,0.0017260713451845591
863,scale_free,degree,degree,870809,500,1491,0.03,15,0.45,0.1,50,0.284,13,0.04251012145749016,0.001148618158970274
864,scale_free,degree,degree,871818,500,1491,0.03,15,0.45,0.1,50,0.18,5,0.09311740890688233,0.011245123087674511
865,scale_free,degree,degree,872827,500,1491,0.03,15,0.45,0.1,50,1.0,19,0.0,0.0
866,scale_free,degree,degree,873836,500,1491,0.03,15,0.45,0.1,50,1.0,28,0.0,0.0
867,scale_free,degree,degree,874845,500,1491,0.03,15,0.45,0.1,50,0.218,5,0.06950067476383266,0.0024217673373891913
868,scale_free,degree,degree,875854,500,1491,0.03,15,0.45,0.1,50,1.0,38,0.0,0.0
869,scale_free,degree,degree,876863,500,1491,0.03,15,0.45,0.1,50,1.0,30,0.0,0.0
870,scale_free,degree,degree,877872,500,1491,0.03,15,0.45,0.1,50,0.33,9,0.03373819163292857,0.0002578165400335051
871,scale_free,degree,degree,878881,500,1491,0.03,15,0.45,0.1,50,0.3,7,0.06861755802220089,0.0006707287802007899
872,scale_free,degree,degree,879890,500,1491,0.03,15,0.45,0.1,50,0.302,8,0.05060728744939281,0.00031153418632836325
873,scale_free,degree,degree,880899,500,1491,0.03,15,0.45,0.1,50,1.0,29,0.0,0.0
874,scale_free,degree,degree,881908,500,1491,0.03,15,0.45,0.1,50,0.202,5,0.0802968960863699,0.002237454161061728
875,scale_free,degree,degree,882917,500,1491,0.03,15,0.45,0.1,50,0.192,5,0.07894736842105218,0.006657896375520848
876,scale_free,degree,degree,883926,500,1491,0.03,15,0.45,0.1,50,0.24,9,0.06950067476383276,0.0022075100559331654
877,scale_free,degree,degree,884935,500,1491,0.03,15,0.45,0.1,50,0.438,21,0.01821862348178144,0.0
878,scale_free,degree,degree,885944,500,1491,0.03,15,0.45,0.1,50,0.224,10,0.056005398110661075,0.0028032303138622295
879,scale_free,degree,degree,886953,500,1491,0.03,15,0.45,0.1,50,0.234,7,0.06950067476383237,0.0004057826449851864
880,scale_free,degree,degree,887962,500,1491,0.03,15,0.45,0.1,50,1.0,17,0.0,0.0
821,scale_free,degree,degree,828431,500,1491,0.03,15,0.45,0.1,50,0.306,11,0.05802968960863664,0.00011808267338523887
822,scale_free,degree,degree,829440,500,1491,0.03,15,0.45,0.1,50,0.296,14,0.04183535762483105,1.9331798672481617e-05
823,scale_free,degree,degree,830449,500,1491,0.03,15,0.45,0.1,50,0.26,13,0.051282051282051405,0.0007537071177891223
824,scale_free,degree,degree,831458,500,1491,0.03,15,0.45,0.1,50,0.16,4,0.09379217273954096,0.012527747723439337
825,scale_free,degree,degree,832467,500,1491,0.03,15,0.45,0.1,50,1.0,29,0.0,0.0
826,scale_free,degree,degree,833476,500,1491,0.03,15,0.45,0.1,50,0.234,6,0.04925775978407575,0.0006854917376569969
827,scale_free,degree,degree,834485,500,1491,0.03,15,0.45,0.1,50,0.224,7,0.0627530364372466,0.0012712130880168902
828,scale_free,degree,degree,835494,500,1491,0.03,15,0.45,0.1,50,1.0,15,0.0,0.0
829,scale_free,degree,degree,836503,500,1491,0.03,15,0.45,0.1,50,0.234,9,0.08906882591093089,0.003452995719652235
830,scale_free,degree,degree,837512,500,1491,0.03,15,0.45,0.1,50,0.354,10,0.03171390013495289,2.567866177219715e-05
831,scale_free,degree,degree,838521,500,1491,0.03,15,0.45,0.1,50,0.202,6,0.06545209176788115,0.0021332617670463765
832,scale_free,degree,degree,839530,500,1491,0.03,15,0.45,0.1,50,0.312,14,0.04183535762483147,0.000379618228942299
833,scale_free,degree,degree,840539,500,1491,0.03,15,0.45,0.1,50,0.208,8,0.06275303643724672,0.0031375032956907677
834,scale_free,degree,degree,841548,500,1491,0.03,15,0.45,0.1,50,1.0,18,0.0,0.0
835,scale_free,degree,degree,842557,500,1491,0.03,15,0.45,0.1,50,0.186,5,0.08771929824561439,0.00655582119808139
836,scale_free,degree,degree,843566,500,1491,0.03,15,0.45,0.1,50,0.19,4,0.06207827260458851,0.0036115677351741585
837,scale_free,degree,degree,844575,500,1491,0.03,15,0.45,0.1,50,0.366,8,0.020242914979757158,2.4780055539061376e-06
838,scale_free,degree,degree,845584,500,1491,0.03,15,0.45,0.1,50,0.3,13,0.044534412955465584,0.00021592897403281962
839,scale_free,degree,degree,846593,500,1491,0.03,15,0.45,0.1,50,1.0,32,0.0,0.0
840,scale_free,degree,degree,847602,500,1491,0.03,15,0.45,0.1,50,0.188,10,0.10796221322537058,0.006656107448529366
841,scale_free,degree,degree,848611,500,1491,0.03,15,0.45,0.1,50,0.352,12,0.0323886639676112,0.00012681580227435127
842,scale_free,degree,degree,849620,500,1491,0.03,15,0.45,0.1,50,0.302,10,0.04858299595141716,0.0
843,scale_free,degree,degree,850629,500,1491,0.03,15,0.45,0.1,50,0.196,8,0.07827260458839437,0.005654102342940458
844,scale_free,degree,degree,851638,500,1491,0.03,15,0.45,0.1,50,1.0,21,0.0,0.0
845,scale_free,degree,degree,852647,500,1491,0.03,15,0.45,0.1,50,0.326,12,0.03711201079622135,0.00029740893371528004
846,scale_free,degree,degree,853656,500,1491,0.03,15,0.45,0.1,50,1.0,18,0.0,0.0
847,scale_free,degree,degree,854665,500,1491,0.03,15,0.45,0.1,50,0.4,16,0.031713900134952844,6.34281449526371e-05
848,scale_free,degree,degree,855674,500,1491,0.03,15,0.45,0.1,50,0.38,23,0.040485829959514365,0.0005806806818420751
849,scale_free,degree,degree,856683,500,1491,0.03,15,0.45,0.1,50,0.26,7,0.057354925775978526,0.0008756321881655792
850,scale_free,degree,degree,857692,500,1491,0.03,15,0.45,0.1,50,0.214,6,0.09041835357624853,0.005012461878268175
851,scale_free,degree,degree,858701,500,1491,0.03,15,0.45,0.1,50,0.318,9,0.03643724696356291,0.0
852,scale_free,degree,degree,859710,500,1491,0.03,15,0.45,0.1,50,0.212,4,0.08569500674763887,0.0035717267927409964
853,scale_free,degree,degree,860719,500,1491,0.03,15,0.45,0.1,50,0.218,5,0.0937921727395415,0.00279827976518242
854,scale_free,degree,degree,861728,500,1491,0.03,15,0.45,0.1,50,0.32,14,0.050607287449392926,0.0006206080381643608
855,scale_free,degree,degree,862737,500,1491,0.03,15,0.45,0.1,50,0.29,8,0.05533063427800248,0.00014340427286585694
856,scale_free,degree,degree,863746,500,1491,0.03,15,0.45,0.1,50,0.36,10,0.03103913630229403,0.0
857,scale_free,degree,degree,864755,500,1491,0.03,15,0.45,0.1,50,0.282,11,0.05060728744939291,0.00032475492228302443
858,scale_free,degree,degree,865764,500,1491,0.03,15,0.45,0.1,50,0.328,11,0.039136302294196894,2.3922279909901985e-05
859,scale_free,degree,degree,866773,500,1491,0.03,15,0.45,0.1,50,0.372,14,0.029014844804318415,0.0
860,scale_free,degree,degree,867782,500,1491,0.03,15,0.45,0.1,50,0.27,8,0.05060728744939241,0.0004999882850681777
881,scale_free,degree,degree,888971,500,1491,0.03,15,0.45,0.1,50,0.256,11,0.057354925775978526,0.001162029328276962
882,scale_free,degree,degree,889980,500,1491,0.03,15,0.45,0.1,50,1.0,24,0.0,0.0
883,scale_free,degree,degree,890989,500,1491,0.03,15,0.45,0.1,50,0.22,10,0.045209176788124285,0.0012695608243297539
884,scale_free,degree,degree,891998,500,1491,0.03,15,0.45,0.1,50,0.284,8,0.04251012145749015,0.000313708799215625
885,scale_free,degree,degree,893007,500,1491,0.03,15,0.45,0.1,50,0.282,7,0.047233468286099985,0.0002453674599016924
886,scale_free,degree,degree,894016,500,1491,0.03,15,0.45,0.1,50,0.258,9,0.04723346828609998,0.0012870040006722578
887,scale_free,degree,degree,895025,500,1491,0.03,15,0.45,0.1,50,0.382,14,0.020242914979756985,0.0
888,scale_free,degree,degree,896034,500,1491,0.03,15,0.45,0.1,50,0.296,11,0.05735492577597816,0.0008340027987174484
889,scale_free,degree,degree,897043,500,1491,0.03,15,0.45,0.1,50,0.304,10,0.05465587044534374,0.0006444394015973216
890,scale_free,degree,degree,898052,500,1491,0.03,15,0.45,0.1,50,1.0,39,0.0,0.0
891,scale_free,degree,degree,899061,500,1491,0.03,15,0.45,0.1,50,1.0,38,0.0,0.0
892,scale_free,degree,degree,900070,500,1491,0.03,15,0.45,0.1,50,0.212,6,0.06477732793522308,0.0024450117874819607
893,scale_free,degree,degree,901079,500,1491,0.03,15,0.45,0.1,50,0.308,9,0.049257759784075816,0.0005725778536702271
894,scale_free,degree,degree,902088,500,1491,0.03,15,0.45,0.1,50,0.202,5,0.08502024291497927,0.003723014192977597
895,scale_free,degree,degree,903097,500,1491,0.03,15,0.45,0.1,50,1.0,22,0.0,0.0
896,scale_free,degree,degree,904106,500,1491,0.03,15,0.45,0.1,50,0.264,6,0.04116059379217257,0.0005254921634133291
897,scale_free,degree,degree,905115,500,1491,0.03,15,0.45,0.1,50,0.176,4,0.10323886639676129,0.009075120401694857
898,scale_free,degree,degree,906124,500,1491,0.03,15,0.45,0.1,50,0.32,20,0.038461538461538464,0.0006209191046832929
899,scale_free,degree,degree,907133,500,1491,0.03,15,0.45,0.1,50,0.18,6,0.08367071524966235,0.007777398527066561
900,scale_free,degree,degree,908142,500,1491,0.03,15,0.45,0.1,50,0.172,4,0.08636977058029678,0.008934022690028734
921,scale_free,degree,degree,929331,500,1491,0.03,15,0.45,0.1,50,0.18,7,0.07692307692307737,0.009099919878542662
922,scale_free,degree,degree,930340,500,1491,0.03,15,0.45,0.1,50,0.284,6,0.05128205128205113,0.00025547503159365333
923,scale_free,degree,degree,931349,500,1491,0.03,15,0.45,0.1,50,1.0,35,0.0,0.0
924,scale_free,degree,degree,932358,500,1491,0.03,15,0.45,0.1,50,0.328,15,0.024291497975708558,0.0
925,scale_free,degree,degree,933367,500,1491,0.03,15,0.45,0.1,50,0.298,16,0.0458839406207829,0.0005968424082962267
926,scale_free,degree,degree,934376,500,1491,0.03,15,0.45,0.1,50,0.232,7,0.0755735492577593,0.0028486197632981497
927,scale_free,degree,degree,935385,500,1491,0.03,15,0.45,0.1,50,0.162,4,0.09244264507422442,0.014535170262273444
928,scale_free,degree,degree,936394,500,1491,0.03,15,0.45,0.1,50,0.422,13,0.030364372469635692,0.0001340479710071031
929,scale_free,degree,degree,937403,500,1491,0.03,15,0.45,0.1,50,0.244,6,0.05533063427800213,0.0012843771822778245
930,scale_free,degree,degree,938412,500,1491,0.03,15,0.45,0.1,50,0.276,9,0.051956815114709995,0.0002170582314576496
931,scale_free,degree,degree,939421,500,1491,0.03,15,0.45,0.1,50,1.0,18,0.0,0.0
932,scale_free,degree,degree,940430,500,1491,0.03,15,0.45,0.1,50,0.256,6,0.06815114709851502,0.0009000956074810278
933,scale_free,degree,degree,941439,500,1491,0.03,15,0.45,0.1,50,0.232,7,0.04993252361673437,0.0013170902970963934
934,scale_free,degree,degree,942448,500,1491,0.03,15,0.45,0.1,50,1.0,19,0.0,0.0
935,scale_free,degree,degree,943457,500,1491,0.03,15,0.45,0.1,50,0.232,5,0.04453441295546572,0.0011218252946992948
936,scale_free,degree,degree,944466,500,1491,0.03,15,0.45,0.1,50,0.248,7,0.06410256410256437,0.0004047636615838474
937,scale_free,degree,degree,945475,500,1491,0.03,15,0.45,0.1,50,0.282,8,0.03711201079622114,0.0004006664207626007
938,scale_free,degree,degree,946484,500,1491,0.03,15,0.45,0.1,50,0.222,6,0.07692307692307689,0.003036867422170524
939,scale_free,degree,degree,947493,500,1491,0.03,15,0.45,0.1,50,0.194,7,0.08029689608636931,0.004066529107821323
940,scale_free,degree,degree,948502,500,1491,0.03,15,0.45,0.1,50,0.212,6,0.06747638326585714,0.00396838781317235
941,scale_free,degree,degree,949511,500,1491,0.03,15,0.45,0.1,50,0.344,11,0.024291497975708586,3.943332614865961e-05
942,scale_free,degree,degree,950520,500,1491,0.03,15,0.45,0.1,50,0.242,6,0.05870445344129527,0.001256315023250982
943,scale_free,degree,degree,951529,500,1491,0.03,15,0.45,0.1,50,0.254,7,0.050607287449392496,0.0012427150888852617
944,scale_free,degree,degree,952538,500,1491,0.03,15,0.45,0.1,50,0.226,7,0.06140350877193024,0.0010892841350136552
945,scale_free,degree,degree,953547,500,1491,0.03,15,0.45,0.1,50,1.0,20,0.0,0.0
946,scale_free,degree,degree,954556,500,1491,0.03,15,0.45,0.1,50,0.234,5,0.05802968960863672,0.0012088011432646708
947,scale_free,degree,degree,955565,500,1491,0.03,15,0.45,0.1,50,0.428,24,0.016194331983805633,0.0
948,scale_free,degree,degree,956574,500,1491,0.03,15,0.45,0.1,50,0.262,6,0.047908232118758665,0.0011819264769955004
949,scale_free,degree,degree,957583,500,1491,0.03,15,0.45,0.1,50,1.0,21,0.0,0.0
950,scale_free,degree,degree,958592,500,1491,0.03,15,0.45,0.1,50,0.238,8,0.06275303643724664,0.0037512722691052766
951,scale_free,degree,degree,959601,500,1491,0.03,15,0.45,0.1,50,0.398,12,0.030364372469635515,0.0
952,scale_free,degree,degree,960610,500,1491,0.03,15,0.45,0.1,50,0.4,17,0.06567284448025713,0.0002718190867776186
953,scale_free,degree,degree,961619,500,1491,0.03,15,0.45,0.1,50,0.224,6,0.07219973009446756,0.0022204257661206424
954,scale_free,degree,degree,962628,500,1491,0.03,15,0.45,0.1,50,0.294,10,0.046558704453440986,7.191028476863018e-05
955,scale_free,degree,degree,963637,500,1491,0.03,15,0.45,0.1,50,0.378,21,0.0310391363022941,7.235885107139173e-05
956,scale_free,degree,degree,964646,500,1491,0.03,15,0.45,0.1,50,0.4,19,0.020242914979757002,0.0
957,scale_free,degree,degree,965655,500,1491,0.03,15,0.45,0.1,50,1.0,21,0.0,0.0
958,scale_free,degree,degree,966664,500,1491,0.03,15,0.45,0.1,50,0.154,4,0.11538461538461592,0.01762286789489039
959,scale_free,degree,degree,967673,500,1491,0.03,15,0.45,0.1,50,1.0,28,0.0,0.0
960,scale_free,degree,degree,968682,500,1491,0.03,15,0.45,0.1,50,0.258,7,0.043184885290148266,0.00034272175176657725
901,scale_free,degree,degree,909151,500,1491,0.03,15,0.45,0.1,50,0.312,9,0.0741675075681139,0.001024821072846069
902,scale_free,degree,degree,910160,500,1491,0.03,15,0.45,0.1,50,0.454,14,0.047542304593069656,9.548962963258359e-05
903,scale_free,degree,degree,911169,500,1491,0.03,15,0.45,0.1,50,0.392,10,0.021592442645074338,0.0
904,scale_free,degree,degree,912178,500,1491,0.03,15,0.45,0.1,50,0.296,14,0.033738191632928564,4.603329751313619e-05
905,scale_free,degree,degree,913187,500,1491,0.03,15,0.45,0.1,50,0.236,5,0.06275303643724668,0.0011461898641297763
906,scale_free,degree,degree,914196,500,1491,0.03,15,0.45,0.1,50,0.266,11,0.05128205128205138,0.0009419874086646205
907,scale_free,degree,degree,915205,500,1491,0.03,15,0.45,0.1,50,0.222,7,0.0688259109311743,0.0019510209510014613
908,scale_free,degree,degree,916214,500,1491,0.03,15,0.45,0.1,50,0.324,19,0.037786774628879624,2.5088260412949242e-05
909,scale_free,degree,degree,917223,500,1491,0.03,15,0.45,0.1,50,0.234,8,0.06275303643724733,0.0018983118775753674
910,scale_free,degree,degree,918232,500,1491,0.03,15,0.45,0.1,50,0.21,7,0.06882591093117409,0.0028684010410265294
911,scale_free,degree,degree,919241,500,1491,0.03,15,0.45,0.1,50,1.0,20,0.0,0.0
912,scale_free,degree,degree,920250,500,1491,0.03,15,0.45,0.1,50,1.0,25,0.0,0.0
913,scale_free,degree,degree,921259,500,1491,0.03,15,0.45,0.1,50,1.0,28,0.0,0.0
914,scale_free,degree,degree,922268,500,1491,0.03,15,0.45,0.1,50,0.352,14,0.09065269943593841,0.0002949272953352403
915,scale_free,degree,degree,923277,500,1491,0.03,15,0.45,0.1,50,0.198,10,0.05465587044534434,0.0030393751717016273
916,scale_free,degree,degree,924286,500,1491,0.03,15,0.45,0.1,50,0.366,10,0.060032232070910664,0.0003804004308795945
917,scale_free,degree,degree,925295,500,1491,0.03,15,0.45,0.1,50,1.0,23,0.0,0.0
918,scale_free,degree,degree,926304,500,1491,0.03,15,0.45,0.1,50,0.28,10,0.03373819163292829,0.00026006595238802497
919,scale_free,degree,degree,927313,500,1491,0.03,15,0.45,0.1,50,1.0,32,0.0,0.0
920,scale_free,degree,degree,928322,500,1491,0.03,15,0.45,0.1,50,0.202,4,0.0998650472334682,0.005411577483232582
961,scale_free,degree,degree,969691,500,1491,0.03,15,0.45,0.1,50,0.51,17,0.010121457489878471,0.0
962,scale_free,degree,degree,970700,500,1491,0.03,15,0.45,0.1,50,1.0,28,0.0,0.0
963,scale_free,degree,degree,971709,500,1491,0.03,15,0.45,0.1,50,0.32,12,0.03441295546558715,0.00013839377114960674
964,scale_free,degree,degree,972718,500,1491,0.03,15,0.45,0.1,50,0.244,5,0.060053981106612565,0.001276198504994262
965,scale_free,degree,degree,973727,500,1491,0.03,15,0.45,0.1,50,1.0,31,0.0,0.0
966,scale_free,degree,degree,974736,500,1491,0.03,15,0.45,0.1,50,0.236,5,0.05533063427800232,0.0017620216304056
967,scale_free,degree,degree,975745,500,1491,0.03,15,0.45,0.1,50,0.268,17,0.043859649122806876,0.0006843669252347697
968,scale_free,degree,degree,976754,500,1491,0.03,15,0.45,0.1,50,0.254,8,0.06815114709851518,0.0009905027164386535
969,scale_free,degree,degree,977763,500,1491,0.03,15,0.45,0.1,50,1.0,20,0.0,0.0
970,scale_free,degree,degree,978772,500,1491,0.03,15,0.45,0.1,50,0.298,9,0.04385964912280681,0.00019161533542737816
971,scale_free,degree,degree,979781,500,1491,0.03,15,0.45,0.1,50,0.254,5,0.04858299595141685,0.0009649855875570835
972,scale_free,degree,degree,980790,500,1491,0.03,15,0.45,0.1,50,0.324,13,0.04925775978407535,0.00041928130415124697
973,scale_free,degree,degree,981799,500,1491,0.03,15,0.45,0.1,50,0.188,8,0.07692307692307708,0.0071540316964457205
974,scale_free,degree,degree,982808,500,1491,0.03,15,0.45,0.1,50,0.176,4,0.06882591093117424,0.009475620052380512
975,scale_free,degree,degree,983817,500,1491,0.03,15,0.45,0.1,50,0.502,23,0.00877192982456142,0.0
976,scale_free,degree,degree,984826,500,1491,0.03,15,0.45,0.1,50,1.0,19,0.0,0.0
977,scale_free,degree,degree,985835,500,1491,0.03,15,0.45,0.1,50,0.326,10,0.037112010796221326,0.0
978,scale_free,degree,degree,986844,500,1491,0.03,15,0.45,0.1,50,0.258,7,0.05600539811066138,0.001289838979161288
979,scale_free,degree,degree,987853,500,1491,0.03,15,0.45,0.1,50,1.0,30,0.0,0.0
980,scale_free,degree,degree,988862,500,1491,0.03,15,0.45,0.1,50,1.0,28,0.0,0.0
981,scale_free,degree,degree,989871,500,1491,0.03,15,0.45,0.1,50,0.424,18,0.016869095816464345,0.0
982,scale_free,degree,degree,990880,500,1491,0.03,15,0.45,0.1,50,0.356,17,0.07534246575342504,0.0004655832974040263
983,scale_free,degree,degree,991889,500,1491,0.03,15,0.45,0.1,50,0.368,13,0.0263157894736843,0.0
984,scale_free,degree,degree,992898,500,1491,0.03,15,0.45,0.1,50,0.28,10,0.05060728744939276,0.00039434251047418804
985,scale_free,degree,degree,993907,500,1491,0.03,15,0.45,0.1,50,0.204,9,0.0654520917678814,0.004136689731570522
986,scale_free,degree,degree,994916,500,1491,0.03,15,0.45,0.1,50,0.262,6,0.06005398110661296,0.0006592682943425379
987,scale_free,degree,degree,995925,500,1491,0.03,15,0.45,0.1,50,0.202,6,0.08367071524966284,0.0063446780913071306
988,scale_free,degree,degree,996934,500,1491,0.03,15,0.45,0.1,50,1.0,39,0.0,0.0
989,scale_free,degree,degree,997943,500,1491,0.03,15,0.45,0.1,50,0.19,8,0.07152496626180814,0.004659807645255634
990,scale_free,degree,degree,998952,500,1491,0.03,15,0.45,0.1,50,0.378,10,0.018218623481781444,0.0
991,scale_free,degree,degree,999961,500,1491,0.03,15,0.45,0.1,50,0.234,5,0.060728744939270905,0.0015672517940568816
992,scale_free,degree,degree,1000970,500,1491,0.03,15,0.45,0.1,50,0.296,8,0.030364372469635727,0.00040881928510897353
993,scale_free,degree,degree,1001979,500,1491,0.03,15,0.45,0.1,50,0.222,7,0.11724415793714686,0.007019453041990584
994,scale_free,degree,degree,1002988,500,1491,0.03,15,0.45,0.1,50,0.244,8,0.043859649122807355,0.0015215117868203462
995,scale_free,degree,degree,1003997,500,1491,0.03,15,0.45,0.1,50,0.226,6,0.07085020242914923,0.0029195899146153095
996,scale_free,degree,degree,1005006,500,1491,0.03,15,0.45,0.1,50,0.366,10,0.03171390013495277,3.16426657048845e-06
997,scale_free,degree,degree,1006015,500,1491,0.03,15,0.45,0.1,50,0.178,5,0.10053981106612603,0.012155809299850188
998,scale_free,degree,degree,1007024,500,1491,0.03,15,0.45,0.1,50,0.184,4,0.0917678812415656,0.004931665172202884
999,scale_free,degree,degree,1008033,500,1491,0.03,15,0.45,0.1,50,0.276,6,0.05398110661268551,0.0004664443298572089
1000,scale_free,degree,degree,1009042,500,1491,0.03,15,0.45,0.1,50,0.322,22,0.05330634278002682,0.0004351499428090756
1021,small_world,degree,degree,1030231,500,1500,0.03,15,0.45,0.1,50,0.062,4,0.750000000000001,0.7959581405692558
1022,small_world,degree,degree,1031240,500,1500,0.03,15,0.45,0.1,50,0.036,3,0.7253333333333335,0.8188972246866414
1023,small_world,degree,degree,1032249,500,1500,0.03,15,0.45,0.1,50,0.064,5,0.7469999999999974,0.799338761210749
1024,small_world,degree,degree,1033258,500,1500,0.03,15,0.45,0.1,50,0.034,1,0.7606666666666639,0.8437038718727852
1025,small_world,degree,degree,1034267,500,1500,0.03,15,0.45,0.1,50,0.04,4,0.7310000000000004,0.8045405045071194
1026,small_world,degree,degree,1035276,500,1500,0.03,15,0.45,0.1,50,0.04,5,0.6919999999999981,0.8026470518507818
1027,small_world,degree,degree,1036285,500,1500,0.03,15,0.45,0.1,50,0.056,7,0.7410000000000002,0.795948782729505
1028,small_world,degree,degree,1037294,500,1500,0.03,15,0.45,0.1,50,0.064,8,0.7173333333333309,0.7948080519664138
1029,small_world,degree,degree,1038303,500,1500,0.03,15,0.45,0.1,50,0.058,6,0.7226666666666665,0.7834834305736066
1030,small_world,degree,degree,1039312,500,1500,0.03,15,0.45,0.1,50,0.038,4,0.728,0.8158758514875663
1031,small_world,degree,degree,1040321,500,1500,0.03,15,0.45,0.1,50,0.044,4,0.738,0.8101376722947226
1032,small_world,degree,degree,1041330,500,1500,0.03,15,0.45,0.1,50,0.042,3,0.7210000000000015,0.8063452659198856
1033,small_world,degree,degree,1042339,500,1500,0.03,15,0.45,0.1,50,0.062,6,0.7066666666666668,0.7680793923056541
1034,small_world,degree,degree,1043348,500,1500,0.03,15,0.45,0.1,50,0.066,10,0.730666666666664,0.7621995564569151
1035,small_world,degree,degree,1044357,500,1500,0.03,15,0.45,0.1,50,0.03,0,0.7826666666666668,0.8580963618662857
1036,small_world,degree,degree,1045366,500,1500,0.03,15,0.45,0.1,50,0.044,4,0.726,0.8050991422807815
1037,small_world,degree,degree,1046375,500,1500,0.03,15,0.45,0.1,50,0.05,7,0.7260000000000008,0.8014797337772975
1038,small_world,degree,degree,1047384,500,1500,0.03,15,0.45,0.1,50,0.066,7,0.734,0.7653443478059742
1039,small_world,degree,degree,1048393,500,1500,0.03,15,0.45,0.1,50,0.042,3,0.7153333333333316,0.8087652777443898
1040,small_world,degree,degree,1049402,500,1500,0.03,15,0.45,0.1,50,0.03,0,0.7273333333333305,0.8423061661104672
1081,small_world,degree,degree,1090771,500,1500,0.03,15,0.45,0.1,50,0.03,0,0.7490000000000008,0.8343936510942195
1082,small_world,degree,degree,1091780,500,1500,0.03,15,0.45,0.1,50,0.058,9,0.7119999999999981,0.7791096636959953
1083,small_world,degree,degree,1092789,500,1500,0.03,15,0.45,0.1,50,0.048,3,0.7766666666666663,0.8244431699964015
1084,small_world,degree,degree,1093798,500,1500,0.03,15,0.45,0.1,50,0.046,3,0.741,0.8135310548347185
1085,small_world,degree,degree,1094807,500,1500,0.03,15,0.45,0.1,50,0.05,9,0.73,0.8171635395662709
1086,small_world,degree,degree,1095816,500,1500,0.03,15,0.45,0.1,50,0.056,3,0.7379999999999983,0.8009502959713768
1087,small_world,degree,degree,1096825,500,1500,0.03,15,0.45,0.1,50,0.05,5,0.7350000000000012,0.7870088937411495
1088,small_world,degree,degree,1097834,500,1500,0.03,15,0.45,0.1,50,0.058,9,0.6880000000000004,0.7627365494733567
1089,small_world,degree,degree,1098843,500,1500,0.03,15,0.45,0.1,50,0.062,5,0.7120000000000005,0.7716010961546983
1090,small_world,degree,degree,1099852,500,1500,0.03,15,0.45,0.1,50,0.062,5,0.687,0.7513095394312004
1091,small_world,degree,degree,1100861,500,1500,0.03,15,0.45,0.1,50,0.032,1,0.7620000000000003,0.8372267662579587
1092,small_world,degree,degree,1101870,500,1500,0.03,15,0.45,0.1,50,0.066,13,0.7153333333333369,0.765687406338417
1093,small_world,degree,degree,1102879,500,1500,0.03,15,0.45,0.1,50,0.042,4,0.7260000000000012,0.8144201095710031
1094,small_world,degree,degree,1103888,500,1500,0.03,15,0.45,0.1,50,0.042,2,0.7149999999999971,0.8036879481783159
1095,small_world,degree,degree,1104897,500,1500,0.03,15,0.45,0.1,50,0.036,1,0.6980000000000008,0.8104056701551092
1096,small_world,degree,degree,1105906,500,1500,0.03,15,0.45,0.1,50,0.054,6,0.7133333333333314,0.7951029712426257
1097,small_world,degree,degree,1106915,500,1500,0.03,15,0.45,0.1,50,0.036,2,0.7200000000000006,0.8140120609312618
1098,small_world,degree,degree,1107924,500,1500,0.03,15,0.45,0.1,50,0.036,3,0.728,0.8179512551008858
1099,small_world,degree,degree,1108933,500,1500,0.03,15,0.45,0.1,50,0.048,3,0.7840000000000003,0.8402302176106867
1100,small_world,degree,degree,1109942,500,1500,0.03,15,0.45,0.1,50,0.03,0,0.741333333333334,0.8433892097771016
1121,small_world,degree,degree,1131131,500,1500,0.03,15,0.45,0.1,50,0.03,0,0.7240000000000008,0.8369404529093396
1122,small_world,degree,degree,1132140,500,1500,0.03,15,0.45,0.1,50,0.036,2,0.7500000000000002,0.8283624542655031
1123,small_world,degree,degree,1133149,500,1500,0.03,15,0.45,0.1,50,0.038,2,0.7180000000000014,0.7987623542448569
1124,small_world,degree,degree,1134158,500,1500,0.03,15,0.45,0.1,50,0.054,9,0.7099999999999976,0.788289819108739
1125,small_world,degree,degree,1135167,500,1500,0.03,15,0.45,0.1,50,0.032,1,0.716000000000001,0.818202947910085
1126,small_world,degree,degree,1136176,500,1500,0.03,15,0.45,0.1,50,0.05,5,0.7270000000000003,0.786156478766236
1127,small_world,degree,degree,1137185,500,1500,0.03,15,0.45,0.1,50,0.054,5,0.7070000000000008,0.7937002002219564
1128,small_world,degree,degree,1138194,500,1500,0.03,15,0.45,0.1,50,0.04,2,0.7509999999999973,0.8329287979085073
1129,small_world,degree,degree,1139203,500,1500,0.03,15,0.45,0.1,50,0.076,10,0.6893333333333332,0.7459647972192837
1130,small_world,degree,degree,1140212,500,1500,0.03,15,0.45,0.1,50,0.04,3,0.7270000000000012,0.8060060523628682
1131,small_world,degree,degree,1141221,500,1500,0.03,15,0.45,0.1,50,0.046,3,0.7160000000000001,0.8044330290599024
1132,small_world,degree,degree,1142230,500,1500,0.03,15,0.45,0.1,50,0.034,1,0.7226666666666665,0.8193712137600956
1133,small_world,degree,degree,1143239,500,1500,0.03,15,0.45,0.1,50,0.074,7,0.6840000000000003,0.7438447119999972
1134,small_world,degree,degree,1144248,500,1500,0.03,15,0.45,0.1,50,0.05,4,0.7250000000000004,0.7885647310431133
1135,small_world,degree,degree,1145257,500,1500,0.03,15,0.45,0.1,50,0.03,0,0.7533333333333333,0.8416440786736212
1136,small_world,degree,degree,1146266,500,1500,0.03,15,0.45,0.1,50,0.06,7,0.7070000000000012,0.7696980864267223
1137,small_world,degree,degree,1147275,500,1500,0.03,15,0.45,0.1,50,0.034,1,0.735,0.8387920145103814
1138,small_world,degree,degree,1148284,500,1500,0.03,15,0.45,0.1,50,0.032,1,0.728,0.8319378932085217
1139,small_world,degree,degree,1149293,500,1500,0.03,15,0.45,0.1,50,0.048,5,0.704,0.7952317915120897
1140,small_world,degree,degree,1150302,500,1500,0.03,15,0.45,0.1,50,0.038,2,0.7460000000000007,0.8301930836439207
1061,small_world,degree,degree,1070591,500,1500,0.03,15,0.45,0.1,50,0.056,8,0.7270000000000012,0.7985061894447801
1062,small_world,degree,degree,1071600,500,1500,0.03,15,0.45,0.1,50,0.062,5,0.7846666666666644,0.820555205586347
1063,small_world,degree,degree,1072609,500,1500,0.03,15,0.45,0.1,50,0.03,0,0.7306666666666667,0.8398563200776057
1064,small_world,degree,degree,1073618,500,1500,0.03,15,0.45,0.1,50,0.032,1,0.7506666666666666,0.8496412421458196
1065,small_world,degree,degree,1074627,500,1500,0.03,15,0.45,0.1,50,0.044,5,0.7199999999999999,0.8082236123389651
1066,small_world,degree,degree,1075636,500,1500,0.03,15,0.45,0.1,50,0.05,6,0.7410000000000008,0.7934430778124687
1067,small_world,degree,degree,1076645,500,1500,0.03,15,0.45,0.1,50,0.038,4,0.724,0.8225364124441487
1068,small_world,degree,degree,1077654,500,1500,0.03,15,0.45,0.1,50,0.054,4,0.7179999999999999,0.7875226584963786
1069,small_world,degree,degree,1078663,500,1500,0.03,15,0.45,0.1,50,0.03,0,0.724,0.8337308287312107
1070,small_world,degree,degree,1079672,500,1500,0.03,15,0.45,0.1,50,0.032,1,0.7413333333333307,0.8394228367770519
1071,small_world,degree,degree,1080681,500,1500,0.03,15,0.45,0.1,50,0.048,2,0.7430000000000004,0.7919153690482335
1072,small_world,degree,degree,1081690,500,1500,0.03,15,0.45,0.1,50,0.048,4,0.7153333333333329,0.800975733177785
1073,small_world,degree,degree,1082699,500,1500,0.03,15,0.45,0.1,50,0.032,1,0.719,0.8239863753959629
1074,small_world,degree,degree,1083708,500,1500,0.03,15,0.45,0.1,50,0.034,2,0.7150000000000003,0.810467978363033
1075,small_world,degree,degree,1084717,500,1500,0.03,15,0.45,0.1,50,0.052,4,0.7360000000000004,0.790951285977268
1076,small_world,degree,degree,1085726,500,1500,0.03,15,0.45,0.1,50,0.034,1,0.7186666666666665,0.8260509413952899
1077,small_world,degree,degree,1086735,500,1500,0.03,15,0.45,0.1,50,0.048,3,0.7273333333333332,0.8105912145688985
1078,small_world,degree,degree,1087744,500,1500,0.03,15,0.45,0.1,50,0.032,1,0.699000000000001,0.8226611770048394
1079,small_world,degree,degree,1088753,500,1500,0.03,15,0.45,0.1,50,0.048,5,0.7433333333333335,0.8116241613263103
1080,small_world,degree,degree,1089762,500,1500,0.03,15,0.45,0.1,50,0.078,11,0.7639999999999972,0.8008207378719755
1001,small_world,degree,degree,1010051,500,1500,0.03,15,0.45,0.1,50,0.046,5,0.7350000000000007,0.8122462603545855
1002,small_world,degree,degree,1011060,500,1500,0.03,15,0.45,0.1,50,0.1,22,0.6990000000000007,0.7224582077083131
1003,small_world,degree,degree,1012069,500,1500,0.03,15,0.45,0.1,50,0.038,2,0.722000000000001,0.810105798925478
1004,small_world,degree,degree,1013078,500,1500,0.03,15,0.45,0.1,50,0.044,6,0.7219999999999999,0.8170670737019992
1005,small_world,degree,degree,1014087,500,1500,0.03,15,0.45,0.1,50,0.06,9,0.6959999999999998,0.7841513334375736
1006,small_world,degree,degree,1015096,500,1500,0.03,15,0.45,0.1,50,0.048,6,0.729,0.7908553324135507
1007,small_world,degree,degree,1016105,500,1500,0.03,15,0.45,0.1,50,0.056,7,0.7273333333333335,0.8117199915788685
1008,small_world,degree,degree,1017114,500,1500,0.03,15,0.45,0.1,50,0.04,2,0.7260000000000004,0.808786578281257
1009,small_world,degree,degree,1018123,500,1500,0.03,15,0.45,0.1,50,0.032,1,0.7300000000000002,0.8328690834588862
1010,small_world,degree,degree,1019132,500,1500,0.03,15,0.45,0.1,50,0.052,6,0.6940000000000011,0.7635188638896057
1011,small_world,degree,degree,1020141,500,1500,0.03,15,0.45,0.1,50,0.102,14,0.6940000000000031,0.7291291754140351
1012,small_world,degree,degree,1021150,500,1500,0.03,15,0.45,0.1,50,0.054,6,0.7160000000000002,0.7819939073726885
1013,small_world,degree,degree,1022159,500,1500,0.03,15,0.45,0.1,50,0.052,7,0.7120000000000011,0.7828320178215206
1014,small_world,degree,degree,1023168,500,1500,0.03,15,0.45,0.1,50,0.04,3,0.6970000000000004,0.7912257699798166
1015,small_world,degree,degree,1024177,500,1500,0.03,15,0.45,0.1,50,0.046,5,0.7150000000000007,0.7918555082850247
1016,small_world,degree,degree,1025186,500,1500,0.03,15,0.45,0.1,50,0.034,1,0.7366666666666658,0.8355061213485976
1017,small_world,degree,degree,1026195,500,1500,0.03,15,0.45,0.1,50,0.032,1,0.741,0.8265011886656846
1018,small_world,degree,degree,1027204,500,1500,0.03,15,0.45,0.1,50,0.036,2,0.7279999999999998,0.8277216817177906
1019,small_world,degree,degree,1028213,500,1500,0.03,15,0.45,0.1,50,0.032,1,0.7190000000000007,0.8243480443944179
1020,small_world,degree,degree,1029222,500,1500,0.03,15,0.45,0.1,50,0.044,3,0.7560000000000003,0.8163807129072913
1041,small_world,degree,degree,1050411,500,1500,0.03,15,0.45,0.1,50,0.038,2,0.734,0.8157599097581639
1042,small_world,degree,degree,1051420,500,1500,0.03,15,0.45,0.1,50,0.054,9,0.709999999999998,0.7908677253898939
1043,small_world,degree,degree,1052429,500,1500,0.03,15,0.45,0.1,50,0.032,1,0.7080000000000003,0.8333156792802547
1044,small_world,degree,degree,1053438,500,1500,0.03,15,0.45,0.1,50,0.032,1,0.7373333333333315,0.8383744831317919
1045,small_world,degree,degree,1054447,500,1500,0.03,15,0.45,0.1,50,0.044,3,0.7319999999999998,0.8222731744227403
1046,small_world,degree,degree,1055456,500,1500,0.03,15,0.45,0.1,50,0.036,2,0.7459999999999997,0.8290677248258469
1047,small_world,degree,degree,1056465,500,1500,0.03,15,0.45,0.1,50,0.032,1,0.7399999999999977,0.8245347426323651
1048,small_world,degree,degree,1057474,500,1500,0.03,15,0.45,0.1,50,0.036,2,0.7240000000000002,0.8177510332735259
1049,small_world,degree,degree,1058483,500,1500,0.03,15,0.45,0.1,50,0.034,1,0.7100000000000003,0.8181825721598537
1050,small_world,degree,degree,1059492,500,1500,0.03,15,0.45,0.1,50,0.034,1,0.7173333333333334,0.8297784074339015
1051,small_world,degree,degree,1060501,500,1500,0.03,15,0.45,0.1,50,0.044,4,0.7266666666666698,0.8123587884375598
1052,small_world,degree,degree,1061510,500,1500,0.03,15,0.45,0.1,50,0.056,6,0.7240000000000012,0.7729082918524013
1053,small_world,degree,degree,1062519,500,1500,0.03,15,0.45,0.1,50,0.06,5,0.738,0.7917702112512752
1054,small_world,degree,degree,1063528,500,1500,0.03,15,0.45,0.1,50,0.032,1,0.7260000000000004,0.8267534647560337
1055,small_world,degree,degree,1064537,500,1500,0.03,15,0.45,0.1,50,0.056,6,0.7120000000000005,0.7709898948054975
1056,small_world,degree,degree,1065546,500,1500,0.03,15,0.45,0.1,50,0.05,6,0.709,0.8000592743386539
1057,small_world,degree,degree,1066555,500,1500,0.03,15,0.45,0.1,50,0.034,1,0.7449999999999999,0.8441389444057443
1058,small_world,degree,degree,1067564,500,1500,0.03,15,0.45,0.1,50,0.06,7,0.7440000000000004,0.7837302341486511
1059,small_world,degree,degree,1068573,500,1500,0.03,15,0.45,0.1,50,0.036,2,0.7493333333333337,0.8368943466003423
1060,small_world,degree,degree,1069582,500,1500,0.03,15,0.45,0.1,50,0.044,2,0.7289999999999981,0.8167480330929988
1141,small_world,degree,degree,1151311,500,1500,0.03,15,0.45,0.1,50,0.082,10,0.75,0.7869581197834111
1142,small_world,degree,degree,1152320,500,1500,0.03,15,0.45,0.1,50,0.036,1,0.7360000000000005,0.8077909494543211
1143,small_world,degree,degree,1153329,500,1500,0.03,15,0.45,0.1,50,0.03,0,0.7160000000000001,0.839023018415169
1144,small_world,degree,degree,1154338,500,1500,0.03,15,0.45,0.1,50,0.064,8,0.7000000000000012,0.7635318307440058
1145,small_world,degree,degree,1155347,500,1500,0.03,15,0.45,0.1,50,0.032,1,0.7413333333333336,0.8371219921735885
1146,small_world,degree,degree,1156356,500,1500,0.03,15,0.45,0.1,50,0.03,0,0.7270000000000001,0.8284908419311203
1147,small_world,degree,degree,1157365,500,1500,0.03,15,0.45,0.1,50,0.05,4,0.7249999999999973,0.8105820492584763
1148,small_world,degree,degree,1158374,500,1500,0.03,15,0.45,0.1,50,0.03,0,0.7200000000000006,0.8284266589012999
1149,small_world,degree,degree,1159383,500,1500,0.03,15,0.45,0.1,50,0.102,12,0.748,0.7718530204193347
1150,small_world,degree,degree,1160392,500,1500,0.03,15,0.45,0.1,50,0.032,1,0.7150000000000002,0.8252268437932956
1151,small_world,degree,degree,1161401,500,1500,0.03,15,0.45,0.1,50,0.054,4,0.742,0.8102793381077202
1152,small_world,degree,degree,1162410,500,1500,0.03,15,0.45,0.1,50,0.032,1,0.7120000000000003,0.8178797384616887
1153,small_world,degree,degree,1163419,500,1500,0.03,15,0.45,0.1,50,0.07,17,0.756666666666664,0.8068790397572265
1154,small_world,degree,degree,1164428,500,1500,0.03,15,0.45,0.1,50,0.042,2,0.769,0.8315131776019339
1155,small_world,degree,degree,1165437,500,1500,0.03,15,0.45,0.1,50,0.048,4,0.7340000000000008,0.8137072359147154
1156,small_world,degree,degree,1166446,500,1500,0.03,15,0.45,0.1,50,0.066,3,0.7299999999999994,0.7792208352441138
1157,small_world,degree,degree,1167455,500,1500,0.03,15,0.45,0.1,50,0.032,1,0.757,0.84530065793312
1158,small_world,degree,degree,1168464,500,1500,0.03,15,0.45,0.1,50,0.032,1,0.7150000000000006,0.8246858496778341
1159,small_world,degree,degree,1169473,500,1500,0.03,15,0.45,0.1,50,0.04,2,0.7330000000000003,0.8224257545678323
1160,small_world,degree,degree,1170482,500,1500,0.03,15,0.45,0.1,50,0.03,0,0.7480000000000009,0.840157285524499
1101,small_world,degree,degree,1110951,500,1500,0.03,15,0.45,0.1,50,0.048,3,0.7173333333333336,0.7995675006463536
1102,small_world,degree,degree,1111960,500,1500,0.03,15,0.45,0.1,50,0.076,6,0.7639999999999971,0.7985827946028649
1103,small_world,degree,degree,1112969,500,1500,0.03,15,0.45,0.1,50,0.05,6,0.7450000000000015,0.8119158852506639
1104,small_world,degree,degree,1113978,500,1500,0.03,15,0.45,0.1,50,0.068,7,0.6870000000000005,0.7607076204184836
1105,small_world,degree,degree,1114987,500,1500,0.03,15,0.45,0.1,50,0.064,3,0.7290000000000006,0.774274169477314
1106,small_world,degree,degree,1115996,500,1500,0.03,15,0.45,0.1,50,0.034,1,0.7010000000000006,0.810520892270559
1107,small_world,degree,degree,1117005,500,1500,0.03,15,0.45,0.1,50,0.046,4,0.7030000000000005,0.7824459415608738
1108,small_world,degree,degree,1118014,500,1500,0.03,15,0.45,0.1,50,0.042,2,0.7559999999999981,0.8394730653384967
1109,small_world,degree,degree,1119023,500,1500,0.03,15,0.45,0.1,50,0.052,6,0.6999999999999997,0.7852983141353366
1110,small_world,degree,degree,1120032,500,1500,0.03,15,0.45,0.1,50,0.078,7,0.7660000000000002,0.7870845489962
1111,small_world,degree,degree,1121041,500,1500,0.03,15,0.45,0.1,50,0.052,7,0.7289999999999999,0.7814489116092993
1112,small_world,degree,degree,1122050,500,1500,0.03,15,0.45,0.1,50,0.036,1,0.726000000000001,0.8224857260141512
1113,small_world,degree,degree,1123059,500,1500,0.03,15,0.45,0.1,50,0.056,5,0.7353333333333328,0.7978683485865473
1114,small_world,degree,degree,1124068,500,1500,0.03,15,0.45,0.1,50,0.058,6,0.7590000000000006,0.8127274939096096
1115,small_world,degree,degree,1125077,500,1500,0.03,15,0.45,0.1,50,0.038,1,0.7410000000000004,0.8159329671251362
1116,small_world,degree,degree,1126086,500,1500,0.03,15,0.45,0.1,50,0.052,4,0.7546666666666645,0.8187800221059421
1117,small_world,degree,degree,1127095,500,1500,0.03,15,0.45,0.1,50,0.07,6,0.7413333333333314,0.7917735916485751
1118,small_world,degree,degree,1128104,500,1500,0.03,15,0.45,0.1,50,0.052,5,0.7599999999999999,0.8155825533738049
1119,small_world,degree,degree,1129113,500,1500,0.03,15,0.45,0.1,50,0.054,6,0.7080000000000006,0.779752828650977
1120,small_world,degree,degree,1130122,500,1500,0.03,15,0.45,0.1,50,0.062,9,0.7330000000000004,0.7882705876845849
1161,small_world,degree,degree,1171491,500,1500,0.03,15,0.45,0.1,50,0.032,1,0.7306666666666664,0.8409636581624441
1162,small_world,degree,degree,1172500,500,1500,0.03,15,0.45,0.1,50,0.052,5,0.7190000000000007,0.7941109823608076
1163,small_world,degree,degree,1173509,500,1500,0.03,15,0.45,0.1,50,0.07,7,0.7110000000000007,0.7565525518597883
1164,small_world,degree,degree,1174518,500,1500,0.03,15,0.45,0.1,50,0.042,5,0.7260000000000004,0.8236930554430283
1165,small_world,degree,degree,1175527,500,1500,0.03,15,0.45,0.1,50,0.048,2,0.772,0.8203103393410404
1166,small_world,degree,degree,1176536,500,1500,0.03,15,0.45,0.1,50,0.03,0,0.7339999999999997,0.8425281364134493
1167,small_world,degree,degree,1177545,500,1500,0.03,15,0.45,0.1,50,0.058,6,0.775,0.8146787013626213
1168,small_world,degree,degree,1178554,500,1500,0.03,15,0.45,0.1,50,0.036,2,0.7290000000000012,0.8185357436285298
1169,small_world,degree,degree,1179563,500,1500,0.03,15,0.45,0.1,50,0.032,1,0.7140000000000002,0.823056740198457
1170,small_world,degree,degree,1180572,500,1500,0.03,15,0.45,0.1,50,0.056,4,0.7293333333333337,0.7820001186134498
1171,small_world,degree,degree,1181581,500,1500,0.03,15,0.45,0.1,50,0.064,8,0.7219999999999992,0.7746126166862475
1172,small_world,degree,degree,1182590,500,1500,0.03,15,0.45,0.1,50,0.062,4,0.737,0.787267400089929
1173,small_world,degree,degree,1183599,500,1500,0.03,15,0.45,0.1,50,0.032,1,0.7233333333333377,0.8358492607325786
1174,small_world,degree,degree,1184608,500,1500,0.03,15,0.45,0.1,50,0.038,4,0.7230000000000006,0.8112776437578774
1175,small_world,degree,degree,1185617,500,1500,0.03,15,0.45,0.1,50,0.058,10,0.7039999999999998,0.7895013420682763
1176,small_world,degree,degree,1186626,500,1500,0.03,15,0.45,0.1,50,0.058,7,0.7266666666666667,0.777905162449334
1177,small_world,degree,degree,1187635,500,1500,0.03,15,0.45,0.1,50,0.032,1,0.737333333333333,0.8288120867044878
1178,small_world,degree,degree,1188644,500,1500,0.03,15,0.45,0.1,50,0.09,9,0.7149999999999999,0.7595091781679679
1179,small_world,degree,degree,1189653,500,1500,0.03,15,0.45,0.1,50,0.056,8,0.7373333333333333,0.8199252963288608
1180,small_world,degree,degree,1190662,500,1500,0.03,15,0.45,0.1,50,0.056,10,0.7079999999999999,0.7855670085552873
1181,small_world,degree,degree,1191671,500,1500,0.03,15,0.45,0.1,50,0.056,6,0.7110000000000006,0.7808470768612127
1182,small_world,degree,degree,1192680,500,1500,0.03,15,0.45,0.1,50,0.06,9,0.7030000000000011,0.7755516084739483
1183,small_world,degree,degree,1193689,500,1500,0.03,15,0.45,0.1,50,0.048,8,0.7119999999999999,0.7916735584777533
1184,small_world,degree,degree,1194698,500,1500,0.03,15,0.45,0.1,50,0.03,0,0.74,0.8431525720455364
1185,small_world,degree,degree,1195707,500,1500,0.03,15,0.45,0.1,50,0.054,6,0.7110000000000001,0.7779243386272664
1186,small_world,degree,degree,1196716,500,1500,0.03,15,0.45,0.1,50,0.052,3,0.7330000000000004,0.7975524329854087
1187,small_world,degree,degree,1197725,500,1500,0.03,15,0.45,0.1,50,0.062,9,0.689,0.7681184079173183
1188,small_world,degree,degree,1198734,500,1500,0.03,15,0.45,0.1,50,0.084,8,0.6930000000000006,0.7374943819878014
1189,small_world,degree,degree,1199743,500,1500,0.03,15,0.45,0.1,50,0.038,2,0.758,0.8217383777040038
1190,small_world,degree,degree,1200752,500,1500,0.03,15,0.45,0.1,50,0.05,5,0.7070000000000002,0.7902614187412931
1191,small_world,degree,degree,1201761,500,1500,0.03,15,0.45,0.1,50,0.08,9,0.71,0.7788838797196527
1192,small_world,degree,degree,1202770,500,1500,0.03,15,0.45,0.1,50,0.06,4,0.732,0.7847926635143845
1193,small_world,degree,degree,1203779,500,1500,0.03,15,0.45,0.1,50,0.054,5,0.7250000000000004,0.7883839520741911
1194,small_world,degree,degree,1204788,500,1500,0.03,15,0.45,0.1,50,0.034,1,0.7410000000000009,0.8294703287924567
1195,small_world,degree,degree,1205797,500,1500,0.03,15,0.45,0.1,50,0.06,8,0.7200000000000008,0.7881605538642248
1196,small_world,degree,degree,1206806,500,1500,0.03,15,0.45,0.1,50,0.056,5,0.7240000000000008,0.7717895121338672
1197,small_world,degree,degree,1207815,500,1500,0.03,15,0.45,0.1,50,0.036,2,0.727,0.8200601695552016
1198,small_world,degree,degree,1208824,500,1500,0.03,15,0.45,0.1,50,0.056,3,0.7019999999999977,0.7727778176694164
1199,small_world,degree,degree,1209833,500,1500,0.03,15,0.45,0.1,50,0.048,4,0.751,0.8140548750866289
1200,small_world,degree,degree,1210842,500,1500,0.03,15,0.45,0.1,50,0.034,1,0.7380000000000001,0.8427880868388692
1201,random,inv_degree,degree,1211851,500,1468,0.03,15,0.45,0.1,50,0.05,2,0.6816389132340048,0.6527851187723617
1202,random,inv_degree,degree,1212860,500,1493,0.03,15,0.45,0.1,50,0.04,1,0.7142857142857146,0.728620655149558
1203,random,inv_degree,degree,1213869,500,1476,0.03,15,0.45,0.1,50,0.048,1,0.6951581027667981,0.6897424070309484
1204,random,inv_degree,degree,1214878,500,1487,0.03,15,0.45,0.1,50,0.048,1,0.6966416261599653,0.6775038437022343
1205,random,inv_degree,degree,1215887,500,1532,0.03,15,0.45,0.1,50,0.052,2,0.6572123176661252,0.6388020919927514
1206,random,inv_degree,degree,1216896,500,1601,0.03,15,0.45,0.1,50,0.056,3,0.659820958399157,0.5994786334952693
1207,random,inv_degree,degree,1217905,500,1529,0.03,15,0.45,0.1,50,0.042,1,0.6835722160970231,0.6745445869509209
1208,random,inv_degree,degree,1218914,500,1462,0.03,15,0.45,0.1,50,0.04,1,0.7051030421982342,0.71639963168003
1209,random,inv_degree,degree,1219923,500,1472,0.03,15,0.45,0.1,50,0.044,2,0.6760355029585794,0.6877377259199215
1210,random,inv_degree,degree,1220932,500,1481,0.03,15,0.45,0.1,50,0.046,2,0.7119841718485015,0.700488916071336
1211,random,inv_degree,degree,1221941,500,1531,0.03,15,0.45,0.1,50,0.04,2,0.6879224876070297,0.685606801771032
1212,random,inv_degree,degree,1222950,500,1503,0.03,15,0.45,0.1,50,0.044,1,0.6730076091309547,0.6829672668656247
1213,random,inv_degree,degree,1223959,500,1535,0.03,15,0.45,0.1,50,0.044,1,0.6994169096209911,0.6799029789027405
1214,random,inv_degree,degree,1224968,500,1487,0.03,15,0.45,0.1,50,0.054,2,0.6681569796323888,0.6503495175077593
1215,random,inv_degree,degree,1225977,500,1530,0.03,15,0.45,0.1,50,0.044,2,0.6926395939086285,0.6853589642099945
1216,random,inv_degree,degree,1226986,500,1516,0.03,15,0.45,0.1,50,0.042,1,0.7046370967741925,0.6924104360974709
1217,random,inv_degree,degree,1227995,500,1566,0.03,15,0.45,0.1,50,0.036,1,0.7003205128205131,0.7089820986084218
1218,random,inv_degree,degree,1229004,500,1486,0.03,15,0.45,0.1,50,0.056,3,0.6871896722939419,0.6603183473586813
1219,random,inv_degree,degree,1230013,500,1473,0.03,15,0.45,0.1,50,0.042,1,0.7119016249451037,0.691714928256059
1220,random,inv_degree,degree,1231022,500,1539,0.03,15,0.45,0.1,50,0.04,1,0.7433264887063651,0.7231619623755503
1241,random,inv_degree,degree,1252211,500,1561,0.03,15,0.45,0.1,50,0.054,2,0.6829484902309064,0.6391060159555833
1242,random,inv_degree,degree,1253220,500,1534,0.03,15,0.45,0.1,50,0.036,2,0.7115971515768057,0.705416034061708
1243,random,inv_degree,degree,1254229,500,1494,0.03,15,0.45,0.1,50,0.046,2,0.6697407776669982,0.6853665880382321
1244,random,inv_degree,degree,1255238,500,1401,0.03,15,0.45,0.1,50,0.042,1,0.6960369372835679,0.7038409351302498
1245,random,inv_degree,degree,1256247,500,1564,0.03,15,0.45,0.1,50,0.046,2,0.6751033057851231,0.670794809253201
1246,random,inv_degree,degree,1257256,500,1496,0.03,15,0.45,0.1,50,0.064,2,0.6748003549245776,0.5978386388721925
1247,random,inv_degree,degree,1258265,500,1510,0.03,15,0.45,0.1,50,0.044,2,0.6879396984924625,0.6852562134898473
1248,random,inv_degree,degree,1259274,500,1490,0.03,15,0.45,0.1,50,0.042,2,0.7008849557522119,0.6952042188349838
1249,random,inv_degree,degree,1260283,500,1502,0.03,15,0.45,0.1,50,0.048,2,0.6908362989323846,0.6710967938450749
1250,random,inv_degree,degree,1261292,500,1427,0.03,15,0.45,0.1,50,0.046,2,0.7103232030873124,0.690630554361735
1251,random,inv_degree,degree,1262301,500,1511,0.03,15,0.45,0.1,50,0.058,2,0.6625725770433231,0.6244296244639103
1252,random,inv_degree,degree,1263310,500,1493,0.03,15,0.45,0.1,50,0.042,1,0.6888390632785242,0.6838977022668961
1253,random,inv_degree,degree,1264319,500,1573,0.03,15,0.45,0.1,50,0.054,2,0.6803321224701608,0.6324804547929953
1254,random,inv_degree,degree,1265328,500,1458,0.03,15,0.45,0.1,50,0.05,2,0.7050781249999994,0.6808996356285785
1255,random,inv_degree,degree,1266337,500,1545,0.03,15,0.45,0.1,50,0.044,3,0.7026392961876831,0.6896635674039717
1256,random,inv_degree,degree,1267346,500,1499,0.03,15,0.45,0.1,50,0.04,1,0.7191404297851072,0.7051515873194534
1257,random,inv_degree,degree,1268355,500,1482,0.03,15,0.45,0.1,50,0.044,1,0.7237363726461824,0.6954340559632972
1258,random,inv_degree,degree,1269364,500,1470,0.03,15,0.45,0.1,50,0.064,2,0.6842696629213479,0.6351096998301471
1259,random,inv_degree,degree,1270373,500,1545,0.03,15,0.45,0.1,50,0.046,1,0.6653767820773911,0.6652316190952643
1260,random,inv_degree,degree,1271382,500,1559,0.03,15,0.45,0.1,50,0.032,1,0.7072113190324049,0.7221857873613662
1221,random,inv_degree,degree,1232031,500,1456,0.03,15,0.45,0.1,50,0.042,2,0.726272015655577,0.7091253212959397
1222,random,inv_degree,degree,1233040,500,1490,0.03,15,0.45,0.1,50,0.04,2,0.7049751243781095,0.7031295728023068
1223,random,inv_degree,degree,1234049,500,1450,0.03,15,0.45,0.1,50,0.058,3,0.6723913043478262,0.6424874753817491
1224,random,inv_degree,degree,1235058,500,1544,0.03,15,0.45,0.1,50,0.044,2,0.7088445807770954,0.6853237518087445
1225,random,inv_degree,degree,1236067,500,1531,0.03,15,0.45,0.1,50,0.056,3,0.6725394896719298,0.6192066524878725
1226,random,inv_degree,degree,1237076,500,1498,0.03,15,0.45,0.1,50,0.042,1,0.6970529470529465,0.7060251215450634
1227,random,inv_degree,degree,1238085,500,1484,0.03,15,0.45,0.1,50,0.044,1,0.6858279103398409,0.6812485969464811
1228,random,inv_degree,degree,1239094,500,1600,0.03,15,0.45,0.1,50,0.048,1,0.647674418604652,0.6512945072539311
1229,random,inv_degree,degree,1240103,500,1483,0.03,15,0.45,0.1,50,0.048,3,0.683281870313189,0.6775909906188873
1230,random,inv_degree,degree,1241112,500,1478,0.03,15,0.45,0.1,50,0.046,2,0.7126607319485645,0.6836045708266516
1231,random,inv_degree,degree,1242121,500,1515,0.03,15,0.45,0.1,50,0.036,1,0.7293064876957502,0.7133494911715929
1232,random,inv_degree,degree,1243130,500,1501,0.03,15,0.45,0.1,50,0.042,2,0.6976433970653625,0.6918190701837569
1233,random,inv_degree,degree,1244139,500,1488,0.03,15,0.45,0.1,50,0.046,3,0.7150964812712822,0.6868461437475869
1234,random,inv_degree,degree,1245148,500,1459,0.03,15,0.45,0.1,50,0.052,3,0.6721763085399415,0.6628581111903459
1235,random,inv_degree,degree,1246157,500,1523,0.03,15,0.45,0.1,50,0.04,1,0.7437753329473076,0.7212627459619405
1236,random,inv_degree,degree,1247166,500,1549,0.03,15,0.45,0.1,50,0.036,1,0.7105860972285329,0.7012332554886664
1237,random,inv_degree,degree,1248175,500,1495,0.03,15,0.45,0.1,50,0.05,2,0.6977556109725679,0.6829009318769097
1238,random,inv_degree,degree,1249184,500,1482,0.03,15,0.45,0.1,50,0.046,1,0.7081447963800904,0.6989742116609344
1239,random,inv_degree,degree,1250193,500,1527,0.03,15,0.45,0.1,50,0.062,2,0.6486729644624375,0.6116383276811715
1240,random,inv_degree,degree,1251202,500,1536,0.03,15,0.45,0.1,50,0.042,2,0.7111562782294493,0.6910141767464272
1261,random,inv_degree,degree,1272391,500,1503,0.03,15,0.45,0.1,50,0.05,2,0.6817401259301664,0.6761415948853821
1262,random,inv_degree,degree,1273400,500,1498,0.03,15,0.45,0.1,50,0.044,1,0.6963036963036958,0.6826383562276064
1263,random,inv_degree,degree,1274409,500,1427,0.03,15,0.45,0.1,50,0.046,4,0.7068019747668685,0.7086728587251961
1264,random,inv_degree,degree,1275418,500,1451,0.03,15,0.45,0.1,50,0.042,2,0.7033492822966505,0.7031877707169353
1265,random,inv_degree,degree,1276427,500,1478,0.03,15,0.45,0.1,50,0.046,1,0.7110475352112681,0.7055535860233886
1266,random,inv_degree,degree,1277436,500,1481,0.03,15,0.45,0.1,50,0.036,1,0.7238552854720189,0.726962275884
1267,random,inv_degree,degree,1278445,500,1466,0.03,15,0.45,0.1,50,0.038,1,0.7044658493870408,0.7126223427820282
1268,random,inv_degree,degree,1279454,500,1552,0.03,15,0.45,0.1,50,0.036,1,0.7158624229979454,0.7140176125680725
1269,random,inv_degree,degree,1280463,500,1517,0.03,15,0.45,0.1,50,0.032,1,0.7201210287443258,0.7341671321213614
1270,random,inv_degree,degree,1281472,500,1499,0.03,15,0.45,0.1,50,0.048,1,0.6689324270291857,0.6393215080424742
1271,random,inv_degree,degree,1282481,500,1488,0.03,15,0.45,0.1,50,0.048,2,0.6978337754199823,0.6812991658403752
1272,random,inv_degree,degree,1283490,500,1463,0.03,15,0.45,0.1,50,0.04,1,0.7254391672088473,0.7271702386679342
1273,random,inv_degree,degree,1284499,500,1494,0.03,15,0.45,0.1,50,0.052,2,0.7095671981776772,0.6671828269345998
1274,random,inv_degree,degree,1285508,500,1565,0.03,15,0.45,0.1,50,0.04,2,0.6850129198966405,0.6938391809466533
1275,random,inv_degree,degree,1286517,500,1494,0.03,15,0.45,0.1,50,0.034,1,0.7266514806378133,0.745149602402135
1276,random,inv_degree,degree,1287526,500,1443,0.03,15,0.45,0.1,50,0.044,3,0.7161040398450476,0.7270367347915809
1277,random,inv_degree,degree,1288535,500,1469,0.03,15,0.45,0.1,50,0.05,3,0.6885770556376165,0.6629000081573355
1278,random,inv_degree,degree,1289544,500,1551,0.03,15,0.45,0.1,50,0.048,2,0.6819008640291035,0.6632150355183329
1279,random,inv_degree,degree,1290553,500,1494,0.03,15,0.45,0.1,50,0.05,2,0.6664006384676748,0.6512170036472389
1280,random,inv_degree,degree,1291562,500,1515,0.03,15,0.45,0.1,50,0.04,1,0.6959697732997477,0.7039975324556711
1281,random,inv_degree,degree,1292571,500,1452,0.03,15,0.45,0.1,50,0.048,2,0.7163515016685215,0.6962749590161589
1282,random,inv_degree,degree,1293580,500,1485,0.03,15,0.45,0.1,50,0.042,1,0.7208436724565751,0.708414622094468
1283,random,inv_degree,degree,1294589,500,1473,0.03,15,0.45,0.1,50,0.042,1,0.7141249296567249,0.7117223919229045
1284,random,inv_degree,degree,1295598,500,1486,0.03,15,0.45,0.1,50,0.06,3,0.6636047666335647,0.6121218990843658
1285,random,inv_degree,degree,1296607,500,1453,0.03,15,0.45,0.1,50,0.056,2,0.6782489202983881,0.6393440686865558
1286,random,inv_degree,degree,1297616,500,1544,0.03,15,0.45,0.1,50,0.044,2,0.683428338762211,0.6674399179970976
1287,random,inv_degree,degree,1298625,500,1492,0.03,15,0.45,0.1,50,0.054,2,0.6919820717131462,0.6609785542355991
1288,random,inv_degree,degree,1299634,500,1518,0.03,15,0.45,0.1,50,0.054,2,0.6513543191800878,0.6266282065366873
1289,random,inv_degree,degree,1300643,500,1427,0.03,15,0.45,0.1,50,0.044,1,0.6848902281532504,0.7036741925980777
1290,random,inv_degree,degree,1301652,500,1433,0.03,15,0.45,0.1,50,0.048,2,0.6923076923076917,0.6828094739505983
1291,random,inv_degree,degree,1302661,500,1541,0.03,15,0.45,0.1,50,0.042,2,0.6964689904934375,0.7040705372826234
1292,random,inv_degree,degree,1303670,500,1449,0.03,15,0.45,0.1,50,0.056,2,0.7062742920599667,0.664963235424567
1293,random,inv_degree,degree,1304679,500,1467,0.03,15,0.45,0.1,50,0.056,2,0.6892877173303423,0.6544890855211682
1294,random,inv_degree,degree,1305688,500,1550,0.03,15,0.45,0.1,50,0.06,3,0.6882352941176468,0.6338664456027236
1295,random,inv_degree,degree,1306697,500,1476,0.03,15,0.45,0.1,50,0.052,2,0.6649242970439798,0.6587289572759621
1296,random,inv_degree,degree,1307706,500,1531,0.03,15,0.45,0.1,50,0.046,2,0.6901980700863372,0.6741951975645252
1297,random,inv_degree,degree,1308715,500,1528,0.03,15,0.45,0.1,50,0.044,1,0.6699029126213559,0.6774604648963756
1298,random,inv_degree,degree,1309724,500,1531,0.03,15,0.45,0.1,50,0.052,1,0.6810563737938037,0.6446902368100164
1299,random,inv_degree,degree,1310733,500,1500,0.03,15,0.45,0.1,50,0.046,2,0.6944999999999992,0.6894619610348619
1300,random,inv_degree,degree,1311742,500,1523,0.03,15,0.45,0.1,50,0.06,2,0.6564392410173572,0.5837838540002684
1301,random,inv_degree,degree,1312751,500,1592,0.03,15,0.45,0.1,50,0.04,1,0.67753322259136,0.6816976354609465
1302,random,inv_degree,degree,1313760,500,1547,0.03,15,0.45,0.1,50,0.034,1,0.68574331188622,0.7037621770106414
1303,random,inv_degree,degree,1314769,500,1491,0.03,15,0.45,0.1,50,0.062,1,0.6696576935859123,0.6174014146254984
1304,random,inv_degree,degree,1315778,500,1472,0.03,15,0.45,0.1,50,0.044,1,0.7159730033745784,0.6977185363340039
1305,random,inv_degree,degree,1316787,500,1591,0.03,15,0.45,0.1,50,0.044,2,0.6917234154007331,0.6749252674328935
1306,random,inv_degree,degree,1317796,500,1500,0.03,15,0.45,0.1,50,0.038,1,0.6687272727272727,0.6827198935766525
1307,random,inv_degree,degree,1318805,500,1561,0.03,15,0.45,0.1,50,0.042,2,0.6892728210417743,0.6891902093449318
1308,random,inv_degree,degree,1319814,500,1518,0.03,15,0.45,0.1,50,0.052,2,0.6821593533487299,0.6630030858520303
1309,random,inv_degree,degree,1320823,500,1500,0.03,15,0.45,0.1,50,0.05,3,0.6873333333333335,0.6571745933985641
1310,random,inv_degree,degree,1321832,500,1487,0.03,15,0.45,0.1,50,0.04,2,0.719795802609189,0.7188138828697013
1311,random,inv_degree,degree,1322841,500,1490,0.03,15,0.45,0.1,50,0.044,1,0.7024875621890545,0.6987308991660945
1312,random,inv_degree,degree,1323850,500,1478,0.03,15,0.45,0.1,50,0.04,2,0.7067260138476749,0.7160274346661899
1313,random,inv_degree,degree,1324859,500,1547,0.03,15,0.45,0.1,50,0.052,2,0.6631865637766671,0.6501680259049784
1314,random,inv_degree,degree,1325868,500,1502,0.03,15,0.45,0.1,50,0.042,1,0.7088100686498859,0.7059406346033917
1315,random,inv_degree,degree,1326877,500,1496,0.03,15,0.45,0.1,50,0.04,1,0.6956087824351289,0.7140176118456985
1316,random,inv_degree,degree,1327886,500,1504,0.03,15,0.45,0.1,50,0.044,2,0.7253722794959905,0.7058876583266215
1317,random,inv_degree,degree,1328895,500,1478,0.03,15,0.45,0.1,50,0.05,2,0.695103857566765,0.6716910911091496
1318,random,inv_degree,degree,1329904,500,1471,0.03,15,0.45,0.1,50,0.05,2,0.6709082931110132,0.6636362342243467
1319,random,inv_degree,degree,1330913,500,1562,0.03,15,0.45,0.1,50,0.062,3,0.6655805687203791,0.6208608152188849
1320,random,inv_degree,degree,1331922,500,1532,0.03,15,0.45,0.1,50,0.042,2,0.6877817853922457,0.6835416139197804
1321,random,inv_degree,degree,1332931,500,1516,0.03,15,0.45,0.1,50,0.044,1,0.6807568438003202,0.6781616210146948
1322,random,inv_degree,degree,1333940,500,1504,0.03,15,0.45,0.1,50,0.048,2,0.6989182692307673,0.66953432931303
1323,random,inv_degree,degree,1334949,500,1539,0.03,15,0.45,0.1,50,0.05,2,0.6435689816256621,0.6258928265687266
1324,random,inv_degree,degree,1335958,500,1479,0.03,15,0.45,0.1,50,0.056,3,0.6942405420666283,0.6537869526503044
1325,random,inv_degree,degree,1336967,500,1462,0.03,15,0.45,0.1,50,0.05,1,0.726789709172261,0.6763240395127945
1326,random,inv_degree,degree,1337976,500,1532,0.03,15,0.45,0.1,50,0.04,1,0.6813209076175009,0.694235311398512
1327,random,inv_degree,degree,1338985,500,1456,0.03,15,0.45,0.1,50,0.046,1,0.6918047079337402,0.6936995270678851
1328,random,inv_degree,degree,1339994,500,1541,0.03,15,0.45,0.1,50,0.044,2,0.6656457376212357,0.678213256973896
1329,random,inv_degree,degree,1341003,500,1487,0.03,15,0.45,0.1,50,0.042,2,0.6838052657724787,0.6995770685500423
1330,random,inv_degree,degree,1342012,500,1509,0.03,15,0.45,0.1,50,0.058,2,0.6886846639862153,0.6420024697900694
1331,random,inv_degree,degree,1343021,500,1426,0.03,15,0.45,0.1,50,0.052,2,0.6995614035087714,0.6831724306978798
1332,random,inv_degree,degree,1344030,500,1443,0.03,15,0.45,0.1,50,0.05,2,0.7255118981737685,0.6846224228981249
1333,random,inv_degree,degree,1345039,500,1574,0.03,15,0.45,0.1,50,0.06,3,0.6442241968557781,0.5796387190894945
1334,random,inv_degree,degree,1346048,500,1464,0.03,15,0.45,0.1,50,0.05,3,0.6863948919449894,0.6609110493167342
1335,random,inv_degree,degree,1347057,500,1428,0.03,15,0.45,0.1,50,0.042,2,0.7132272228320528,0.7143900494443794
1336,random,inv_degree,degree,1348066,500,1503,0.03,15,0.45,0.1,50,0.044,1,0.6967067200712057,0.6859573000122842
1337,random,inv_degree,degree,1349075,500,1480,0.03,15,0.45,0.1,50,0.05,2,0.6799559471365627,0.65883587002685
1338,random,inv_degree,degree,1350084,500,1489,0.03,15,0.45,0.1,50,0.04,1,0.6934361014420684,0.711903019031313
1339,random,inv_degree,degree,1351093,500,1539,0.03,15,0.45,0.1,50,0.04,1,0.7136664966853636,0.7158187033112485
1340,random,inv_degree,degree,1352102,500,1510,0.03,15,0.45,0.1,50,0.052,3,0.6835341365461818,0.6397656831381605
1341,random,inv_degree,degree,1353111,500,1474,0.03,15,0.45,0.1,50,0.042,2,0.707820738137083,0.6969684999922598
1342,random,inv_degree,degree,1354120,500,1529,0.03,15,0.45,0.1,50,0.06,3,0.6477616963985209,0.6089470838470923
1343,random,inv_degree,degree,1355129,500,1469,0.03,15,0.45,0.1,50,0.056,2,0.7313307130825382,0.6720990910104198
1344,random,inv_degree,degree,1356138,500,1520,0.03,15,0.45,0.1,50,0.052,1,0.6543956043956044,0.613600384154462
1345,random,inv_degree,degree,1357147,500,1511,0.03,15,0.45,0.1,50,0.044,1,0.7085752568110764,0.6806718040932066
1346,random,inv_degree,degree,1358156,500,1451,0.03,15,0.45,0.1,50,0.05,2,0.6618435155412647,0.6621115994156795
1347,random,inv_degree,degree,1359165,500,1499,0.03,15,0.45,0.1,50,0.048,1,0.7267880941803646,0.6845727872580348
1348,random,inv_degree,degree,1360174,500,1492,0.03,15,0.45,0.1,50,0.058,3,0.6933126660761736,0.6324426366631991
1349,random,inv_degree,degree,1361183,500,1494,0.03,15,0.45,0.1,50,0.042,3,0.7135535307517079,0.7158822278943382
1350,random,inv_degree,degree,1362192,500,1512,0.03,15,0.45,0.1,50,0.04,1,0.6923231511253994,0.6928137175592078
1351,random,inv_degree,degree,1363201,500,1514,0.03,15,0.45,0.1,50,0.054,3,0.6674219536757297,0.6370019259894045
1352,random,inv_degree,degree,1364210,500,1541,0.03,15,0.45,0.1,50,0.052,2,0.7048438207333636,0.6453414394687671
1353,random,inv_degree,degree,1365219,500,1473,0.03,15,0.45,0.1,50,0.042,2,0.7304445694991564,0.7163801278939935
1354,random,inv_degree,degree,1366228,500,1428,0.03,15,0.45,0.1,50,0.05,1,0.6896267837541162,0.6941952380692937
1355,random,inv_degree,degree,1367237,500,1533,0.03,15,0.45,0.1,50,0.042,1,0.6904484566103665,0.7019327014723736
1356,random,inv_degree,degree,1368246,500,1474,0.03,15,0.45,0.1,50,0.044,2,0.709032576505429,0.697336854924793
1357,random,inv_degree,degree,1369255,500,1485,0.03,15,0.45,0.1,50,0.038,1,0.6690949227373065,0.7092177456485346
1358,random,inv_degree,degree,1370264,500,1520,0.03,15,0.45,0.1,50,0.046,2,0.705050505050505,0.690428626837023
1359,random,inv_degree,degree,1371273,500,1507,0.03,15,0.45,0.1,50,0.038,2,0.6753554502369669,0.7022887098612528
1360,random,inv_degree,degree,1372282,500,1416,0.03,15,0.45,0.1,50,0.05,2,0.6960196292257355,0.6801042424613414
1381,random,inv_degree,degree,1393471,500,1572,0.03,15,0.45,0.1,50,0.048,2,0.6698806244260788,0.6418677394341735
1382,random,inv_degree,degree,1394480,500,1505,0.03,15,0.45,0.1,50,0.036,1,0.7073496659242755,0.7162118765791254
1383,random,inv_degree,degree,1395489,500,1569,0.03,15,0.45,0.1,50,0.042,2,0.6999254009697874,0.6769265454881956
1384,random,inv_degree,degree,1396498,500,1518,0.03,15,0.45,0.1,50,0.064,3,0.6843637992831525,0.6007046108370501
1385,random,inv_degree,degree,1397507,500,1552,0.03,15,0.45,0.1,50,0.038,1,0.7158780709736133,0.7110067749580942
1386,random,inv_degree,degree,1398516,500,1452,0.03,15,0.45,0.1,50,0.05,2,0.6988320355951061,0.6834120180443679
1387,random,inv_degree,degree,1399525,500,1523,0.03,15,0.45,0.1,50,0.038,1,0.7313259988419222,0.7254487137805695
1388,random,inv_degree,degree,1400534,500,1419,0.03,15,0.45,0.1,50,0.036,1,0.7411250682687055,0.7479164763076597
1389,random,inv_degree,degree,1401543,500,1563,0.03,15,0.45,0.1,50,0.044,1,0.6710105166895289,0.6591756763839712
1390,random,inv_degree,degree,1402552,500,1532,0.03,15,0.45,0.1,50,0.032,1,0.7511641443538992,0.7449635758635931
1391,random,inv_degree,degree,1403561,500,1485,0.03,15,0.45,0.1,50,0.044,1,0.7064516129032251,0.6977838123319257
1392,random,inv_degree,degree,1404570,500,1510,0.03,15,0.45,0.1,50,0.05,2,0.6741071428571419,0.6629607261378939
1393,random,inv_degree,degree,1405579,500,1459,0.03,15,0.45,0.1,50,0.058,2,0.702596766291033,0.6409355316855294
1394,random,inv_degree,degree,1406588,500,1487,0.03,15,0.45,0.1,50,0.046,1,0.6850378034222012,0.672965584149662
1395,random,inv_degree,degree,1407597,500,1579,0.03,15,0.45,0.1,50,0.044,2,0.6819364914107231,0.6695510490031534
1396,random,inv_degree,degree,1408606,500,1498,0.03,15,0.45,0.1,50,0.038,1,0.7234212629896053,0.7107712337029845
1397,random,inv_degree,degree,1409615,500,1448,0.03,15,0.45,0.1,50,0.048,2,0.7153163152053255,0.6958487431359326
1398,random,inv_degree,degree,1410624,500,1532,0.03,15,0.45,0.1,50,0.048,3,0.6717763751127139,0.6455256986647835
1399,random,inv_degree,degree,1411633,500,1515,0.03,15,0.45,0.1,50,0.042,2,0.7020151133501256,0.6929854846607729
1400,random,inv_degree,degree,1412642,500,1492,0.03,15,0.45,0.1,50,0.052,4,0.6647475642161202,0.6424838929035025
1361,random,inv_degree,degree,1373291,500,1511,0.03,15,0.45,0.1,50,0.046,2,0.6862193652069084,0.6607094050732807
1362,random,inv_degree,degree,1374300,500,1480,0.03,15,0.45,0.1,50,0.046,2,0.7292079207920775,0.6971875355814398
1363,random,inv_degree,degree,1375309,500,1542,0.03,15,0.45,0.1,50,0.036,2,0.7122063329928487,0.723293961966472
1364,random,inv_degree,degree,1376318,500,1544,0.03,15,0.45,0.1,50,0.038,1,0.6883499546690839,0.7026958447435367
1365,random,inv_degree,degree,1377327,500,1499,0.03,15,0.45,0.1,50,0.048,3,0.6959020489755116,0.6713146050600203
1366,random,inv_degree,degree,1378336,500,1453,0.03,15,0.45,0.1,50,0.046,1,0.7063996091841706,0.6847711746917254
1367,random,inv_degree,degree,1379345,500,1456,0.03,15,0.45,0.1,50,0.046,2,0.6964285714285701,0.7027236904738023
1368,random,inv_degree,degree,1380354,500,1464,0.03,15,0.45,0.1,50,0.048,1,0.705550098231826,0.6947435726097858
1369,random,inv_degree,degree,1381363,500,1514,0.03,15,0.45,0.1,50,0.05,3,0.6739713774597489,0.6673256627033913
1370,random,inv_degree,degree,1382372,500,1490,0.03,15,0.45,0.1,50,0.046,2,0.7079545454545456,0.6923907942744499
1371,random,inv_degree,degree,1383381,500,1494,0.03,15,0.45,0.1,50,0.042,2,0.6949152542372875,0.6955169675759129
1372,random,inv_degree,degree,1384390,500,1527,0.03,15,0.45,0.1,50,0.048,2,0.6726647796198932,0.6703405373617604
1373,random,inv_degree,degree,1385399,500,1543,0.03,15,0.45,0.1,50,0.046,2,0.6792952915497344,0.6669204397537595
1374,random,inv_degree,degree,1386408,500,1544,0.03,15,0.45,0.1,50,0.036,1,0.7126019945602912,0.7087598126584658
1375,random,inv_degree,degree,1387417,500,1498,0.03,15,0.45,0.1,50,0.048,1,0.6900599400599405,0.6760654938805771
1376,random,inv_degree,degree,1388426,500,1599,0.03,15,0.45,0.1,50,0.042,1,0.6774260724698027,0.6574256349374222
1377,random,inv_degree,degree,1389435,500,1510,0.03,15,0.45,0.1,50,0.048,2,0.6809045226130642,0.6688418653629157
1378,random,inv_degree,degree,1390444,500,1571,0.03,15,0.45,0.1,50,0.038,2,0.6906837999082149,0.6840603980464075
1379,random,inv_degree,degree,1391453,500,1528,0.03,15,0.45,0.1,50,0.048,3,0.6772312373225157,0.656268938119099
1380,random,inv_degree,degree,1392462,500,1484,0.03,15,0.45,0.1,50,0.048,2,0.6771844660194175,0.6579454938044385
1401,scale_free,inv_degree,degree,1413651,500,1491,0.03,15,0.45,0.1,50,0.286,7,0.20697659423560547,0.006897943124367085
1402,scale_free,inv_degree,degree,1414660,500,1491,0.03,15,0.45,0.1,50,0.176,4,0.27901469955101693,0.05008850843028014
1403,scale_free,inv_degree,degree,1415669,500,1491,0.03,15,0.45,0.1,50,0.306,10,0.19048213839620282,0.004280729028000796
1404,scale_free,inv_degree,degree,1416678,500,1491,0.03,15,0.45,0.1,50,0.228,6,0.2354116964343288,0.02305961052589972
1405,scale_free,inv_degree,degree,1417687,500,1491,0.03,15,0.45,0.1,50,0.218,5,0.23312846828569733,0.024453589774999205
1406,scale_free,inv_degree,degree,1418696,500,1491,0.03,15,0.45,0.1,50,0.468,21,0.09492871797569516,0.00012553414218739942
1407,scale_free,inv_degree,degree,1419705,500,1491,0.03,15,0.45,0.1,50,0.258,8,0.2393589458879258,0.016480857798086338
1408,scale_free,inv_degree,degree,1420714,500,1491,0.03,15,0.45,0.1,50,0.188,6,0.29625872665433534,0.055600608104946325
1409,scale_free,inv_degree,degree,1421723,500,1491,0.03,15,0.45,0.1,50,0.196,4,0.2797212504858675,0.03435926696731326
1410,scale_free,inv_degree,degree,1422732,500,1491,0.03,15,0.45,0.1,50,1.0,28,0.0,0.0
1411,scale_free,inv_degree,degree,1423741,500,1491,0.03,15,0.45,0.1,50,0.266,13,0.19651779537243436,0.00712264667042907
1412,scale_free,inv_degree,degree,1424750,500,1491,0.03,15,0.45,0.1,50,0.284,8,0.16069742906324574,0.004610094437749359
1413,scale_free,inv_degree,degree,1425759,500,1491,0.03,15,0.45,0.1,50,1.0,29,0.0,0.0
1414,scale_free,inv_degree,degree,1426768,500,1491,0.03,15,0.45,0.1,50,1.0,24,0.0,0.0
1415,scale_free,inv_degree,degree,1427777,500,1491,0.03,15,0.45,0.1,50,0.358,14,0.15174651025624222,0.0019955647764715654
1416,scale_free,inv_degree,degree,1428786,500,1491,0.03,15,0.45,0.1,50,0.234,9,0.23274756768987123,0.02024894125844123
1417,scale_free,inv_degree,degree,1429795,500,1491,0.03,15,0.45,0.1,50,0.448,18,0.10475888634258113,0.0
1418,scale_free,inv_degree,degree,1430804,500,1491,0.03,15,0.45,0.1,50,1.0,22,0.0,0.0
1419,scale_free,inv_degree,degree,1431813,500,1491,0.03,15,0.45,0.1,50,0.22,9,0.2690862578943166,0.030270834904223696
1420,scale_free,inv_degree,degree,1432822,500,1491,0.03,15,0.45,0.1,50,0.222,7,0.27668916704895474,0.037579643321824244
1421,scale_free,inv_degree,degree,1433831,500,1491,0.03,15,0.45,0.1,50,0.432,20,0.11138875006941051,0.00024310423093913954
1422,scale_free,inv_degree,degree,1434840,500,1491,0.03,15,0.45,0.1,50,1.0,21,0.0,0.0
1423,scale_free,inv_degree,degree,1435849,500,1491,0.03,15,0.45,0.1,50,0.37,25,0.1667123062599262,0.001791020337232816
1424,scale_free,inv_degree,degree,1436858,500,1491,0.03,15,0.45,0.1,50,0.338,13,0.16232422014419312,0.005968328719598921
1425,scale_free,inv_degree,degree,1437867,500,1491,0.03,15,0.45,0.1,50,1.0,24,0.0,0.0
1426,scale_free,inv_degree,degree,1438876,500,1491,0.03,15,0.45,0.1,50,0.212,4,0.2544548102078086,0.02815268166626444
1427,scale_free,inv_degree,degree,1439885,500,1491,0.03,15,0.45,0.1,50,0.28,6,0.19490785422124215,0.0070650342187029095
1428,scale_free,inv_degree,degree,1440894,500,1491,0.03,15,0.45,0.1,50,0.292,11,0.2062302182242207,0.005202369942097911
1429,scale_free,inv_degree,degree,1441903,500,1491,0.03,15,0.45,0.1,50,0.352,16,0.15294667913938245,0.00232955654878698
1430,scale_free,inv_degree,degree,1442912,500,1491,0.03,15,0.45,0.1,50,0.304,8,0.16300206134049575,0.003015037690039826
1431,scale_free,inv_degree,degree,1443921,500,1491,0.03,15,0.45,0.1,50,1.0,20,0.0,0.0
1432,scale_free,inv_degree,degree,1444930,500,1491,0.03,15,0.45,0.1,50,0.202,4,0.2608460321425596,0.030003393626251686
1433,scale_free,inv_degree,degree,1445939,500,1491,0.03,15,0.45,0.1,50,1.0,19,0.0,0.0
1434,scale_free,inv_degree,degree,1446948,500,1491,0.03,15,0.45,0.1,50,1.0,23,0.0,0.0
1435,scale_free,inv_degree,degree,1447957,500,1491,0.03,15,0.45,0.1,50,0.244,5,0.2219261233251899,0.022449228746340442
1436,scale_free,inv_degree,degree,1448966,500,1491,0.03,15,0.45,0.1,50,0.296,9,0.1999396636247081,0.006511301329286331
1437,scale_free,inv_degree,degree,1449975,500,1491,0.03,15,0.45,0.1,50,0.212,4,0.24953477152112433,0.020344667814537358
1438,scale_free,inv_degree,degree,1450984,500,1491,0.03,15,0.45,0.1,50,1.0,18,0.0,0.0
1439,scale_free,inv_degree,degree,1451993,500,1491,0.03,15,0.45,0.1,50,0.488,29,0.07991033563552637,6.020091701672699e-05
1440,scale_free,inv_degree,degree,1453002,500,1491,0.03,15,0.45,0.1,50,0.25,8,0.24498949202932033,0.015028074157158221
1461,scale_free,inv_degree,degree,1474191,500,1491,0.03,15,0.45,0.1,50,0.32,16,0.1891950479310177,0.0038458894277762215
1462,scale_free,inv_degree,degree,1475200,500,1491,0.03,15,0.45,0.1,50,0.286,6,0.23372100066630316,0.008772805325280726
1463,scale_free,inv_degree,degree,1476209,500,1491,0.03,15,0.45,0.1,50,0.204,8,0.2637909731811922,0.03193568501510989
1464,scale_free,inv_degree,degree,1477218,500,1491,0.03,15,0.45,0.1,50,0.304,11,0.1914279369309346,0.006308710603422452
1465,scale_free,inv_degree,degree,1478227,500,1491,0.03,15,0.45,0.1,50,0.168,7,0.28818412664109444,0.06910574581510526
1466,scale_free,inv_degree,degree,1479236,500,1491,0.03,15,0.45,0.1,50,1.0,27,0.0,0.0
1467,scale_free,inv_degree,degree,1480245,500,1491,0.03,15,0.45,0.1,50,0.226,10,0.24657579133626056,0.02293799524779516
1468,scale_free,inv_degree,degree,1481254,500,1491,0.03,15,0.45,0.1,50,1.0,25,0.0,0.0
1469,scale_free,inv_degree,degree,1482263,500,1491,0.03,15,0.45,0.1,50,0.264,9,0.23236058364980977,0.01404720191954574
1470,scale_free,inv_degree,degree,1483272,500,1491,0.03,15,0.45,0.1,50,0.228,7,0.23206076354187455,0.018957113800143414
1471,scale_free,inv_degree,degree,1484281,500,1491,0.03,15,0.45,0.1,50,1.0,38,0.0,0.0
1472,scale_free,inv_degree,degree,1485290,500,1491,0.03,15,0.45,0.1,50,0.222,5,0.2511684216453624,0.017292339624738515
1473,scale_free,inv_degree,degree,1486299,500,1491,0.03,15,0.45,0.1,50,1.0,44,0.0,0.0
1474,scale_free,inv_degree,degree,1487308,500,1491,0.03,15,0.45,0.1,50,0.232,6,0.28088246598508726,0.02690883432351306
1475,scale_free,inv_degree,degree,1488317,500,1491,0.03,15,0.45,0.1,50,0.216,10,0.24950033311125847,0.02760746028511992
1476,scale_free,inv_degree,degree,1489326,500,1491,0.03,15,0.45,0.1,50,0.308,7,0.20225437684866943,0.008506092242206192
1477,scale_free,inv_degree,degree,1490335,500,1491,0.03,15,0.45,0.1,50,0.226,8,0.24518163247180014,0.025029926766520137
1478,scale_free,inv_degree,degree,1491344,500,1491,0.03,15,0.45,0.1,50,0.25,8,0.2185540009649169,0.011401450437861118
1479,scale_free,inv_degree,degree,1492353,500,1491,0.03,15,0.45,0.1,50,0.264,6,0.21860260612359145,0.010581016456081465
1480,scale_free,inv_degree,degree,1493362,500,1491,0.03,15,0.45,0.1,50,0.278,7,0.19583976746298512,0.007740361704851193
1441,scale_free,inv_degree,degree,1454011,500,1491,0.03,15,0.45,0.1,50,0.234,10,0.27687927796959216,0.02326925670265747
1442,scale_free,inv_degree,degree,1455020,500,1491,0.03,15,0.45,0.1,50,1.0,24,0.0,0.0
1443,scale_free,inv_degree,degree,1456029,500,1491,0.03,15,0.45,0.1,50,0.358,9,0.14747817975881114,0.0009311665886370375
1444,scale_free,inv_degree,degree,1457038,500,1491,0.03,15,0.45,0.1,50,0.224,6,0.269578456561043,0.02826203500725421
1445,scale_free,inv_degree,degree,1458047,500,1491,0.03,15,0.45,0.1,50,0.424,17,0.10652157820712087,0.000744907601422726
1446,scale_free,inv_degree,degree,1459056,500,1491,0.03,15,0.45,0.1,50,0.32,10,0.13557462577405016,0.0018868660520261083
1447,scale_free,inv_degree,degree,1460065,500,1491,0.03,15,0.45,0.1,50,1.0,33,0.0,0.0
1448,scale_free,inv_degree,degree,1461074,500,1491,0.03,15,0.45,0.1,50,0.21,7,0.3031971927088405,0.03488008767732127
1449,scale_free,inv_degree,degree,1462083,500,1491,0.03,15,0.45,0.1,50,0.276,11,0.23519927769895538,0.011121219446223428
1450,scale_free,inv_degree,degree,1463092,500,1491,0.03,15,0.45,0.1,50,0.214,7,0.2785424638757219,0.023750063402704677
1451,scale_free,inv_degree,degree,1464101,500,1491,0.03,15,0.45,0.1,50,0.412,23,0.11149314995468838,0.00021621116156744425
1452,scale_free,inv_degree,degree,1465110,500,1491,0.03,15,0.45,0.1,50,0.236,9,0.25045966903829286,0.02161405454936505
1453,scale_free,inv_degree,degree,1466119,500,1491,0.03,15,0.45,0.1,50,0.398,20,0.11549641202652389,0.001978217809071889
1454,scale_free,inv_degree,degree,1467128,500,1491,0.03,15,0.45,0.1,50,0.246,13,0.2534175393716529,0.019699712074004963
1455,scale_free,inv_degree,degree,1468137,500,1491,0.03,15,0.45,0.1,50,0.256,6,0.19853386647279744,0.0059867547835432055
1456,scale_free,inv_degree,degree,1469146,500,1491,0.03,15,0.45,0.1,50,1.0,21,0.0,0.0
1457,scale_free,inv_degree,degree,1470155,500,1491,0.03,15,0.45,0.1,50,0.312,13,0.18027658873888677,0.0032107799316902544
1458,scale_free,inv_degree,degree,1471164,500,1491,0.03,15,0.45,0.1,50,0.182,4,0.2873531057638505,0.05645939102844358
1459,scale_free,inv_degree,degree,1472173,500,1491,0.03,15,0.45,0.1,50,0.208,10,0.29761501456738304,0.04609259407465764
1460,scale_free,inv_degree,degree,1473182,500,1491,0.03,15,0.45,0.1,50,0.374,10,0.15309542007172636,0.0006691281842559764
1481,scale_free,inv_degree,degree,1494371,500,1491,0.03,15,0.45,0.1,50,0.31,11,0.18025851155973055,0.005449101665489763
1482,scale_free,inv_degree,degree,1495380,500,1491,0.03,15,0.45,0.1,50,0.29,8,0.18544576561607515,0.005126832944133617
1483,scale_free,inv_degree,degree,1496389,500,1491,0.03,15,0.45,0.1,50,1.0,39,0.0,0.0
1484,scale_free,inv_degree,degree,1497398,500,1491,0.03,15,0.45,0.1,50,0.33,9,0.15475595535565512,0.0038928245237140756
1485,scale_free,inv_degree,degree,1498407,500,1491,0.03,15,0.45,0.1,50,0.232,5,0.26700775441682034,0.025087988995801447
1486,scale_free,inv_degree,degree,1499416,500,1491,0.03,15,0.45,0.1,50,0.208,6,0.2864819255706542,0.03517452437278688
1487,scale_free,inv_degree,degree,1500425,500,1491,0.03,15,0.45,0.1,50,0.182,5,0.2526443645933492,0.04177283174287025
1488,scale_free,inv_degree,degree,1501434,500,1491,0.03,15,0.45,0.1,50,0.184,5,0.2797485219418769,0.05504292763240304
1489,scale_free,inv_degree,degree,1502443,500,1491,0.03,15,0.45,0.1,50,0.186,10,0.31502719706402776,0.05029460710781784
1490,scale_free,inv_degree,degree,1503452,500,1491,0.03,15,0.45,0.1,50,0.174,5,0.30954620268046057,0.058648075194577286
1491,scale_free,inv_degree,degree,1504461,500,1491,0.03,15,0.45,0.1,50,0.316,6,0.1750684728699381,0.004905556709580657
1492,scale_free,inv_degree,degree,1505470,500,1491,0.03,15,0.45,0.1,50,0.366,15,0.1443231608886156,0.0013783605707152955
1493,scale_free,inv_degree,degree,1506479,500,1491,0.03,15,0.45,0.1,50,1.0,20,0.0,0.0
1494,scale_free,inv_degree,degree,1507488,500,1491,0.03,15,0.45,0.1,50,0.168,6,0.3223999099048366,0.07806355857528836
1495,scale_free,inv_degree,degree,1508497,500,1491,0.03,15,0.45,0.1,50,0.314,16,0.1510516252390061,0.0039717447182909095
1496,scale_free,inv_degree,degree,1509506,500,1491,0.03,15,0.45,0.1,50,0.404,14,0.15157351551711634,0.0007294398312603249
1497,scale_free,inv_degree,degree,1510515,500,1491,0.03,15,0.45,0.1,50,0.296,7,0.21125776771520757,0.009012791935338039
1498,scale_free,inv_degree,degree,1511524,500,1491,0.03,15,0.45,0.1,50,0.24,8,0.23516206408758158,0.017885851154322088
1499,scale_free,inv_degree,degree,1512533,500,1491,0.03,15,0.45,0.1,50,0.236,5,0.26417778982315904,0.02018272225944469
1500,scale_free,inv_degree,degree,1513542,500,1491,0.03,15,0.45,0.1,50,0.262,7,0.22871747820958124,0.012815168677525215
1501,scale_free,inv_degree,degree,1514551,500,1491,0.03,15,0.45,0.1,50,1.0,24,0.0,0.0
1502,scale_free,inv_degree,degree,1515560,500,1491,0.03,15,0.45,0.1,50,0.198,4,0.2910822007413335,0.03907339462110511
1503,scale_free,inv_degree,degree,1516569,500,1491,0.03,15,0.45,0.1,50,0.244,6,0.21098832196880615,0.014567812973726849
1504,scale_free,inv_degree,degree,1517578,500,1491,0.03,15,0.45,0.1,50,0.25,6,0.2509431837378229,0.01786367365255735
1505,scale_free,inv_degree,degree,1518587,500,1491,0.03,15,0.45,0.1,50,1.0,40,0.0,0.0
1506,scale_free,inv_degree,degree,1519596,500,1491,0.03,15,0.45,0.1,50,0.296,13,0.17299457607764784,0.006410557446789441
1507,scale_free,inv_degree,degree,1520605,500,1491,0.03,15,0.45,0.1,50,0.302,12,0.1629877808435157,0.0016210129500713749
1508,scale_free,inv_degree,degree,1521614,500,1491,0.03,15,0.45,0.1,50,0.288,12,0.1839026397789402,0.011270762161447678
1509,scale_free,inv_degree,degree,1522623,500,1491,0.03,15,0.45,0.1,50,0.334,13,0.1500867335394828,0.0027369473417135108
1510,scale_free,inv_degree,degree,1523632,500,1491,0.03,15,0.45,0.1,50,0.338,9,0.20488800066616714,0.00288196640517835
1511,scale_free,inv_degree,degree,1524641,500,1491,0.03,15,0.45,0.1,50,0.256,8,0.200038337258338,0.011564378995338008
1512,scale_free,inv_degree,degree,1525650,500,1491,0.03,15,0.45,0.1,50,0.408,15,0.12752801153005777,0.0
1513,scale_free,inv_degree,degree,1526659,500,1491,0.03,15,0.45,0.1,50,0.216,8,0.26503241850963644,0.03242442054849111
1514,scale_free,inv_degree,degree,1527668,500,1491,0.03,15,0.45,0.1,50,1.0,28,0.0,0.0
1515,scale_free,inv_degree,degree,1528677,500,1491,0.03,15,0.45,0.1,50,1.0,17,0.0,0.0
1516,scale_free,inv_degree,degree,1529686,500,1491,0.03,15,0.45,0.1,50,1.0,29,0.0,0.0
1517,scale_free,inv_degree,degree,1530695,500,1491,0.03,15,0.45,0.1,50,1.0,40,0.0,0.0
1518,scale_free,inv_degree,degree,1531704,500,1491,0.03,15,0.45,0.1,50,1.0,18,0.0,0.0
1519,scale_free,inv_degree,degree,1532713,500,1491,0.03,15,0.45,0.1,50,0.194,3,0.3036472645515863,0.043554642469880125
1520,scale_free,inv_degree,degree,1533722,500,1491,0.03,15,0.45,0.1,50,0.246,8,0.22597075414863846,0.015351061940613918
1541,scale_free,inv_degree,degree,1554911,500,1491,0.03,15,0.45,0.1,50,0.35,15,0.15362227365172879,0.0020934436133899685
1542,scale_free,inv_degree,degree,1555920,500,1491,0.03,15,0.45,0.1,50,0.166,4,0.3021546175215127,0.08055097085127938
1543,scale_free,inv_degree,degree,1556929,500,1491,0.03,15,0.45,0.1,50,0.284,12,0.17429058260698604,0.005599443021136826
1544,scale_free,inv_degree,degree,1557938,500,1491,0.03,15,0.45,0.1,50,0.19,4,0.28736798138313757,0.04277395629046531
1545,scale_free,inv_degree,degree,1558947,500,1491,0.03,15,0.45,0.1,50,0.288,10,0.20707575454727128,0.008878582471722482
1546,scale_free,inv_degree,degree,1559956,500,1491,0.03,15,0.45,0.1,50,1.0,25,0.0,0.0
1547,scale_free,inv_degree,degree,1560965,500,1491,0.03,15,0.45,0.1,50,1.0,27,0.0,0.0
1548,scale_free,inv_degree,degree,1561974,500,1491,0.03,15,0.45,0.1,50,0.18,3,0.3055740617366193,0.06410156798626353
1549,scale_free,inv_degree,degree,1562983,500,1491,0.03,15,0.45,0.1,50,0.212,11,0.23714785433193777,0.024109473109349987
1550,scale_free,inv_degree,degree,1563992,500,1491,0.03,15,0.45,0.1,50,0.254,6,0.24721228697664635,0.016338868463436008
1551,scale_free,inv_degree,degree,1565001,500,1491,0.03,15,0.45,0.1,50,0.202,6,0.3065886216004004,0.04101216152447716
1552,scale_free,inv_degree,degree,1566010,500,1491,0.03,15,0.45,0.1,50,0.338,11,0.16106041179576153,0.002228813109229514
1553,scale_free,inv_degree,degree,1567019,500,1491,0.03,15,0.45,0.1,50,0.188,7,0.30471804674602426,0.05666031366167133
1554,scale_free,inv_degree,degree,1568028,500,1491,0.03,15,0.45,0.1,50,1.0,29,0.0,0.0
1555,scale_free,inv_degree,degree,1569037,500,1491,0.03,15,0.45,0.1,50,0.168,6,0.2878532856441545,0.0694690307783194
1556,scale_free,inv_degree,degree,1570046,500,1491,0.03,15,0.45,0.1,50,1.0,20,0.0,0.0
1557,scale_free,inv_degree,degree,1571055,500,1491,0.03,15,0.45,0.1,50,0.228,5,0.2234313235494576,0.016366646481717425
1558,scale_free,inv_degree,degree,1572064,500,1491,0.03,15,0.45,0.1,50,1.0,36,0.0,0.0
1559,scale_free,inv_degree,degree,1573073,500,1491,0.03,15,0.45,0.1,50,0.296,10,0.17612556524018613,0.0049274403878616395
1560,scale_free,inv_degree,degree,1574082,500,1491,0.03,15,0.45,0.1,50,0.392,15,0.1365374587171912,0.0005863108922040262
1521,scale_free,inv_degree,degree,1534731,500,1491,0.03,15,0.45,0.1,50,0.206,5,0.23546958607540375,0.02843044562077027
1522,scale_free,inv_degree,degree,1535740,500,1491,0.03,15,0.45,0.1,50,0.388,20,0.13811009800575338,0.0019259545041244175
1523,scale_free,inv_degree,degree,1536749,500,1491,0.03,15,0.45,0.1,50,1.0,23,0.0,0.0
1524,scale_free,inv_degree,degree,1537758,500,1491,0.03,15,0.45,0.1,50,0.266,8,0.2073444916312764,0.013851289153440124
1525,scale_free,inv_degree,degree,1538767,500,1491,0.03,15,0.45,0.1,50,0.23,4,0.23305553193298742,0.016289922950858265
1526,scale_free,inv_degree,degree,1539776,500,1491,0.03,15,0.45,0.1,50,0.32,12,0.16854122908056118,0.0034724333209042385
1527,scale_free,inv_degree,degree,1540785,500,1491,0.03,15,0.45,0.1,50,0.206,7,0.27313406898948606,0.03503189985265461
1528,scale_free,inv_degree,degree,1541794,500,1491,0.03,15,0.45,0.1,50,0.176,5,0.2488519098816799,0.05235690720289804
1529,scale_free,inv_degree,degree,1542803,500,1491,0.03,15,0.45,0.1,50,1.0,22,0.0,0.0
1530,scale_free,inv_degree,degree,1543812,500,1491,0.03,15,0.45,0.1,50,0.32,14,0.1803525788059506,0.0031132245053804184
1531,scale_free,inv_degree,degree,1544821,500,1491,0.03,15,0.45,0.1,50,1.0,22,0.0,0.0
1532,scale_free,inv_degree,degree,1545830,500,1491,0.03,15,0.45,0.1,50,0.284,13,0.19641037698879216,0.007618649870412258
1533,scale_free,inv_degree,degree,1546839,500,1491,0.03,15,0.45,0.1,50,1.0,32,0.0,0.0
1534,scale_free,inv_degree,degree,1547848,500,1491,0.03,15,0.45,0.1,50,0.418,14,0.1393384486427238,0.0007570637146278286
1535,scale_free,inv_degree,degree,1548857,500,1491,0.03,15,0.45,0.1,50,0.2,7,0.24023020194362074,0.03632575329281548
1536,scale_free,inv_degree,degree,1549866,500,1491,0.03,15,0.45,0.1,50,1.0,18,0.0,0.0
1537,scale_free,inv_degree,degree,1550875,500,1491,0.03,15,0.45,0.1,50,0.2,8,0.271842156167387,0.04375911173170939
1538,scale_free,inv_degree,degree,1551884,500,1491,0.03,15,0.45,0.1,50,1.0,30,0.0,0.0
1539,scale_free,inv_degree,degree,1552893,500,1491,0.03,15,0.45,0.1,50,0.27,10,0.21832393461346278,0.012094957093646153
1540,scale_free,inv_degree,degree,1553902,500,1491,0.03,15,0.45,0.1,50,1.0,31,0.0,0.0
1581,scale_free,inv_degree,degree,1595271,500,1491,0.03,15,0.45,0.1,50,0.17,7,0.2919905248352941,0.06574127625698355
1582,scale_free,inv_degree,degree,1596280,500,1491,0.03,15,0.45,0.1,50,0.266,16,0.19646656779934268,0.010135545757203926
1583,scale_free,inv_degree,degree,1597289,500,1491,0.03,15,0.45,0.1,50,0.196,5,0.2952785410941794,0.049890471839761086
1584,scale_free,inv_degree,degree,1598298,500,1491,0.03,15,0.45,0.1,50,0.302,12,0.1923740105023902,0.0031869543287378764
1585,scale_free,inv_degree,degree,1599307,500,1491,0.03,15,0.45,0.1,50,1.0,20,0.0,0.0
1586,scale_free,inv_degree,degree,1600316,500,1491,0.03,15,0.45,0.1,50,0.276,12,0.18557557505581762,0.005176409882501056
1587,scale_free,inv_degree,degree,1601325,500,1491,0.03,15,0.45,0.1,50,1.0,25,0.0,0.0
1588,scale_free,inv_degree,degree,1602334,500,1491,0.03,15,0.45,0.1,50,0.244,5,0.2399893397294952,0.012485906383026591
1589,scale_free,inv_degree,degree,1603343,500,1491,0.03,15,0.45,0.1,50,0.23,6,0.23662303521550976,0.017118154538214286
1590,scale_free,inv_degree,degree,1604352,500,1491,0.03,15,0.45,0.1,50,0.366,11,0.14976086801341998,0.0022129963430977
1591,scale_free,inv_degree,degree,1605361,500,1491,0.03,15,0.45,0.1,50,1.0,23,0.0,0.0
1592,scale_free,inv_degree,degree,1606370,500,1491,0.03,15,0.45,0.1,50,0.22,7,0.21976421166745713,0.02033962192028105
1593,scale_free,inv_degree,degree,1607379,500,1491,0.03,15,0.45,0.1,50,0.27,8,0.19899807140505146,0.006189771980194046
1594,scale_free,inv_degree,degree,1608388,500,1491,0.03,15,0.45,0.1,50,0.268,8,0.22112966664517417,0.00700819602162362
1595,scale_free,inv_degree,degree,1609397,500,1491,0.03,15,0.45,0.1,50,0.22,7,0.2552874482157137,0.020920157808242894
1596,scale_free,inv_degree,degree,1610406,500,1491,0.03,15,0.45,0.1,50,1.0,44,0.0,0.0
1597,scale_free,inv_degree,degree,1611415,500,1491,0.03,15,0.45,0.1,50,0.262,8,0.20974905618476516,0.010874905210964817
1598,scale_free,inv_degree,degree,1612424,500,1491,0.03,15,0.45,0.1,50,0.256,7,0.19676129819093455,0.011417031256320964
1599,scale_free,inv_degree,degree,1613433,500,1491,0.03,15,0.45,0.1,50,0.36,14,0.15036186041803695,0.0006110126512102773
1600,scale_free,inv_degree,degree,1614442,500,1491,0.03,15,0.45,0.1,50,0.21,4,0.2572789659537611,0.025704913838679126
1561,scale_free,inv_degree,degree,1575091,500,1491,0.03,15,0.45,0.1,50,0.242,7,0.24489425103568604,0.023538073453376163
1562,scale_free,inv_degree,degree,1576100,500,1491,0.03,15,0.45,0.1,50,0.428,31,0.10382215761099997,0.0
1563,scale_free,inv_degree,degree,1577109,500,1491,0.03,15,0.45,0.1,50,0.192,4,0.27300373620644675,0.046361598361638404
1564,scale_free,inv_degree,degree,1578118,500,1491,0.03,15,0.45,0.1,50,1.0,23,0.0,0.0
1565,scale_free,inv_degree,degree,1579127,500,1491,0.03,15,0.45,0.1,50,0.38,17,0.13363751822757397,0.0008371301777937278
1566,scale_free,inv_degree,degree,1580136,500,1491,0.03,15,0.45,0.1,50,0.308,8,0.18246493664882457,0.007142772237047189
1567,scale_free,inv_degree,degree,1581145,500,1491,0.03,15,0.45,0.1,50,0.242,5,0.2328283297704251,0.019206298417429025
1568,scale_free,inv_degree,degree,1582154,500,1491,0.03,15,0.45,0.1,50,0.274,6,0.20511026717302933,0.008960356962537814
1569,scale_free,inv_degree,degree,1583163,500,1491,0.03,15,0.45,0.1,50,0.264,10,0.22711505673466928,0.013522708173255706
1570,scale_free,inv_degree,degree,1584172,500,1491,0.03,15,0.45,0.1,50,0.15,3,0.34240985927221235,0.09447201179572616
1571,scale_free,inv_degree,degree,1585181,500,1491,0.03,15,0.45,0.1,50,1.0,16,0.0,0.0
1572,scale_free,inv_degree,degree,1586190,500,1491,0.03,15,0.45,0.1,50,0.27,5,0.2076232554877623,0.011893195016961894
1573,scale_free,inv_degree,degree,1587199,500,1491,0.03,15,0.45,0.1,50,0.204,5,0.2763937468770078,0.031989971415353834
1574,scale_free,inv_degree,degree,1588208,500,1491,0.03,15,0.45,0.1,50,1.0,27,0.0,0.0
1575,scale_free,inv_degree,degree,1589217,500,1491,0.03,15,0.45,0.1,50,0.204,8,0.2814325238241619,0.046211865205790015
1576,scale_free,inv_degree,degree,1590226,500,1491,0.03,15,0.45,0.1,50,0.21,7,0.2597398197709873,0.027698963092629276
1577,scale_free,inv_degree,degree,1591235,500,1491,0.03,15,0.45,0.1,50,0.484,23,0.06660342841655943,0.0
1578,scale_free,inv_degree,degree,1592244,500,1491,0.03,15,0.45,0.1,50,1.0,19,0.0,0.0
1579,scale_free,inv_degree,degree,1593253,500,1491,0.03,15,0.45,0.1,50,1.0,26,0.0,0.0
1580,scale_free,inv_degree,degree,1594262,500,1491,0.03,15,0.45,0.1,50,1.0,32,0.0,0.0
1601,small_world,inv_degree,degree,1615451,500,1500,0.03,15,0.45,0.1,50,0.052,7,0.7739999999999998,0.8485085325820799
1602,small_world,inv_degree,degree,1616460,500,1500,0.03,15,0.45,0.1,50,0.042,3,0.7564999999999996,0.8410804256637275
1603,small_world,inv_degree,degree,1617469,500,1500,0.03,15,0.45,0.1,50,0.042,4,0.7686666666666667,0.8640447827877035
1604,small_world,inv_degree,degree,1618478,500,1500,0.03,15,0.45,0.1,50,0.03,0,0.7664999999999975,0.8787268968474629
1605,small_world,inv_degree,degree,1619487,500,1500,0.03,15,0.45,0.1,50,0.038,3,0.7553333333333296,0.8593313653236081
1606,small_world,inv_degree,degree,1620496,500,1500,0.03,15,0.45,0.1,50,0.034,1,0.777,0.8820033814093525
1607,small_world,inv_degree,degree,1621505,500,1500,0.03,15,0.45,0.1,50,0.042,2,0.7466666666666668,0.8374394206164358
1608,small_world,inv_degree,degree,1622514,500,1500,0.03,15,0.45,0.1,50,0.068,15,0.7410000000000008,0.8017892922164689
1609,small_world,inv_degree,degree,1623523,500,1500,0.03,15,0.45,0.1,50,0.046,7,0.783333333333332,0.8511097112294833
1610,small_world,inv_degree,degree,1624532,500,1500,0.03,15,0.45,0.1,50,0.03,0,0.7733333333333317,0.8819327660832809
1611,small_world,inv_degree,degree,1625541,500,1500,0.03,15,0.45,0.1,50,0.052,6,0.7839999999999974,0.8422560903329049
1612,small_world,inv_degree,degree,1626550,500,1500,0.03,15,0.45,0.1,50,0.062,7,0.827,0.8697874158896808
1613,small_world,inv_degree,degree,1627559,500,1500,0.03,15,0.45,0.1,50,0.052,4,0.7999999999999977,0.850341441881601
1614,small_world,inv_degree,degree,1628568,500,1500,0.03,15,0.45,0.1,50,0.034,1,0.7759999999999974,0.8708132561990294
1615,small_world,inv_degree,degree,1629577,500,1500,0.03,15,0.45,0.1,50,0.038,2,0.7653333333333334,0.8595959053333804
1616,small_world,inv_degree,degree,1630586,500,1500,0.03,15,0.45,0.1,50,0.03,0,0.7686666666666642,0.8818194463681612
1617,small_world,inv_degree,degree,1631595,500,1500,0.03,15,0.45,0.1,50,0.03,0,0.771333333333331,0.8865762486605212
1618,small_world,inv_degree,degree,1632604,500,1500,0.03,15,0.45,0.1,50,0.036,2,0.7753333333333333,0.8671872297553477
1619,small_world,inv_degree,degree,1633613,500,1500,0.03,15,0.45,0.1,50,0.032,1,0.7946666666666639,0.8813345563810181
1620,small_world,inv_degree,degree,1634622,500,1500,0.03,15,0.45,0.1,50,0.032,1,0.777,0.890476342570429
1621,small_world,inv_degree,degree,1635631,500,1500,0.03,15,0.45,0.1,50,0.064,6,0.746666666666665,0.8121550468690778
1622,small_world,inv_degree,degree,1636640,500,1500,0.03,15,0.45,0.1,50,0.058,5,0.7809999999999995,0.840980297940203
1623,small_world,inv_degree,degree,1637649,500,1500,0.03,15,0.45,0.1,50,0.036,1,0.781,0.87744523948979
1624,small_world,inv_degree,degree,1638658,500,1500,0.03,15,0.45,0.1,50,0.034,1,0.782,0.8752749069924041
1625,small_world,inv_degree,degree,1639667,500,1500,0.03,15,0.45,0.1,50,0.054,4,0.786,0.8344684155262951
1626,small_world,inv_degree,degree,1640676,500,1500,0.03,15,0.45,0.1,50,0.034,2,0.7799999999999965,0.8739343596063779
1627,small_world,inv_degree,degree,1641685,500,1500,0.03,15,0.45,0.1,50,0.034,1,0.7499999999999981,0.8678388751810712
1628,small_world,inv_degree,degree,1642694,500,1500,0.03,15,0.45,0.1,50,0.032,1,0.7826666666666651,0.8749382246779176
1629,small_world,inv_degree,degree,1643703,500,1500,0.03,15,0.45,0.1,50,0.03,0,0.7653333333333326,0.8772608132211307
1630,small_world,inv_degree,degree,1644712,500,1500,0.03,15,0.45,0.1,50,0.032,1,0.798,0.8948150915848743
1631,small_world,inv_degree,degree,1645721,500,1500,0.03,15,0.45,0.1,50,0.052,8,0.79,0.8573124710323506
1632,small_world,inv_degree,degree,1646730,500,1500,0.03,15,0.45,0.1,50,0.046,4,0.7649999999999979,0.8517537303765919
1633,small_world,inv_degree,degree,1647739,500,1500,0.03,15,0.45,0.1,50,0.038,2,0.7673333333333318,0.860584816792124
1634,small_world,inv_degree,degree,1648748,500,1500,0.03,15,0.45,0.1,50,0.032,1,0.7659999999999985,0.8780078494679909
1635,small_world,inv_degree,degree,1649757,500,1500,0.03,15,0.45,0.1,50,0.07,7,0.766,0.818814117497151
1636,small_world,inv_degree,degree,1650766,500,1500,0.03,15,0.45,0.1,50,0.04,4,0.7866666666666642,0.8560908504633243
1637,small_world,inv_degree,degree,1651775,500,1500,0.03,15,0.45,0.1,50,0.082,12,0.7440000000000002,0.7842773881161123
1638,small_world,inv_degree,degree,1652784,500,1500,0.03,15,0.45,0.1,50,0.046,5,0.7726666666666646,0.8513502791126707
1639,small_world,inv_degree,degree,1653793,500,1500,0.03,15,0.45,0.1,50,0.04,2,0.7826666666666642,0.8613778426432497
1640,small_world,inv_degree,degree,1654802,500,1500,0.03,15,0.45,0.1,50,0.03,0,0.7679999999999967,0.8902405452559216
1641,small_world,inv_degree,degree,1655811,500,1500,0.03,15,0.45,0.1,50,0.032,1,0.7910000000000003,0.8888021196848939
1642,small_world,inv_degree,degree,1656820,500,1500,0.03,15,0.45,0.1,50,0.03,0,0.7839999999999973,0.8813468899937662
1643,small_world,inv_degree,degree,1657829,500,1500,0.03,15,0.45,0.1,50,0.054,9,0.7420000000000002,0.8282964815523263
1644,small_world,inv_degree,degree,1658838,500,1500,0.03,15,0.45,0.1,50,0.034,1,0.7546666666666663,0.8682177997518763
1645,small_world,inv_degree,degree,1659847,500,1500,0.03,15,0.45,0.1,50,0.032,1,0.7820000000000003,0.8861143050841346
1646,small_world,inv_degree,degree,1660856,500,1500,0.03,15,0.45,0.1,50,0.032,1,0.7746666666666666,0.8822310967688727
1647,small_world,inv_degree,degree,1661865,500,1500,0.03,15,0.45,0.1,50,0.052,9,0.7519999999999972,0.8314009630783885
1648,small_world,inv_degree,degree,1662874,500,1500,0.03,15,0.45,0.1,50,0.03,0,0.788499999999998,0.8776057020150112
1649,small_world,inv_degree,degree,1663883,500,1500,0.03,15,0.45,0.1,50,0.034,1,0.7606666666666639,0.8685836424879171
1650,small_world,inv_degree,degree,1664892,500,1500,0.03,15,0.45,0.1,50,0.054,6,0.7386666666666636,0.8247874599800926
1651,small_world,inv_degree,degree,1665901,500,1500,0.03,15,0.45,0.1,50,0.038,2,0.7946666666666637,0.8619770176545158
1652,small_world,inv_degree,degree,1666910,500,1500,0.03,15,0.45,0.1,50,0.03,0,0.7574999999999985,0.8772013963380556
1653,small_world,inv_degree,degree,1667919,500,1500,0.03,15,0.45,0.1,50,0.034,1,0.7646666666666665,0.8677058887932815
1654,small_world,inv_degree,degree,1668928,500,1500,0.03,15,0.45,0.1,50,0.06,7,0.745333333333331,0.8260682130859794
1655,small_world,inv_degree,degree,1669937,500,1500,0.03,15,0.45,0.1,50,0.03,0,0.7850000000000003,0.8810672019473234
1656,small_world,inv_degree,degree,1670946,500,1500,0.03,15,0.45,0.1,50,0.036,3,0.7779999999999977,0.8705834743464289
1657,small_world,inv_degree,degree,1671955,500,1500,0.03,15,0.45,0.1,50,0.044,3,0.788,0.8574419459532172
1658,small_world,inv_degree,degree,1672964,500,1500,0.03,15,0.45,0.1,50,0.036,2,0.7766666666666647,0.8617735145703849
1659,small_world,inv_degree,degree,1673973,500,1500,0.03,15,0.45,0.1,50,0.05,6,0.7619999999999973,0.8462146830012744
1660,small_world,inv_degree,degree,1674982,500,1500,0.03,15,0.45,0.1,50,0.03,0,0.7706666666666644,0.882851174180189
1661,small_world,inv_degree,degree,1675991,500,1500,0.03,15,0.45,0.1,50,0.062,10,0.7626666666666653,0.8135632009510645
1662,small_world,inv_degree,degree,1677000,500,1500,0.03,15,0.45,0.1,50,0.04,4,0.7693333333333322,0.8565441472637814
1663,small_world,inv_degree,degree,1678009,500,1500,0.03,15,0.45,0.1,50,0.042,2,0.7493333333333303,0.8576512970497348
1664,small_world,inv_degree,degree,1679018,500,1500,0.03,15,0.45,0.1,50,0.042,4,0.7759999999999986,0.8400330115883798
1665,small_world,inv_degree,degree,1680027,500,1500,0.03,15,0.45,0.1,50,0.032,1,0.7726666666666635,0.8712327036158527
1666,small_world,inv_degree,degree,1681036,500,1500,0.03,15,0.45,0.1,50,0.064,6,0.8140000000000005,0.8479078133257506
1667,small_world,inv_degree,degree,1682045,500,1500,0.03,15,0.45,0.1,50,0.052,4,0.765,0.84542664930119
1668,small_world,inv_degree,degree,1683054,500,1500,0.03,15,0.45,0.1,50,0.086,11,0.7386666666666643,0.779340862940007
1669,small_world,inv_degree,degree,1684063,500,1500,0.03,15,0.45,0.1,50,0.036,1,0.7586666666666645,0.858284462063435
1670,small_world,inv_degree,degree,1685072,500,1500,0.03,15,0.45,0.1,50,0.096,9,0.7339999999999981,0.7459670938866733
1671,small_world,inv_degree,degree,1686081,500,1500,0.03,15,0.45,0.1,50,0.056,7,0.765333333333331,0.8318924668399347
1672,small_world,inv_degree,degree,1687090,500,1500,0.03,15,0.45,0.1,50,0.046,4,0.809,0.8681813301606682
1673,small_world,inv_degree,degree,1688099,500,1500,0.03,15,0.45,0.1,50,0.066,13,0.7264999999999974,0.808565350053026
1674,small_world,inv_degree,degree,1689108,500,1500,0.03,15,0.45,0.1,50,0.054,6,0.7813333333333304,0.8432509063378928
1675,small_world,inv_degree,degree,1690117,500,1500,0.03,15,0.45,0.1,50,0.054,6,0.768,0.8421483928062636
1676,small_world,inv_degree,degree,1691126,500,1500,0.03,15,0.45,0.1,50,0.064,6,0.7506666666666666,0.8101889301693606
1677,small_world,inv_degree,degree,1692135,500,1500,0.03,15,0.45,0.1,50,0.034,1,0.7424999999999977,0.8595803031471848
1678,small_world,inv_degree,degree,1693144,500,1500,0.03,15,0.45,0.1,50,0.048,5,0.7693333333333335,0.8443645839501688
1679,small_world,inv_degree,degree,1694153,500,1500,0.03,15,0.45,0.1,50,0.042,4,0.7706666666666648,0.8543814356260311
1680,small_world,inv_degree,degree,1695162,500,1500,0.03,15,0.45,0.1,50,0.03,0,0.7859999999999996,0.8928569602160444
1681,small_world,inv_degree,degree,1696171,500,1500,0.03,15,0.45,0.1,50,0.036,1,0.7564999999999971,0.8570088563727095
1682,small_world,inv_degree,degree,1697180,500,1500,0.03,15,0.45,0.1,50,0.05,8,0.75,0.8492460924439409
1683,small_world,inv_degree,degree,1698189,500,1500,0.03,15,0.45,0.1,50,0.046,3,0.776,0.8558166411895847
1684,small_world,inv_degree,degree,1699198,500,1500,0.03,15,0.45,0.1,50,0.044,2,0.7713333333333312,0.8430790542223601
1685,small_world,inv_degree,degree,1700207,500,1500,0.03,15,0.45,0.1,50,0.046,4,0.7893333333333321,0.8476190674215466
1686,small_world,inv_degree,degree,1701216,500,1500,0.03,15,0.45,0.1,50,0.058,10,0.7779999999999976,0.835473106890569
1687,small_world,inv_degree,degree,1702225,500,1500,0.03,15,0.45,0.1,50,0.03,0,0.7653333333333305,0.8790642356193762
1688,small_world,inv_degree,degree,1703234,500,1500,0.03,15,0.45,0.1,50,0.032,1,0.7739999999999978,0.877580838041754
1689,small_world,inv_degree,degree,1704243,500,1500,0.03,15,0.45,0.1,50,0.052,4,0.804,0.8438698041257001
1690,small_world,inv_degree,degree,1705252,500,1500,0.03,15,0.45,0.1,50,0.042,4,0.7493333333333312,0.8541301452479294
1691,small_world,inv_degree,degree,1706261,500,1500,0.03,15,0.45,0.1,50,0.03,0,0.7734999999999971,0.8759269728490785
1692,small_world,inv_degree,degree,1707270,500,1500,0.03,15,0.45,0.1,50,0.032,1,0.7746666666666672,0.8734397006642677
1693,small_world,inv_degree,degree,1708279,500,1500,0.03,15,0.45,0.1,50,0.046,6,0.7499999999999972,0.8604738040830948
1694,small_world,inv_degree,degree,1709288,500,1500,0.03,15,0.45,0.1,50,0.056,7,0.7719999999999975,0.8432104257123133
1695,small_world,inv_degree,degree,1710297,500,1500,0.03,15,0.45,0.1,50,0.048,7,0.745333333333333,0.8467530075800352
1696,small_world,inv_degree,degree,1711306,500,1500,0.03,15,0.45,0.1,50,0.032,1,0.7679999999999975,0.8750749991881632
1697,small_world,inv_degree,degree,1712315,500,1500,0.03,15,0.45,0.1,50,0.042,6,0.7494999999999983,0.8420884986848409
1698,small_world,inv_degree,degree,1713324,500,1500,0.03,15,0.45,0.1,50,0.052,5,0.7553333333333337,0.8279901268426271
1699,small_world,inv_degree,degree,1714333,500,1500,0.03,15,0.45,0.1,50,0.03,0,0.7953333333333316,0.8804191215185204
1700,small_world,inv_degree,degree,1715342,500,1500,0.03,15,0.45,0.1,50,0.056,6,0.773,0.8310913621887767
1701,small_world,inv_degree,degree,1716351,500,1500,0.03,15,0.45,0.1,50,0.076,10,0.7605000000000002,0.791369981090147
1702,small_world,inv_degree,degree,1717360,500,1500,0.03,15,0.45,0.1,50,0.05,2,0.7699999999999977,0.8251316335888897
1703,small_world,inv_degree,degree,1718369,500,1500,0.03,15,0.45,0.1,50,0.038,1,0.7693333333333313,0.8582901730490436
1704,small_world,inv_degree,degree,1719378,500,1500,0.03,15,0.45,0.1,50,0.038,4,0.7819999999999998,0.8678100558987836
1705,small_world,inv_degree,degree,1720387,500,1500,0.03,15,0.45,0.1,50,0.036,1,0.7649999999999999,0.8741053532267332
1706,small_world,inv_degree,degree,1721396,500,1500,0.03,15,0.45,0.1,50,0.04,3,0.7733333333333314,0.8618253746460067
1707,small_world,inv_degree,degree,1722405,500,1500,0.03,15,0.45,0.1,50,0.05,3,0.7739999999999981,0.8304496843556705
1708,small_world,inv_degree,degree,1723414,500,1500,0.03,15,0.45,0.1,50,0.04,3,0.7653333333333338,0.8548719907940946
1709,small_world,inv_degree,degree,1724423,500,1500,0.03,15,0.45,0.1,50,0.044,4,0.7613333333333319,0.8514078394115053
1710,small_world,inv_degree,degree,1725432,500,1500,0.03,15,0.45,0.1,50,0.044,4,0.769333333333333,0.8554541505455266
1711,small_world,inv_degree,degree,1726441,500,1500,0.03,15,0.45,0.1,50,0.036,2,0.77,0.8564440168017993
1712,small_world,inv_degree,degree,1727450,500,1500,0.03,15,0.45,0.1,50,0.058,6,0.7779999999999978,0.8467279686080859
1713,small_world,inv_degree,degree,1728459,500,1500,0.03,15,0.45,0.1,50,0.036,3,0.7839999999999976,0.8642863998036006
1714,small_world,inv_degree,degree,1729468,500,1500,0.03,15,0.45,0.1,50,0.06,6,0.7920000000000003,0.8362713262874051
1715,small_world,inv_degree,degree,1730477,500,1500,0.03,15,0.45,0.1,50,0.058,8,0.7419999999999977,0.8375205746739258
1716,small_world,inv_degree,degree,1731486,500,1500,0.03,15,0.45,0.1,50,0.032,1,0.7680000000000002,0.8763005285895281
1717,small_world,inv_degree,degree,1732495,500,1500,0.03,15,0.45,0.1,50,0.034,1,0.8006666666666645,0.8765661627321494
1718,small_world,inv_degree,degree,1733504,500,1500,0.03,15,0.45,0.1,50,0.052,10,0.7706666666666641,0.848711462617601
1719,small_world,inv_degree,degree,1734513,500,1500,0.03,15,0.45,0.1,50,0.04,4,0.7726666666666641,0.8544659455016588
1720,small_world,inv_degree,degree,1735522,500,1500,0.03,15,0.45,0.1,50,0.05,6,0.7886666666666663,0.8543641114312619
1721,small_world,inv_degree,degree,1736531,500,1500,0.03,15,0.45,0.1,50,0.04,3,0.788,0.8659632761969427
1722,small_world,inv_degree,degree,1737540,500,1500,0.03,15,0.45,0.1,50,0.038,3,0.7689999999999981,0.8614752151413724
1723,small_world,inv_degree,degree,1738549,500,1500,0.03,15,0.45,0.1,50,0.03,0,0.7546666666666644,0.8828500191796219
1724,small_world,inv_degree,degree,1739558,500,1500,0.03,15,0.45,0.1,50,0.03,0,0.765999999999997,0.8843313640122872
1725,small_world,inv_degree,degree,1740567,500,1500,0.03,15,0.45,0.1,50,0.054,5,0.7813333333333335,0.8511021752759091
1726,small_world,inv_degree,degree,1741576,500,1500,0.03,15,0.45,0.1,50,0.04,4,0.7920000000000004,0.8688271793702357
1727,small_world,inv_degree,degree,1742585,500,1500,0.03,15,0.45,0.1,50,0.058,2,0.7766666666666666,0.8250429449935773
1728,small_world,inv_degree,degree,1743594,500,1500,0.03,15,0.45,0.1,50,0.034,2,0.787,0.8812288606207475
1729,small_world,inv_degree,degree,1744603,500,1500,0.03,15,0.45,0.1,50,0.038,2,0.784,0.8686348527972385
1730,small_world,inv_degree,degree,1745612,500,1500,0.03,15,0.45,0.1,50,0.038,2,0.7553333333333335,0.8592484278856864
1731,small_world,inv_degree,degree,1746621,500,1500,0.03,15,0.45,0.1,50,0.038,2,0.7966666666666645,0.8650471337348816
1732,small_world,inv_degree,degree,1747630,500,1500,0.03,15,0.45,0.1,50,0.032,1,0.7633333333333308,0.8699089165406556
1733,small_world,inv_degree,degree,1748639,500,1500,0.03,15,0.45,0.1,50,0.086,9,0.7566666666666648,0.792318861715796
1734,small_world,inv_degree,degree,1749648,500,1500,0.03,15,0.45,0.1,50,0.054,4,0.7713333333333314,0.8262053668613906
1735,small_world,inv_degree,degree,1750657,500,1500,0.03,15,0.45,0.1,50,0.074,11,0.7746666666666636,0.814790983469434
1736,small_world,inv_degree,degree,1751666,500,1500,0.03,15,0.45,0.1,50,0.058,7,0.828,0.8541928326007435
1737,small_world,inv_degree,degree,1752675,500,1500,0.03,15,0.45,0.1,50,0.034,1,0.78,0.8794794848569887
1738,small_world,inv_degree,degree,1753684,500,1500,0.03,15,0.45,0.1,50,0.032,1,0.7760000000000001,0.884181826201177
1739,small_world,inv_degree,degree,1754693,500,1500,0.03,15,0.45,0.1,50,0.102,12,0.7526666666666642,0.7623533464336153
1740,small_world,inv_degree,degree,1755702,500,1500,0.03,15,0.45,0.1,50,0.06,8,0.7573333333333336,0.8321955410323121
1741,small_world,inv_degree,degree,1756711,500,1500,0.03,15,0.45,0.1,50,0.05,6,0.7599999999999977,0.8486578657304552
1742,small_world,inv_degree,degree,1757720,500,1500,0.03,15,0.45,0.1,50,0.046,4,0.7504999999999978,0.8341652274963015
1743,small_world,inv_degree,degree,1758729,500,1500,0.03,15,0.45,0.1,50,0.034,2,0.7913333333333311,0.8724999921288186
1744,small_world,inv_degree,degree,1759738,500,1500,0.03,15,0.45,0.1,50,0.034,1,0.8050000000000004,0.8884164724848481
1745,small_world,inv_degree,degree,1760747,500,1500,0.03,15,0.45,0.1,50,0.052,8,0.7679999999999982,0.8450094809822258
1746,small_world,inv_degree,degree,1761756,500,1500,0.03,15,0.45,0.1,50,0.062,11,0.7380000000000008,0.8085988238449683
1747,small_world,inv_degree,degree,1762765,500,1500,0.03,15,0.45,0.1,50,0.058,8,0.7739999999999997,0.8380281436596413
1748,small_world,inv_degree,degree,1763774,500,1500,0.03,15,0.45,0.1,50,0.044,4,0.7613333333333313,0.8415269866855861
1749,small_world,inv_degree,degree,1764783,500,1500,0.03,15,0.45,0.1,50,0.038,3,0.783999999999998,0.8700380669094194
1750,small_world,inv_degree,degree,1765792,500,1500,0.03,15,0.45,0.1,50,0.054,5,0.795,0.8517655021553237
1751,small_world,inv_degree,degree,1766801,500,1500,0.03,15,0.45,0.1,50,0.032,1,0.7679999999999996,0.870825761865857
1752,small_world,inv_degree,degree,1767810,500,1500,0.03,15,0.45,0.1,50,0.078,6,0.789,0.8253429489456501
1753,small_world,inv_degree,degree,1768819,500,1500,0.03,15,0.45,0.1,50,0.036,2,0.7500000000000004,0.8570473679420186
1754,small_world,inv_degree,degree,1769828,500,1500,0.03,15,0.45,0.1,50,0.038,3,0.789,0.8735194730306176
1755,small_world,inv_degree,degree,1770837,500,1500,0.03,15,0.45,0.1,50,0.032,1,0.7606666666666672,0.8758242015095685
1756,small_world,inv_degree,degree,1771846,500,1500,0.03,15,0.45,0.1,50,0.038,2,0.8039999999999977,0.8692136695225541
1757,small_world,inv_degree,degree,1772855,500,1500,0.03,15,0.45,0.1,50,0.046,4,0.79,0.8623271156731086
1758,small_world,inv_degree,degree,1773864,500,1500,0.03,15,0.45,0.1,50,0.032,1,0.7759999999999977,0.8767880627873504
1759,small_world,inv_degree,degree,1774873,500,1500,0.03,15,0.45,0.1,50,0.066,9,0.7619999999999969,0.8106767247100762
1760,small_world,inv_degree,degree,1775882,500,1500,0.03,15,0.45,0.1,50,0.044,5,0.770666666666667,0.8487719515156508
1761,small_world,inv_degree,degree,1776891,500,1500,0.03,15,0.45,0.1,50,0.044,5,0.7519999999999989,0.8395065714046386
1762,small_world,inv_degree,degree,1777900,500,1500,0.03,15,0.45,0.1,50,0.03,0,0.7846666666666634,0.8871799672059246
1763,small_world,inv_degree,degree,1778909,500,1500,0.03,15,0.45,0.1,50,0.032,1,0.783,0.8899415202942274
1764,small_world,inv_degree,degree,1779918,500,1500,0.03,15,0.45,0.1,50,0.048,3,0.8013333333333315,0.8507636623364304
1765,small_world,inv_degree,degree,1780927,500,1500,0.03,15,0.45,0.1,50,0.034,2,0.781,0.8807978853558839
1766,small_world,inv_degree,degree,1781936,500,1500,0.03,15,0.45,0.1,50,0.05,5,0.7649999999999973,0.8317643235309147
1767,small_world,inv_degree,degree,1782945,500,1500,0.03,15,0.45,0.1,50,0.054,6,0.7546666666666646,0.8272150919017933
1768,small_world,inv_degree,degree,1783954,500,1500,0.03,15,0.45,0.1,50,0.096,15,0.7286666666666646,0.7583920577487561
1769,small_world,inv_degree,degree,1784963,500,1500,0.03,15,0.45,0.1,50,0.038,3,0.7666666666666654,0.8629531801791683
1770,small_world,inv_degree,degree,1785972,500,1500,0.03,15,0.45,0.1,50,0.036,2,0.7786666666666665,0.8698974823671488
1771,small_world,inv_degree,degree,1786981,500,1500,0.03,15,0.45,0.1,50,0.03,0,0.7653333333333306,0.8882729254305997
1772,small_world,inv_degree,degree,1787990,500,1500,0.03,15,0.45,0.1,50,0.032,1,0.785,0.8870636006782305
1773,small_world,inv_degree,degree,1788999,500,1500,0.03,15,0.45,0.1,50,0.036,2,0.7753333333333313,0.8626842363745986
1774,small_world,inv_degree,degree,1790008,500,1500,0.03,15,0.45,0.1,50,0.048,5,0.7746666666666664,0.8444105526814398
1775,small_world,inv_degree,degree,1791017,500,1500,0.03,15,0.45,0.1,50,0.03,0,0.7713333333333311,0.8782603222237129
1776,small_world,inv_degree,degree,1792026,500,1500,0.03,15,0.45,0.1,50,0.06,6,0.801,0.8430936042998957
1777,small_world,inv_degree,degree,1793035,500,1500,0.03,15,0.45,0.1,50,0.038,2,0.7953333333333308,0.8700228000950917
1778,small_world,inv_degree,degree,1794044,500,1500,0.03,15,0.45,0.1,50,0.036,2,0.805,0.8834473614623716
1779,small_world,inv_degree,degree,1795053,500,1500,0.03,15,0.45,0.1,50,0.066,7,0.7993333333333332,0.8255787117256926
1780,small_world,inv_degree,degree,1796062,500,1500,0.03,15,0.45,0.1,50,0.056,5,0.7873333333333313,0.8528196375087751
1781,small_world,inv_degree,degree,1797071,500,1500,0.03,15,0.45,0.1,50,0.042,3,0.778,0.8535261756585418
1782,small_world,inv_degree,degree,1798080,500,1500,0.03,15,0.45,0.1,50,0.056,7,0.8139999999999982,0.8552308980711312
1783,small_world,inv_degree,degree,1799089,500,1500,0.03,15,0.45,0.1,50,0.042,5,0.7500000000000004,0.8535809149747512
1784,small_world,inv_degree,degree,1800098,500,1500,0.03,15,0.45,0.1,50,0.052,3,0.7444999999999987,0.8168233997844626
1785,small_world,inv_degree,degree,1801107,500,1500,0.03,15,0.45,0.1,50,0.03,0,0.7706666666666645,0.8839296307457065
1786,small_world,inv_degree,degree,1802116,500,1500,0.03,15,0.45,0.1,50,0.054,7,0.7809999999999999,0.8484356765385729
1787,small_world,inv_degree,degree,1803125,500,1500,0.03,15,0.45,0.1,50,0.044,4,0.7619999999999976,0.8421787580391235
1788,small_world,inv_degree,degree,1804134,500,1500,0.03,15,0.45,0.1,50,0.032,1,0.7959999999999974,0.8790822770609057
1789,small_world,inv_degree,degree,1805143,500,1500,0.03,15,0.45,0.1,50,0.03,0,0.7819999999999977,0.880495235407941
1790,small_world,inv_degree,degree,1806152,500,1500,0.03,15,0.45,0.1,50,0.042,4,0.7706666666666666,0.8588070654476418
1791,small_world,inv_degree,degree,1807161,500,1500,0.03,15,0.45,0.1,50,0.044,4,0.7753333333333305,0.8621721275430786
1792,small_world,inv_degree,degree,1808170,500,1500,0.03,15,0.45,0.1,50,0.03,0,0.782,0.8934414517866517
1793,small_world,inv_degree,degree,1809179,500,1500,0.03,15,0.45,0.1,50,0.082,10,0.753,0.8017517964762931
1794,small_world,inv_degree,degree,1810188,500,1500,0.03,15,0.45,0.1,50,0.048,7,0.7740000000000004,0.844392010033932
1795,small_world,inv_degree,degree,1811197,500,1500,0.03,15,0.45,0.1,50,0.032,1,0.7633333333333313,0.8776623023809038
1796,small_world,inv_degree,degree,1812206,500,1500,0.03,15,0.45,0.1,50,0.042,2,0.7753333333333331,0.845107828244802
1797,small_world,inv_degree,degree,1813215,500,1500,0.03,15,0.45,0.1,50,0.054,8,0.7579999999999981,0.837941703761454
1798,small_world,inv_degree,degree,1814224,500,1500,0.03,15,0.45,0.1,50,0.034,1,0.7640000000000002,0.8701084396097073
1799,small_world,inv_degree,degree,1815233,500,1500,0.03,15,0.45,0.1,50,0.052,7,0.7586666666666669,0.8525136509897742
1800,small_world,inv_degree,degree,1816242,500,1500,0.03,15,0.45,0.1,50,0.07,9,0.7599999999999997,0.804890706538661
1801,random,uniform,random,1817251,500,1515,0.03,15,0.45,0.1,50,0.034,2,0.812,0.8079252125177951
1802,random,uniform,random,1818260,500,1527,0.03,15,0.45,0.1,50,0.038,1,0.792,0.7855725533563399
1803,random,uniform,random,1819269,500,1474,0.03,15,0.45,0.1,50,0.038,1,0.808,0.8031962087808084
1804,random,uniform,random,1820278,500,1495,0.03,15,0.45,0.1,50,0.04,2,0.78,0.7807168214886397
1805,random,uniform,random,1821287,500,1522,0.03,15,0.45,0.1,50,0.034,1,0.8,0.797393140282886
1806,random,uniform,random,1822296,500,1563,0.03,15,0.45,0.1,50,0.032,1,0.822,0.8079889203314711
1807,random,uniform,random,1823305,500,1495,0.03,15,0.45,0.1,50,0.032,1,0.832,0.8161325827875506
1808,random,uniform,random,1824314,500,1523,0.03,15,0.45,0.1,50,0.032,1,0.776,0.7831738656602472
1809,random,uniform,random,1825323,500,1539,0.03,15,0.45,0.1,50,0.036,1,0.814,0.8024153400163333
1810,random,uniform,random,1826332,500,1490,0.03,15,0.45,0.1,50,0.036,1,0.824,0.8177376421883076
1811,random,uniform,random,1827341,500,1484,0.03,15,0.45,0.1,50,0.038,2,0.782,0.7802475249783984
1812,random,uniform,random,1828350,500,1472,0.03,15,0.45,0.1,50,0.032,1,0.812,0.8084551253799185
1813,random,uniform,random,1829359,500,1474,0.03,15,0.45,0.1,50,0.036,1,0.79,0.8022938576287029
1814,random,uniform,random,1830368,500,1502,0.03,15,0.45,0.1,50,0.032,1,0.832,0.8241734903640301
1815,random,uniform,random,1831377,500,1511,0.03,15,0.45,0.1,50,0.034,1,0.796,0.7925487333724044
1816,random,uniform,random,1832386,500,1490,0.03,15,0.45,0.1,50,0.03,0,0.804,0.8100964476044321
1817,random,uniform,random,1833395,500,1483,0.03,15,0.45,0.1,50,0.036,2,0.806,0.8010738693013033
1818,random,uniform,random,1834404,500,1446,0.03,15,0.45,0.1,50,0.036,1,0.81,0.8063651929489379
1819,random,uniform,random,1835413,500,1478,0.03,15,0.45,0.1,50,0.034,1,0.818,0.8157234718179521
1820,random,uniform,random,1836422,500,1515,0.03,15,0.45,0.1,50,0.032,1,0.788,0.8064844276291119
1821,random,uniform,random,1837431,500,1593,0.03,15,0.45,0.1,50,0.036,1,0.814,0.7955384456860923
1822,random,uniform,random,1838440,500,1494,0.03,15,0.45,0.1,50,0.04,1,0.79,0.7888880070393213
1823,random,uniform,random,1839449,500,1465,0.03,15,0.45,0.1,50,0.03,0,0.822,0.8203492099299986
1824,random,uniform,random,1840458,500,1473,0.03,15,0.45,0.1,50,0.036,1,0.784,0.784134420433197
1825,random,uniform,random,1841467,500,1506,0.03,15,0.45,0.1,50,0.034,1,0.824,0.8171575430139141
1826,random,uniform,random,1842476,500,1572,0.03,15,0.45,0.1,50,0.034,1,0.806,0.7897369781673279
1827,random,uniform,random,1843485,500,1559,0.03,15,0.45,0.1,50,0.034,1,0.762,0.7578174403687905
1828,random,uniform,random,1844494,500,1528,0.03,15,0.45,0.1,50,0.032,1,0.784,0.7988105224639435
1829,random,uniform,random,1845503,500,1525,0.03,15,0.45,0.1,50,0.036,1,0.808,0.7973977615548966
1830,random,uniform,random,1846512,500,1570,0.03,15,0.45,0.1,50,0.042,2,0.772,0.7478235933377297
1831,random,uniform,random,1847521,500,1498,0.03,15,0.45,0.1,50,0.032,1,0.81,0.8229817402612827
1832,random,uniform,random,1848530,500,1575,0.03,15,0.45,0.1,50,0.034,1,0.806,0.798222038123719
1833,random,uniform,random,1849539,500,1461,0.03,15,0.45,0.1,50,0.04,2,0.788,0.7820179627971281
1834,random,uniform,random,1850548,500,1497,0.03,15,0.45,0.1,50,0.034,1,0.822,0.8146930404346946
1835,random,uniform,random,1851557,500,1500,0.03,15,0.45,0.1,50,0.03,0,0.82,0.8260406538454614
1836,random,uniform,random,1852566,500,1486,0.03,15,0.45,0.1,50,0.032,1,0.812,0.8214272022123862
1837,random,uniform,random,1853575,500,1487,0.03,15,0.45,0.1,50,0.042,1,0.796,0.7793565488968462
1838,random,uniform,random,1854584,500,1418,0.03,15,0.45,0.1,50,0.038,2,0.816,0.80279991752082
1839,random,uniform,random,1855593,500,1577,0.03,15,0.45,0.1,50,0.036,1,0.784,0.771633092290963
1840,random,uniform,random,1856602,500,1528,0.03,15,0.45,0.1,50,0.032,1,0.796,0.7971166952056922
1841,random,uniform,random,1857611,500,1452,0.03,15,0.45,0.1,50,0.038,1,0.768,0.7656316025798656
1842,random,uniform,random,1858620,500,1491,0.03,15,0.45,0.1,50,0.032,1,0.824,0.83222894975142
1843,random,uniform,random,1859629,500,1450,0.03,15,0.45,0.1,50,0.032,1,0.848,0.8490471792649972
1844,random,uniform,random,1860638,500,1532,0.03,15,0.45,0.1,50,0.034,2,0.802,0.7976513339963524
1845,random,uniform,random,1861647,500,1486,0.03,15,0.45,0.1,50,0.038,2,0.778,0.7659964526134566
1846,random,uniform,random,1862656,500,1482,0.03,15,0.45,0.1,50,0.034,1,0.776,0.788073338414252
1847,random,uniform,random,1863665,500,1522,0.03,15,0.45,0.1,50,0.042,2,0.77,0.7444734801449956
1848,random,uniform,random,1864674,500,1559,0.03,15,0.45,0.1,50,0.038,1,0.8,0.7770332439020207
1849,random,uniform,random,1865683,500,1492,0.03,15,0.45,0.1,50,0.034,1,0.834,0.8220223257576328
1850,random,uniform,random,1866692,500,1566,0.03,15,0.45,0.1,50,0.036,1,0.8,0.7874716395181358
1851,random,uniform,random,1867701,500,1528,0.03,15,0.45,0.1,50,0.034,1,0.802,0.7871153485310504
1852,random,uniform,random,1868710,500,1575,0.03,15,0.45,0.1,50,0.04,1,0.786,0.7592441649593106
1853,random,uniform,random,1869719,500,1454,0.03,15,0.45,0.1,50,0.036,1,0.79,0.7991649719952297
1854,random,uniform,random,1870728,500,1558,0.03,15,0.45,0.1,50,0.034,1,0.8,0.7913803044218118
1855,random,uniform,random,1871737,500,1506,0.03,15,0.45,0.1,50,0.032,1,0.778,0.7931884189494334
1856,random,uniform,random,1872746,500,1518,0.03,15,0.45,0.1,50,0.034,1,0.812,0.8117575383998009
1857,random,uniform,random,1873755,500,1558,0.03,15,0.45,0.1,50,0.03,0,0.822,0.8204022690837449
1858,random,uniform,random,1874764,500,1481,0.03,15,0.45,0.1,50,0.042,2,0.796,0.7736229000271133
1859,random,uniform,random,1875773,500,1490,0.03,15,0.45,0.1,50,0.034,1,0.816,0.8138719088632842
1860,random,uniform,random,1876782,500,1453,0.03,15,0.45,0.1,50,0.032,1,0.82,0.8263471076586961
1861,random,uniform,random,1877791,500,1535,0.03,15,0.45,0.1,50,0.036,1,0.8,0.7794532676233253
1862,random,uniform,random,1878800,500,1518,0.03,15,0.45,0.1,50,0.032,1,0.8,0.8108279283845704
1863,random,uniform,random,1879809,500,1503,0.03,15,0.45,0.1,50,0.038,1,0.788,0.777503035276392
1864,random,uniform,random,1880818,500,1475,0.03,15,0.45,0.1,50,0.032,1,0.802,0.7979605311721067
1865,random,uniform,random,1881827,500,1517,0.03,15,0.45,0.1,50,0.036,1,0.808,0.7913982569488883
1866,random,uniform,random,1882836,500,1508,0.03,15,0.45,0.1,50,0.03,0,0.826,0.8243138550304895
1867,random,uniform,random,1883845,500,1523,0.03,15,0.45,0.1,50,0.034,1,0.814,0.8090039055805224
1868,random,uniform,random,1884854,500,1531,0.03,15,0.45,0.1,50,0.032,1,0.81,0.8158357443884067
1869,random,uniform,random,1885863,500,1533,0.03,15,0.45,0.1,50,0.038,1,0.768,0.767989737693283
1870,random,uniform,random,1886872,500,1541,0.03,15,0.45,0.1,50,0.038,1,0.806,0.7828513890670965
1871,random,uniform,random,1887881,500,1593,0.03,15,0.45,0.1,50,0.032,1,0.798,0.7917925431731673
1872,random,uniform,random,1888890,500,1518,0.03,15,0.45,0.1,50,0.036,1,0.802,0.7898674774085699
1873,random,uniform,random,1889899,500,1510,0.03,15,0.45,0.1,50,0.034,1,0.826,0.8154708757365682
1874,random,uniform,random,1890908,500,1455,0.03,15,0.45,0.1,50,0.04,2,0.792,0.7853079111612763
1875,random,uniform,random,1891917,500,1422,0.03,15,0.45,0.1,50,0.038,1,0.782,0.7747732727411095
1876,random,uniform,random,1892926,500,1518,0.03,15,0.45,0.1,50,0.034,1,0.806,0.8024422559492963
1877,random,uniform,random,1893935,500,1451,0.03,15,0.45,0.1,50,0.032,1,0.81,0.819840659099506
1878,random,uniform,random,1894944,500,1517,0.03,15,0.45,0.1,50,0.034,1,0.772,0.7604043361603087
1879,random,uniform,random,1895953,500,1546,0.03,15,0.45,0.1,50,0.04,2,0.806,0.7824516050551072
1880,random,uniform,random,1896962,500,1496,0.03,15,0.45,0.1,50,0.038,1,0.796,0.7914541235422335
1881,random,uniform,random,1897971,500,1501,0.03,15,0.45,0.1,50,0.036,1,0.794,0.7974245785548383
1882,random,uniform,random,1898980,500,1521,0.03,15,0.45,0.1,50,0.03,0,0.814,0.8261775519279312
1883,random,uniform,random,1899989,500,1443,0.03,15,0.45,0.1,50,0.038,1,0.784,0.7874282535926413
1884,random,uniform,random,1900998,500,1534,0.03,15,0.45,0.1,50,0.03,0,0.806,0.8034923631831906
1885,random,uniform,random,1902007,500,1587,0.03,15,0.45,0.1,50,0.036,1,0.79,0.7691054195354056
1886,random,uniform,random,1903016,500,1494,0.03,15,0.45,0.1,50,0.03,0,0.814,0.8147663341671941
1887,random,uniform,random,1904025,500,1475,0.03,15,0.45,0.1,50,0.034,1,0.794,0.8036064834847805
1888,random,uniform,random,1905034,500,1485,0.03,15,0.45,0.1,50,0.03,0,0.818,0.813067650090289
1889,random,uniform,random,1906043,500,1494,0.03,15,0.45,0.1,50,0.036,1,0.812,0.8034895803774902
1890,random,uniform,random,1907052,500,1462,0.03,15,0.45,0.1,50,0.038,1,0.838,0.8327064038516355
1891,random,uniform,random,1908061,500,1549,0.03,15,0.45,0.1,50,0.038,1,0.784,0.763111917050991
1892,random,uniform,random,1909070,500,1498,0.03,15,0.45,0.1,50,0.036,2,0.822,0.8017066399289112
1893,random,uniform,random,1910079,500,1511,0.03,15,0.45,0.1,50,0.036,1,0.808,0.8031949543415042
1894,random,uniform,random,1911088,500,1454,0.03,15,0.45,0.1,50,0.038,1,0.792,0.7903044072775653
1895,random,uniform,random,1912097,500,1478,0.03,15,0.45,0.1,50,0.036,1,0.794,0.8001444916017182
1896,random,uniform,random,1913106,500,1544,0.03,15,0.45,0.1,50,0.032,1,0.822,0.8133325926497286
1897,random,uniform,random,1914115,500,1549,0.03,15,0.45,0.1,50,0.04,2,0.79,0.7720096718566187
1898,random,uniform,random,1915124,500,1513,0.03,15,0.45,0.1,50,0.036,2,0.802,0.7948468893881182
1899,random,uniform,random,1916133,500,1521,0.03,15,0.45,0.1,50,0.038,1,0.786,0.7724428049623165
1900,random,uniform,random,1917142,500,1553,0.03,15,0.45,0.1,50,0.036,1,0.776,0.7645501541802332
1901,random,uniform,random,1918151,500,1528,0.03,15,0.45,0.1,50,0.032,1,0.824,0.8176853197979286
1902,random,uniform,random,1919160,500,1530,0.03,15,0.45,0.1,50,0.036,1,0.798,0.7864786459126596
1903,random,uniform,random,1920169,500,1484,0.03,15,0.45,0.1,50,0.036,1,0.81,0.8070729760644164
1904,random,uniform,random,1921178,500,1496,0.03,15,0.45,0.1,50,0.044,2,0.772,0.7664037657402695
1905,random,uniform,random,1922187,500,1534,0.03,15,0.45,0.1,50,0.032,1,0.822,0.812597907720142
1906,random,uniform,random,1923196,500,1471,0.03,15,0.45,0.1,50,0.036,2,0.792,0.7958508338120438
1907,random,uniform,random,1924205,500,1526,0.03,15,0.45,0.1,50,0.034,1,0.816,0.8030530175772415
1908,random,uniform,random,1925214,500,1479,0.03,15,0.45,0.1,50,0.03,0,0.81,0.8199152972357162
1909,random,uniform,random,1926223,500,1466,0.03,15,0.45,0.1,50,0.032,1,0.802,0.814178126403573
1910,random,uniform,random,1927232,500,1535,0.03,15,0.45,0.1,50,0.034,1,0.82,0.8156800164999053
1911,random,uniform,random,1928241,500,1472,0.03,15,0.45,0.1,50,0.032,1,0.822,0.8223696791033519
1912,random,uniform,random,1929250,500,1533,0.03,15,0.45,0.1,50,0.036,1,0.772,0.7801947181825292
1913,random,uniform,random,1930259,500,1500,0.03,15,0.45,0.1,50,0.042,3,0.77,0.7661028455553984
1914,random,uniform,random,1931268,500,1521,0.03,15,0.45,0.1,50,0.032,1,0.804,0.7929009886464375
1915,random,uniform,random,1932277,500,1471,0.03,15,0.45,0.1,50,0.036,1,0.814,0.8095182621315345
1916,random,uniform,random,1933286,500,1508,0.03,15,0.45,0.1,50,0.038,1,0.792,0.7733435616791874
1917,random,uniform,random,1934295,500,1516,0.03,15,0.45,0.1,50,0.036,1,0.798,0.8021651950171073
1918,random,uniform,random,1935304,500,1513,0.03,15,0.45,0.1,50,0.04,2,0.788,0.7648817785900711
1919,random,uniform,random,1936313,500,1458,0.03,15,0.45,0.1,50,0.034,1,0.8,0.803654812488357
1920,random,uniform,random,1937322,500,1504,0.03,15,0.45,0.1,50,0.03,0,0.812,0.8128870745613839
1921,random,uniform,random,1938331,500,1495,0.03,15,0.45,0.1,50,0.036,1,0.794,0.8002668118769676
1922,random,uniform,random,1939340,500,1503,0.03,15,0.45,0.1,50,0.034,1,0.822,0.8187614416556701
1923,random,uniform,random,1940349,500,1556,0.03,15,0.45,0.1,50,0.038,1,0.782,0.7640735532275981
1924,random,uniform,random,1941358,500,1559,0.03,15,0.45,0.1,50,0.034,1,0.796,0.7797530992612923
1925,random,uniform,random,1942367,500,1497,0.03,15,0.45,0.1,50,0.04,2,0.792,0.7774671794716913
1926,random,uniform,random,1943376,500,1494,0.03,15,0.45,0.1,50,0.036,2,0.792,0.7969177594739961
1927,random,uniform,random,1944385,500,1493,0.03,15,0.45,0.1,50,0.036,1,0.792,0.7950287285979385
1928,random,uniform,random,1945394,500,1453,0.03,15,0.45,0.1,50,0.03,0,0.824,0.8287403837005849
1929,random,uniform,random,1946403,500,1486,0.03,15,0.45,0.1,50,0.038,1,0.782,0.7841128103852201
1930,random,uniform,random,1947412,500,1516,0.03,15,0.45,0.1,50,0.042,2,0.782,0.7594553590580985
1931,random,uniform,random,1948421,500,1521,0.03,15,0.45,0.1,50,0.04,1,0.762,0.7629055238623468
1932,random,uniform,random,1949430,500,1526,0.03,15,0.45,0.1,50,0.038,1,0.812,0.796536262613696
1933,random,uniform,random,1950439,500,1484,0.03,15,0.45,0.1,50,0.036,2,0.818,0.8000850043096105
1934,random,uniform,random,1951448,500,1562,0.03,15,0.45,0.1,50,0.032,1,0.81,0.8054924500136619
1935,random,uniform,random,1952457,500,1512,0.03,15,0.45,0.1,50,0.04,1,0.81,0.7989899119371698
1936,random,uniform,random,1953466,500,1515,0.03,15,0.45,0.1,50,0.042,1,0.772,0.7646811191172231
1937,random,uniform,random,1954475,500,1523,0.03,15,0.45,0.1,50,0.03,0,0.798,0.8101638556160036
1938,random,uniform,random,1955484,500,1574,0.03,15,0.45,0.1,50,0.04,2,0.758,0.7589781786370141
1939,random,uniform,random,1956493,500,1501,0.03,15,0.45,0.1,50,0.036,1,0.804,0.8003584118721823
1940,random,uniform,random,1957502,500,1499,0.03,15,0.45,0.1,50,0.04,1,0.794,0.7917742675656654
1941,random,uniform,random,1958511,500,1521,0.03,15,0.45,0.1,50,0.04,2,0.802,0.7816652258925756
1942,random,uniform,random,1959520,500,1529,0.03,15,0.45,0.1,50,0.04,2,0.8,0.7833076145717226
1943,random,uniform,random,1960529,500,1486,0.03,15,0.45,0.1,50,0.046,2,0.808,0.762055004512886
1944,random,uniform,random,1961538,500,1433,0.03,15,0.45,0.1,50,0.042,1,0.792,0.7837712513534477
1945,random,uniform,random,1962547,500,1511,0.03,15,0.45,0.1,50,0.03,0,0.804,0.8165689638370156
1946,random,uniform,random,1963556,500,1569,0.03,15,0.45,0.1,50,0.036,1,0.798,0.7806697946155948
1947,random,uniform,random,1964565,500,1535,0.03,15,0.45,0.1,50,0.032,1,0.806,0.7991155238508105
1948,random,uniform,random,1965574,500,1497,0.03,15,0.45,0.1,50,0.038,2,0.826,0.8060761821229651
1949,random,uniform,random,1966583,500,1508,0.03,15,0.45,0.1,50,0.036,1,0.814,0.8128906454506971
1950,random,uniform,random,1967592,500,1465,0.03,15,0.45,0.1,50,0.036,1,0.798,0.7984868597092816
1951,random,uniform,random,1968601,500,1554,0.03,15,0.45,0.1,50,0.036,1,0.818,0.8087432938582999
1952,random,uniform,random,1969610,500,1489,0.03,15,0.45,0.1,50,0.034,1,0.824,0.8198092206725294
1953,random,uniform,random,1970619,500,1510,0.03,15,0.45,0.1,50,0.038,1,0.788,0.786906801340818
1954,random,uniform,random,1971628,500,1556,0.03,15,0.45,0.1,50,0.034,1,0.81,0.7916568912141349
1955,random,uniform,random,1972637,500,1581,0.03,15,0.45,0.1,50,0.034,1,0.818,0.8042920434111819
1956,random,uniform,random,1973646,500,1544,0.03,15,0.45,0.1,50,0.032,1,0.808,0.8044874467181065
1957,random,uniform,random,1974655,500,1504,0.03,15,0.45,0.1,50,0.032,1,0.778,0.7921226817925808
1958,random,uniform,random,1975664,500,1488,0.03,15,0.45,0.1,50,0.03,0,0.822,0.8274704621428088
1959,random,uniform,random,1976673,500,1515,0.03,15,0.45,0.1,50,0.044,2,0.774,0.7472335275415478
1960,random,uniform,random,1977682,500,1488,0.03,15,0.45,0.1,50,0.03,0,0.82,0.8204298751654052
1961,random,uniform,random,1978691,500,1538,0.03,15,0.45,0.1,50,0.036,1,0.798,0.7916320422785541
1962,random,uniform,random,1979700,500,1500,0.03,15,0.45,0.1,50,0.036,1,0.784,0.780599600656634
1963,random,uniform,random,1980709,500,1502,0.03,15,0.45,0.1,50,0.036,1,0.79,0.7868532524145259
1964,random,uniform,random,1981718,500,1539,0.03,15,0.45,0.1,50,0.038,2,0.762,0.7630407134028565
1965,random,uniform,random,1982727,500,1479,0.03,15,0.45,0.1,50,0.034,1,0.792,0.7886503335689812
1966,random,uniform,random,1983736,500,1505,0.03,15,0.45,0.1,50,0.036,2,0.778,0.7725181255717751
1967,random,uniform,random,1984745,500,1546,0.03,15,0.45,0.1,50,0.036,1,0.81,0.8002303094298037
1968,random,uniform,random,1985754,500,1468,0.03,15,0.45,0.1,50,0.036,1,0.81,0.8038425065541673
1969,random,uniform,random,1986763,500,1471,0.03,15,0.45,0.1,50,0.036,1,0.754,0.7652851067196009
1970,random,uniform,random,1987772,500,1502,0.03,15,0.45,0.1,50,0.04,1,0.8,0.7852286722495234
1971,random,uniform,random,1988781,500,1540,0.03,15,0.45,0.1,50,0.032,1,0.832,0.8223257762390118
1972,random,uniform,random,1989790,500,1519,0.03,15,0.45,0.1,50,0.034,1,0.798,0.7960430909546767
1973,random,uniform,random,1990799,500,1478,0.03,15,0.45,0.1,50,0.04,3,0.78,0.7720304339454294
1974,random,uniform,random,1991808,500,1492,0.03,15,0.45,0.1,50,0.034,1,0.78,0.7944143310589912
1975,random,uniform,random,1992817,500,1531,0.03,15,0.45,0.1,50,0.032,1,0.806,0.8083101040773499
1976,random,uniform,random,1993826,500,1461,0.03,15,0.45,0.1,50,0.042,2,0.772,0.7550971142696759
1977,random,uniform,random,1994835,500,1552,0.03,15,0.45,0.1,50,0.04,1,0.77,0.7611468678464377
1978,random,uniform,random,1995844,500,1507,0.03,15,0.45,0.1,50,0.036,1,0.792,0.7867026859830893
1979,random,uniform,random,1996853,500,1536,0.03,15,0.45,0.1,50,0.042,3,0.758,0.7395023522091513
1980,random,uniform,random,1997862,500,1551,0.03,15,0.45,0.1,50,0.038,2,0.774,0.7671497401289569
1981,random,uniform,random,1998871,500,1538,0.03,15,0.45,0.1,50,0.038,1,0.82,0.7968779981453087
1982,random,uniform,random,1999880,500,1454,0.03,15,0.45,0.1,50,0.044,2,0.79,0.7761034704821617
1983,random,uniform,random,2000889,500,1491,0.03,15,0.45,0.1,50,0.034,1,0.84,0.8256398337603054
1984,random,uniform,random,2001898,500,1457,0.03,15,0.45,0.1,50,0.036,1,0.834,0.8282003185350844
1985,random,uniform,random,2002907,500,1496,0.03,15,0.45,0.1,50,0.034,1,0.8,0.8029308453497058
1986,random,uniform,random,2003916,500,1438,0.03,15,0.45,0.1,50,0.034,1,0.82,0.8105184557513714
1987,random,uniform,random,2004925,500,1405,0.03,15,0.45,0.1,50,0.03,0,0.8,0.8263098312206224
1988,random,uniform,random,2005934,500,1542,0.03,15,0.45,0.1,50,0.038,2,0.79,0.7836236657008862
1989,random,uniform,random,2006943,500,1609,0.03,15,0.45,0.1,50,0.036,1,0.762,0.754233175732799
1990,random,uniform,random,2007952,500,1546,0.03,15,0.45,0.1,50,0.036,1,0.772,0.7698351915834186
1991,random,uniform,random,2008961,500,1534,0.03,15,0.45,0.1,50,0.032,1,0.816,0.8082161705916248
1992,random,uniform,random,2009970,500,1498,0.03,15,0.45,0.1,50,0.038,1,0.794,0.7826076484140166
1993,random,uniform,random,2010979,500,1521,0.03,15,0.45,0.1,50,0.038,1,0.788,0.7752455773675178
1994,random,uniform,random,2011988,500,1483,0.03,15,0.45,0.1,50,0.038,3,0.77,0.7748374077646288
1995,random,uniform,random,2012997,500,1501,0.03,15,0.45,0.1,50,0.038,1,0.82,0.812394008612185
1996,random,uniform,random,2014006,500,1487,0.03,15,0.45,0.1,50,0.044,2,0.786,0.7836552872923671
1997,random,uniform,random,2015015,500,1484,0.03,15,0.45,0.1,50,0.042,1,0.77,0.7530124591350484
1998,random,uniform,random,2016024,500,1541,0.03,15,0.45,0.1,50,0.034,1,0.8,0.7971251875745041
1999,random,uniform,random,2017033,500,1562,0.03,15,0.45,0.1,50,0.032,1,0.804,0.8005301822126673
2000,random,uniform,random,2018042,500,1532,0.03,15,0.45,0.1,50,0.036,1,0.794,0.7833936318226177
2001,scale_free,uniform,random,2019051,500,1491,0.03,15,0.45,0.1,50,0.038,1,0.8,0.6561602643339414
2002,scale_free,uniform,random,2020060,500,1491,0.03,15,0.45,0.1,50,0.03,0,0.822,0.7256043274981191
2003,scale_free,uniform,random,2021069,500,1491,0.03,15,0.45,0.1,50,0.038,1,0.798,0.6940055756088387
2004,scale_free,uniform,random,2022078,500,1491,0.03,15,0.45,0.1,50,0.052,1,0.614,0.5099045477938137
2005,scale_free,uniform,random,2023087,500,1491,0.03,15,0.45,0.1,50,0.04,1,0.83,0.703770075866725
2006,scale_free,uniform,random,2024096,500,1491,0.03,15,0.45,0.1,50,0.04,1,0.824,0.7253162959761323
2007,scale_free,uniform,random,2025105,500,1491,0.03,15,0.45,0.1,50,0.04,1,0.822,0.6825727014994122
2008,scale_free,uniform,random,2026114,500,1491,0.03,15,0.45,0.1,50,0.038,1,0.822,0.684964393544529
2009,scale_free,uniform,random,2027123,500,1491,0.03,15,0.45,0.1,50,0.032,1,0.836,0.7491601172132614
2010,scale_free,uniform,random,2028132,500,1491,0.03,15,0.45,0.1,50,0.036,1,0.834,0.7286369873115405
2011,scale_free,uniform,random,2029141,500,1491,0.03,15,0.45,0.1,50,0.034,1,0.828,0.7176535133940544
2012,scale_free,uniform,random,2030150,500,1491,0.03,15,0.45,0.1,50,0.04,1,0.776,0.6454860451911159
2013,scale_free,uniform,random,2031159,500,1491,0.03,15,0.45,0.1,50,0.036,2,0.816,0.7101173547390776
2014,scale_free,uniform,random,2032168,500,1491,0.03,15,0.45,0.1,50,0.034,1,0.88,0.7825622675640238
2015,scale_free,uniform,random,2033177,500,1491,0.03,15,0.45,0.1,50,0.034,1,0.836,0.7282726602617202
2016,scale_free,uniform,random,2034186,500,1491,0.03,15,0.45,0.1,50,0.04,1,0.818,0.7395352681995851
2017,scale_free,uniform,random,2035195,500,1491,0.03,15,0.45,0.1,50,0.034,1,0.818,0.6957966966564053
2018,scale_free,uniform,random,2036204,500,1491,0.03,15,0.45,0.1,50,0.034,1,0.858,0.7408853649028683
2019,scale_free,uniform,random,2037213,500,1491,0.03,15,0.45,0.1,50,0.04,1,0.836,0.6970232267035389
2020,scale_free,uniform,random,2038222,500,1491,0.03,15,0.45,0.1,50,0.036,2,0.822,0.749282668402659
2021,scale_free,uniform,random,2039231,500,1491,0.03,15,0.45,0.1,50,0.036,2,0.804,0.7085096506805989
2022,scale_free,uniform,random,2040240,500,1491,0.03,15,0.45,0.1,50,0.036,1,0.782,0.6986245136097129
2023,scale_free,uniform,random,2041249,500,1491,0.03,15,0.45,0.1,50,0.036,1,0.84,0.7305385457014361
2024,scale_free,uniform,random,2042258,500,1491,0.03,15,0.45,0.1,50,0.032,1,0.872,0.7744166265954988
2025,scale_free,uniform,random,2043267,500,1491,0.03,15,0.45,0.1,50,0.038,1,0.824,0.7416287074999457
2026,scale_free,uniform,random,2044276,500,1491,0.03,15,0.45,0.1,50,0.036,1,0.716,0.660622966600004
2027,scale_free,uniform,random,2045285,500,1491,0.03,15,0.45,0.1,50,0.034,1,0.846,0.7353670501188407
2028,scale_free,uniform,random,2046294,500,1491,0.03,15,0.45,0.1,50,0.036,1,0.804,0.7184011146767579
2029,scale_free,uniform,random,2047303,500,1491,0.03,15,0.45,0.1,50,0.042,2,0.778,0.6645322179289693
2030,scale_free,uniform,random,2048312,500,1491,0.03,15,0.45,0.1,50,0.032,1,0.844,0.7471330211963697
2031,scale_free,uniform,random,2049321,500,1491,0.03,15,0.45,0.1,50,0.03,0,0.86,0.7642456440638035
2032,scale_free,uniform,random,2050330,500,1491,0.03,15,0.45,0.1,50,0.036,1,0.808,0.6987833293891627
2033,scale_free,uniform,random,2051339,500,1491,0.03,15,0.45,0.1,50,0.04,2,0.82,0.70281131856344
2034,scale_free,uniform,random,2052348,500,1491,0.03,15,0.45,0.1,50,0.036,1,0.836,0.7271941808899748
2035,scale_free,uniform,random,2053357,500,1491,0.03,15,0.45,0.1,50,0.042,1,0.796,0.6887009451204632
2036,scale_free,uniform,random,2054366,500,1491,0.03,15,0.45,0.1,50,0.044,2,0.802,0.6818574227049881
2037,scale_free,uniform,random,2055375,500,1491,0.03,15,0.45,0.1,50,0.032,1,0.86,0.7042253296630127
2038,scale_free,uniform,random,2056384,500,1491,0.03,15,0.45,0.1,50,0.048,1,0.774,0.6304203578908504
2039,scale_free,uniform,random,2057393,500,1491,0.03,15,0.45,0.1,50,0.05,2,0.782,0.64740507207572
2040,scale_free,uniform,random,2058402,500,1491,0.03,15,0.45,0.1,50,0.034,1,0.818,0.746506130976923
2041,scale_free,uniform,random,2059411,500,1491,0.03,15,0.45,0.1,50,0.034,1,0.794,0.6840141489704948
2042,scale_free,uniform,random,2060420,500,1491,0.03,15,0.45,0.1,50,0.032,1,0.818,0.7457054321329799
2043,scale_free,uniform,random,2061429,500,1491,0.03,15,0.45,0.1,50,0.038,1,0.812,0.7440912035961358
2044,scale_free,uniform,random,2062438,500,1491,0.03,15,0.45,0.1,50,0.036,1,0.85,0.7137116914448004
2045,scale_free,uniform,random,2063447,500,1491,0.03,15,0.45,0.1,50,0.042,2,0.754,0.6724677730559112
2046,scale_free,uniform,random,2064456,500,1491,0.03,15,0.45,0.1,50,0.048,1,0.752,0.6174630377765139
2047,scale_free,uniform,random,2065465,500,1491,0.03,15,0.45,0.1,50,0.044,1,0.776,0.6554171874555704
2048,scale_free,uniform,random,2066474,500,1491,0.03,15,0.45,0.1,50,0.038,1,0.824,0.7022266360026503
2049,scale_free,uniform,random,2067483,500,1491,0.03,15,0.45,0.1,50,0.034,1,0.818,0.7171071623547066
2050,scale_free,uniform,random,2068492,500,1491,0.03,15,0.45,0.1,50,0.032,1,0.81,0.7378836904925431
2051,scale_free,uniform,random,2069501,500,1491,0.03,15,0.45,0.1,50,0.034,1,0.786,0.7053955316604589
2052,scale_free,uniform,random,2070510,500,1491,0.03,15,0.45,0.1,50,0.038,1,0.814,0.7217937222884799
2053,scale_free,uniform,random,2071519,500,1491,0.03,15,0.45,0.1,50,0.036,1,0.81,0.7054464876350786
2054,scale_free,uniform,random,2072528,500,1491,0.03,15,0.45,0.1,50,0.032,1,0.83,0.7640847195531183
2055,scale_free,uniform,random,2073537,500,1491,0.03,15,0.45,0.1,50,0.038,1,0.816,0.6746206360497357
2056,scale_free,uniform,random,2074546,500,1491,0.03,15,0.45,0.1,50,0.04,1,0.818,0.697429179634634
2057,scale_free,uniform,random,2075555,500,1491,0.03,15,0.45,0.1,50,0.038,1,0.812,0.7115371048735899
2058,scale_free,uniform,random,2076564,500,1491,0.03,15,0.45,0.1,50,0.036,1,0.808,0.704498094444841
2059,scale_free,uniform,random,2077573,500,1491,0.03,15,0.45,0.1,50,0.036,2,0.826,0.738587188475995
2060,scale_free,uniform,random,2078582,500,1491,0.03,15,0.45,0.1,50,0.032,1,0.856,0.7757609483862856
2061,scale_free,uniform,random,2079591,500,1491,0.03,15,0.45,0.1,50,0.036,1,0.78,0.7047902828303507
2062,scale_free,uniform,random,2080600,500,1491,0.03,15,0.45,0.1,50,0.04,2,0.836,0.7197679963700934
2063,scale_free,uniform,random,2081609,500,1491,0.03,15,0.45,0.1,50,0.048,1,0.74,0.615423177114181
2064,scale_free,uniform,random,2082618,500,1491,0.03,15,0.45,0.1,50,0.038,1,0.798,0.7131913232261707
2065,scale_free,uniform,random,2083627,500,1491,0.03,15,0.45,0.1,50,0.038,1,0.8,0.6835599825006418
2066,scale_free,uniform,random,2084636,500,1491,0.03,15,0.45,0.1,50,0.038,1,0.792,0.6831613150723752
2067,scale_free,uniform,random,2085645,500,1491,0.03,15,0.45,0.1,50,0.04,1,0.792,0.6728191312071546
2068,scale_free,uniform,random,2086654,500,1491,0.03,15,0.45,0.1,50,0.036,1,0.862,0.7068669873576165
2069,scale_free,uniform,random,2087663,500,1491,0.03,15,0.45,0.1,50,0.034,1,0.854,0.7504869877908136
2070,scale_free,uniform,random,2088672,500,1491,0.03,15,0.45,0.1,50,0.036,1,0.8,0.7243821187096932
2071,scale_free,uniform,random,2089681,500,1491,0.03,15,0.45,0.1,50,0.042,2,0.766,0.6552228453557342
2072,scale_free,uniform,random,2090690,500,1491,0.03,15,0.45,0.1,50,0.042,1,0.788,0.6505360910988148
2073,scale_free,uniform,random,2091699,500,1491,0.03,15,0.45,0.1,50,0.034,1,0.854,0.7682408318627726
2074,scale_free,uniform,random,2092708,500,1491,0.03,15,0.45,0.1,50,0.036,1,0.798,0.6912602773231701
2075,scale_free,uniform,random,2093717,500,1491,0.03,15,0.45,0.1,50,0.034,1,0.824,0.705450390731446
2076,scale_free,uniform,random,2094726,500,1491,0.03,15,0.45,0.1,50,0.034,1,0.814,0.7350826354583214
2077,scale_free,uniform,random,2095735,500,1491,0.03,15,0.45,0.1,50,0.046,2,0.802,0.6627234791048022
2078,scale_free,uniform,random,2096744,500,1491,0.03,15,0.45,0.1,50,0.036,1,0.81,0.7300765245016472
2079,scale_free,uniform,random,2097753,500,1491,0.03,15,0.45,0.1,50,0.046,1,0.75,0.6372416731767816
2080,scale_free,uniform,random,2098762,500,1491,0.03,15,0.45,0.1,50,0.036,1,0.832,0.7339136666888826
2081,scale_free,uniform,random,2099771,500,1491,0.03,15,0.45,0.1,50,0.044,2,0.776,0.6585659498563051
2082,scale_free,uniform,random,2100780,500,1491,0.03,15,0.45,0.1,50,0.04,2,0.778,0.705960475213475
2083,scale_free,uniform,random,2101789,500,1491,0.03,15,0.45,0.1,50,0.036,1,0.814,0.6956069090578944
2084,scale_free,uniform,random,2102798,500,1491,0.03,15,0.45,0.1,50,0.03,0,0.874,0.7943050811864333
2085,scale_free,uniform,random,2103807,500,1491,0.03,15,0.45,0.1,50,0.038,1,0.748,0.6904640823091771
2086,scale_free,uniform,random,2104816,500,1491,0.03,15,0.45,0.1,50,0.034,1,0.858,0.7537963030389206
2087,scale_free,uniform,random,2105825,500,1491,0.03,15,0.45,0.1,50,0.034,1,0.856,0.7349991262577424
2088,scale_free,uniform,random,2106834,500,1491,0.03,15,0.45,0.1,50,0.042,2,0.748,0.6282250366114805
2089,scale_free,uniform,random,2107843,500,1491,0.03,15,0.45,0.1,50,0.034,1,0.808,0.690638136384485
2090,scale_free,uniform,random,2108852,500,1491,0.03,15,0.45,0.1,50,0.04,1,0.716,0.6295458041977694
2091,scale_free,uniform,random,2109861,500,1491,0.03,15,0.45,0.1,50,0.032,1,0.85,0.7676421824263504
2092,scale_free,uniform,random,2110870,500,1491,0.03,15,0.45,0.1,50,0.038,1,0.804,0.7255536247953172
2093,scale_free,uniform,random,2111879,500,1491,0.03,15,0.45,0.1,50,0.032,1,0.838,0.7510519481188765
2094,scale_free,uniform,random,2112888,500,1491,0.03,15,0.45,0.1,50,0.036,1,0.828,0.7516773685329473
2095,scale_free,uniform,random,2113897,500,1491,0.03,15,0.45,0.1,50,0.044,1,0.81,0.6775558595142144
2096,scale_free,uniform,random,2114906,500,1491,0.03,15,0.45,0.1,50,0.034,1,0.796,0.7109757801812182
2097,scale_free,uniform,random,2115915,500,1491,0.03,15,0.45,0.1,50,0.03,0,0.826,0.7627501446516952
2098,scale_free,uniform,random,2116924,500,1491,0.03,15,0.45,0.1,50,0.036,1,0.848,0.7354970202733889
2099,scale_free,uniform,random,2117933,500,1491,0.03,15,0.45,0.1,50,0.038,1,0.794,0.6911383212255121
2100,scale_free,uniform,random,2118942,500,1491,0.03,15,0.45,0.1,50,0.036,1,0.824,0.7055724604536141
2101,scale_free,uniform,random,2119951,500,1491,0.03,15,0.45,0.1,50,0.034,1,0.776,0.6935277017292865
2102,scale_free,uniform,random,2120960,500,1491,0.03,15,0.45,0.1,50,0.034,1,0.834,0.7448677264315666
2103,scale_free,uniform,random,2121969,500,1491,0.03,15,0.45,0.1,50,0.034,1,0.846,0.7128092460861976
2104,scale_free,uniform,random,2122978,500,1491,0.03,15,0.45,0.1,50,0.038,1,0.808,0.6932428741170478
2105,scale_free,uniform,random,2123987,500,1491,0.03,15,0.45,0.1,50,0.03,0,0.788,0.761253092454134
2106,scale_free,uniform,random,2124996,500,1491,0.03,15,0.45,0.1,50,0.042,1,0.806,0.6995450298793827
2107,scale_free,uniform,random,2126005,500,1491,0.03,15,0.45,0.1,50,0.034,1,0.802,0.7179862631148881
2108,scale_free,uniform,random,2127014,500,1491,0.03,15,0.45,0.1,50,0.038,1,0.774,0.7089837621928669
2109,scale_free,uniform,random,2128023,500,1491,0.03,15,0.45,0.1,50,0.034,1,0.832,0.7406051210319456
2110,scale_free,uniform,random,2129032,500,1491,0.03,15,0.45,0.1,50,0.048,1,0.774,0.6139607894272097
2111,scale_free,uniform,random,2130041,500,1491,0.03,15,0.45,0.1,50,0.038,1,0.828,0.7131568616354573
2112,scale_free,uniform,random,2131050,500,1491,0.03,15,0.45,0.1,50,0.032,1,0.864,0.7308184633625954
2113,scale_free,uniform,random,2132059,500,1491,0.03,15,0.45,0.1,50,0.04,1,0.822,0.7507345857780965
2114,scale_free,uniform,random,2133068,500,1491,0.03,15,0.45,0.1,50,0.034,1,0.832,0.7169245043582717
2115,scale_free,uniform,random,2134077,500,1491,0.03,15,0.45,0.1,50,0.034,1,0.84,0.7508965636402055
2116,scale_free,uniform,random,2135086,500,1491,0.03,15,0.45,0.1,50,0.046,2,0.754,0.6001249617545378
2117,scale_free,uniform,random,2136095,500,1491,0.03,15,0.45,0.1,50,0.036,1,0.834,0.7277096656247403
2118,scale_free,uniform,random,2137104,500,1491,0.03,15,0.45,0.1,50,0.038,1,0.834,0.6859224564514979
2119,scale_free,uniform,random,2138113,500,1491,0.03,15,0.45,0.1,50,0.03,0,0.842,0.752434339561525
2120,scale_free,uniform,random,2139122,500,1491,0.03,15,0.45,0.1,50,0.034,1,0.858,0.7469905181603954
2121,scale_free,uniform,random,2140131,500,1491,0.03,15,0.45,0.1,50,0.044,2,0.776,0.661181025376372
2122,scale_free,uniform,random,2141140,500,1491,0.03,15,0.45,0.1,50,0.036,1,0.796,0.6859365023056668
2123,scale_free,uniform,random,2142149,500,1491,0.03,15,0.45,0.1,50,0.054,2,0.716,0.5534430826444541
2124,scale_free,uniform,random,2143158,500,1491,0.03,15,0.45,0.1,50,0.032,1,0.844,0.755142073275169
2125,scale_free,uniform,random,2144167,500,1491,0.03,15,0.45,0.1,50,0.036,1,0.848,0.7503564673617197
2126,scale_free,uniform,random,2145176,500,1491,0.03,15,0.45,0.1,50,0.034,1,0.818,0.7151470613402038
2127,scale_free,uniform,random,2146185,500,1491,0.03,15,0.45,0.1,50,0.032,1,0.848,0.7427185411702787
2128,scale_free,uniform,random,2147194,500,1491,0.03,15,0.45,0.1,50,0.04,1,0.822,0.7068504864478671
2129,scale_free,uniform,random,2148203,500,1491,0.03,15,0.45,0.1,50,0.032,1,0.816,0.7570453446061578
2130,scale_free,uniform,random,2149212,500,1491,0.03,15,0.45,0.1,50,0.038,2,0.808,0.7049008483924826
2131,scale_free,uniform,random,2150221,500,1491,0.03,15,0.45,0.1,50,0.042,1,0.716,0.6214224141782753
2132,scale_free,uniform,random,2151230,500,1491,0.03,15,0.45,0.1,50,0.036,1,0.856,0.7186286471809948
2133,scale_free,uniform,random,2152239,500,1491,0.03,15,0.45,0.1,50,0.038,4,0.832,0.7299637146849445
2134,scale_free,uniform,random,2153248,500,1491,0.03,15,0.45,0.1,50,0.034,1,0.83,0.7378024305016545
2135,scale_free,uniform,random,2154257,500,1491,0.03,15,0.45,0.1,50,0.04,1,0.792,0.6837004763977662
2136,scale_free,uniform,random,2155266,500,1491,0.03,15,0.45,0.1,50,0.042,1,0.76,0.6698396154320219
2137,scale_free,uniform,random,2156275,500,1491,0.03,15,0.45,0.1,50,0.04,1,0.82,0.6868348344723839
2138,scale_free,uniform,random,2157284,500,1491,0.03,15,0.45,0.1,50,0.042,1,0.778,0.6842166979564867
2139,scale_free,uniform,random,2158293,500,1491,0.03,15,0.45,0.1,50,0.03,0,0.858,0.7647478817595995
2140,scale_free,uniform,random,2159302,500,1491,0.03,15,0.45,0.1,50,0.04,2,0.804,0.6536953522608474
2141,scale_free,uniform,random,2160311,500,1491,0.03,15,0.45,0.1,50,0.03,0,0.856,0.7604903392014599
2142,scale_free,uniform,random,2161320,500,1491,0.03,15,0.45,0.1,50,0.036,1,0.836,0.7143749580529647
2143,scale_free,uniform,random,2162329,500,1491,0.03,15,0.45,0.1,50,0.04,1,0.842,0.7237304409612764
2144,scale_free,uniform,random,2163338,500,1491,0.03,15,0.45,0.1,50,0.03,0,0.844,0.7788903759482133
2145,scale_free,uniform,random,2164347,500,1491,0.03,15,0.45,0.1,50,0.036,1,0.778,0.7116075292745968
2146,scale_free,uniform,random,2165356,500,1491,0.03,15,0.45,0.1,50,0.036,1,0.838,0.7205220060468992
2147,scale_free,uniform,random,2166365,500,1491,0.03,15,0.45,0.1,50,0.042,2,0.816,0.6703770954295749
2148,scale_free,uniform,random,2167374,500,1491,0.03,15,0.45,0.1,50,0.036,1,0.812,0.6844584615528673
2149,scale_free,uniform,random,2168383,500,1491,0.03,15,0.45,0.1,50,0.036,1,0.788,0.7205653271271509
2150,scale_free,uniform,random,2169392,500,1491,0.03,15,0.45,0.1,50,0.032,1,0.868,0.7868285975849671
2151,scale_free,uniform,random,2170401,500,1491,0.03,15,0.45,0.1,50,0.032,1,0.832,0.7854395838061549
2152,scale_free,uniform,random,2171410,500,1491,0.03,15,0.45,0.1,50,0.032,1,0.83,0.7281450285304584
2153,scale_free,uniform,random,2172419,500,1491,0.03,15,0.45,0.1,50,0.034,1,0.82,0.7198796894434747
2154,scale_free,uniform,random,2173428,500,1491,0.03,15,0.45,0.1,50,0.044,3,0.8,0.6640145194149423
2155,scale_free,uniform,random,2174437,500,1491,0.03,15,0.45,0.1,50,0.036,2,0.834,0.7340203401170652
2156,scale_free,uniform,random,2175446,500,1491,0.03,15,0.45,0.1,50,0.034,1,0.854,0.7634049145834283
2157,scale_free,uniform,random,2176455,500,1491,0.03,15,0.45,0.1,50,0.042,2,0.804,0.6565219731393029
2158,scale_free,uniform,random,2177464,500,1491,0.03,15,0.45,0.1,50,0.036,1,0.8,0.7031834945116323
2159,scale_free,uniform,random,2178473,500,1491,0.03,15,0.45,0.1,50,0.034,1,0.844,0.7702945381363236
2160,scale_free,uniform,random,2179482,500,1491,0.03,15,0.45,0.1,50,0.036,1,0.796,0.667969041646403
2161,scale_free,uniform,random,2180491,500,1491,0.03,15,0.45,0.1,50,0.04,2,0.816,0.7098806633474627
2162,scale_free,uniform,random,2181500,500,1491,0.03,15,0.45,0.1,50,0.032,1,0.832,0.7406587664817855
2163,scale_free,uniform,random,2182509,500,1491,0.03,15,0.45,0.1,50,0.04,1,0.776,0.6657028442237293
2164,scale_free,uniform,random,2183518,500,1491,0.03,15,0.45,0.1,50,0.036,1,0.814,0.7328570876797392
2165,scale_free,uniform,random,2184527,500,1491,0.03,15,0.45,0.1,50,0.048,2,0.784,0.5931559360469322
2166,scale_free,uniform,random,2185536,500,1491,0.03,15,0.45,0.1,50,0.044,2,0.774,0.6775036937395014
2167,scale_free,uniform,random,2186545,500,1491,0.03,15,0.45,0.1,50,0.036,1,0.816,0.7286491098168069
2168,scale_free,uniform,random,2187554,500,1491,0.03,15,0.45,0.1,50,0.042,1,0.714,0.6463273826453219
2169,scale_free,uniform,random,2188563,500,1491,0.03,15,0.45,0.1,50,0.036,1,0.818,0.7434702789054254
2170,scale_free,uniform,random,2189572,500,1491,0.03,15,0.45,0.1,50,0.038,1,0.752,0.7028512696337587
2171,scale_free,uniform,random,2190581,500,1491,0.03,15,0.45,0.1,50,0.038,1,0.762,0.6763423470590567
2172,scale_free,uniform,random,2191590,500,1491,0.03,15,0.45,0.1,50,0.036,1,0.848,0.7338758992541563
2173,scale_free,uniform,random,2192599,500,1491,0.03,15,0.45,0.1,50,0.032,1,0.868,0.7786425340967265
2174,scale_free,uniform,random,2193608,500,1491,0.03,15,0.45,0.1,50,0.032,1,0.866,0.7671099734108437
2175,scale_free,uniform,random,2194617,500,1491,0.03,15,0.45,0.1,50,0.036,1,0.828,0.727660999731414
2176,scale_free,uniform,random,2195626,500,1491,0.03,15,0.45,0.1,50,0.034,1,0.772,0.7050617875516044
2177,scale_free,uniform,random,2196635,500,1491,0.03,15,0.45,0.1,50,0.036,2,0.782,0.6838676521354747
2178,scale_free,uniform,random,2197644,500,1491,0.03,15,0.45,0.1,50,0.034,1,0.834,0.7613265002620437
2179,scale_free,uniform,random,2198653,500,1491,0.03,15,0.45,0.1,50,0.034,1,0.856,0.7536955913440494
2180,scale_free,uniform,random,2199662,500,1491,0.03,15,0.45,0.1,50,0.038,1,0.798,0.7140846451159137
2181,scale_free,uniform,random,2200671,500,1491,0.03,15,0.45,0.1,50,0.034,1,0.84,0.7593193039729315
2182,scale_free,uniform,random,2201680,500,1491,0.03,15,0.45,0.1,50,0.04,1,0.806,0.663774604347991
2183,scale_free,uniform,random,2202689,500,1491,0.03,15,0.45,0.1,50,0.036,1,0.796,0.7224636035530069
2184,scale_free,uniform,random,2203698,500,1491,0.03,15,0.45,0.1,50,0.034,1,0.794,0.7191147076893128
2185,scale_free,uniform,random,2204707,500,1491,0.03,15,0.45,0.1,50,0.04,1,0.81,0.6864949981089782
2186,scale_free,uniform,random,2205716,500,1491,0.03,15,0.45,0.1,50,0.036,1,0.798,0.7272803912602044
2187,scale_free,uniform,random,2206725,500,1491,0.03,15,0.45,0.1,50,0.03,0,0.866,0.7851536435432305
2188,scale_free,uniform,random,2207734,500,1491,0.03,15,0.45,0.1,50,0.044,2,0.814,0.6917660373796171
2189,scale_free,uniform,random,2208743,500,1491,0.03,15,0.45,0.1,50,0.032,1,0.842,0.7471817049156391
2190,scale_free,uniform,random,2209752,500,1491,0.03,15,0.45,0.1,50,0.032,1,0.822,0.7388529259394097
2191,scale_free,uniform,random,2210761,500,1491,0.03,15,0.45,0.1,50,0.038,1,0.78,0.6864523138546338
2192,scale_free,uniform,random,2211770,500,1491,0.03,15,0.45,0.1,50,0.034,1,0.864,0.7711441410566948
2193,scale_free,uniform,random,2212779,500,1491,0.03,15,0.45,0.1,50,0.042,2,0.818,0.6881411515086019
2194,scale_free,uniform,random,2213788,500,1491,0.03,15,0.45,0.1,50,0.038,1,0.816,0.6909476498867746
2195,scale_free,uniform,random,2214797,500,1491,0.03,15,0.45,0.1,50,0.042,1,0.72,0.6183544248317173
2196,scale_free,uniform,random,2215806,500,1491,0.03,15,0.45,0.1,50,0.036,2,0.822,0.7063951699828528
2197,scale_free,uniform,random,2216815,500,1491,0.03,15,0.45,0.1,50,0.044,1,0.746,0.6091958525025358
2198,scale_free,uniform,random,2217824,500,1491,0.03,15,0.45,0.1,50,0.044,1,0.812,0.6923918170520015
2199,scale_free,uniform,random,2218833,500,1491,0.03,15,0.45,0.1,50,0.044,1,0.758,0.652031613568226
2200,scale_free,uniform,random,2219842,500,1491,0.03,15,0.45,0.1,50,0.034,1,0.816,0.7296313939456301
2201,small_world,uniform,random,2220851,500,1500,0.03,15,0.45,0.1,50,0.03,0,0.81,0.8938043198058315
2202,small_world,uniform,random,2221860,500,1500,0.03,15,0.45,0.1,50,0.038,4,0.814,0.8759840993277288
2203,small_world,uniform,random,2222869,500,1500,0.03,15,0.45,0.1,50,0.03,0,0.802,0.9041752370739431
2204,small_world,uniform,random,2223878,500,1500,0.03,15,0.45,0.1,50,0.03,0,0.814,0.8949229834735262
2205,small_world,uniform,random,2224887,500,1500,0.03,15,0.45,0.1,50,0.038,1,0.782,0.8712712286417524
2206,small_world,uniform,random,2225896,500,1500,0.03,15,0.45,0.1,50,0.03,0,0.794,0.8882769769850798
2207,small_world,uniform,random,2226905,500,1500,0.03,15,0.45,0.1,50,0.05,5,0.798,0.8423495180975408
2208,small_world,uniform,random,2227914,500,1500,0.03,15,0.45,0.1,50,0.046,4,0.778,0.8585313370546762
2209,small_world,uniform,random,2228923,500,1500,0.03,15,0.45,0.1,50,0.03,0,0.802,0.8953123931741379
2210,small_world,uniform,random,2229932,500,1500,0.03,15,0.45,0.1,50,0.038,4,0.804,0.8784411515068427
2211,small_world,uniform,random,2230941,500,1500,0.03,15,0.45,0.1,50,0.042,4,0.79,0.8746786152938751
2212,small_world,uniform,random,2231950,500,1500,0.03,15,0.45,0.1,50,0.058,8,0.774,0.841645741009091
2213,small_world,uniform,random,2232959,500,1500,0.03,15,0.45,0.1,50,0.03,0,0.792,0.8881629111462874
2214,small_world,uniform,random,2233968,500,1500,0.03,15,0.45,0.1,50,0.03,0,0.796,0.8930457485814904
2215,small_world,uniform,random,2234977,500,1500,0.03,15,0.45,0.1,50,0.034,2,0.804,0.8834169379169473
2216,small_world,uniform,random,2235986,500,1500,0.03,15,0.45,0.1,50,0.032,1,0.796,0.8892291795675018
2217,small_world,uniform,random,2236995,500,1500,0.03,15,0.45,0.1,50,0.088,11,0.778,0.7876104796835599
2218,small_world,uniform,random,2238004,500,1500,0.03,15,0.45,0.1,50,0.03,0,0.814,0.8981685155101188
2219,small_world,uniform,random,2239013,500,1500,0.03,15,0.45,0.1,50,0.032,1,0.792,0.887316115318874
2220,small_world,uniform,random,2240022,500,1500,0.03,15,0.45,0.1,50,0.038,3,0.802,0.8770360968925405
2221,small_world,uniform,random,2241031,500,1500,0.03,15,0.45,0.1,50,0.032,1,0.824,0.8906776708859844
2222,small_world,uniform,random,2242040,500,1500,0.03,15,0.45,0.1,50,0.032,1,0.806,0.8934190568703281
2223,small_world,uniform,random,2243049,500,1500,0.03,15,0.45,0.1,50,0.032,1,0.788,0.8817607253574146
2224,small_world,uniform,random,2244058,500,1500,0.03,15,0.45,0.1,50,0.03,0,0.794,0.8907923723445437
2225,small_world,uniform,random,2245067,500,1500,0.03,15,0.45,0.1,50,0.03,0,0.798,0.8931418704838866
2226,small_world,uniform,random,2246076,500,1500,0.03,15,0.45,0.1,50,0.038,2,0.84,0.8914002797743084
2227,small_world,uniform,random,2247085,500,1500,0.03,15,0.45,0.1,50,0.032,1,0.81,0.8866056768858406
2228,small_world,uniform,random,2248094,500,1500,0.03,15,0.45,0.1,50,0.03,0,0.822,0.8991115151010962
2229,small_world,uniform,random,2249103,500,1500,0.03,15,0.45,0.1,50,0.046,3,0.796,0.8664834985942469
2230,small_world,uniform,random,2250112,500,1500,0.03,15,0.45,0.1,50,0.036,3,0.786,0.8778575741924108
2231,small_world,uniform,random,2251121,500,1500,0.03,15,0.45,0.1,50,0.048,4,0.826,0.8675214725322444
2232,small_world,uniform,random,2252130,500,1500,0.03,15,0.45,0.1,50,0.032,1,0.8,0.8906481386496309
2233,small_world,uniform,random,2253139,500,1500,0.03,15,0.45,0.1,50,0.03,0,0.806,0.891286666845911
2234,small_world,uniform,random,2254148,500,1500,0.03,15,0.45,0.1,50,0.032,1,0.808,0.895685160218405
2235,small_world,uniform,random,2255157,500,1500,0.03,15,0.45,0.1,50,0.038,3,0.802,0.8811842835836208
2236,small_world,uniform,random,2256166,500,1500,0.03,15,0.45,0.1,50,0.03,0,0.798,0.8893533184175694
2237,small_world,uniform,random,2257175,500,1500,0.03,15,0.45,0.1,50,0.036,1,0.8,0.8787560393402588
2238,small_world,uniform,random,2258184,500,1500,0.03,15,0.45,0.1,50,0.03,0,0.822,0.8964590315821063
2239,small_world,uniform,random,2259193,500,1500,0.03,15,0.45,0.1,50,0.03,0,0.814,0.8947209111429774
2240,small_world,uniform,random,2260202,500,1500,0.03,15,0.45,0.1,50,0.032,1,0.792,0.8934225654095062
2241,small_world,uniform,random,2261211,500,1500,0.03,15,0.45,0.1,50,0.034,2,0.818,0.8903198073403032
2242,small_world,uniform,random,2262220,500,1500,0.03,15,0.45,0.1,50,0.04,3,0.796,0.8770948871736506
2243,small_world,uniform,random,2263229,500,1500,0.03,15,0.45,0.1,50,0.032,1,0.802,0.8906519778857583
2244,small_world,uniform,random,2264238,500,1500,0.03,15,0.45,0.1,50,0.038,4,0.794,0.8844941042129651
2245,small_world,uniform,random,2265247,500,1500,0.03,15,0.45,0.1,50,0.052,6,0.784,0.8635050240980507
2246,small_world,uniform,random,2266256,500,1500,0.03,15,0.45,0.1,50,0.03,0,0.796,0.892200872258056
2247,small_world,uniform,random,2267265,500,1500,0.03,15,0.45,0.1,50,0.044,6,0.774,0.877533682237994
2248,small_world,uniform,random,2268274,500,1500,0.03,15,0.45,0.1,50,0.03,0,0.812,0.897580146443247
2249,small_world,uniform,random,2269283,500,1500,0.03,15,0.45,0.1,50,0.03,0,0.798,0.8926540001006609
2250,small_world,uniform,random,2270292,500,1500,0.03,15,0.45,0.1,50,0.032,1,0.804,0.89382251539778
2251,small_world,uniform,random,2271301,500,1500,0.03,15,0.45,0.1,50,0.032,1,0.8,0.8953754038587761
2252,small_world,uniform,random,2272310,500,1500,0.03,15,0.45,0.1,50,0.098,15,0.738,0.7642279495766102
2253,small_world,uniform,random,2273319,500,1500,0.03,15,0.45,0.1,50,0.03,0,0.808,0.8985596595384038
2254,small_world,uniform,random,2274328,500,1500,0.03,15,0.45,0.1,50,0.048,4,0.774,0.8455366772832182
2255,small_world,uniform,random,2275337,500,1500,0.03,15,0.45,0.1,50,0.034,1,0.812,0.8914736832438481
2256,small_world,uniform,random,2276346,500,1500,0.03,15,0.45,0.1,50,0.03,0,0.806,0.8954969681061826
2257,small_world,uniform,random,2277355,500,1500,0.03,15,0.45,0.1,50,0.03,0,0.792,0.8888890517525273
2258,small_world,uniform,random,2278364,500,1500,0.03,15,0.45,0.1,50,0.03,0,0.804,0.8935709341657926
2259,small_world,uniform,random,2279373,500,1500,0.03,15,0.45,0.1,50,0.032,1,0.802,0.8931682590190628
2260,small_world,uniform,random,2280382,500,1500,0.03,15,0.45,0.1,50,0.032,1,0.806,0.889863061962605
2261,small_world,uniform,random,2281391,500,1500,0.03,15,0.45,0.1,50,0.03,0,0.804,0.8969314337922177
2262,small_world,uniform,random,2282400,500,1500,0.03,15,0.45,0.1,50,0.032,1,0.82,0.8906843401656386
2263,small_world,uniform,random,2283409,500,1500,0.03,15,0.45,0.1,50,0.04,3,0.83,0.8926367537307888
2264,small_world,uniform,random,2284418,500,1500,0.03,15,0.45,0.1,50,0.044,5,0.778,0.8704607206678654
2265,small_world,uniform,random,2285427,500,1500,0.03,15,0.45,0.1,50,0.048,7,0.784,0.8456901457410466
2266,small_world,uniform,random,2286436,500,1500,0.03,15,0.45,0.1,50,0.044,4,0.796,0.8811633313747579
2267,small_world,uniform,random,2287445,500,1500,0.03,15,0.45,0.1,50,0.032,1,0.806,0.891131444927866
2268,small_world,uniform,random,2288454,500,1500,0.03,15,0.45,0.1,50,0.03,0,0.794,0.8935754308500959
2269,small_world,uniform,random,2289463,500,1500,0.03,15,0.45,0.1,50,0.03,0,0.802,0.8977356171275802
2270,small_world,uniform,random,2290472,500,1500,0.03,15,0.45,0.1,50,0.058,5,0.792,0.8378124119934747
2271,small_world,uniform,random,2291481,500,1500,0.03,15,0.45,0.1,50,0.036,3,0.81,0.888754531604144
2272,small_world,uniform,random,2292490,500,1500,0.03,15,0.45,0.1,50,0.03,0,0.796,0.8934156169604968
2273,small_world,uniform,random,2293499,500,1500,0.03,15,0.45,0.1,50,0.03,0,0.808,0.8992870856724205
2274,small_world,uniform,random,2294508,500,1500,0.03,15,0.45,0.1,50,0.03,0,0.79,0.8950116195936393
2275,small_world,uniform,random,2295517,500,1500,0.03,15,0.45,0.1,50,0.03,0,0.8,0.8962791302277062
2276,small_world,uniform,random,2296526,500,1500,0.03,15,0.45,0.1,50,0.036,3,0.822,0.8890406621502079
2277,small_world,uniform,random,2297535,500,1500,0.03,15,0.45,0.1,50,0.03,0,0.788,0.8916933210373857
2278,small_world,uniform,random,2298544,500,1500,0.03,15,0.45,0.1,50,0.036,1,0.808,0.8770458057655237
2279,small_world,uniform,random,2299553,500,1500,0.03,15,0.45,0.1,50,0.032,1,0.814,0.8915497960222911
2280,small_world,uniform,random,2300562,500,1500,0.03,15,0.45,0.1,50,0.036,1,0.776,0.871047349968547
2281,small_world,uniform,random,2301571,500,1500,0.03,15,0.45,0.1,50,0.032,1,0.794,0.8819996932325034
2282,small_world,uniform,random,2302580,500,1500,0.03,15,0.45,0.1,50,0.032,1,0.796,0.8936475537600262
2283,small_world,uniform,random,2303589,500,1500,0.03,15,0.45,0.1,50,0.05,4,0.784,0.8538814728052652
2284,small_world,uniform,random,2304598,500,1500,0.03,15,0.45,0.1,50,0.03,0,0.806,0.8979824064526472
2285,small_world,uniform,random,2305607,500,1500,0.03,15,0.45,0.1,50,0.03,0,0.81,0.8933989945676515
2286,small_world,uniform,random,2306616,500,1500,0.03,15,0.45,0.1,50,0.034,1,0.788,0.8849696646509277
2287,small_world,uniform,random,2307625,500,1500,0.03,15,0.45,0.1,50,0.034,1,0.812,0.8915117524290063
2288,small_world,uniform,random,2308634,500,1500,0.03,15,0.45,0.1,50,0.034,2,0.808,0.8872128420065282
2289,small_world,uniform,random,2309643,500,1500,0.03,15,0.45,0.1,50,0.036,3,0.818,0.8948872553705001
2290,small_world,uniform,random,2310652,500,1500,0.03,15,0.45,0.1,50,0.04,3,0.788,0.8653048104055612
2291,small_world,uniform,random,2311661,500,1500,0.03,15,0.45,0.1,50,0.03,0,0.792,0.8887504662106692
2292,small_world,uniform,random,2312670,500,1500,0.03,15,0.45,0.1,50,0.03,0,0.806,0.8934792602372554
2293,small_world,uniform,random,2313679,500,1500,0.03,15,0.45,0.1,50,0.03,0,0.8,0.8937124995659386
2294,small_world,uniform,random,2314688,500,1500,0.03,15,0.45,0.1,50,0.03,0,0.814,0.9016782355541696
2295,small_world,uniform,random,2315697,500,1500,0.03,15,0.45,0.1,50,0.032,1,0.822,0.8937909127640101
2296,small_world,uniform,random,2316706,500,1500,0.03,15,0.45,0.1,50,0.03,0,0.806,0.8977350360626982
2297,small_world,uniform,random,2317715,500,1500,0.03,15,0.45,0.1,50,0.032,1,0.79,0.8875258346986873
2298,small_world,uniform,random,2318724,500,1500,0.03,15,0.45,0.1,50,0.036,3,0.802,0.8775008576230965
2299,small_world,uniform,random,2319733,500,1500,0.03,15,0.45,0.1,50,0.034,1,0.808,0.8876120243921187
2300,small_world,uniform,random,2320742,500,1500,0.03,15,0.45,0.1,50,0.034,1,0.812,0.8861701338520087
2301,small_world,uniform,random,2321751,500,1500,0.03,15,0.45,0.1,50,0.042,4,0.794,0.865417738009935
2302,small_world,uniform,random,2322760,500,1500,0.03,15,0.45,0.1,50,0.032,1,0.802,0.8863915168108267
2303,small_world,uniform,random,2323769,500,1500,0.03,15,0.45,0.1,50,0.03,0,0.792,0.8928495329325226
2304,small_world,uniform,random,2324778,500,1500,0.03,15,0.45,0.1,50,0.03,0,0.802,0.8973904131613966
2305,small_world,uniform,random,2325787,500,1500,0.03,15,0.45,0.1,50,0.034,1,0.816,0.8859560363001268
2306,small_world,uniform,random,2326796,500,1500,0.03,15,0.45,0.1,50,0.032,1,0.802,0.8919846575546898
2307,small_world,uniform,random,2327805,500,1500,0.03,15,0.45,0.1,50,0.03,0,0.794,0.8893055865525351
2308,small_world,uniform,random,2328814,500,1500,0.03,15,0.45,0.1,50,0.076,5,0.782,0.8103218257605939
2309,small_world,uniform,random,2329823,500,1500,0.03,15,0.45,0.1,50,0.03,0,0.8,0.8936784352131211
2310,small_world,uniform,random,2330832,500,1500,0.03,15,0.45,0.1,50,0.03,0,0.81,0.8939789072443279
2311,small_world,uniform,random,2331841,500,1500,0.03,15,0.45,0.1,50,0.036,3,0.802,0.890077149517415
2312,small_world,uniform,random,2332850,500,1500,0.03,15,0.45,0.1,50,0.03,0,0.792,0.8881142868042814
2313,small_world,uniform,random,2333859,500,1500,0.03,15,0.45,0.1,50,0.04,3,0.784,0.8704376929145092
2314,small_world,uniform,random,2334868,500,1500,0.03,15,0.45,0.1,50,0.03,0,0.808,0.8948800353948945
2315,small_world,uniform,random,2335877,500,1500,0.03,15,0.45,0.1,50,0.036,1,0.806,0.8773370819382914
2316,small_world,uniform,random,2336886,500,1500,0.03,15,0.45,0.1,50,0.032,1,0.812,0.8923042385187934
2317,small_world,uniform,random,2337895,500,1500,0.03,15,0.45,0.1,50,0.06,7,0.776,0.8286542804662038
2318,small_world,uniform,random,2338904,500,1500,0.03,15,0.45,0.1,50,0.032,1,0.806,0.8942007634738613
2319,small_world,uniform,random,2339913,500,1500,0.03,15,0.45,0.1,50,0.032,1,0.81,0.8941268850744631
2320,small_world,uniform,random,2340922,500,1500,0.03,15,0.45,0.1,50,0.074,5,0.814,0.8225596813434182
2341,small_world,uniform,random,2362111,500,1500,0.03,15,0.45,0.1,50,0.032,1,0.824,0.8931305171849722
2342,small_world,uniform,random,2363120,500,1500,0.03,15,0.45,0.1,50,0.034,2,0.802,0.8880573722461695
2343,small_world,uniform,random,2364129,500,1500,0.03,15,0.45,0.1,50,0.03,0,0.81,0.8979831710490894
2344,small_world,uniform,random,2365138,500,1500,0.03,15,0.45,0.1,50,0.03,0,0.794,0.8884321304709598
2345,small_world,uniform,random,2366147,500,1500,0.03,15,0.45,0.1,50,0.03,0,0.808,0.895230850532663
2346,small_world,uniform,random,2367156,500,1500,0.03,15,0.45,0.1,50,0.048,4,0.776,0.852267765523253
2347,small_world,uniform,random,2368165,500,1500,0.03,15,0.45,0.1,50,0.03,0,0.804,0.8975363110806899
2348,small_world,uniform,random,2369174,500,1500,0.03,15,0.45,0.1,50,0.03,0,0.802,0.8987651730462981
2349,small_world,uniform,random,2370183,500,1500,0.03,15,0.45,0.1,50,0.032,1,0.818,0.8880608365453804
2350,small_world,uniform,random,2371192,500,1500,0.03,15,0.45,0.1,50,0.086,9,0.738,0.7850257295286899
2351,small_world,uniform,random,2372201,500,1500,0.03,15,0.45,0.1,50,0.056,7,0.794,0.8566950980060049
2352,small_world,uniform,random,2373210,500,1500,0.03,15,0.45,0.1,50,0.054,6,0.792,0.853605469040565
2353,small_world,uniform,random,2374219,500,1500,0.03,15,0.45,0.1,50,0.048,4,0.794,0.8514951384630767
2354,small_world,uniform,random,2375228,500,1500,0.03,15,0.45,0.1,50,0.054,9,0.782,0.8524283202633489
2355,small_world,uniform,random,2376237,500,1500,0.03,15,0.45,0.1,50,0.03,0,0.81,0.8918632401880372
2356,small_world,uniform,random,2377246,500,1500,0.03,15,0.45,0.1,50,0.05,7,0.796,0.8605589899263293
2357,small_world,uniform,random,2378255,500,1500,0.03,15,0.45,0.1,50,0.036,2,0.784,0.8774540735033051
2358,small_world,uniform,random,2379264,500,1500,0.03,15,0.45,0.1,50,0.046,5,0.778,0.8620716644355209
2359,small_world,uniform,random,2380273,500,1500,0.03,15,0.45,0.1,50,0.054,4,0.784,0.8363863733794195
2360,small_world,uniform,random,2381282,500,1500,0.03,15,0.45,0.1,50,0.04,3,0.814,0.8784776603857869
2321,small_world,uniform,random,2341931,500,1500,0.03,15,0.45,0.1,50,0.052,8,0.778,0.8615600501233991
2322,small_world,uniform,random,2342940,500,1500,0.03,15,0.45,0.1,50,0.038,3,0.792,0.8723115568601754
2323,small_world,uniform,random,2343949,500,1500,0.03,15,0.45,0.1,50,0.032,1,0.806,0.8979215171174502
2324,small_world,uniform,random,2344958,500,1500,0.03,15,0.45,0.1,50,0.036,3,0.8,0.879567437497666
2325,small_world,uniform,random,2345967,500,1500,0.03,15,0.45,0.1,50,0.03,0,0.802,0.8903333250124129
2326,small_world,uniform,random,2346976,500,1500,0.03,15,0.45,0.1,50,0.038,2,0.794,0.8732363277426138
2327,small_world,uniform,random,2347985,500,1500,0.03,15,0.45,0.1,50,0.03,0,0.798,0.8918837067300341
2328,small_world,uniform,random,2348994,500,1500,0.03,15,0.45,0.1,50,0.032,1,0.802,0.890789829733048
2329,small_world,uniform,random,2350003,500,1500,0.03,15,0.45,0.1,50,0.046,7,0.812,0.8673941336185046
2330,small_world,uniform,random,2351012,500,1500,0.03,15,0.45,0.1,50,0.048,7,0.81,0.8740736721296299
2331,small_world,uniform,random,2352021,500,1500,0.03,15,0.45,0.1,50,0.046,6,0.806,0.8653996754441325
2332,small_world,uniform,random,2353030,500,1500,0.03,15,0.45,0.1,50,0.054,7,0.802,0.8554744877730739
2333,small_world,uniform,random,2354039,500,1500,0.03,15,0.45,0.1,50,0.03,0,0.79,0.8883681005399687
2334,small_world,uniform,random,2355048,500,1500,0.03,15,0.45,0.1,50,0.042,4,0.796,0.8698188828391997
2335,small_world,uniform,random,2356057,500,1500,0.03,15,0.45,0.1,50,0.03,0,0.806,0.8854049588622381
2336,small_world,uniform,random,2357066,500,1500,0.03,15,0.45,0.1,50,0.032,1,0.796,0.8936261083079042
2337,small_world,uniform,random,2358075,500,1500,0.03,15,0.45,0.1,50,0.052,6,0.78,0.854722209444344
2338,small_world,uniform,random,2359084,500,1500,0.03,15,0.45,0.1,50,0.044,2,0.788,0.855178454891772
2339,small_world,uniform,random,2360093,500,1500,0.03,15,0.45,0.1,50,0.04,4,0.784,0.8699518464551372
2340,small_world,uniform,random,2361102,500,1500,0.03,15,0.45,0.1,50,0.036,3,0.788,0.8785267171532326
2361,small_world,uniform,random,2382291,500,1500,0.03,15,0.45,0.1,50,0.036,1,0.808,0.8853570301033757
2362,small_world,uniform,random,2383300,500,1500,0.03,15,0.45,0.1,50,0.036,2,0.792,0.8787248683028245
2363,small_world,uniform,random,2384309,500,1500,0.03,15,0.45,0.1,50,0.038,4,0.81,0.8772487223233009
2364,small_world,uniform,random,2385318,500,1500,0.03,15,0.45,0.1,50,0.03,0,0.814,0.9004890272237872
2365,small_world,uniform,random,2386327,500,1500,0.03,15,0.45,0.1,50,0.042,3,0.816,0.8845089148527238
2366,small_world,uniform,random,2387336,500,1500,0.03,15,0.45,0.1,50,0.03,0,0.82,0.8935905356753582
2367,small_world,uniform,random,2388345,500,1500,0.03,15,0.45,0.1,50,0.052,8,0.77,0.842955553142208
2368,small_world,uniform,random,2389354,500,1500,0.03,15,0.45,0.1,50,0.032,1,0.798,0.8818826877009452
2369,small_world,uniform,random,2390363,500,1500,0.03,15,0.45,0.1,50,0.032,1,0.804,0.8893338559357427
2370,small_world,uniform,random,2391372,500,1500,0.03,15,0.45,0.1,50,0.034,2,0.806,0.8745303039801255
2371,small_world,uniform,random,2392381,500,1500,0.03,15,0.45,0.1,50,0.04,3,0.786,0.8720817090687177
2372,small_world,uniform,random,2393390,500,1500,0.03,15,0.45,0.1,50,0.034,1,0.822,0.88912015012663
2373,small_world,uniform,random,2394399,500,1500,0.03,15,0.45,0.1,50,0.044,4,0.802,0.8753409337888695
2374,small_world,uniform,random,2395408,500,1500,0.03,15,0.45,0.1,50,0.036,2,0.816,0.884586079326755
2375,small_world,uniform,random,2396417,500,1500,0.03,15,0.45,0.1,50,0.03,0,0.816,0.9046550039526625
2376,small_world,uniform,random,2397426,500,1500,0.03,15,0.45,0.1,50,0.05,5,0.8,0.8594268110425312
2377,small_world,uniform,random,2398435,500,1500,0.03,15,0.45,0.1,50,0.03,0,0.804,0.8956278687481671
2378,small_world,uniform,random,2399444,500,1500,0.03,15,0.45,0.1,50,0.032,1,0.792,0.8856425604881675
2379,small_world,uniform,random,2400453,500,1500,0.03,15,0.45,0.1,50,0.036,2,0.782,0.8685859134802042
2380,small_world,uniform,random,2401462,500,1500,0.03,15,0.45,0.1,50,0.042,5,0.82,0.8818638548351839
2381,small_world,uniform,random,2402471,500,1500,0.03,15,0.45,0.1,50,0.032,1,0.796,0.8864938541254944
2382,small_world,uniform,random,2403480,500,1500,0.03,15,0.45,0.1,50,0.03,0,0.808,0.893006883279253
2383,small_world,uniform,random,2404489,500,1500,0.03,15,0.45,0.1,50,0.048,4,0.782,0.8471443322339733
2384,small_world,uniform,random,2405498,500,1500,0.03,15,0.45,0.1,50,0.05,7,0.768,0.840790727238433
2385,small_world,uniform,random,2406507,500,1500,0.03,15,0.45,0.1,50,0.044,4,0.808,0.879257389704449
2386,small_world,uniform,random,2407516,500,1500,0.03,15,0.45,0.1,50,0.032,1,0.812,0.8877325137634176
2387,small_world,uniform,random,2408525,500,1500,0.03,15,0.45,0.1,50,0.062,9,0.796,0.8335376669552251
2388,small_world,uniform,random,2409534,500,1500,0.03,15,0.45,0.1,50,0.03,0,0.796,0.8901026946807711
2389,small_world,uniform,random,2410543,500,1500,0.03,15,0.45,0.1,50,0.03,0,0.798,0.8940595494548014
2390,small_world,uniform,random,2411552,500,1500,0.03,15,0.45,0.1,50,0.032,1,0.804,0.8877598015504194
2391,small_world,uniform,random,2412561,500,1500,0.03,15,0.45,0.1,50,0.042,6,0.794,0.8727071719149835
2392,small_world,uniform,random,2413570,500,1500,0.03,15,0.45,0.1,50,0.046,4,0.78,0.8653223946992987
2393,small_world,uniform,random,2414579,500,1500,0.03,15,0.45,0.1,50,0.03,0,0.8,0.9018115109630952
2394,small_world,uniform,random,2415588,500,1500,0.03,15,0.45,0.1,50,0.032,1,0.808,0.8866592719042923
2395,small_world,uniform,random,2416597,500,1500,0.03,15,0.45,0.1,50,0.038,2,0.78,0.8736622842266604
2396,small_world,uniform,random,2417606,500,1500,0.03,15,0.45,0.1,50,0.032,1,0.808,0.8892389441731107
2397,small_world,uniform,random,2418615,500,1500,0.03,15,0.45,0.1,50,0.04,3,0.796,0.8732454063541462
2398,small_world,uniform,random,2419624,500,1500,0.03,15,0.45,0.1,50,0.03,0,0.806,0.8950613775665786
2399,small_world,uniform,random,2420633,500,1500,0.03,15,0.45,0.1,50,0.044,5,0.796,0.8633733915789596
2400,small_world,uniform,random,2421642,500,1500,0.03,15,0.45,0.1,50,0.044,6,0.788,0.8653362492531302
2401,random,degree,random,2422651,500,1473,0.03,15,0.45,0.1,50,0.036,1,0.7759607522485686,0.7807967444704478
2402,random,degree,random,2423660,500,1496,0.03,15,0.45,0.1,50,0.038,1,0.7255216693418943,0.7238916093947761
2403,random,degree,random,2424669,500,1528,0.03,15,0.45,0.1,50,0.034,1,0.7859937402190914,0.7718975866071657
2404,random,degree,random,2425678,500,1560,0.03,15,0.45,0.1,50,0.036,1,0.7530534351145038,0.7588026045154445
2405,random,degree,random,2426687,500,1499,0.03,15,0.45,0.1,50,0.032,1,0.7690152121697352,0.7904334777381302
2406,random,degree,random,2427696,500,1512,0.03,15,0.45,0.1,50,0.032,1,0.7991283676703644,0.7989467549025342
2407,random,degree,random,2428705,500,1543,0.03,15,0.45,0.1,50,0.032,1,0.8016241299303942,0.7916708595609814
2408,random,degree,random,2429714,500,1461,0.03,15,0.45,0.1,50,0.032,1,0.7625928984310484,0.7745869221016922
2409,random,degree,random,2430723,500,1595,0.03,15,0.45,0.1,50,0.04,1,0.7531598513011146,0.7368101297485383
2410,random,degree,random,2431732,500,1495,0.03,15,0.45,0.1,50,0.036,1,0.7590361445783133,0.758166596259478
2411,random,degree,random,2432741,500,1520,0.03,15,0.45,0.1,50,0.036,1,0.751181102362205,0.754020759008192
2412,random,degree,random,2433750,500,1516,0.03,15,0.45,0.1,50,0.034,1,0.7926540284360193,0.7794619379732665
2413,random,degree,random,2434759,500,1535,0.03,15,0.45,0.1,50,0.034,1,0.7712062256809339,0.7777810756831998
2414,random,degree,random,2435768,500,1469,0.03,15,0.45,0.1,50,0.036,1,0.7768662838392116,0.7882383112055844
2415,random,degree,random,2436777,500,1551,0.03,15,0.45,0.1,50,0.036,1,0.7486548808608765,0.7419615947800278
2416,random,degree,random,2437786,500,1559,0.03,15,0.45,0.1,50,0.038,1,0.8025210084033608,0.7799493764913114
2417,random,degree,random,2438795,500,1471,0.03,15,0.45,0.1,50,0.034,1,0.7800982800982809,0.7927058433640477
2418,random,degree,random,2439804,500,1468,0.03,15,0.45,0.1,50,0.034,1,0.7762725779967159,0.7924820342513799
2419,random,degree,random,2440813,500,1507,0.03,15,0.45,0.1,50,0.034,1,0.760143198090692,0.7710563399837947
2420,random,degree,random,2441822,500,1539,0.03,15,0.45,0.1,50,0.03,0,0.7447633824670286,0.7609120470378028
2421,random,degree,random,2442831,500,1525,0.03,15,0.45,0.1,50,0.036,1,0.7454901960784297,0.7491953730439339
2422,random,degree,random,2443840,500,1514,0.03,15,0.45,0.1,50,0.034,1,0.7875791139240509,0.7853566840330036
2423,random,degree,random,2444849,500,1482,0.03,15,0.45,0.1,50,0.04,2,0.742288961038961,0.7358457285093727
2424,random,degree,random,2445858,500,1495,0.03,15,0.45,0.1,50,0.034,1,0.8048192771084334,0.8031522742537385
2425,random,degree,random,2446867,500,1493,0.03,15,0.45,0.1,50,0.032,1,0.8073209975864846,0.8112260045252189
2426,random,degree,random,2447876,500,1524,0.03,15,0.45,0.1,50,0.04,2,0.771585557299843,0.7484576824376522
2427,random,degree,random,2448885,500,1513,0.03,15,0.45,0.1,50,0.032,1,0.7965162311955655,0.7964609923995152
2428,random,degree,random,2449894,500,1541,0.03,15,0.45,0.1,50,0.038,1,0.7560030983733529,0.7439960559972665
2429,random,degree,random,2450903,500,1558,0.03,15,0.45,0.1,50,0.032,1,0.7423547400611615,0.7500299450615656
2430,random,degree,random,2451912,500,1468,0.03,15,0.45,0.1,50,0.04,1,0.7791461412151057,0.7712039564958926
2431,random,degree,random,2452921,500,1568,0.03,15,0.45,0.1,50,0.036,1,0.7522761760242798,0.7449830716503938
2432,random,degree,random,2453930,500,1452,0.03,15,0.45,0.1,50,0.034,1,0.759567387687187,0.7724931604367331
2433,random,degree,random,2454939,500,1479,0.03,15,0.45,0.1,50,0.04,2,0.7640358014646047,0.7482292871418197
2434,random,degree,random,2455948,500,1504,0.03,15,0.45,0.1,50,0.034,1,0.7811004784688989,0.7783680156243704
2435,random,degree,random,2456957,500,1500,0.03,15,0.45,0.1,50,0.04,1,0.7427999999999989,0.7438877445301381
2436,random,degree,random,2457966,500,1494,0.03,15,0.45,0.1,50,0.04,2,0.7773311897106101,0.7733945601058652
2437,random,degree,random,2458975,500,1503,0.03,15,0.45,0.1,50,0.04,2,0.7645650438946525,0.7567078276759158
2438,random,degree,random,2459984,500,1537,0.03,15,0.45,0.1,50,0.034,2,0.7793317793317792,0.78046776883379
2439,random,degree,random,2460993,500,1466,0.03,15,0.45,0.1,50,0.038,1,0.7746710526315788,0.776357291996729
2440,random,degree,random,2462002,500,1575,0.03,15,0.45,0.1,50,0.032,1,0.7671698113207541,0.7811883861430702
2441,random,degree,random,2463011,500,1471,0.03,15,0.45,0.1,50,0.036,1,0.7776412776412776,0.7802226428560397
2442,random,degree,random,2464020,500,1500,0.03,15,0.45,0.1,50,0.038,1,0.7756000000000005,0.7628152501779373
2443,random,degree,random,2465029,500,1558,0.03,15,0.45,0.1,50,0.036,2,0.762996941896025,0.7548030944403116
2444,random,degree,random,2466038,500,1462,0.03,15,0.45,0.1,50,0.046,1,0.7409240924092406,0.7326162426425319
2445,random,degree,random,2467047,500,1565,0.03,15,0.45,0.1,50,0.046,2,0.6844106463878317,0.685583804487434
2446,random,degree,random,2468056,500,1420,0.03,15,0.45,0.1,50,0.048,3,0.7799145299145301,0.747278370718846
2447,random,degree,random,2469065,500,1537,0.03,15,0.45,0.1,50,0.032,1,0.8069153069153069,0.8108383452306591
2448,random,degree,random,2470074,500,1590,0.03,15,0.45,0.1,50,0.04,1,0.7130597014925371,0.7052148671876771
2449,random,degree,random,2471083,500,1512,0.03,15,0.45,0.1,50,0.03,0,0.7480190174326465,0.7623961231273255
2450,random,degree,random,2472092,500,1478,0.03,15,0.45,0.1,50,0.038,1,0.7459283387622149,0.7511118227949496
2451,random,degree,random,2473101,500,1506,0.03,15,0.45,0.1,50,0.034,1,0.7925955414012732,0.7922404757555229
2452,random,degree,random,2474110,500,1518,0.03,15,0.45,0.1,50,0.034,1,0.7377760252365929,0.7345897216301547
2453,random,degree,random,2475119,500,1497,0.03,15,0.45,0.1,50,0.03,0,0.7914995990376894,0.8015298210942156
2454,random,degree,random,2476128,500,1484,0.03,15,0.45,0.1,50,0.04,2,0.7617504051863855,0.7615621006731531
2455,random,degree,random,2477137,500,1450,0.03,15,0.45,0.1,50,0.032,1,0.7933333333333329,0.8086335777378252
2456,random,degree,random,2478146,500,1508,0.03,15,0.45,0.1,50,0.038,2,0.73966613672496,0.7568015384849317
2457,random,degree,random,2479155,500,1509,0.03,15,0.45,0.1,50,0.036,2,0.7442414614773626,0.7475755473474298
2458,random,degree,random,2480164,500,1474,0.03,15,0.45,0.1,50,0.032,1,0.7495915032679742,0.7610339784618096
2459,random,degree,random,2481173,500,1548,0.03,15,0.45,0.1,50,0.048,3,0.7295839753466867,0.706923524789709
2460,random,degree,random,2482182,500,1482,0.03,15,0.45,0.1,50,0.032,1,0.8267045454545445,0.8188260430629998
2461,random,degree,random,2483191,500,1501,0.03,15,0.45,0.1,50,0.036,1,0.8049560351718632,0.7946427385823334
2462,random,degree,random,2484200,500,1518,0.03,15,0.45,0.1,50,0.038,1,0.7708990536277606,0.7719929943070722
2463,random,degree,random,2485209,500,1536,0.03,15,0.45,0.1,50,0.036,1,0.774883359253499,0.7856931605168571
2464,random,degree,random,2486218,500,1468,0.03,15,0.45,0.1,50,0.03,0,0.7684729064039415,0.7935091860969202
2465,random,degree,random,2487227,500,1531,0.03,15,0.45,0.1,50,0.038,1,0.8087431693989072,0.7844483802368968
2466,random,degree,random,2488236,500,1499,0.03,15,0.45,0.1,50,0.032,1,0.7922337870296222,0.7914431549997794
2467,random,degree,random,2489245,500,1531,0.03,15,0.45,0.1,50,0.038,1,0.7861046057767371,0.7770859391189817
2468,random,degree,random,2490254,500,1536,0.03,15,0.45,0.1,50,0.032,1,0.7873250388802491,0.7832334935123976
2469,random,degree,random,2491263,500,1473,0.03,15,0.45,0.1,50,0.042,1,0.7780049059689294,0.7677577779665616
2470,random,degree,random,2492272,500,1505,0.03,15,0.45,0.1,50,0.04,1,0.7418326693227089,0.7514322743538904
2471,random,degree,random,2493281,500,1483,0.03,15,0.45,0.1,50,0.032,1,0.7939983779399837,0.7984513058829867
2472,random,degree,random,2494290,500,1503,0.03,15,0.45,0.1,50,0.04,2,0.7733439744612935,0.7704772635535498
2473,random,degree,random,2495299,500,1461,0.03,15,0.45,0.1,50,0.036,2,0.7943848059454994,0.7855232450570009
2474,random,degree,random,2496308,500,1528,0.03,15,0.45,0.1,50,0.032,1,0.785993740219093,0.7944428842813694
2475,random,degree,random,2497317,500,1557,0.03,15,0.45,0.1,50,0.034,1,0.7364192807957157,0.7500181233280018
2476,random,degree,random,2498326,500,1522,0.03,15,0.45,0.1,50,0.036,1,0.746069182389937,0.7468997712377281
2477,random,degree,random,2499335,500,1511,0.03,15,0.45,0.1,50,0.036,1,0.7561459159397306,0.7629512730532745
2478,random,degree,random,2500344,500,1552,0.03,15,0.45,0.1,50,0.034,1,0.7500000000000002,0.7614868412403908
2479,random,degree,random,2501353,500,1544,0.03,15,0.45,0.1,50,0.03,0,0.7588871715610501,0.778273917177318
2480,random,degree,random,2502362,500,1542,0.03,15,0.45,0.1,50,0.032,1,0.7573529411764702,0.770271167531597
2481,random,degree,random,2503371,500,1585,0.03,15,0.45,0.1,50,0.038,2,0.7647940074906365,0.75522236564683
2482,random,degree,random,2504380,500,1559,0.03,15,0.45,0.1,50,0.04,2,0.7005347593582879,0.7058792274180078
2483,random,degree,random,2505389,500,1465,0.03,15,0.45,0.1,50,0.042,2,0.7530864197530859,0.7521859627158682
2484,random,degree,random,2506398,500,1535,0.03,15,0.45,0.1,50,0.042,1,0.7167315175097269,0.7022755819130123
2485,random,degree,random,2507407,500,1605,0.03,15,0.45,0.1,50,0.034,1,0.7708487084870844,0.7670678125549091
2486,random,degree,random,2508416,500,1557,0.03,15,0.45,0.1,50,0.038,2,0.7333588370313697,0.7353184915603665
2487,random,degree,random,2509425,500,1510,0.03,15,0.45,0.1,50,0.03,0,0.7646825396825397,0.7836351821195084
2488,random,degree,random,2510434,500,1502,0.03,15,0.45,0.1,50,0.034,1,0.7723642172523966,0.7787479368275109
2489,random,degree,random,2511443,500,1508,0.03,15,0.45,0.1,50,0.04,2,0.7825914149443566,0.7670585434737985
2490,random,degree,random,2512452,500,1542,0.03,15,0.45,0.1,50,0.044,2,0.7380030959752322,0.720922523736987
2491,random,degree,random,2513461,500,1516,0.03,15,0.45,0.1,50,0.038,1,0.7503949447077406,0.7529925350146962
2492,random,degree,random,2514470,500,1475,0.03,15,0.45,0.1,50,0.03,0,0.7881632653061222,0.8021094244289024
2493,random,degree,random,2515479,500,1504,0.03,15,0.45,0.1,50,0.034,1,0.8381180223285494,0.8248853275498857
2494,random,degree,random,2516488,500,1487,0.03,15,0.45,0.1,50,0.034,1,0.7514147130153597,0.7600229389590403
2495,random,degree,random,2517497,500,1539,0.03,15,0.45,0.1,50,0.038,1,0.7827773467804506,0.7662944968704077
2496,random,degree,random,2518506,500,1504,0.03,15,0.45,0.1,50,0.034,1,0.783891547049442,0.7898244332813549
2497,random,degree,random,2519515,500,1480,0.03,15,0.45,0.1,50,0.044,2,0.7373983739837403,0.7341967342351899
2498,random,degree,random,2520524,500,1498,0.03,15,0.45,0.1,50,0.032,1,0.7792467948717936,0.784956733535598
2499,random,degree,random,2521533,500,1522,0.03,15,0.45,0.1,50,0.032,1,0.7853773584905667,0.7885602174023799
2500,random,degree,random,2522542,500,1495,0.03,15,0.45,0.1,50,0.034,1,0.7666666666666666,0.7765317837699339
2501,random,degree,random,2523551,500,1477,0.03,15,0.45,0.1,50,0.042,2,0.768133659331704,0.7618245902281485
2502,random,degree,random,2524560,500,1544,0.03,15,0.45,0.1,50,0.032,1,0.773956723338485,0.7770634343346216
2503,random,degree,random,2525569,500,1413,0.03,15,0.45,0.1,50,0.032,1,0.7781599312123809,0.7977514036810737
2504,random,degree,random,2526578,500,1501,0.03,15,0.45,0.1,50,0.04,2,0.7793764988009586,0.7692327750236216
2505,random,degree,random,2527587,500,1504,0.03,15,0.45,0.1,50,0.032,1,0.7727272727272724,0.7745962166782384
2506,random,degree,random,2528596,500,1518,0.03,15,0.45,0.1,50,0.036,1,0.7732649842271291,0.771772280511468
2507,random,degree,random,2529605,500,1520,0.03,15,0.45,0.1,50,0.032,1,0.7444881889763784,0.7559653930937853
2508,random,degree,random,2530614,500,1574,0.03,15,0.45,0.1,50,0.032,1,0.7907854984894253,0.7923008716761217
2509,random,degree,random,2531623,500,1489,0.03,15,0.45,0.1,50,0.038,1,0.7917675544794189,0.7844964713384925
2510,random,degree,random,2532632,500,1543,0.03,15,0.45,0.1,50,0.032,1,0.8000773395204959,0.8070922147656121
2511,random,degree,random,2533641,500,1487,0.03,15,0.45,0.1,50,0.04,1,0.772837510105093,0.7611856513735781
2512,random,degree,random,2534650,500,1560,0.03,15,0.45,0.1,50,0.038,1,0.7770992366412214,0.7656080405690197
2513,random,degree,random,2535659,500,1530,0.03,15,0.45,0.1,50,0.032,1,0.7390625000000006,0.759199136152641
2514,random,degree,random,2536668,500,1503,0.03,15,0.45,0.1,50,0.038,1,0.7378292098962483,0.7362578467746851
2515,random,degree,random,2537677,500,1503,0.03,15,0.45,0.1,50,0.04,1,0.7122905027932969,0.7226034224357396
2516,random,degree,random,2538686,500,1460,0.03,15,0.45,0.1,50,0.044,2,0.721900826446281,0.718558704142559
2517,random,degree,random,2539695,500,1450,0.03,15,0.45,0.1,50,0.036,1,0.7529166666666667,0.767225413152547
2518,random,degree,random,2540704,500,1440,0.03,15,0.45,0.1,50,0.03,0,0.7810924369747899,0.8007673924661985
2519,random,degree,random,2541713,500,1553,0.03,15,0.45,0.1,50,0.036,1,0.7931696085955483,0.7869390387308148
2520,random,degree,random,2542722,500,1478,0.03,15,0.45,0.1,50,0.032,1,0.7687296416938096,0.7836650437421337
2521,random,degree,random,2543731,500,1499,0.03,15,0.45,0.1,50,0.036,1,0.8050440352281821,0.7907070070743419
2522,random,degree,random,2544740,500,1463,0.03,15,0.45,0.1,50,0.04,1,0.7885408079142623,0.7836965981713454
2523,random,degree,random,2545749,500,1542,0.03,15,0.45,0.1,50,0.04,1,0.7410990712074306,0.7329011521348561
2524,random,degree,random,2546758,500,1490,0.03,15,0.45,0.1,50,0.04,2,0.7552419354838711,0.7616029622364991
2525,random,degree,random,2547767,500,1568,0.03,15,0.45,0.1,50,0.034,1,0.7792109256449161,0.7773713227101097
2526,random,degree,random,2548776,500,1474,0.03,15,0.45,0.1,50,0.04,1,0.7724673202614382,0.7617956500036399
2527,random,degree,random,2549785,500,1536,0.03,15,0.45,0.1,50,0.04,1,0.7235614307931572,0.7319472849623886
2528,random,degree,random,2550794,500,1517,0.03,15,0.45,0.1,50,0.044,1,0.7403314917127073,0.7189982626116737
2529,random,degree,random,2551803,500,1608,0.03,15,0.45,0.1,50,0.036,1,0.7801914580265088,0.7625126712758215
2530,random,degree,random,2552812,500,1491,0.03,15,0.45,0.1,50,0.032,1,0.8037872683319902,0.8082574650514095
2531,random,degree,random,2553821,500,1491,0.03,15,0.45,0.1,50,0.03,0,0.7929089443996776,0.8065942176236667
2532,random,degree,random,2554830,500,1482,0.03,15,0.45,0.1,50,0.042,2,0.7540584415584407,0.7475873735353412
2533,random,degree,random,2555839,500,1473,0.03,15,0.45,0.1,50,0.032,1,0.784137367130008,0.7911595138936415
2534,random,degree,random,2556848,500,1489,0.03,15,0.45,0.1,50,0.032,1,0.8079096045197732,0.8149980323771198
2535,random,degree,random,2557857,500,1564,0.03,15,0.45,0.1,50,0.032,1,0.7324961948249612,0.7366616639632884
2536,random,degree,random,2558866,500,1445,0.03,15,0.45,0.1,50,0.04,1,0.7460251046025106,0.7470556939228079
2537,random,degree,random,2559875,500,1555,0.03,15,0.45,0.1,50,0.032,1,0.7747126436781614,0.7861938302711772
2538,random,degree,random,2560884,500,1505,0.03,15,0.45,0.1,50,0.038,1,0.7043824701195215,0.7229955136717929
2539,random,degree,random,2561893,500,1546,0.03,15,0.45,0.1,50,0.034,1,0.7596450617283932,0.7590001614790854
2540,random,degree,random,2562902,500,1550,0.03,15,0.45,0.1,50,0.032,1,0.7992307692307692,0.8026972982524881
2541,random,degree,random,2563911,500,1597,0.03,15,0.45,0.1,50,0.04,2,0.7906458797327391,0.7691657270524492
2542,random,degree,random,2564920,500,1473,0.03,15,0.45,0.1,50,0.04,1,0.7763695829926416,0.7699701999774554
2543,random,degree,random,2565929,500,1471,0.03,15,0.45,0.1,50,0.03,0,0.7624897624897629,0.7836181437458013
2544,random,degree,random,2566938,500,1491,0.03,15,0.45,0.1,50,0.036,1,0.7888799355358582,0.7806866930693274
2545,random,degree,random,2567947,500,1516,0.03,15,0.45,0.1,50,0.034,1,0.7681674565560821,0.7783176399245105
2546,random,degree,random,2568956,500,1478,0.03,15,0.45,0.1,50,0.034,1,0.7524429967426705,0.7619824001797239
2547,random,degree,random,2569965,500,1601,0.03,15,0.45,0.1,50,0.038,1,0.7609178386380459,0.7453100586136662
2548,random,degree,random,2570974,500,1528,0.03,15,0.45,0.1,50,0.042,2,0.7378716744913927,0.7331690438816916
2549,random,degree,random,2571983,500,1451,0.03,15,0.45,0.1,50,0.042,1,0.7664446294754379,0.7619068762831261
2550,random,degree,random,2572992,500,1580,0.03,15,0.45,0.1,50,0.036,1,0.7759398496240598,0.7669864145314254
2551,random,degree,random,2574001,500,1476,0.03,15,0.45,0.1,50,0.032,1,0.780587275693311,0.7924848278043402
2552,random,degree,random,2575010,500,1481,0.03,15,0.45,0.1,50,0.034,1,0.7148659626320051,0.7415546699690877
2553,random,degree,random,2576019,500,1539,0.03,15,0.45,0.1,50,0.04,2,0.7300232738557019,0.7268932094153522
2554,random,degree,random,2577028,500,1533,0.03,15,0.45,0.1,50,0.034,1,0.7591582229150425,0.7648240769410766
2555,random,degree,random,2578037,500,1506,0.03,15,0.45,0.1,50,0.04,1,0.7906050955414016,0.781180017530336
2556,random,degree,random,2579046,500,1445,0.03,15,0.45,0.1,50,0.032,1,0.7719665271966526,0.7906509172273463
2557,random,degree,random,2580055,500,1450,0.03,15,0.45,0.1,50,0.032,1,0.808333333333333,0.8117809094007998
2558,random,degree,random,2581064,500,1508,0.03,15,0.45,0.1,50,0.04,2,0.7873608903020664,0.7808629518799797
2559,random,degree,random,2582073,500,1553,0.03,15,0.45,0.1,50,0.036,1,0.7839600920951649,0.7741036676178689
2560,random,degree,random,2583082,500,1495,0.03,15,0.45,0.1,50,0.034,1,0.7722891566265051,0.7772071674140727
2561,random,degree,random,2584091,500,1454,0.03,15,0.45,0.1,50,0.038,2,0.8031561461794017,0.8001670386617595
2562,random,degree,random,2585100,500,1578,0.03,15,0.45,0.1,50,0.038,1,0.7601656626506021,0.7497735993424225
2563,random,degree,random,2586109,500,1564,0.03,15,0.45,0.1,50,0.034,1,0.7735920852359207,0.7752342110918029
2564,random,degree,random,2587118,500,1533,0.03,15,0.45,0.1,50,0.04,1,0.7731878409976609,0.7569208527898259
2565,random,degree,random,2588127,500,1523,0.03,15,0.45,0.1,50,0.03,0,0.7710133542812252,0.7864150926765612
2566,random,degree,random,2589136,500,1580,0.03,15,0.45,0.1,50,0.036,2,0.7428571428571424,0.7408294064466916
2567,random,degree,random,2590145,500,1545,0.03,15,0.45,0.1,50,0.03,0,0.7270270270270263,0.7536746316673834
2568,random,degree,random,2591154,500,1474,0.03,15,0.45,0.1,50,0.038,2,0.7450980392156862,0.7472534658241173
2569,random,degree,random,2592163,500,1498,0.03,15,0.45,0.1,50,0.032,1,0.7772435897435904,0.7770873466965699
2570,random,degree,random,2593172,500,1484,0.03,15,0.45,0.1,50,0.04,2,0.7483792544570498,0.7389360383387761
2571,random,degree,random,2594181,500,1520,0.03,15,0.45,0.1,50,0.038,2,0.7181102362204719,0.7326896639645689
2572,random,degree,random,2595190,500,1535,0.03,15,0.45,0.1,50,0.034,1,0.781322957198444,0.788151491568319
2573,random,degree,random,2596199,500,1537,0.03,15,0.45,0.1,50,0.032,1,0.7855477855477857,0.7963736393907133
2574,random,degree,random,2597208,500,1563,0.03,15,0.45,0.1,50,0.042,2,0.7372429550647374,0.7032715726348205
2575,random,degree,random,2598217,500,1513,0.03,15,0.45,0.1,50,0.04,2,0.7414885193982581,0.7547070725682303
2576,random,degree,random,2599226,500,1468,0.03,15,0.45,0.1,50,0.034,1,0.7483579638752045,0.7618812607762762
2577,random,degree,random,2600235,500,1494,0.03,15,0.45,0.1,50,0.04,1,0.7930064308681676,0.7861781499982187
2578,random,degree,random,2601244,500,1500,0.03,15,0.45,0.1,50,0.046,4,0.7059999999999991,0.6869931789404794
2579,random,degree,random,2602253,500,1480,0.03,15,0.45,0.1,50,0.04,1,0.7357723577235772,0.7385334750398629
2580,random,degree,random,2603262,500,1530,0.03,15,0.45,0.1,50,0.032,1,0.7609374999999993,0.7704425949579097
2581,random,degree,random,2604271,500,1600,0.03,15,0.45,0.1,50,0.038,2,0.7562962962962964,0.7463510339728173
2582,random,degree,random,2605280,500,1617,0.03,15,0.45,0.1,50,0.032,1,0.7670080468178497,0.7597751818820969
2583,random,degree,random,2606289,500,1478,0.03,15,0.45,0.1,50,0.046,2,0.7548859934853421,0.7387449886179391
2584,random,degree,random,2607298,500,1510,0.03,15,0.45,0.1,50,0.034,1,0.7654761904761905,0.7748586009805938
2585,random,degree,random,2608307,500,1471,0.03,15,0.45,0.1,50,0.042,1,0.7526617526617531,0.7538593309734534
2586,random,degree,random,2609316,500,1532,0.03,15,0.45,0.1,50,0.032,1,0.7476599063962556,0.759282860665576
2587,random,degree,random,2610325,500,1522,0.03,15,0.45,0.1,50,0.036,2,0.7291666666666674,0.7444800994429627
2588,random,degree,random,2611334,500,1599,0.03,15,0.45,0.1,50,0.036,1,0.77205337286879,0.7656488122489857
2589,random,degree,random,2612343,500,1523,0.03,15,0.45,0.1,50,0.036,1,0.7592301649646505,0.7715856552755437
2590,random,degree,random,2613352,500,1480,0.03,15,0.45,0.1,50,0.034,1,0.7711382113821141,0.7722173065115966
2591,random,degree,random,2614361,500,1528,0.03,15,0.45,0.1,50,0.032,1,0.788732394366198,0.7778759353773096
2592,random,degree,random,2615370,500,1493,0.03,15,0.45,0.1,50,0.032,1,0.7743362831858399,0.769989987908889
2593,random,degree,random,2616379,500,1493,0.03,15,0.45,0.1,50,0.04,1,0.7638777152051499,0.7674714269710308
2594,random,degree,random,2617388,500,1483,0.03,15,0.45,0.1,50,0.038,1,0.8073803730738035,0.7949819814478875
2595,random,degree,random,2618397,500,1501,0.03,15,0.45,0.1,50,0.048,3,0.7014388489208637,0.6764917277882048
2596,random,degree,random,2619406,500,1526,0.03,15,0.45,0.1,50,0.038,2,0.7300156739811907,0.7334003354502785
2597,random,degree,random,2620415,500,1535,0.03,15,0.45,0.1,50,0.032,1,0.7661478599221788,0.7730223137271333
2598,random,degree,random,2621424,500,1512,0.03,15,0.45,0.1,50,0.04,1,0.7729793977813002,0.7709554207463595
2599,random,degree,random,2622433,500,1554,0.03,15,0.45,0.1,50,0.034,1,0.7691717791411039,0.7681549793106006
2600,random,degree,random,2623442,500,1477,0.03,15,0.45,0.1,50,0.04,1,0.7208638956805211,0.7333829353393041
2601,scale_free,degree,random,2624451,500,1491,0.03,15,0.45,0.1,50,0.04,1,0.4507422402159243,0.455065723964557
2602,scale_free,degree,random,2625460,500,1491,0.03,15,0.45,0.1,50,0.034,1,0.5964912280701765,0.4959435836420981
2603,scale_free,degree,random,2626469,500,1491,0.03,15,0.45,0.1,50,0.038,1,0.6383265856950073,0.5947868852718036
2604,scale_free,degree,random,2627478,500,1491,0.03,15,0.45,0.1,50,0.034,1,0.6585695006747643,0.587193950122672
2605,scale_free,degree,random,2628487,500,1491,0.03,15,0.45,0.1,50,0.034,1,0.5614035087719323,0.5194180743099982
2606,scale_free,degree,random,2629496,500,1491,0.03,15,0.45,0.1,50,0.036,1,0.5742240215924429,0.5491703771258069
2607,scale_free,degree,random,2630505,500,1491,0.03,15,0.45,0.1,50,0.038,2,0.5937921727395405,0.5289129810569324
2608,scale_free,degree,random,2631514,500,1491,0.03,15,0.45,0.1,50,0.042,1,0.5829959514169981,0.4783738964850636
2609,scale_free,degree,random,2632523,500,1491,0.03,15,0.45,0.1,50,0.03,0,0.635627530364378,0.6035709746135649
2610,scale_free,degree,random,2633532,500,1491,0.03,15,0.45,0.1,50,0.038,2,0.47503373819163297,0.49324278674574057
2611,scale_free,degree,random,2634541,500,1491,0.03,15,0.45,0.1,50,0.04,1,0.5418353576248318,0.4972328157796499
2612,scale_free,degree,random,2635550,500,1491,0.03,15,0.45,0.1,50,0.036,1,0.6673414304993244,0.5971917214854302
2613,scale_free,degree,random,2636559,500,1491,0.03,15,0.45,0.1,50,0.036,1,0.5789473684210515,0.5200802196679034
2614,scale_free,degree,random,2637568,500,1491,0.03,15,0.45,0.1,50,0.044,2,0.4487179487179443,0.3803321660469451
2615,scale_free,degree,random,2638577,500,1491,0.03,15,0.45,0.1,50,0.03,0,0.593792172739539,0.6377781212205496
2616,scale_free,degree,random,2639586,500,1491,0.03,15,0.45,0.1,50,0.038,1,0.5721997300944676,0.4956959293199194
2617,scale_free,degree,random,2640595,500,1491,0.03,15,0.45,0.1,50,0.038,1,0.6713900134952764,0.5584306271589866
2618,scale_free,degree,random,2641604,500,1491,0.03,15,0.45,0.1,50,0.044,3,0.570175438596489,0.4621427757999348
2619,scale_free,degree,random,2642613,500,1491,0.03,15,0.45,0.1,50,0.034,1,0.5283400809716631,0.5086616382004895
2620,scale_free,degree,random,2643622,500,1491,0.03,15,0.45,0.1,50,0.032,1,0.657219973009452,0.5866790630599678
2621,scale_free,degree,random,2644631,500,1491,0.03,15,0.45,0.1,50,0.038,1,0.5047233468286104,0.4759115477168463
2622,scale_free,degree,random,2645640,500,1491,0.03,15,0.45,0.1,50,0.044,2,0.46018893387314475,0.3601721356067586
2623,scale_free,degree,random,2646649,500,1491,0.03,15,0.45,0.1,50,0.032,1,0.6410256410256409,0.5739959628446627
2624,scale_free,degree,random,2647658,500,1491,0.03,15,0.45,0.1,50,0.04,1,0.6248313090418295,0.4561267911740353
2625,scale_free,degree,random,2648667,500,1491,0.03,15,0.45,0.1,50,0.042,3,0.5431848852901514,0.4728418163318921
2626,scale_free,degree,random,2649676,500,1491,0.03,15,0.45,0.1,50,0.032,1,0.6423751686909637,0.564748394442625
2627,scale_free,degree,random,2650685,500,1491,0.03,15,0.45,0.1,50,0.046,1,0.5878323932312753,0.47786343352490085
2628,scale_free,degree,random,2651694,500,1491,0.03,15,0.45,0.1,50,0.05,1,0.49730094466936464,0.4033219105333731
2629,scale_free,degree,random,2652703,500,1491,0.03,15,0.45,0.1,50,0.034,1,0.6045883940620778,0.5818529887669278
2630,scale_free,degree,random,2653712,500,1491,0.03,15,0.45,0.1,50,0.04,1,0.5249662618083679,0.4558662411625702
2631,scale_free,degree,random,2654721,500,1491,0.03,15,0.45,0.1,50,0.034,2,0.649797570850202,0.5985631533813996
2632,scale_free,degree,random,2655730,500,1491,0.03,15,0.45,0.1,50,0.038,1,0.5627530364372458,0.5117650365421184
2633,scale_free,degree,random,2656739,500,1491,0.03,15,0.45,0.1,50,0.034,1,0.597840755735496,0.5705568499199906
2634,scale_free,degree,random,2657748,500,1491,0.03,15,0.45,0.1,50,0.044,2,0.6410153102336839,0.5234490072741688
2635,scale_free,degree,random,2658757,500,1491,0.03,15,0.45,0.1,50,0.046,2,0.4197031039136291,0.36898771483467346
2636,scale_free,degree,random,2659766,500,1491,0.03,15,0.45,0.1,50,0.032,1,0.6126855600539804,0.6033274149448792
2637,scale_free,degree,random,2660775,500,1491,0.03,15,0.45,0.1,50,0.034,1,0.5202429149797552,0.5055927234792105
2638,scale_free,degree,random,2661784,500,1491,0.03,15,0.45,0.1,50,0.034,1,0.5377867746288799,0.540901110354348
2639,scale_free,degree,random,2662793,500,1491,0.03,15,0.45,0.1,50,0.054,3,0.5175438596491269,0.35365603202972257
2640,scale_free,degree,random,2663802,500,1491,0.03,15,0.45,0.1,50,0.034,1,0.5114709851551996,0.46184949582476026
2641,scale_free,degree,random,2664811,500,1491,0.03,15,0.45,0.1,50,0.044,2,0.588394062078272,0.4667820463992983
2642,scale_free,degree,random,2665820,500,1491,0.03,15,0.45,0.1,50,0.048,2,0.4979757085020244,0.40367037331776906
2643,scale_free,degree,random,2666829,500,1491,0.03,15,0.45,0.1,50,0.036,1,0.5823211875843504,0.5389709839461116
2644,scale_free,degree,random,2667838,500,1491,0.03,15,0.45,0.1,50,0.042,1,0.5388496468213934,0.4613098911502681
2645,scale_free,degree,random,2668847,500,1491,0.03,15,0.45,0.1,50,0.032,1,0.6153846153846148,0.5819823186063208
2646,scale_free,degree,random,2669856,500,1491,0.03,15,0.45,0.1,50,0.03,0,0.664642375168696,0.5610073926518365
2647,scale_free,degree,random,2670865,500,1491,0.03,15,0.45,0.1,50,0.03,0,0.6842105263157895,0.6421355910915149
2648,scale_free,degree,random,2671874,500,1491,0.03,15,0.45,0.1,50,0.038,1,0.5856950067476386,0.5280292307844997
2649,scale_free,degree,random,2672883,500,1491,0.03,15,0.45,0.1,50,0.034,1,0.6295546558704506,0.5733974917590828
2650,scale_free,degree,random,2673892,500,1491,0.03,15,0.45,0.1,50,0.032,1,0.6450742240215924,0.5375553518636997
2651,scale_free,degree,random,2674901,500,1491,0.03,15,0.45,0.1,50,0.032,1,0.6187584345479126,0.5592611728983302
2652,scale_free,degree,random,2675910,500,1491,0.03,15,0.45,0.1,50,0.036,1,0.651866801210898,0.5451458384806692
2653,scale_free,degree,random,2676919,500,1491,0.03,15,0.45,0.1,50,0.042,2,0.5344129554655864,0.4832391175390996
2654,scale_free,degree,random,2677928,500,1491,0.03,15,0.45,0.1,50,0.038,1,0.5539858728557004,0.50690212587199
2655,scale_free,degree,random,2678937,500,1491,0.03,15,0.45,0.1,50,0.032,1,0.6761133603238868,0.6103859295252719
2656,scale_free,degree,random,2679946,500,1491,0.03,15,0.45,0.1,50,0.032,1,0.6302294197031024,0.5960198085393938
2657,scale_free,degree,random,2680955,500,1491,0.03,15,0.45,0.1,50,0.042,1,0.5647773279352252,0.4560314312568382
2658,scale_free,degree,random,2681964,500,1491,0.03,15,0.45,0.1,50,0.038,2,0.5937921727395412,0.5152317316981619
2659,scale_free,degree,random,2682973,500,1491,0.03,15,0.45,0.1,50,0.036,1,0.6167341430499313,0.5309356759347411
2660,scale_free,degree,random,2683982,500,1491,0.03,15,0.45,0.1,50,0.034,1,0.6160593792172724,0.5343275500164307
2661,scale_free,degree,random,2684991,500,1491,0.03,15,0.45,0.1,50,0.05,2,0.4662618083670716,0.3747936673713649
2662,scale_free,degree,random,2686000,500,1491,0.03,15,0.45,0.1,50,0.032,1,0.5755735492577594,0.5844463326361583
2663,scale_free,degree,random,2687009,500,1491,0.03,15,0.45,0.1,50,0.032,1,0.5668016194331991,0.578936573858751
2664,scale_free,degree,random,2688018,500,1491,0.03,15,0.45,0.1,50,0.034,1,0.4527665317139003,0.4935678126898923
2665,scale_free,degree,random,2689027,500,1491,0.03,15,0.45,0.1,50,0.042,1,0.5539811066126837,0.5052631792963093
2666,scale_free,degree,random,2690036,500,1491,0.03,15,0.45,0.1,50,0.036,1,0.6649848637739665,0.621594386371921
2667,scale_free,degree,random,2691045,500,1491,0.03,15,0.45,0.1,50,0.03,0,0.60391363022942,0.5781931536729861
2668,scale_free,degree,random,2692054,500,1491,0.03,15,0.45,0.1,50,0.046,2,0.43049932523616313,0.32062050707665746
2669,scale_free,degree,random,2693063,500,1491,0.03,15,0.45,0.1,50,0.032,1,0.5647773279352202,0.5751528547601771
2670,scale_free,degree,random,2694072,500,1491,0.03,15,0.45,0.1,50,0.03,0,0.6457489878542512,0.6237162571773105
2671,scale_free,degree,random,2695081,500,1491,0.03,15,0.45,0.1,50,0.044,1,0.5991902834008126,0.46671448313305663
2672,scale_free,degree,random,2696090,500,1491,0.03,15,0.45,0.1,50,0.042,2,0.47773279352226267,0.4003970818349988
2673,scale_free,degree,random,2697099,500,1491,0.03,15,0.45,0.1,50,0.03,0,0.574898785425104,0.553360190779704
2674,scale_free,degree,random,2698108,500,1491,0.03,15,0.45,0.1,50,0.036,1,0.48920377867746284,0.45480401323120073
2675,scale_free,degree,random,2699117,500,1491,0.03,15,0.45,0.1,50,0.04,1,0.5553306342780008,0.47887466702008424
2676,scale_free,degree,random,2700126,500,1491,0.03,15,0.45,0.1,50,0.04,1,0.5377867746288795,0.45317829910619817
2677,scale_free,degree,random,2701135,500,1491,0.03,15,0.45,0.1,50,0.038,2,0.4554655870445305,0.4232074792428012
2678,scale_free,degree,random,2702144,500,1491,0.03,15,0.45,0.1,50,0.04,1,0.6545209176788117,0.535454339656863
2679,scale_free,degree,random,2703153,500,1491,0.03,15,0.45,0.1,50,0.04,2,0.5317139001349506,0.4831205941175205
2680,scale_free,degree,random,2704162,500,1491,0.03,15,0.45,0.1,50,0.038,1,0.5823211875843441,0.49688322937728024
2681,scale_free,degree,random,2705171,500,1491,0.03,15,0.45,0.1,50,0.036,2,0.5134952766531714,0.4624137136421238
2682,scale_free,degree,random,2706180,500,1491,0.03,15,0.45,0.1,50,0.038,1,0.47570850202429393,0.42222111649264443
2683,scale_free,degree,random,2707189,500,1491,0.03,15,0.45,0.1,50,0.034,1,0.6187584345479051,0.5538940777399385
2684,scale_free,degree,random,2708198,500,1491,0.03,15,0.45,0.1,50,0.032,1,0.551282051282054,0.49443092620391427
2685,scale_free,degree,random,2709207,500,1491,0.03,15,0.45,0.1,50,0.034,1,0.60121457489878,0.5933498319753466
2686,scale_free,degree,random,2710216,500,1491,0.03,15,0.45,0.1,50,0.032,1,0.5991902834008118,0.546579717456413
2687,scale_free,degree,random,2711225,500,1491,0.03,15,0.45,0.1,50,0.032,1,0.5310391363022942,0.5018322654365619
2688,scale_free,degree,random,2712234,500,1491,0.03,15,0.45,0.1,50,0.048,2,0.3940620782726046,0.34224212298646733
2689,scale_free,degree,random,2713243,500,1491,0.03,15,0.45,0.1,50,0.034,1,0.6450742240215926,0.5754694410433673
2690,scale_free,degree,random,2714252,500,1491,0.03,15,0.45,0.1,50,0.05,2,0.4068825910931174,0.2998460690213421
2691,scale_free,degree,random,2715261,500,1491,0.03,15,0.45,0.1,50,0.036,1,0.4878542510121479,0.4806215199541789
2692,scale_free,degree,random,2716270,500,1491,0.03,15,0.45,0.1,50,0.04,1,0.6322537112010795,0.5297947564956703
2693,scale_free,degree,random,2717279,500,1491,0.03,15,0.45,0.1,50,0.042,1,0.5161943319838056,0.4470782893781433
2694,scale_free,degree,random,2718288,500,1491,0.03,15,0.45,0.1,50,0.032,1,0.5533063427800277,0.5692928925071069
2695,scale_free,degree,random,2719297,500,1491,0.03,15,0.45,0.1,50,0.032,1,0.6619433198380568,0.632572084574774
2696,scale_free,degree,random,2720306,500,1491,0.03,15,0.45,0.1,50,0.034,1,0.6390013495276644,0.5689140846985964
2697,scale_free,degree,random,2721315,500,1491,0.03,15,0.45,0.1,50,0.036,1,0.622807017543859,0.5567675138453703
2698,scale_free,degree,random,2722324,500,1491,0.03,15,0.45,0.1,50,0.03,0,0.7151490733279612,0.6371083411493628
2699,scale_free,degree,random,2723333,500,1491,0.03,15,0.45,0.1,50,0.03,0,0.6585695006747637,0.5983150952929698
2700,scale_free,degree,random,2724342,500,1491,0.03,15,0.45,0.1,50,0.04,2,0.5775978407557354,0.48197812688227265
2721,scale_free,degree,random,2745531,500,1491,0.03,15,0.45,0.1,50,0.03,0,0.6688154713940381,0.6522216927554088
2722,scale_free,degree,random,2746540,500,1491,0.03,15,0.45,0.1,50,0.034,1,0.6336032388664031,0.5415123545331397
2723,scale_free,degree,random,2747549,500,1491,0.03,15,0.45,0.1,50,0.036,1,0.5587044534412968,0.5137211638115521
2724,scale_free,degree,random,2748558,500,1491,0.03,15,0.45,0.1,50,0.032,1,0.5519568151147095,0.5079946395780824
2725,scale_free,degree,random,2749567,500,1491,0.03,15,0.45,0.1,50,0.038,1,0.522267206477733,0.4628963438151295
2726,scale_free,degree,random,2750576,500,1491,0.03,15,0.45,0.1,50,0.034,1,0.6306760847628656,0.5567945775868819
2727,scale_free,degree,random,2751585,500,1491,0.03,15,0.45,0.1,50,0.036,1,0.5823211875843479,0.5173774207973947
2728,scale_free,degree,random,2752594,500,1491,0.03,15,0.45,0.1,50,0.034,1,0.6504723346828633,0.5558447447618
2729,scale_free,degree,random,2753603,500,1491,0.03,15,0.45,0.1,50,0.034,1,0.5053981106612688,0.4925335253625816
2730,scale_free,degree,random,2754612,500,1491,0.03,15,0.45,0.1,50,0.052,2,0.45209176788124156,0.32296618791622467
2731,scale_free,degree,random,2755621,500,1491,0.03,15,0.45,0.1,50,0.034,1,0.6059379217273948,0.563550658945528
2732,scale_free,degree,random,2756630,500,1491,0.03,15,0.45,0.1,50,0.044,2,0.5472334682861006,0.47009692834833267
2733,scale_free,degree,random,2757639,500,1491,0.03,15,0.45,0.1,50,0.038,1,0.6295546558704453,0.5474849418237221
2734,scale_free,degree,random,2758648,500,1491,0.03,15,0.45,0.1,50,0.036,1,0.678812415654526,0.5825020029308081
2735,scale_free,degree,random,2759657,500,1491,0.03,15,0.45,0.1,50,0.034,1,0.5553306342780026,0.5232880653251807
2736,scale_free,degree,random,2760666,500,1491,0.03,15,0.45,0.1,50,0.034,1,0.5458839406207824,0.46853521862644026
2737,scale_free,degree,random,2761675,500,1491,0.03,15,0.45,0.1,50,0.054,4,0.4068825910931176,0.3202120053419958
2738,scale_free,degree,random,2762684,500,1491,0.03,15,0.45,0.1,50,0.034,1,0.6052631578947367,0.5605842126474315
2739,scale_free,degree,random,2763693,500,1491,0.03,15,0.45,0.1,50,0.04,1,0.37044534412955393,0.34672807172041825
2740,scale_free,degree,random,2764702,500,1491,0.03,15,0.45,0.1,50,0.052,1,0.34008097165991835,0.2966661621510692
2741,scale_free,degree,random,2765711,500,1491,0.03,15,0.45,0.1,50,0.034,1,0.6363022941970303,0.6121546605488113
2742,scale_free,degree,random,2766720,500,1491,0.03,15,0.45,0.1,50,0.038,1,0.46558704453441313,0.41775870446972574
2743,scale_free,degree,random,2767729,500,1491,0.03,15,0.45,0.1,50,0.036,1,0.5627530364372461,0.5166713519368024
2744,scale_free,degree,random,2768738,500,1491,0.03,15,0.45,0.1,50,0.038,1,0.6302294197031056,0.5697374742529753
2745,scale_free,degree,random,2769747,500,1491,0.03,15,0.45,0.1,50,0.032,1,0.6970310391362982,0.6349251812520755
2746,scale_free,degree,random,2770756,500,1491,0.03,15,0.45,0.1,50,0.056,4,0.4595141700404861,0.34100845097718646
2747,scale_free,degree,random,2771765,500,1491,0.03,15,0.45,0.1,50,0.03,0,0.708502024291498,0.6724416387032567
2748,scale_free,degree,random,2772774,500,1491,0.03,15,0.45,0.1,50,0.034,1,0.6336032388663965,0.565204694679995
2749,scale_free,degree,random,2773783,500,1491,0.03,15,0.45,0.1,50,0.036,1,0.4898785425101215,0.48297095541212426
2750,scale_free,degree,random,2774792,500,1491,0.03,15,0.45,0.1,50,0.03,0,0.613360323886642,0.5591273445495744
2751,scale_free,degree,random,2775801,500,1491,0.03,15,0.45,0.1,50,0.046,1,0.41835357624831276,0.3602469196445445
2752,scale_free,degree,random,2776810,500,1491,0.03,15,0.45,0.1,50,0.038,1,0.5155195681511484,0.475125682008649
2753,scale_free,degree,random,2777819,500,1491,0.03,15,0.45,0.1,50,0.04,1,0.46018893387314247,0.46358130957242366
2754,scale_free,degree,random,2778828,500,1491,0.03,15,0.45,0.1,50,0.03,0,0.5890688259109313,0.6255158974674295
2755,scale_free,degree,random,2779837,500,1491,0.03,15,0.45,0.1,50,0.032,1,0.5161943319838106,0.5108539955892706
2756,scale_free,degree,random,2780846,500,1491,0.03,15,0.45,0.1,50,0.046,2,0.5026990553306333,0.4122204504326761
2757,scale_free,degree,random,2781855,500,1491,0.03,15,0.45,0.1,50,0.034,1,0.5600539811066102,0.5528933154484876
2758,scale_free,degree,random,2782864,500,1491,0.03,15,0.45,0.1,50,0.04,2,0.5904183535762483,0.5060914433503729
2759,scale_free,degree,random,2783873,500,1491,0.03,15,0.45,0.1,50,0.03,0,0.6923076923076922,0.603683500077996
2760,scale_free,degree,random,2784882,500,1491,0.03,15,0.45,0.1,50,0.038,1,0.48110661268556243,0.44933588882672587
2701,scale_free,degree,random,2725351,500,1491,0.03,15,0.45,0.1,50,0.046,2,0.415654520917679,0.31836293810912797
2702,scale_free,degree,random,2726360,500,1491,0.03,15,0.45,0.1,50,0.036,1,0.5332996972754788,0.4967117511704643
2703,scale_free,degree,random,2727369,500,1491,0.03,15,0.45,0.1,50,0.046,1,0.5975020145044317,0.49038147028326873
2704,scale_free,degree,random,2728378,500,1491,0.03,15,0.45,0.1,50,0.04,1,0.5917678812415657,0.4778246485065348
2705,scale_free,degree,random,2729387,500,1491,0.03,15,0.45,0.1,50,0.034,1,0.6369770580296839,0.6298467706050155
2706,scale_free,degree,random,2730396,500,1491,0.03,15,0.45,0.1,50,0.03,0,0.639676113360323,0.6232200268560397
2707,scale_free,degree,random,2731405,500,1491,0.03,15,0.45,0.1,50,0.044,2,0.485829959514168,0.4421452792027393
2708,scale_free,degree,random,2732414,500,1491,0.03,15,0.45,0.1,50,0.046,2,0.483805668016196,0.40699989349182863
2709,scale_free,degree,random,2733423,500,1491,0.03,15,0.45,0.1,50,0.032,1,0.6221322537112064,0.5560442894788882
2710,scale_free,degree,random,2734432,500,1491,0.03,15,0.45,0.1,50,0.034,1,0.5802968960863691,0.5495114030444912
2711,scale_free,degree,random,2735441,500,1491,0.03,15,0.45,0.1,50,0.032,1,0.5762483130904186,0.5104324555190738
2712,scale_free,degree,random,2736450,500,1491,0.03,15,0.45,0.1,50,0.034,1,0.638748738647831,0.5854723299678096
2713,scale_free,degree,random,2737459,500,1491,0.03,15,0.45,0.1,50,0.034,1,0.524966261808367,0.5132117709030544
2714,scale_free,degree,random,2738468,500,1491,0.03,15,0.45,0.1,50,0.042,2,0.5269905533063425,0.4523861515281273
2715,scale_free,degree,random,2739477,500,1491,0.03,15,0.45,0.1,50,0.05,1,0.3758434547908233,0.2825165445970573
2716,scale_free,degree,random,2740486,500,1491,0.03,15,0.45,0.1,50,0.034,1,0.5242914979757094,0.47371355691157985
2717,scale_free,degree,random,2741495,500,1491,0.03,15,0.45,0.1,50,0.03,0,0.6390013495276593,0.5737895946247752
2718,scale_free,degree,random,2742504,500,1491,0.03,15,0.45,0.1,50,0.044,2,0.5553306342780036,0.4059724273319061
2719,scale_free,degree,random,2743513,500,1491,0.03,15,0.45,0.1,50,0.046,1,0.4197031039136298,0.3409691730282181
2720,scale_free,degree,random,2744522,500,1491,0.03,15,0.45,0.1,50,0.04,1,0.6236905721192584,0.5281229503146082
2761,scale_free,degree,random,2785891,500,1491,0.03,15,0.45,0.1,50,0.032,1,0.8033843674456048,0.6816729609863763
2762,scale_free,degree,random,2786900,500,1491,0.03,15,0.45,0.1,50,0.036,1,0.5384615384615385,0.4735510158262076
2763,scale_free,degree,random,2787909,500,1491,0.03,15,0.45,0.1,50,0.036,1,0.46693657219973395,0.44484173573858715
2764,scale_free,degree,random,2788918,500,1491,0.03,15,0.45,0.1,50,0.052,2,0.4291497975708526,0.335231416650372
2765,scale_free,degree,random,2789927,500,1491,0.03,15,0.45,0.1,50,0.042,1,0.4973009446693676,0.37806151315831893
2766,scale_free,degree,random,2790936,500,1491,0.03,15,0.45,0.1,50,0.036,1,0.6585695006747633,0.5790261373504902
2767,scale_free,degree,random,2791945,500,1491,0.03,15,0.45,0.1,50,0.042,1,0.5202429149797566,0.4432504612109933
2768,scale_free,degree,random,2792954,500,1491,0.03,15,0.45,0.1,50,0.036,1,0.5978407557354964,0.5072524509409873
2769,scale_free,degree,random,2793963,500,1491,0.03,15,0.45,0.1,50,0.054,2,0.48380566801619523,0.33642412668351496
2770,scale_free,degree,random,2794972,500,1491,0.03,15,0.45,0.1,50,0.034,1,0.5910931174089055,0.508087640095005
2771,scale_free,degree,random,2795981,500,1491,0.03,15,0.45,0.1,50,0.038,2,0.556680161943321,0.5598691433850673
2772,scale_free,degree,random,2796990,500,1491,0.03,15,0.45,0.1,50,0.036,1,0.5195681511470973,0.49380485185585044
2773,scale_free,degree,random,2797999,500,1491,0.03,15,0.45,0.1,50,0.042,1,0.514844804318491,0.42316414313423373
2774,scale_free,degree,random,2799008,500,1491,0.03,15,0.45,0.1,50,0.042,1,0.6491228070175434,0.4964246245829495
2775,scale_free,degree,random,2800017,500,1491,0.03,15,0.45,0.1,50,0.036,1,0.6207827260458839,0.5671710452782195
2776,scale_free,degree,random,2801026,500,1491,0.03,15,0.45,0.1,50,0.034,1,0.5458839406207826,0.5216338159996541
2777,scale_free,degree,random,2802035,500,1491,0.03,15,0.45,0.1,50,0.036,1,0.4797570850202427,0.47637180535894447
2778,scale_free,degree,random,2803044,500,1491,0.03,15,0.45,0.1,50,0.04,2,0.4999999999999992,0.4564365756961341
2779,scale_free,degree,random,2804053,500,1491,0.03,15,0.45,0.1,50,0.034,1,0.5883940620782756,0.5391606615271567
2780,scale_free,degree,random,2805062,500,1491,0.03,15,0.45,0.1,50,0.036,1,0.5863697705802966,0.534478687148153
2781,scale_free,degree,random,2806071,500,1491,0.03,15,0.45,0.1,50,0.036,1,0.5627530364372454,0.49199931211823833
2782,scale_free,degree,random,2807080,500,1491,0.03,15,0.45,0.1,50,0.064,5,0.4116059379217309,0.24261249089731418
2783,scale_free,degree,random,2808089,500,1491,0.03,15,0.45,0.1,50,0.032,1,0.6437246963562756,0.5848747905698163
2784,scale_free,degree,random,2809098,500,1491,0.03,15,0.45,0.1,50,0.04,1,0.5843454790823175,0.46565679445642577
2785,scale_free,degree,random,2810107,500,1491,0.03,15,0.45,0.1,50,0.036,1,0.5816464237516867,0.5305180341577074
2786,scale_free,degree,random,2811116,500,1491,0.03,15,0.45,0.1,50,0.05,1,0.3933873144399492,0.3041505505801458
2787,scale_free,degree,random,2812125,500,1491,0.03,15,0.45,0.1,50,0.04,1,0.49460188933873056,0.4167504926454673
2788,scale_free,degree,random,2813134,500,1491,0.03,15,0.45,0.1,50,0.036,2,0.5978407557354922,0.5451552232062608
2789,scale_free,degree,random,2814143,500,1491,0.03,15,0.45,0.1,50,0.032,1,0.6396761133603234,0.6247176836307314
2790,scale_free,degree,random,2815152,500,1491,0.03,15,0.45,0.1,50,0.036,1,0.3879892037786789,0.3767724611995325
2791,scale_free,degree,random,2816161,500,1491,0.03,15,0.45,0.1,50,0.04,1,0.46626180836707326,0.4517030279393178
2792,scale_free,degree,random,2817170,500,1491,0.03,15,0.45,0.1,50,0.034,1,0.6572199730094405,0.5938752272557427
2793,scale_free,degree,random,2818179,500,1491,0.03,15,0.45,0.1,50,0.042,2,0.4608636977058013,0.38841570106962386
2794,scale_free,degree,random,2819188,500,1491,0.03,15,0.45,0.1,50,0.044,2,0.6261352169525731,0.4947199471389434
2795,scale_free,degree,random,2820197,500,1491,0.03,15,0.45,0.1,50,0.032,1,0.5721997300944699,0.4964169954583711
2796,scale_free,degree,random,2821206,500,1491,0.03,15,0.45,0.1,50,0.038,1,0.5998650472334679,0.5092047124035894
2797,scale_free,degree,random,2822215,500,1491,0.03,15,0.45,0.1,50,0.046,2,0.5641025641025588,0.4534750977692142
2798,scale_free,degree,random,2823224,500,1491,0.03,15,0.45,0.1,50,0.036,1,0.5674763832658618,0.5189020278458265
2799,scale_free,degree,random,2824233,500,1491,0.03,15,0.45,0.1,50,0.034,1,0.6962127316680119,0.6001561075730584
2800,scale_free,degree,random,2825242,500,1491,0.03,15,0.45,0.1,50,0.06,2,0.3016194331983806,0.20988633225824646
2801,small_world,degree,random,2826251,500,1500,0.03,15,0.45,0.1,50,0.03,0,0.8030000000000008,0.8977183230395069
2802,small_world,degree,random,2827260,500,1500,0.03,15,0.45,0.1,50,0.052,7,0.793,0.8527660802638589
2803,small_world,degree,random,2828269,500,1500,0.03,15,0.45,0.1,50,0.042,5,0.8070000000000005,0.8699277876683406
2804,small_world,degree,random,2829278,500,1500,0.03,15,0.45,0.1,50,0.03,0,0.784,0.8844503133005541
2805,small_world,degree,random,2830287,500,1500,0.03,15,0.45,0.1,50,0.03,0,0.7940000000000002,0.8905926226038546
2806,small_world,degree,random,2831296,500,1500,0.03,15,0.45,0.1,50,0.03,0,0.7820000000000004,0.8856112170490857
2807,small_world,degree,random,2832305,500,1500,0.03,15,0.45,0.1,50,0.04,3,0.7610000000000008,0.8509616912041844
2808,small_world,degree,random,2833314,500,1500,0.03,15,0.45,0.1,50,0.03,0,0.7966666666666646,0.8989087016099029
2809,small_world,degree,random,2834323,500,1500,0.03,15,0.45,0.1,50,0.05,5,0.784,0.8520879571277342
2810,small_world,degree,random,2835332,500,1500,0.03,15,0.45,0.1,50,0.052,7,0.7729999999999976,0.8473434966920897
2811,small_world,degree,random,2836341,500,1500,0.03,15,0.45,0.1,50,0.032,1,0.7989999999999996,0.8887897294787953
2812,small_world,degree,random,2837350,500,1500,0.03,15,0.45,0.1,50,0.036,3,0.8066666666666643,0.8881063287937276
2813,small_world,degree,random,2838359,500,1500,0.03,15,0.45,0.1,50,0.03,0,0.7870000000000006,0.8890752895658882
2814,small_world,degree,random,2839368,500,1500,0.03,15,0.45,0.1,50,0.038,3,0.7869999999999999,0.869697157569813
2815,small_world,degree,random,2840377,500,1500,0.03,15,0.45,0.1,50,0.03,0,0.8120000000000005,0.9052727355547405
2816,small_world,degree,random,2841386,500,1500,0.03,15,0.45,0.1,50,0.03,0,0.7900000000000008,0.884904928833517
2817,small_world,degree,random,2842395,500,1500,0.03,15,0.45,0.1,50,0.03,0,0.7930000000000001,0.8901409690995019
2818,small_world,degree,random,2843404,500,1500,0.03,15,0.45,0.1,50,0.05,5,0.7860000000000003,0.8620850706767031
2819,small_world,degree,random,2844413,500,1500,0.03,15,0.45,0.1,50,0.042,3,0.8019999999999986,0.8545780839512375
2820,small_world,degree,random,2845422,500,1500,0.03,15,0.45,0.1,50,0.042,3,0.784,0.8622934684779594
2841,small_world,degree,random,2866611,500,1500,0.03,15,0.45,0.1,50,0.03,0,0.7913333333333307,0.8849251652840981
2842,small_world,degree,random,2867620,500,1500,0.03,15,0.45,0.1,50,0.03,0,0.8179999999999984,0.9000853728361862
2843,small_world,degree,random,2868629,500,1500,0.03,15,0.45,0.1,50,0.03,0,0.7829999999999999,0.8875807923722304
2844,small_world,degree,random,2869638,500,1500,0.03,15,0.45,0.1,50,0.036,1,0.7899999999999998,0.8678039984249757
2845,small_world,degree,random,2870647,500,1500,0.03,15,0.45,0.1,50,0.054,5,0.765,0.8248194830496021
2846,small_world,degree,random,2871656,500,1500,0.03,15,0.45,0.1,50,0.036,2,0.798,0.8769420493813667
2847,small_world,degree,random,2872665,500,1500,0.03,15,0.45,0.1,50,0.032,1,0.7769999999999977,0.8730306528411549
2848,small_world,degree,random,2873674,500,1500,0.03,15,0.45,0.1,50,0.03,0,0.8080000000000024,0.8872577913676307
2849,small_world,degree,random,2874683,500,1500,0.03,15,0.45,0.1,50,0.03,0,0.7966666666666641,0.887982921071764
2850,small_world,degree,random,2875692,500,1500,0.03,15,0.45,0.1,50,0.03,0,0.798,0.8859185491724689
2851,small_world,degree,random,2876701,500,1500,0.03,15,0.45,0.1,50,0.042,5,0.7999999999999998,0.876058528247908
2852,small_world,degree,random,2877710,500,1500,0.03,15,0.45,0.1,50,0.034,1,0.8070000000000006,0.8913171296672885
2853,small_world,degree,random,2878719,500,1500,0.03,15,0.45,0.1,50,0.038,3,0.7919999999999999,0.8712385310689499
2854,small_world,degree,random,2879728,500,1500,0.03,15,0.45,0.1,50,0.036,3,0.8033333333333332,0.8864230266597745
2855,small_world,degree,random,2880737,500,1500,0.03,15,0.45,0.1,50,0.032,1,0.8049999999999999,0.8884212052498061
2856,small_world,degree,random,2881746,500,1500,0.03,15,0.45,0.1,50,0.038,4,0.8030000000000007,0.8776983633046512
2857,small_world,degree,random,2882755,500,1500,0.03,15,0.45,0.1,50,0.03,0,0.7890000000000001,0.8884716564626003
2858,small_world,degree,random,2883764,500,1500,0.03,15,0.45,0.1,50,0.042,4,0.802,0.8721836986816908
2859,small_world,degree,random,2884773,500,1500,0.03,15,0.45,0.1,50,0.036,2,0.7933333333333336,0.8780008839958016
2860,small_world,degree,random,2885782,500,1500,0.03,15,0.45,0.1,50,0.05,5,0.7999999999999997,0.8708087329003331
2821,small_world,degree,random,2846431,500,1500,0.03,15,0.45,0.1,50,0.03,0,0.793,0.8858555530464738
2822,small_world,degree,random,2847440,500,1500,0.03,15,0.45,0.1,50,0.03,0,0.7886666666666656,0.8911619356376601
2823,small_world,degree,random,2848449,500,1500,0.03,15,0.45,0.1,50,0.03,0,0.7793333333333332,0.891590394179604
2824,small_world,degree,random,2849458,500,1500,0.03,15,0.45,0.1,50,0.03,0,0.8009999999999972,0.890854341832868
2825,small_world,degree,random,2850467,500,1500,0.03,15,0.45,0.1,50,0.032,1,0.7990000000000007,0.8964730134319605
2826,small_world,degree,random,2851476,500,1500,0.03,15,0.45,0.1,50,0.038,3,0.7999999999999995,0.8907860145473254
2827,small_world,degree,random,2852485,500,1500,0.03,15,0.45,0.1,50,0.032,1,0.804,0.8970155993101919
2828,small_world,degree,random,2853494,500,1500,0.03,15,0.45,0.1,50,0.03,0,0.805,0.8977891326494439
2829,small_world,degree,random,2854503,500,1500,0.03,15,0.45,0.1,50,0.03,0,0.8,0.9046289900494101
2830,small_world,degree,random,2855512,500,1500,0.03,15,0.45,0.1,50,0.03,0,0.7850000000000007,0.8848239051217787
2831,small_world,degree,random,2856521,500,1500,0.03,15,0.45,0.1,50,0.03,0,0.7919999999999998,0.8910055302957808
2832,small_world,degree,random,2857530,500,1500,0.03,15,0.45,0.1,50,0.032,1,0.7953333333333331,0.8899897349283385
2833,small_world,degree,random,2858539,500,1500,0.03,15,0.45,0.1,50,0.034,2,0.7949999999999999,0.8855535792793888
2834,small_world,degree,random,2859548,500,1500,0.03,15,0.45,0.1,50,0.03,0,0.8150000000000003,0.8875257427490824
2835,small_world,degree,random,2860557,500,1500,0.03,15,0.45,0.1,50,0.032,1,0.794,0.8918637944859742
2836,small_world,degree,random,2861566,500,1500,0.03,15,0.45,0.1,50,0.03,0,0.7890000000000003,0.8917793630756508
2837,small_world,degree,random,2862575,500,1500,0.03,15,0.45,0.1,50,0.03,0,0.7820000000000005,0.8837527408602943
2838,small_world,degree,random,2863584,500,1500,0.03,15,0.45,0.1,50,0.046,3,0.8130000000000005,0.853741701073395
2839,small_world,degree,random,2864593,500,1500,0.03,15,0.45,0.1,50,0.03,0,0.7880000000000003,0.8893106053384721
2840,small_world,degree,random,2865602,500,1500,0.03,15,0.45,0.1,50,0.056,5,0.7933333333333331,0.8438059480376022
2861,small_world,degree,random,2886791,500,1500,0.03,15,0.45,0.1,50,0.03,0,0.7840000000000006,0.8920736749058966
2862,small_world,degree,random,2887800,500,1500,0.03,15,0.45,0.1,50,0.034,1,0.7900000000000005,0.8784824842848644
2863,small_world,degree,random,2888809,500,1500,0.03,15,0.45,0.1,50,0.042,4,0.7813333333333332,0.8570771365403117
2864,small_world,degree,random,2889818,500,1500,0.03,15,0.45,0.1,50,0.034,1,0.775,0.880345022070379
2865,small_world,degree,random,2890827,500,1500,0.03,15,0.45,0.1,50,0.034,2,0.7980000000000007,0.8777462555564891
2866,small_world,degree,random,2891836,500,1500,0.03,15,0.45,0.1,50,0.038,2,0.7913333333333328,0.8716056932498882
2867,small_world,degree,random,2892845,500,1500,0.03,15,0.45,0.1,50,0.03,0,0.787,0.8902436821429451
2868,small_world,degree,random,2893854,500,1500,0.03,15,0.45,0.1,50,0.056,4,0.7690000000000007,0.8422839568012522
2869,small_world,degree,random,2894863,500,1500,0.03,15,0.45,0.1,50,0.03,0,0.7760000000000007,0.8866949502092274
2870,small_world,degree,random,2895872,500,1500,0.03,15,0.45,0.1,50,0.054,4,0.779333333333331,0.8463183240630398
2871,small_world,degree,random,2896881,500,1500,0.03,15,0.45,0.1,50,0.03,0,0.7990000000000012,0.8876956033455522
2872,small_world,degree,random,2897890,500,1500,0.03,15,0.45,0.1,50,0.036,3,0.7733333333333337,0.8732212561993503
2873,small_world,degree,random,2898899,500,1500,0.03,15,0.45,0.1,50,0.04,3,0.8006666666666663,0.8693007538691206
2874,small_world,degree,random,2899908,500,1500,0.03,15,0.45,0.1,50,0.048,6,0.8140000000000006,0.8723340597081883
2875,small_world,degree,random,2900917,500,1500,0.03,15,0.45,0.1,50,0.036,2,0.7859999999999977,0.8718084611517138
2876,small_world,degree,random,2901926,500,1500,0.03,15,0.45,0.1,50,0.042,4,0.8040000000000003,0.857007358119297
2877,small_world,degree,random,2902935,500,1500,0.03,15,0.45,0.1,50,0.036,3,0.7819999999999999,0.8768397868248865
2878,small_world,degree,random,2903944,500,1500,0.03,15,0.45,0.1,50,0.056,5,0.7860000000000023,0.8414908210295566
2879,small_world,degree,random,2904953,500,1500,0.03,15,0.45,0.1,50,0.032,1,0.805,0.8760540958902906
2880,small_world,degree,random,2905962,500,1500,0.03,15,0.45,0.1,50,0.03,0,0.771,0.880007974605638
2881,small_world,degree,random,2906971,500,1500,0.03,15,0.45,0.1,50,0.032,1,0.821,0.8937788508149049
2882,small_world,degree,random,2907980,500,1500,0.03,15,0.45,0.1,50,0.056,12,0.7879999999999998,0.8558975603885037
2883,small_world,degree,random,2908989,500,1500,0.03,15,0.45,0.1,50,0.042,3,0.787,0.8661324125055623
2884,small_world,degree,random,2909998,500,1500,0.03,15,0.45,0.1,50,0.042,3,0.7669999999999977,0.863292984901113
2885,small_world,degree,random,2911007,500,1500,0.03,15,0.45,0.1,50,0.03,0,0.7890000000000004,0.8889798509563481
2886,small_world,degree,random,2912016,500,1500,0.03,15,0.45,0.1,50,0.032,1,0.813,0.8868564593301282
2887,small_world,degree,random,2913025,500,1500,0.03,15,0.45,0.1,50,0.03,0,0.8010000000000004,0.8877132952511886
2888,small_world,degree,random,2914034,500,1500,0.03,15,0.45,0.1,50,0.03,0,0.7790000000000001,0.8882499911341618
2889,small_world,degree,random,2915043,500,1500,0.03,15,0.45,0.1,50,0.03,0,0.7920000000000007,0.8977544943603754
2890,small_world,degree,random,2916052,500,1500,0.03,15,0.45,0.1,50,0.038,3,0.778,0.8697526152323386
2891,small_world,degree,random,2917061,500,1500,0.03,15,0.45,0.1,50,0.03,0,0.7860000000000001,0.8856939783355124
2892,small_world,degree,random,2918070,500,1500,0.03,15,0.45,0.1,50,0.032,1,0.7859999999999984,0.8759762388080101
2893,small_world,degree,random,2919079,500,1500,0.03,15,0.45,0.1,50,0.03,0,0.7849999999999998,0.8924043592028167
2894,small_world,degree,random,2920088,500,1500,0.03,15,0.45,0.1,50,0.032,1,0.7910000000000004,0.8749931302919088
2895,small_world,degree,random,2921097,500,1500,0.03,15,0.45,0.1,50,0.03,0,0.8079999999999995,0.8987564948129831
2896,small_world,degree,random,2922106,500,1500,0.03,15,0.45,0.1,50,0.048,6,0.787,0.8516564470390469
2897,small_world,degree,random,2923115,500,1500,0.03,15,0.45,0.1,50,0.03,0,0.794,0.889288318544996
2898,small_world,degree,random,2924124,500,1500,0.03,15,0.45,0.1,50,0.058,8,0.76,0.8285386265131798
2899,small_world,degree,random,2925133,500,1500,0.03,15,0.45,0.1,50,0.03,0,0.7799999999999984,0.8887559151592711
2900,small_world,degree,random,2926142,500,1500,0.03,15,0.45,0.1,50,0.038,2,0.7933333333333312,0.866475033671534
2901,small_world,degree,random,2927151,500,1500,0.03,15,0.45,0.1,50,0.03,0,0.8110000000000004,0.9029062404383372
2902,small_world,degree,random,2928160,500,1500,0.03,15,0.45,0.1,50,0.032,1,0.798,0.8932824716165747
2903,small_world,degree,random,2929169,500,1500,0.03,15,0.45,0.1,50,0.03,0,0.8133333333333301,0.8986631841539291
2904,small_world,degree,random,2930178,500,1500,0.03,15,0.45,0.1,50,0.03,0,0.8100000000000015,0.8925105733659813
2905,small_world,degree,random,2931187,500,1500,0.03,15,0.45,0.1,50,0.032,1,0.7840000000000008,0.8631324893570566
2906,small_world,degree,random,2932196,500,1500,0.03,15,0.45,0.1,50,0.03,0,0.775,0.887490557666914
2907,small_world,degree,random,2933205,500,1500,0.03,15,0.45,0.1,50,0.032,1,0.7959999999999968,0.8873552880601853
2908,small_world,degree,random,2934214,500,1500,0.03,15,0.45,0.1,50,0.04,2,0.7819999999999997,0.8563469872220916
2909,small_world,degree,random,2935223,500,1500,0.03,15,0.45,0.1,50,0.032,1,0.836,0.8955372251577677
2910,small_world,degree,random,2936232,500,1500,0.03,15,0.45,0.1,50,0.034,2,0.788,0.8791650625137958
2911,small_world,degree,random,2937241,500,1500,0.03,15,0.45,0.1,50,0.038,1,0.7980000000000003,0.8824851163350916
2912,small_world,degree,random,2938250,500,1500,0.03,15,0.45,0.1,50,0.038,2,0.7720000000000002,0.8645254647100086
2913,small_world,degree,random,2939259,500,1500,0.03,15,0.45,0.1,50,0.03,0,0.8310000000000008,0.9030315987068662
2914,small_world,degree,random,2940268,500,1500,0.03,15,0.45,0.1,50,0.03,0,0.7833333333333329,0.8913931374319087
2915,small_world,degree,random,2941277,500,1500,0.03,15,0.45,0.1,50,0.03,0,0.7900000000000005,0.8900877610697376
2916,small_world,degree,random,2942286,500,1500,0.03,15,0.45,0.1,50,0.032,1,0.824,0.8881548255289969
2917,small_world,degree,random,2943295,500,1500,0.03,15,0.45,0.1,50,0.03,0,0.8230000000000004,0.8952558313749589
2918,small_world,degree,random,2944304,500,1500,0.03,15,0.45,0.1,50,0.03,0,0.79,0.8974955094889361
2919,small_world,degree,random,2945313,500,1500,0.03,15,0.45,0.1,50,0.032,1,0.7893333333333332,0.8909003887923085
2920,small_world,degree,random,2946322,500,1500,0.03,15,0.45,0.1,50,0.03,0,0.7849999999999999,0.894280958977354
2921,small_world,degree,random,2947331,500,1500,0.03,15,0.45,0.1,50,0.034,1,0.8070000000000002,0.8842854279911156
2922,small_world,degree,random,2948340,500,1500,0.03,15,0.45,0.1,50,0.04,5,0.81,0.8886477872843436
2923,small_world,degree,random,2949349,500,1500,0.03,15,0.45,0.1,50,0.036,2,0.7989999999999997,0.8871945376972966
2924,small_world,degree,random,2950358,500,1500,0.03,15,0.45,0.1,50,0.036,2,0.7850000000000003,0.8801747701818562
2925,small_world,degree,random,2951367,500,1500,0.03,15,0.45,0.1,50,0.03,0,0.7866666666666644,0.8949713166716571
2926,small_world,degree,random,2952376,500,1500,0.03,15,0.45,0.1,50,0.03,0,0.792,0.8863333510009388
2927,small_world,degree,random,2953385,500,1500,0.03,15,0.45,0.1,50,0.03,0,0.7910000000000005,0.8835139882131359
2928,small_world,degree,random,2954394,500,1500,0.03,15,0.45,0.1,50,0.032,1,0.781,0.8826212061930531
2929,small_world,degree,random,2955403,500,1500,0.03,15,0.45,0.1,50,0.038,3,0.7920000000000005,0.8718223042522045
2930,small_world,degree,random,2956412,500,1500,0.03,15,0.45,0.1,50,0.03,0,0.774,0.8764237976474524
2931,small_world,degree,random,2957421,500,1500,0.03,15,0.45,0.1,50,0.03,0,0.792,0.8882470369757768
2932,small_world,degree,random,2958430,500,1500,0.03,15,0.45,0.1,50,0.03,0,0.8080000000000008,0.8894701725503689
2933,small_world,degree,random,2959439,500,1500,0.03,15,0.45,0.1,50,0.03,0,0.794,0.8946641698739867
2934,small_world,degree,random,2960448,500,1500,0.03,15,0.45,0.1,50,0.04,4,0.8249999999999997,0.876945680381614
2935,small_world,degree,random,2961457,500,1500,0.03,15,0.45,0.1,50,0.03,0,0.7939999999999974,0.8864333243185961
2936,small_world,degree,random,2962466,500,1500,0.03,15,0.45,0.1,50,0.03,0,0.799,0.8983603241375265
2937,small_world,degree,random,2963475,500,1500,0.03,15,0.45,0.1,50,0.03,0,0.7899999999999996,0.8868419959908185
2938,small_world,degree,random,2964484,500,1500,0.03,15,0.45,0.1,50,0.03,0,0.8,0.8911476605314596
2939,small_world,degree,random,2965493,500,1500,0.03,15,0.45,0.1,50,0.05,4,0.7733333333333337,0.8533050747780835
2940,small_world,degree,random,2966502,500,1500,0.03,15,0.45,0.1,50,0.036,2,0.7589999999999972,0.8614889454928623
2941,small_world,degree,random,2967511,500,1500,0.03,15,0.45,0.1,50,0.034,1,0.8030000000000007,0.8882638839449729
2942,small_world,degree,random,2968520,500,1500,0.03,15,0.45,0.1,50,0.03,0,0.7769999999999981,0.8865664475692694
2943,small_world,degree,random,2969529,500,1500,0.03,15,0.45,0.1,50,0.05,4,0.7860000000000025,0.8569981678782969
2944,small_world,degree,random,2970538,500,1500,0.03,15,0.45,0.1,50,0.032,1,0.7970000000000008,0.8859912697142163
2945,small_world,degree,random,2971547,500,1500,0.03,15,0.45,0.1,50,0.03,0,0.802,0.8987963809516528
2946,small_world,degree,random,2972556,500,1500,0.03,15,0.45,0.1,50,0.034,2,0.8099999999999983,0.8890590566192867
2947,small_world,degree,random,2973565,500,1500,0.03,15,0.45,0.1,50,0.03,0,0.7926666666666667,0.8932539659554205
2948,small_world,degree,random,2974574,500,1500,0.03,15,0.45,0.1,50,0.046,6,0.7993333333333336,0.8699864261175739
2949,small_world,degree,random,2975583,500,1500,0.03,15,0.45,0.1,50,0.058,9,0.7873333333333332,0.8449378756387665
2950,small_world,degree,random,2976592,500,1500,0.03,15,0.45,0.1,50,0.03,0,0.793,0.8846790796133084
2951,small_world,degree,random,2977601,500,1500,0.03,15,0.45,0.1,50,0.034,2,0.7990000000000002,0.8844525128352442
2952,small_world,degree,random,2978610,500,1500,0.03,15,0.45,0.1,50,0.046,7,0.7849999999999968,0.8650318404468136
2953,small_world,degree,random,2979619,500,1500,0.03,15,0.45,0.1,50,0.03,0,0.7966666666666667,0.8822323856375861
2954,small_world,degree,random,2980628,500,1500,0.03,15,0.45,0.1,50,0.038,3,0.7840000000000004,0.8679923072733616
2955,small_world,degree,random,2981637,500,1500,0.03,15,0.45,0.1,50,0.03,0,0.7920000000000008,0.8821390955711318
2956,small_world,degree,random,2982646,500,1500,0.03,15,0.45,0.1,50,0.038,2,0.7820000000000005,0.8809172216783753
2957,small_world,degree,random,2983655,500,1500,0.03,15,0.45,0.1,50,0.044,5,0.7850000000000004,0.8607751747932402
2958,small_world,degree,random,2984664,500,1500,0.03,15,0.45,0.1,50,0.034,1,0.7946666666666659,0.886277563533383
2959,small_world,degree,random,2985673,500,1500,0.03,15,0.45,0.1,50,0.038,2,0.801999999999998,0.8796839278036924
2960,small_world,degree,random,2986682,500,1500,0.03,15,0.45,0.1,50,0.042,4,0.7810000000000004,0.8630453842636193
2961,small_world,degree,random,2987691,500,1500,0.03,15,0.45,0.1,50,0.038,3,0.794,0.8690600603389385
2962,small_world,degree,random,2988700,500,1500,0.03,15,0.45,0.1,50,0.04,4,0.8190000000000005,0.869661109261547
2963,small_world,degree,random,2989709,500,1500,0.03,15,0.45,0.1,50,0.056,6,0.7820000000000001,0.8436302735507366
2964,small_world,degree,random,2990718,500,1500,0.03,15,0.45,0.1,50,0.032,1,0.786,0.8789831822533614
2965,small_world,degree,random,2991727,500,1500,0.03,15,0.45,0.1,50,0.032,1,0.8180000000000005,0.8917137193398083
2966,small_world,degree,random,2992736,500,1500,0.03,15,0.45,0.1,50,0.03,0,0.8180000000000003,0.8978898920266221
2967,small_world,degree,random,2993745,500,1500,0.03,15,0.45,0.1,50,0.046,3,0.8019999999999976,0.8749302952584538
2968,small_world,degree,random,2994754,500,1500,0.03,15,0.45,0.1,50,0.036,2,0.7950000000000003,0.8765352440370443
2969,small_world,degree,random,2995763,500,1500,0.03,15,0.45,0.1,50,0.048,5,0.797,0.856594370832637
2970,small_world,degree,random,2996772,500,1500,0.03,15,0.45,0.1,50,0.03,0,0.7849999999999999,0.8804424694076384
2971,small_world,degree,random,2997781,500,1500,0.03,15,0.45,0.1,50,0.04,2,0.808,0.8733716687256746
2972,small_world,degree,random,2998790,500,1500,0.03,15,0.45,0.1,50,0.034,2,0.798,0.8744643715917433
2973,small_world,degree,random,2999799,500,1500,0.03,15,0.45,0.1,50,0.03,0,0.799,0.8904966636907531
2974,small_world,degree,random,3000808,500,1500,0.03,15,0.45,0.1,50,0.04,2,0.789,0.862468760929672
2975,small_world,degree,random,3001817,500,1500,0.03,15,0.45,0.1,50,0.034,1,0.7650000000000003,0.8650929012134061
2976,small_world,degree,random,3002826,500,1500,0.03,15,0.45,0.1,50,0.03,0,0.785,0.8889515280950123
2977,small_world,degree,random,3003835,500,1500,0.03,15,0.45,0.1,50,0.03,0,0.803,0.8915191448924435
2978,small_world,degree,random,3004844,500,1500,0.03,15,0.45,0.1,50,0.034,1,0.803,0.887814042206118
2979,small_world,degree,random,3005853,500,1500,0.03,15,0.45,0.1,50,0.03,0,0.7819999999999998,0.8828227483335016
2980,small_world,degree,random,3006862,500,1500,0.03,15,0.45,0.1,50,0.03,0,0.78533333333333,0.8924419344640366
2981,small_world,degree,random,3007871,500,1500,0.03,15,0.45,0.1,50,0.03,0,0.8046666666666665,0.9007608199451412
2982,small_world,degree,random,3008880,500,1500,0.03,15,0.45,0.1,50,0.048,5,0.7920000000000013,0.8629716557706687
2983,small_world,degree,random,3009889,500,1500,0.03,15,0.45,0.1,50,0.03,0,0.7826666666666637,0.886907031538937
2984,small_world,degree,random,3010898,500,1500,0.03,15,0.45,0.1,50,0.03,0,0.7846666666666634,0.8858065596747192
2985,small_world,degree,random,3011907,500,1500,0.03,15,0.45,0.1,50,0.03,0,0.8060000000000006,0.9013232320399535
2986,small_world,degree,random,3012916,500,1500,0.03,15,0.45,0.1,50,0.03,0,0.8009999999999999,0.8972149767314188
2987,small_world,degree,random,3013925,500,1500,0.03,15,0.45,0.1,50,0.034,2,0.779999999999999,0.8719488411760906
2988,small_world,degree,random,3014934,500,1500,0.03,15,0.45,0.1,50,0.03,0,0.7839999999999998,0.8848028310293121
2989,small_world,degree,random,3015943,500,1500,0.03,15,0.45,0.1,50,0.032,1,0.7920000000000001,0.8891582324288583
2990,small_world,degree,random,3016952,500,1500,0.03,15,0.45,0.1,50,0.032,1,0.7919999999999968,0.8870247752679349
2991,small_world,degree,random,3017961,500,1500,0.03,15,0.45,0.1,50,0.032,1,0.7980000000000003,0.8830072465070691
2992,small_world,degree,random,3018970,500,1500,0.03,15,0.45,0.1,50,0.032,1,0.793,0.8886318902620127
2993,small_world,degree,random,3019979,500,1500,0.03,15,0.45,0.1,50,0.03,0,0.8009999999999984,0.9025020468359786
2994,small_world,degree,random,3020988,500,1500,0.03,15,0.45,0.1,50,0.04,4,0.7926666666666666,0.8787266093813089
2995,small_world,degree,random,3021997,500,1500,0.03,15,0.45,0.1,50,0.042,6,0.7880000000000004,0.8647647857311516
2996,small_world,degree,random,3023006,500,1500,0.03,15,0.45,0.1,50,0.03,0,0.8020000000000009,0.8884668352510149
2997,small_world,degree,random,3024015,500,1500,0.03,15,0.45,0.1,50,0.04,4,0.7750000000000002,0.864205620564089
2998,small_world,degree,random,3025024,500,1500,0.03,15,0.45,0.1,50,0.04,5,0.7580000000000007,0.8419204146347862
2999,small_world,degree,random,3026033,500,1500,0.03,15,0.45,0.1,50,0.064,8,0.7790000000000007,0.8202898788827327
3000,small_world,degree,random,3027042,500,1500,0.03,15,0.45,0.1,50,0.032,1,0.7750000000000008,0.8849130553158955
3001,random,inv_degree,random,3028051,500,1456,0.03,15,0.45,0.1,50,0.038,2,0.827811682650393,0.8213688577403896
3002,random,inv_degree,random,3029060,500,1460,0.03,15,0.45,0.1,50,0.046,3,0.7717877094972057,0.7571251542662606
3003,random,inv_degree,random,3030069,500,1539,0.03,15,0.45,0.1,50,0.034,1,0.8220338983050843,0.8012901833695371
3004,random,inv_degree,random,3031078,500,1506,0.03,15,0.45,0.1,50,0.034,1,0.8420298165137615,0.8241007806383107
3005,random,inv_degree,random,3032087,500,1559,0.03,15,0.45,0.1,50,0.032,1,0.8207109737248829,0.7968233850137973
3006,random,inv_degree,random,3033096,500,1477,0.03,15,0.45,0.1,50,0.034,1,0.8452792881858612,0.8173049226029568
3007,random,inv_degree,random,3034105,500,1520,0.03,15,0.45,0.1,50,0.034,1,0.8110887096774168,0.8210606285733046
3008,random,inv_degree,random,3035114,500,1479,0.03,15,0.45,0.1,50,0.04,1,0.8243443839683322,0.8051689498661612
3009,random,inv_degree,random,3036123,500,1479,0.03,15,0.45,0.1,50,0.03,0,0.8132981065609869,0.8120002152587951
3010,random,inv_degree,random,3037132,500,1454,0.03,15,0.45,0.1,50,0.036,1,0.7989982578397217,0.795438246589268
3011,random,inv_degree,random,3038141,500,1547,0.03,15,0.45,0.1,50,0.034,1,0.8293236495687696,0.8129663923843711
3012,random,inv_degree,random,3039150,500,1409,0.03,15,0.45,0.1,50,0.036,1,0.8268384663733495,0.8230382125535199
3013,random,inv_degree,random,3040159,500,1471,0.03,15,0.45,0.1,50,0.034,1,0.789305076392311,0.7969350884899329
3014,random,inv_degree,random,3041168,500,1550,0.03,15,0.45,0.1,50,0.038,2,0.7877272727272729,0.7793808592333523
3015,random,inv_degree,random,3042177,500,1511,0.03,15,0.45,0.1,50,0.034,1,0.8441427853192551,0.8329603132684843
3016,random,inv_degree,random,3043186,500,1499,0.03,15,0.45,0.1,50,0.034,1,0.8129720124389153,0.8084711235860691
3017,random,inv_degree,random,3044195,500,1545,0.03,15,0.45,0.1,50,0.032,1,0.8103869653767797,0.8150233771900104
3018,random,inv_degree,random,3045204,500,1515,0.03,15,0.45,0.1,50,0.038,1,0.785642317380352,0.7884245771763935
3019,random,inv_degree,random,3046213,500,1515,0.03,15,0.45,0.1,50,0.036,1,0.806935123042505,0.8001043019263018
3020,random,inv_degree,random,3047222,500,1481,0.03,15,0.45,0.1,50,0.032,1,0.7895548699867786,0.8020916982618067
3021,random,inv_degree,random,3048231,500,1553,0.03,15,0.45,0.1,50,0.032,1,0.8176682074987154,0.8118319916033316
3022,random,inv_degree,random,3049240,500,1473,0.03,15,0.45,0.1,50,0.036,2,0.8094578551642243,0.7944140383090136
3023,random,inv_degree,random,3050249,500,1543,0.03,15,0.45,0.1,50,0.032,1,0.8196988196988179,0.8239089653116136
3024,random,inv_degree,random,3051258,500,1463,0.03,15,0.45,0.1,50,0.036,2,0.8142485361093045,0.8256564266697131
3025,random,inv_degree,random,3052267,500,1507,0.03,15,0.45,0.1,50,0.04,1,0.7972905168088305,0.7922871594914337
3026,random,inv_degree,random,3053276,500,1477,0.03,15,0.45,0.1,50,0.04,2,0.8331685615422628,0.8137209701413398
3027,random,inv_degree,random,3054285,500,1501,0.03,15,0.45,0.1,50,0.032,1,0.8309154577288633,0.8325938448383243
3028,random,inv_degree,random,3055294,500,1414,0.03,15,0.45,0.1,50,0.034,1,0.8240582191780812,0.8279810102290146
3029,random,inv_degree,random,3056303,500,1457,0.03,15,0.45,0.1,50,0.034,1,0.8240296554731785,0.8227260262530007
3030,random,inv_degree,random,3057312,500,1461,0.03,15,0.45,0.1,50,0.032,1,0.8261402648357038,0.8217628193471687
3031,random,inv_degree,random,3058321,500,1457,0.03,15,0.45,0.1,50,0.046,2,0.8092582264361403,0.7892169118033369
3032,random,inv_degree,random,3059330,500,1489,0.03,15,0.45,0.1,50,0.04,1,0.804383925606113,0.7867093077937963
3033,random,inv_degree,random,3060339,500,1495,0.03,15,0.45,0.1,50,0.038,1,0.8226289517470908,0.8088470874284285
3034,random,inv_degree,random,3061348,500,1455,0.03,15,0.45,0.1,50,0.036,2,0.8148479427549195,0.8069063250291192
3035,random,inv_degree,random,3062357,500,1422,0.03,15,0.45,0.1,50,0.034,1,0.8349374398460047,0.8280817224099506
3036,random,inv_degree,random,3063366,500,1577,0.03,15,0.45,0.1,50,0.032,1,0.8234529381175242,0.8162050420419104
3037,random,inv_degree,random,3064375,500,1477,0.03,15,0.45,0.1,50,0.038,1,0.8016588532275514,0.8011931098315875
3038,random,inv_degree,random,3065384,500,1455,0.03,15,0.45,0.1,50,0.032,1,0.8113268608414248,0.8256151104426849
3039,random,inv_degree,random,3066393,500,1486,0.03,15,0.45,0.1,50,0.034,1,0.799028268551237,0.8097836114761495
3040,random,inv_degree,random,3067402,500,1533,0.03,15,0.45,0.1,50,0.034,1,0.8197763091001514,0.8125979690283377
3041,random,inv_degree,random,3068411,500,1517,0.03,15,0.45,0.1,50,0.032,1,0.818204740292486,0.822344384169159
3042,random,inv_degree,random,3069420,500,1528,0.03,15,0.45,0.1,50,0.032,1,0.8207200587803086,0.812391454778007
3043,random,inv_degree,random,3070429,500,1499,0.03,15,0.45,0.1,50,0.04,1,0.8148425787106434,0.8088965806304398
3044,random,inv_degree,random,3071438,500,1435,0.03,15,0.45,0.1,50,0.032,1,0.824517906336087,0.8330428782567904
3045,random,inv_degree,random,3072447,500,1524,0.03,15,0.45,0.1,50,0.034,1,0.8039083557951482,0.8100257985546335
3046,random,inv_degree,random,3073456,500,1526,0.03,15,0.45,0.1,50,0.038,1,0.8071043165467628,0.7788359187991849
3047,random,inv_degree,random,3074465,500,1467,0.03,15,0.45,0.1,50,0.036,1,0.8314638250140214,0.8133502010396748
3048,random,inv_degree,random,3075474,500,1546,0.03,15,0.45,0.1,50,0.03,0,0.8271079881656804,0.8291469606806053
3049,random,inv_degree,random,3076483,500,1525,0.03,15,0.45,0.1,50,0.03,0,0.8119101123595505,0.812951353124297
3050,random,inv_degree,random,3077492,500,1492,0.03,15,0.45,0.1,50,0.036,1,0.8193970420932876,0.8201024005470625
3051,random,inv_degree,random,3078501,500,1465,0.03,15,0.45,0.1,50,0.034,1,0.8363636363636346,0.8242231813168935
3052,random,inv_degree,random,3079510,500,1564,0.03,15,0.45,0.1,50,0.036,2,0.828225068618481,0.78432530794982
3053,random,inv_degree,random,3080519,500,1481,0.03,15,0.45,0.1,50,0.034,1,0.8189697870232778,0.8163012531671852
3054,random,inv_degree,random,3081528,500,1448,0.03,15,0.45,0.1,50,0.034,1,0.8170062695924742,0.8137563489735061
3055,random,inv_degree,random,3082537,500,1583,0.03,15,0.45,0.1,50,0.036,2,0.8038891187422421,0.7708929376738676
3056,random,inv_degree,random,3083546,500,1527,0.03,15,0.45,0.1,50,0.036,2,0.8096343586767262,0.7888224976000179
3057,random,inv_degree,random,3084555,500,1558,0.03,15,0.45,0.1,50,0.032,1,0.8213182286302773,0.8145039716516783
3058,random,inv_degree,random,3085564,500,1541,0.03,15,0.45,0.1,50,0.038,1,0.8215330602691632,0.794650533756392
3059,random,inv_degree,random,3086573,500,1499,0.03,15,0.45,0.1,50,0.03,0,0.8282686925229877,0.8341253132836479
3060,random,inv_degree,random,3087582,500,1526,0.03,15,0.45,0.1,50,0.04,2,0.7975638051044092,0.7740266467346153
3061,random,inv_degree,random,3088591,500,1555,0.03,15,0.45,0.1,50,0.032,1,0.8378132118451024,0.8380688537735234
3062,random,inv_degree,random,3089600,500,1533,0.03,15,0.45,0.1,50,0.04,1,0.8103292737934146,0.7892955156106307
3063,random,inv_degree,random,3090609,500,1463,0.03,15,0.45,0.1,50,0.032,1,0.8203240058910148,0.8205349685912088
3064,random,inv_degree,random,3091618,500,1493,0.03,15,0.45,0.1,50,0.032,1,0.8266068759342289,0.8235547028379645
3065,random,inv_degree,random,3092627,500,1471,0.03,15,0.45,0.1,50,0.036,1,0.7937691970162348,0.8077138197940714
3066,random,inv_degree,random,3093636,500,1565,0.03,15,0.45,0.1,50,0.04,1,0.7984496124030999,0.7848916484936544
3067,random,inv_degree,random,3094645,500,1529,0.03,15,0.45,0.1,50,0.038,2,0.7960378208014399,0.7744825079538605
3068,random,inv_degree,random,3095654,500,1527,0.03,15,0.45,0.1,50,0.034,1,0.8096806893056256,0.8139248984395999
3069,random,inv_degree,random,3096663,500,1499,0.03,15,0.45,0.1,50,0.044,2,0.8150739704118327,0.7822615021809891
3070,random,inv_degree,random,3097672,500,1474,0.03,15,0.45,0.1,50,0.036,1,0.8268581081081086,0.8123586429725925
3071,random,inv_degree,random,3098681,500,1551,0.03,15,0.45,0.1,50,0.04,2,0.7796725784447477,0.7674276112825212
3072,random,inv_degree,random,3099690,500,1541,0.03,15,0.45,0.1,50,0.034,2,0.8141693073789038,0.7874373555549212
3073,random,inv_degree,random,3100699,500,1541,0.03,15,0.45,0.1,50,0.038,1,0.7953037263910152,0.7934970539920513
3074,random,inv_degree,random,3101708,500,1499,0.03,15,0.45,0.1,50,0.034,1,0.8338516215015545,0.8225064853956904
3075,random,inv_degree,random,3102717,500,1571,0.03,15,0.45,0.1,50,0.038,1,0.8062988884314509,0.7804071813133712
3076,random,inv_degree,random,3103726,500,1468,0.03,15,0.45,0.1,50,0.036,1,0.8026574803149603,0.8053359242344421
3077,random,inv_degree,random,3104735,500,1520,0.03,15,0.45,0.1,50,0.03,0,0.8215246636771305,0.8182620855996674
3078,random,inv_degree,random,3105744,500,1500,0.03,15,0.45,0.1,50,0.038,1,0.8093333333333336,0.7911620466380601
3079,random,inv_degree,random,3106753,500,1562,0.03,15,0.45,0.1,50,0.036,1,0.8000515995872031,0.8041118792648762
3080,random,inv_degree,random,3107762,500,1459,0.03,15,0.45,0.1,50,0.03,0,0.855085115670014,0.8446698358023839
3081,random,inv_degree,random,3108771,500,1539,0.03,15,0.45,0.1,50,0.03,0,0.814111261872456,0.8251562250318875
3082,random,inv_degree,random,3109780,500,1492,0.03,15,0.45,0.1,50,0.034,1,0.85109561752988,0.8274951364108909
3083,random,inv_degree,random,3110789,500,1510,0.03,15,0.45,0.1,50,0.036,1,0.7871485943775074,0.7922030374951737
3084,random,inv_degree,random,3111798,500,1461,0.03,15,0.45,0.1,50,0.034,1,0.8513135830072669,0.8387972893047251
3085,random,inv_degree,random,3112807,500,1444,0.03,15,0.45,0.1,50,0.036,1,0.8192137320044296,0.8215240884535661
3086,random,inv_degree,random,3113816,500,1496,0.03,15,0.45,0.1,50,0.038,1,0.809507978723403,0.7939825345292313
3087,random,inv_degree,random,3114825,500,1495,0.03,15,0.45,0.1,50,0.036,1,0.8071856287425119,0.795302964612791
3088,random,inv_degree,random,3115834,500,1504,0.03,15,0.45,0.1,50,0.04,1,0.8052691867124863,0.7943140527849933
3089,random,inv_degree,random,3116843,500,1568,0.03,15,0.45,0.1,50,0.032,1,0.8139321723189739,0.8080775209327684
3090,random,inv_degree,random,3117852,500,1511,0.03,15,0.45,0.1,50,0.034,1,0.837262794709603,0.8214050480658306
3091,random,inv_degree,random,3118861,500,1502,0.03,15,0.45,0.1,50,0.044,1,0.8090590590590584,0.7848255218532301
3092,random,inv_degree,random,3119870,500,1550,0.03,15,0.45,0.1,50,0.038,1,0.7936363636363628,0.8039442934699391
3093,random,inv_degree,random,3120879,500,1461,0.03,15,0.45,0.1,50,0.038,2,0.8077763215377893,0.7952461809914341
3094,random,inv_degree,random,3121888,500,1543,0.03,15,0.45,0.1,50,0.032,1,0.8386950611690084,0.8233565112174234
3095,random,inv_degree,random,3122897,500,1473,0.03,15,0.45,0.1,50,0.036,1,0.832511100148,0.8183424723050292
3096,random,inv_degree,random,3123906,500,1495,0.03,15,0.45,0.1,50,0.042,2,0.7872817955112205,0.7709344403038717
3097,random,inv_degree,random,3124915,500,1503,0.03,15,0.45,0.1,50,0.034,2,0.7959551461754086,0.7939080295206156
3098,random,inv_degree,random,3125924,500,1545,0.03,15,0.45,0.1,50,0.036,1,0.8143222506393862,0.7937406159620436
3099,random,inv_degree,random,3126933,500,1490,0.03,15,0.45,0.1,50,0.04,1,0.7991477272727269,0.7991014872869818
3100,random,inv_degree,random,3127942,500,1485,0.03,15,0.45,0.1,50,0.04,1,0.8044665012406945,0.7879975219520985
3101,random,inv_degree,random,3128951,500,1551,0.03,15,0.45,0.1,50,0.04,2,0.7763986661726565,0.7684284933067035
3102,random,inv_degree,random,3129960,500,1481,0.03,15,0.45,0.1,50,0.034,1,0.8348192174343726,0.8338527674065767
3103,random,inv_degree,random,3130969,500,1533,0.03,15,0.45,0.1,50,0.034,1,0.8525033829499326,0.8233585706401462
3104,random,inv_degree,random,3131978,500,1533,0.03,15,0.45,0.1,50,0.032,1,0.8235892221657353,0.8223724115840426
3105,random,inv_degree,random,3132987,500,1515,0.03,15,0.45,0.1,50,0.034,1,0.8302593659942359,0.8149463412985067
3106,random,inv_degree,random,3133996,500,1536,0.03,15,0.45,0.1,50,0.04,1,0.7928165584415556,0.7774096045943826
3107,random,inv_degree,random,3135005,500,1529,0.03,15,0.45,0.1,50,0.038,2,0.8280048563334657,0.7994044958554632
3108,random,inv_degree,random,3136014,500,1446,0.03,15,0.45,0.1,50,0.036,1,0.8087583148558756,0.8077013619971711
3109,random,inv_degree,random,3137023,500,1405,0.03,15,0.45,0.1,50,0.04,2,0.8323374340949034,0.811407366447956
3110,random,inv_degree,random,3138032,500,1508,0.03,15,0.45,0.1,50,0.032,1,0.8053077609277433,0.8091754968570469
3111,random,inv_degree,random,3139041,500,1583,0.03,15,0.45,0.1,50,0.036,1,0.8119520073834793,0.7844044294970322
3112,random,inv_degree,random,3140050,500,1557,0.03,15,0.45,0.1,50,0.032,1,0.8196088522902717,0.8223874732291687
3113,random,inv_degree,random,3141059,500,1489,0.03,15,0.45,0.1,50,0.03,0,0.8279386712095402,0.8251722230199136
3114,random,inv_degree,random,3142068,500,1547,0.03,15,0.45,0.1,50,0.03,0,0.8192524321556578,0.8133871190757364
3115,random,inv_degree,random,3143077,500,1476,0.03,15,0.45,0.1,50,0.038,1,0.7860598065083555,0.7864045814180072
3116,random,inv_degree,random,3144086,500,1496,0.03,15,0.45,0.1,50,0.034,1,0.8324680511182092,0.8272312028223899
3117,random,inv_degree,random,3145095,500,1478,0.03,15,0.45,0.1,50,0.038,1,0.8226232394366201,0.8031260077516068
3118,random,inv_degree,random,3146104,500,1512,0.03,15,0.45,0.1,50,0.038,1,0.7816901408450697,0.7866497760571703
3119,random,inv_degree,random,3147113,500,1498,0.03,15,0.45,0.1,50,0.036,1,0.8011988011988003,0.7962292791658993
3120,random,inv_degree,random,3148122,500,1588,0.03,15,0.45,0.1,50,0.03,0,0.8246993524514348,0.8162779037569521
3121,random,inv_degree,random,3149131,500,1480,0.03,15,0.45,0.1,50,0.042,1,0.8076732673267316,0.7923679548759468
3122,random,inv_degree,random,3150140,500,1534,0.03,15,0.45,0.1,50,0.04,2,0.7957782299084435,0.7850052123394519
3123,random,inv_degree,random,3151149,500,1464,0.03,15,0.45,0.1,50,0.034,1,0.8361984282907652,0.8272818990001982
3124,random,inv_degree,random,3152158,500,1497,0.03,15,0.45,0.1,50,0.032,1,0.8255659121171774,0.8290609230994422
3125,random,inv_degree,random,3153167,500,1532,0.03,15,0.45,0.1,50,0.036,1,0.853471596032462,0.8184095747916036
3126,random,inv_degree,random,3154176,500,1543,0.03,15,0.45,0.1,50,0.034,1,0.8076083567196761,0.8025947581280465
3127,random,inv_degree,random,3155185,500,1467,0.03,15,0.45,0.1,50,0.034,1,0.831463825014021,0.8243769737243141
3128,random,inv_degree,random,3156194,500,1538,0.03,15,0.45,0.1,50,0.044,2,0.7861663652802897,0.7688758244345816
3129,random,inv_degree,random,3157203,500,1496,0.03,15,0.45,0.1,50,0.034,1,0.8387311446317656,0.8212203569248842
3130,random,inv_degree,random,3158212,500,1546,0.03,15,0.45,0.1,50,0.038,1,0.7998976458546566,0.7939929105447099
3131,random,inv_degree,random,3159221,500,1462,0.03,15,0.45,0.1,50,0.04,1,0.8031319910514543,0.7864625770300818
3132,random,inv_degree,random,3160230,500,1482,0.03,15,0.45,0.1,50,0.04,1,0.8045094152626363,0.7983812871479269
3133,random,inv_degree,random,3161239,500,1493,0.03,15,0.45,0.1,50,0.032,1,0.8338502436863087,0.8230228226262681
3134,random,inv_degree,random,3162248,500,1533,0.03,15,0.45,0.1,50,0.034,1,0.8369525211630475,0.8158480264878019
3135,random,inv_degree,random,3163257,500,1581,0.03,15,0.45,0.1,50,0.032,1,0.8220427305888474,0.8072103858673662
3136,random,inv_degree,random,3164266,500,1493,0.03,15,0.45,0.1,50,0.034,2,0.8198804185351269,0.8134358961192805
3137,random,inv_degree,random,3165275,500,1461,0.03,15,0.45,0.1,50,0.042,2,0.811181951937223,0.7913615889123792
3138,random,inv_degree,random,3166284,500,1491,0.03,15,0.45,0.1,50,0.038,1,0.8038825286212035,0.7885765669739648
3139,random,inv_degree,random,3167293,500,1532,0.03,15,0.45,0.1,50,0.034,1,0.8188516260162602,0.8254127261929965
3140,random,inv_degree,random,3168302,500,1476,0.03,15,0.45,0.1,50,0.038,1,0.7917766051011419,0.7835832047468134
3141,random,inv_degree,random,3169311,500,1593,0.03,15,0.45,0.1,50,0.034,1,0.8190875721027793,0.7996229427092372
3142,random,inv_degree,random,3170320,500,1445,0.03,15,0.45,0.1,50,0.034,1,0.8275929549902128,0.8292549448257218
3143,random,inv_degree,random,3171329,500,1503,0.03,15,0.45,0.1,50,0.034,1,0.8187280921382069,0.8200838512488172
3144,random,inv_degree,random,3172338,500,1493,0.03,15,0.45,0.1,50,0.032,1,0.8209178583305636,0.8241745109640631
3145,random,inv_degree,random,3173347,500,1542,0.03,15,0.45,0.1,50,0.032,1,0.8199693564862099,0.8153087566859194
3146,random,inv_degree,random,3174356,500,1496,0.03,15,0.45,0.1,50,0.038,1,0.8021295474711625,0.7928074302009751
3147,random,inv_degree,random,3175365,500,1521,0.03,15,0.45,0.1,50,0.03,0,0.8400707427993932,0.8349041895358907
3148,random,inv_degree,random,3176374,500,1509,0.03,15,0.45,0.1,50,0.034,1,0.8244600703164241,0.8167418853537802
3149,random,inv_degree,random,3177383,500,1489,0.03,15,0.45,0.1,50,0.034,1,0.8421351504826807,0.8247918977293364
3150,random,inv_degree,random,3178392,500,1536,0.03,15,0.45,0.1,50,0.044,1,0.7867288961038935,0.7639298010318587
3151,random,inv_degree,random,3179401,500,1437,0.03,15,0.45,0.1,50,0.038,1,0.8033554428404193,0.7919146809350878
3152,random,inv_degree,random,3180410,500,1438,0.03,15,0.45,0.1,50,0.036,2,0.8639734582357516,0.8384691584264083
3153,random,inv_degree,random,3181419,500,1525,0.03,15,0.45,0.1,50,0.034,1,0.8162025316455688,0.8114935989871617
3154,random,inv_degree,random,3182428,500,1507,0.03,15,0.45,0.1,50,0.038,1,0.8060712493728035,0.8001258783262355
3155,random,inv_degree,random,3183437,500,1600,0.03,15,0.45,0.1,50,0.032,1,0.8288372093023263,0.8190927003894654
3156,random,inv_degree,random,3184446,500,1551,0.03,15,0.45,0.1,50,0.036,2,0.808106721395587,0.7867161923128224
3157,random,inv_degree,random,3185455,500,1533,0.03,15,0.45,0.1,50,0.032,1,0.8192136197811087,0.8171539036149488
3158,random,inv_degree,random,3186464,500,1416,0.03,15,0.45,0.1,50,0.038,1,0.8162188099808059,0.8076202642435589
3159,random,inv_degree,random,3187473,500,1492,0.03,15,0.45,0.1,50,0.04,2,0.7895335608646198,0.781531741894083
3160,random,inv_degree,random,3188482,500,1517,0.03,15,0.45,0.1,50,0.04,2,0.8300634737449503,0.8207916579255531
3161,random,inv_degree,random,3189491,500,1492,0.03,15,0.45,0.1,50,0.032,1,0.8530876494023892,0.8369228688988434
3162,random,inv_degree,random,3190500,500,1520,0.03,15,0.45,0.1,50,0.038,1,0.8256048387096756,0.8009199926228554
3163,random,inv_degree,random,3191509,500,1449,0.03,15,0.45,0.1,50,0.032,1,0.8266699171136024,0.8119989673697979
3164,random,inv_degree,random,3192518,500,1522,0.03,15,0.45,0.1,50,0.034,1,0.8265260323159787,0.8140294942157884
3165,random,inv_degree,random,3193527,500,1494,0.03,15,0.45,0.1,50,0.036,1,0.8113918439716314,0.801968314429032
3166,random,inv_degree,random,3194536,500,1498,0.03,15,0.45,0.1,50,0.036,1,0.8257104795737134,0.8025913607133885
3167,random,inv_degree,random,3195545,500,1490,0.03,15,0.45,0.1,50,0.034,1,0.796268656716417,0.8158267897779081
3168,random,inv_degree,random,3196554,500,1458,0.03,15,0.45,0.1,50,0.038,3,0.82688540646425,0.8100012865500242
3169,random,inv_degree,random,3197563,500,1425,0.03,15,0.45,0.1,50,0.04,1,0.8068493150684926,0.8098098019434471
3170,random,inv_degree,random,3198572,500,1494,0.03,15,0.45,0.1,50,0.034,1,0.8143070787637084,0.8074206064205068
3171,random,inv_degree,random,3199581,500,1490,0.03,15,0.45,0.1,50,0.036,1,0.8230113636363627,0.816995633377752
3172,random,inv_degree,random,3200590,500,1568,0.03,15,0.45,0.1,50,0.034,1,0.8114115490375798,0.8136651294621606
3173,random,inv_degree,random,3201599,500,1438,0.03,15,0.45,0.1,50,0.034,1,0.8411736178467502,0.8263736565937285
3174,random,inv_degree,random,3202608,500,1543,0.03,15,0.45,0.1,50,0.034,2,0.8167195287720888,0.8125355575643824
3175,random,inv_degree,random,3203617,500,1566,0.03,15,0.45,0.1,50,0.036,1,0.8023829087921088,0.792888394052025
3176,random,inv_degree,random,3204626,500,1478,0.03,15,0.45,0.1,50,0.036,1,0.7986202365308802,0.8109218904085188
3177,random,inv_degree,random,3205635,500,1537,0.03,15,0.45,0.1,50,0.034,1,0.8359692724807958,0.8253830774545702
3178,random,inv_degree,random,3206644,500,1539,0.03,15,0.45,0.1,50,0.032,1,0.845771144278606,0.8390628669069602
3179,random,inv_degree,random,3207653,500,1515,0.03,15,0.45,0.1,50,0.036,1,0.8040345821325647,0.8033946875134729
3180,random,inv_degree,random,3208662,500,1459,0.03,15,0.45,0.1,50,0.036,1,0.8160215580597742,0.812251876926831
3181,random,inv_degree,random,3209671,500,1489,0.03,15,0.45,0.1,50,0.04,2,0.8067226890756308,0.7967363724440858
3182,random,inv_degree,random,3210680,500,1537,0.03,15,0.45,0.1,50,0.03,0,0.859144167091187,0.8425362435568665
3183,random,inv_degree,random,3211689,500,1437,0.03,15,0.45,0.1,50,0.034,1,0.8259790402647542,0.8375932022350684
3184,random,inv_degree,random,3212698,500,1498,0.03,15,0.45,0.1,50,0.034,1,0.8276255707762569,0.8247103034720856
3185,random,inv_degree,random,3213707,500,1517,0.03,15,0.45,0.1,50,0.036,2,0.800050428643469,0.79057093780909
3186,random,inv_degree,random,3214716,500,1528,0.03,15,0.45,0.1,50,0.038,1,0.808050161812295,0.7868984567576363
3187,random,inv_degree,random,3215725,500,1533,0.03,15,0.45,0.1,50,0.034,1,0.8249854397204417,0.8186325676675973
3188,random,inv_degree,random,3216734,500,1495,0.03,15,0.45,0.1,50,0.034,1,0.8201995012468813,0.8107225594514218
3189,random,inv_degree,random,3217743,500,1484,0.03,15,0.45,0.1,50,0.034,1,0.812003968253967,0.812952784896322
3190,random,inv_degree,random,3218752,500,1539,0.03,15,0.45,0.1,50,0.038,1,0.8116236996834011,0.7932982609977741
3191,random,inv_degree,random,3219761,500,1558,0.03,15,0.45,0.1,50,0.034,1,0.8144502228826151,0.7958006709156183
3192,random,inv_degree,random,3220770,500,1518,0.03,15,0.45,0.1,50,0.034,1,0.8228744939271256,0.8198668517215626
3193,random,inv_degree,random,3221779,500,1509,0.03,15,0.45,0.1,50,0.046,1,0.7958500669344049,0.7740828216197904
3194,random,inv_degree,random,3222788,500,1524,0.03,15,0.45,0.1,50,0.032,1,0.8297394429469908,0.8243894723951563
3195,random,inv_degree,random,3223797,500,1482,0.03,15,0.45,0.1,50,0.034,1,0.8268087215064417,0.8219738909270775
3196,random,inv_degree,random,3224806,500,1501,0.03,15,0.45,0.1,50,0.036,1,0.7836816362827923,0.7926472213949836
3197,random,inv_degree,random,3225815,500,1526,0.03,15,0.45,0.1,50,0.034,1,0.8225545675020185,0.8273477159592689
3198,random,inv_degree,random,3226824,500,1491,0.03,15,0.45,0.1,50,0.03,0,0.812306330234618,0.8205548315563936
3199,random,inv_degree,random,3227833,500,1545,0.03,15,0.45,0.1,50,0.032,1,0.8167800453514742,0.820535337009919
3200,random,inv_degree,random,3228842,500,1521,0.03,15,0.45,0.1,50,0.034,1,0.8365336028297116,0.8197439095493606
3201,scale_free,inv_degree,random,3229851,500,1491,0.03,15,0.45,0.1,50,0.034,1,0.8135801709822245,0.7505617572319155
3202,scale_free,inv_degree,random,3230860,500,1491,0.03,15,0.45,0.1,50,0.036,1,0.8348562726061289,0.7179794979099646
3203,scale_free,inv_degree,random,3231869,500,1491,0.03,15,0.45,0.1,50,0.038,1,0.7890425322760325,0.7017422437477971
3204,scale_free,inv_degree,random,3232878,500,1491,0.03,15,0.45,0.1,50,0.034,1,0.8068218453801022,0.752764336120142
3205,scale_free,inv_degree,random,3233887,500,1491,0.03,15,0.45,0.1,50,0.04,1,0.8271245987037371,0.7115838045326132
3206,scale_free,inv_degree,random,3234896,500,1491,0.03,15,0.45,0.1,50,0.036,1,0.839363048837364,0.7590684105012709
3207,scale_free,inv_degree,random,3235905,500,1491,0.03,15,0.45,0.1,50,0.036,1,0.8172562033335854,0.7348374132420219
3208,scale_free,inv_degree,random,3236914,500,1491,0.03,15,0.45,0.1,50,0.042,2,0.7210006467164437,0.6537528319212067
3209,scale_free,inv_degree,random,3237923,500,1491,0.03,15,0.45,0.1,50,0.036,2,0.8675818924320097,0.7659085466808873
3210,scale_free,inv_degree,random,3238932,500,1491,0.03,15,0.45,0.1,50,0.036,1,0.7929885918894152,0.7431131287809747
3211,scale_free,inv_degree,random,3239941,500,1491,0.03,15,0.45,0.1,50,0.052,2,0.7624473485257578,0.5992972721488161
3212,scale_free,inv_degree,random,3240950,500,1491,0.03,15,0.45,0.1,50,0.038,1,0.8105171121658746,0.7255303645796674
3213,scale_free,inv_degree,random,3241959,500,1491,0.03,15,0.45,0.1,50,0.038,1,0.8078772489059379,0.6823896581941203
3214,scale_free,inv_degree,random,3242968,500,1491,0.03,15,0.45,0.1,50,0.036,1,0.8229709472481983,0.72095179785949
3215,scale_free,inv_degree,random,3243977,500,1491,0.03,15,0.45,0.1,50,0.046,1,0.7699656247501802,0.6364357104280571
3216,scale_free,inv_degree,random,3244986,500,1491,0.03,15,0.45,0.1,50,0.036,1,0.810509337089373,0.7069007948418908
3217,scale_free,inv_degree,random,3245995,500,1491,0.03,15,0.45,0.1,50,0.042,1,0.8083417865027739,0.661940872025771
3218,scale_free,inv_degree,random,3247004,500,1491,0.03,15,0.45,0.1,50,0.034,1,0.8512023744624143,0.750393570430966
3219,scale_free,inv_degree,random,3248013,500,1491,0.03,15,0.45,0.1,50,0.034,1,0.864671437865973,0.770062265298951
3220,scale_free,inv_degree,random,3249022,500,1491,0.03,15,0.45,0.1,50,0.04,1,0.8313227211078602,0.6957631218711641
3221,scale_free,inv_degree,random,3250031,500,1491,0.03,15,0.45,0.1,50,0.042,1,0.7802280621272691,0.679078412721916
3222,scale_free,inv_degree,random,3251040,500,1491,0.03,15,0.45,0.1,50,0.032,1,0.8306562976960536,0.7600393972070751
3223,scale_free,inv_degree,random,3252049,500,1491,0.03,15,0.45,0.1,50,0.03,0,0.8416924102004967,0.7517629480718443
3224,scale_free,inv_degree,random,3253058,500,1491,0.03,15,0.45,0.1,50,0.046,2,0.7899347404315358,0.6461555632833339
3225,scale_free,inv_degree,random,3254067,500,1491,0.03,15,0.45,0.1,50,0.038,1,0.8105128365294509,0.7043129512209585
3226,scale_free,inv_degree,random,3255076,500,1491,0.03,15,0.45,0.1,50,0.04,1,0.7045570172250896,0.6004765979704163
3227,scale_free,inv_degree,random,3256085,500,1491,0.03,15,0.45,0.1,50,0.042,2,0.8103580236414657,0.705865047514879
3228,scale_free,inv_degree,random,3257094,500,1491,0.03,15,0.45,0.1,50,0.044,1,0.7386186986453467,0.6291610044740413
3229,scale_free,inv_degree,random,3258103,500,1491,0.03,15,0.45,0.1,50,0.038,2,0.8330640360574874,0.7293442224056904
3230,scale_free,inv_degree,random,3259112,500,1491,0.03,15,0.45,0.1,50,0.034,1,0.8442429866514397,0.7644930672356556
3231,scale_free,inv_degree,random,3260121,500,1491,0.03,15,0.45,0.1,50,0.044,2,0.7721672455599974,0.6415322810573759
3232,scale_free,inv_degree,random,3261130,500,1491,0.03,15,0.45,0.1,50,0.044,1,0.8242241441965262,0.6838756878176693
3233,scale_free,inv_degree,random,3262139,500,1491,0.03,15,0.45,0.1,50,0.036,1,0.8203590714636368,0.7297071126152085
3234,scale_free,inv_degree,random,3263148,500,1491,0.03,15,0.45,0.1,50,0.032,1,0.8716425474407337,0.7528811645648942
3235,scale_free,inv_degree,random,3264157,500,1491,0.03,15,0.45,0.1,50,0.034,1,0.831681189543529,0.7410658021345453
3236,scale_free,inv_degree,random,3265166,500,1491,0.03,15,0.45,0.1,50,0.034,1,0.836762890234581,0.762538653279103
3237,scale_free,inv_degree,random,3266175,500,1491,0.03,15,0.45,0.1,50,0.036,1,0.8068025427616489,0.73567906685825
3238,scale_free,inv_degree,random,3267184,500,1491,0.03,15,0.45,0.1,50,0.04,1,0.8013443546189474,0.721957801456453
3239,scale_free,inv_degree,random,3268193,500,1491,0.03,15,0.45,0.1,50,0.032,1,0.8179296843135659,0.7521422382445163
3240,scale_free,inv_degree,random,3269202,500,1491,0.03,15,0.45,0.1,50,0.036,1,0.8477592436005837,0.7429393049930021
3241,scale_free,inv_degree,random,3270211,500,1491,0.03,15,0.45,0.1,50,0.038,2,0.836267080374725,0.7107989581221423
3242,scale_free,inv_degree,random,3271220,500,1491,0.03,15,0.45,0.1,50,0.03,0,0.878545622261511,0.7765055607359584
3243,scale_free,inv_degree,random,3272229,500,1491,0.03,15,0.45,0.1,50,0.04,2,0.8401065956029306,0.6882657276069222
3244,scale_free,inv_degree,random,3273238,500,1491,0.03,15,0.45,0.1,50,0.05,1,0.7240219910036805,0.5460731493133647
3245,scale_free,inv_degree,random,3274247,500,1491,0.03,15,0.45,0.1,50,0.034,1,0.8398788876477168,0.7411794317504733
3246,scale_free,inv_degree,random,3275256,500,1491,0.03,15,0.45,0.1,50,0.036,2,0.843069395548661,0.7465185651382178
3247,scale_free,inv_degree,random,3276265,500,1491,0.03,15,0.45,0.1,50,0.046,3,0.816129790735951,0.6794271736183226
3248,scale_free,inv_degree,random,3277274,500,1491,0.03,15,0.45,0.1,50,0.038,1,0.8639580744502681,0.720713722199562
3249,scale_free,inv_degree,random,3278283,500,1491,0.03,15,0.45,0.1,50,0.036,1,0.8359255759866273,0.7434448241028164
3250,scale_free,inv_degree,random,3279292,500,1491,0.03,15,0.45,0.1,50,0.036,1,0.8068129008272155,0.6944274632724226
3251,scale_free,inv_degree,random,3280301,500,1491,0.03,15,0.45,0.1,50,0.036,1,0.7953338079851026,0.6842184025822992
3252,scale_free,inv_degree,random,3281310,500,1491,0.03,15,0.45,0.1,50,0.044,1,0.7640064385482128,0.6415705081680185
3253,scale_free,inv_degree,random,3282319,500,1491,0.03,15,0.45,0.1,50,0.034,1,0.7736566992082404,0.6836508794586119
3254,scale_free,inv_degree,random,3283328,500,1491,0.03,15,0.45,0.1,50,0.036,1,0.8519531523949775,0.7612535513997439
3255,scale_free,inv_degree,random,3284337,500,1491,0.03,15,0.45,0.1,50,0.054,2,0.7222264122482815,0.5739976419325374
3256,scale_free,inv_degree,random,3285346,500,1491,0.03,15,0.45,0.1,50,0.038,1,0.7226246981430594,0.6692169924104757
3257,scale_free,inv_degree,random,3286355,500,1491,0.03,15,0.45,0.1,50,0.036,1,0.8471103533423473,0.7405818129100292
3258,scale_free,inv_degree,random,3287364,500,1491,0.03,15,0.45,0.1,50,0.038,1,0.7891650013033276,0.7080878167436764
3259,scale_free,inv_degree,random,3288373,500,1491,0.03,15,0.45,0.1,50,0.034,1,0.8153499671035982,0.7143022598120776
3260,scale_free,inv_degree,random,3289382,500,1491,0.03,15,0.45,0.1,50,0.032,1,0.8716095700842605,0.7623459013594892
3261,scale_free,inv_degree,random,3290391,500,1491,0.03,15,0.45,0.1,50,0.036,1,0.7998667607179252,0.7254927663800148
3262,scale_free,inv_degree,random,3291400,500,1491,0.03,15,0.45,0.1,50,0.034,1,0.8283759062267091,0.7357669050714962
3263,scale_free,inv_degree,random,3292409,500,1491,0.03,15,0.45,0.1,50,0.032,1,0.8592366172897565,0.775364624394128
3264,scale_free,inv_degree,random,3293418,500,1491,0.03,15,0.45,0.1,50,0.04,1,0.812606277862035,0.6877919960398478
3265,scale_free,inv_degree,random,3294427,500,1491,0.03,15,0.45,0.1,50,0.034,1,0.8367427588451347,0.7227944395678807
3266,scale_free,inv_degree,random,3295436,500,1491,0.03,15,0.45,0.1,50,0.046,2,0.804980414101847,0.6840072677387095
3267,scale_free,inv_degree,random,3296445,500,1491,0.03,15,0.45,0.1,50,0.038,1,0.8496568725431403,0.762362432621908
3268,scale_free,inv_degree,random,3297454,500,1491,0.03,15,0.45,0.1,50,0.04,1,0.7727550684416012,0.6644442700045612
3269,scale_free,inv_degree,random,3298463,500,1491,0.03,15,0.45,0.1,50,0.036,1,0.8223998745983229,0.7267712202174922
3270,scale_free,inv_degree,random,3299472,500,1491,0.03,15,0.45,0.1,50,0.036,1,0.8664323940937522,0.7668982613512799
3271,scale_free,inv_degree,random,3300481,500,1491,0.03,15,0.45,0.1,50,0.036,2,0.8273003183063133,0.7509682258584887
3272,scale_free,inv_degree,random,3301490,500,1491,0.03,15,0.45,0.1,50,0.034,1,0.8086927889364502,0.7136244381143098
3273,scale_free,inv_degree,random,3302499,500,1491,0.03,15,0.45,0.1,50,0.03,0,0.8776530072314654,0.7597936183020788
3274,scale_free,inv_degree,random,3303508,500,1491,0.03,15,0.45,0.1,50,0.036,1,0.8470376661005096,0.7491849475824089
3275,scale_free,inv_degree,random,3304517,500,1491,0.03,15,0.45,0.1,50,0.048,1,0.7420252370875464,0.6168821118782128
3276,scale_free,inv_degree,random,3305526,500,1491,0.03,15,0.45,0.1,50,0.032,1,0.8329390651766051,0.7641278731181945
3277,scale_free,inv_degree,random,3306535,500,1491,0.03,15,0.45,0.1,50,0.032,1,0.8546154415574795,0.752432044946847
3278,scale_free,inv_degree,random,3307544,500,1491,0.03,15,0.45,0.1,50,0.034,1,0.8780398427610102,0.7432089158163411
3279,scale_free,inv_degree,random,3308553,500,1491,0.03,15,0.45,0.1,50,0.044,1,0.8004636661603648,0.6552214242209086
3280,scale_free,inv_degree,random,3309562,500,1491,0.03,15,0.45,0.1,50,0.032,1,0.8630912724850094,0.7733764111344458
3281,scale_free,inv_degree,random,3310571,500,1491,0.03,15,0.45,0.1,50,0.032,1,0.8171099136682319,0.7362399323586707
3282,scale_free,inv_degree,random,3311580,500,1491,0.03,15,0.45,0.1,50,0.044,2,0.7433417602445784,0.6257561320594293
3283,scale_free,inv_degree,random,3312589,500,1491,0.03,15,0.45,0.1,50,0.038,1,0.788451653435377,0.6875539245239325
3284,scale_free,inv_degree,random,3313598,500,1491,0.03,15,0.45,0.1,50,0.038,1,0.8066133669962824,0.7084640779582155
3285,scale_free,inv_degree,random,3314607,500,1491,0.03,15,0.45,0.1,50,0.046,1,0.780865826985445,0.6468461261213048
3286,scale_free,inv_degree,random,3315616,500,1491,0.03,15,0.45,0.1,50,0.038,1,0.7784222084576815,0.6829842463377714
3287,scale_free,inv_degree,random,3316625,500,1491,0.03,15,0.45,0.1,50,0.034,1,0.8618472499782777,0.7637702999797747
3288,scale_free,inv_degree,random,3317634,500,1491,0.03,15,0.45,0.1,50,0.03,0,0.8709946894206104,0.7818191571647924
3289,scale_free,inv_degree,random,3318643,500,1491,0.03,15,0.45,0.1,50,0.032,1,0.8655850772004078,0.7802166224726634
3290,scale_free,inv_degree,random,3319652,500,1491,0.03,15,0.45,0.1,50,0.034,1,0.8233403871776789,0.7118925708204524
3291,scale_free,inv_degree,random,3320661,500,1491,0.03,15,0.45,0.1,50,0.04,2,0.8125034229694938,0.6926843880781812
3292,scale_free,inv_degree,random,3321670,500,1491,0.03,15,0.45,0.1,50,0.034,1,0.8678480739099905,0.7487356423101688
3293,scale_free,inv_degree,random,3322679,500,1491,0.03,15,0.45,0.1,50,0.036,2,0.8401271380824431,0.7064169419453282
3294,scale_free,inv_degree,random,3323688,500,1491,0.03,15,0.45,0.1,50,0.036,1,0.8535941180669576,0.7609427164256478
3295,scale_free,inv_degree,random,3324697,500,1491,0.03,15,0.45,0.1,50,0.036,1,0.8470584316077019,0.7314129427230873
3296,scale_free,inv_degree,random,3325706,500,1491,0.03,15,0.45,0.1,50,0.036,1,0.8251559755284995,0.7535576478884686
3297,scale_free,inv_degree,random,3326715,500,1491,0.03,15,0.45,0.1,50,0.05,1,0.7274635218868676,0.616293381463239
3298,scale_free,inv_degree,random,3327724,500,1491,0.03,15,0.45,0.1,50,0.038,1,0.8387440695133004,0.721489805683976
3299,scale_free,inv_degree,random,3328733,500,1491,0.03,15,0.45,0.1,50,0.036,1,0.8296563917288021,0.7567543255440741
3300,scale_free,inv_degree,random,3329742,500,1491,0.03,15,0.45,0.1,50,0.032,1,0.8260583821676971,0.7479207303532607
3301,scale_free,inv_degree,random,3330751,500,1491,0.03,15,0.45,0.1,50,0.042,2,0.8261953009474773,0.70215000802997
3302,scale_free,inv_degree,random,3331760,500,1491,0.03,15,0.45,0.1,50,0.036,1,0.8549111261455189,0.7445442692187373
3303,scale_free,inv_degree,random,3332769,500,1491,0.03,15,0.45,0.1,50,0.034,1,0.8157969876507957,0.7333084607997349
3304,scale_free,inv_degree,random,3333778,500,1491,0.03,15,0.45,0.1,50,0.04,1,0.8098539848274738,0.7008197581641107
3305,scale_free,inv_degree,random,3334787,500,1491,0.03,15,0.45,0.1,50,0.03,0,0.8672866330610122,0.7628208326250264
3306,scale_free,inv_degree,random,3335796,500,1491,0.03,15,0.45,0.1,50,0.04,2,0.7876230661040793,0.6857715445189438
3307,scale_free,inv_degree,random,3336805,500,1491,0.03,15,0.45,0.1,50,0.046,1,0.7945060270155673,0.6780093399302527
3308,scale_free,inv_degree,random,3337814,500,1491,0.03,15,0.45,0.1,50,0.034,1,0.854887487826132,0.7478579310225991
3309,scale_free,inv_degree,random,3338823,500,1491,0.03,15,0.45,0.1,50,0.036,1,0.8063615686815068,0.7191278871591946
3310,scale_free,inv_degree,random,3339832,500,1491,0.03,15,0.45,0.1,50,0.032,1,0.8509268393997608,0.7159823327480382
3311,scale_free,inv_degree,random,3340841,500,1491,0.03,15,0.45,0.1,50,0.036,1,0.7968986613362407,0.7296450393010191
3312,scale_free,inv_degree,random,3341850,500,1491,0.03,15,0.45,0.1,50,0.04,1,0.8184497594687982,0.679064530387202
3313,scale_free,inv_degree,random,3342859,500,1491,0.03,15,0.45,0.1,50,0.044,1,0.743683535711593,0.6453569501517396
3314,scale_free,inv_degree,random,3343868,500,1491,0.03,15,0.45,0.1,50,0.034,1,0.8208100186517447,0.7304968237305559
3315,scale_free,inv_degree,random,3344877,500,1491,0.03,15,0.45,0.1,50,0.036,1,0.821397844020447,0.7251503757495713
3316,scale_free,inv_degree,random,3345886,500,1491,0.03,15,0.45,0.1,50,0.036,1,0.8084827284652372,0.7305767689835474
3317,scale_free,inv_degree,random,3346895,500,1491,0.03,15,0.45,0.1,50,0.036,1,0.8401174647197981,0.7501291528439776
3318,scale_free,inv_degree,random,3347904,500,1491,0.03,15,0.45,0.1,50,0.032,1,0.8534635297201651,0.7671280466659086
3319,scale_free,inv_degree,random,3348913,500,1491,0.03,15,0.45,0.1,50,0.034,1,0.8471269168804826,0.7428526028986252
3320,scale_free,inv_degree,random,3349922,500,1491,0.03,15,0.45,0.1,50,0.038,2,0.8454445805661231,0.7104223181125203
3321,scale_free,inv_degree,random,3350931,500,1491,0.03,15,0.45,0.1,50,0.034,1,0.8528507288271105,0.737343174477668
3322,scale_free,inv_degree,random,3351940,500,1491,0.03,15,0.45,0.1,50,0.032,1,0.877019552001752,0.7635113263321882
3323,scale_free,inv_degree,random,3352949,500,1491,0.03,15,0.45,0.1,50,0.038,1,0.8095853907046003,0.716624593765475
3324,scale_free,inv_degree,random,3353958,500,1491,0.03,15,0.45,0.1,50,0.042,1,0.7810843687548868,0.6754502161482915
3325,scale_free,inv_degree,random,3354967,500,1491,0.03,15,0.45,0.1,50,0.032,1,0.8707698669791156,0.7717148426331394
3326,scale_free,inv_degree,random,3355976,500,1491,0.03,15,0.45,0.1,50,0.04,1,0.7552553587428481,0.6545964007236876
3327,scale_free,inv_degree,random,3356985,500,1491,0.03,15,0.45,0.1,50,0.032,1,0.8611624768854017,0.7175738233430746
3328,scale_free,inv_degree,random,3357994,500,1491,0.03,15,0.45,0.1,50,0.036,1,0.7995202032080528,0.6796752242525761
3329,scale_free,inv_degree,random,3359003,500,1491,0.03,15,0.45,0.1,50,0.034,1,0.8322324584274877,0.7217508687184606
3330,scale_free,inv_degree,random,3360012,500,1491,0.03,15,0.45,0.1,50,0.032,1,0.8307928246119537,0.7762893367032349
3331,scale_free,inv_degree,random,3361021,500,1491,0.03,15,0.45,0.1,50,0.032,1,0.8698818722799536,0.7864748546905102
3332,scale_free,inv_degree,random,3362030,500,1491,0.03,15,0.45,0.1,50,0.038,1,0.8353562758817646,0.7443264695901738
3333,scale_free,inv_degree,random,3363039,500,1491,0.03,15,0.45,0.1,50,0.034,1,0.8751930238895446,0.7819996766085918
3334,scale_free,inv_degree,random,3364048,500,1491,0.03,15,0.45,0.1,50,0.036,1,0.7896890728632581,0.7124997790514332
3335,scale_free,inv_degree,random,3365057,500,1491,0.03,15,0.45,0.1,50,0.036,1,0.8609783647580154,0.7427446860351593
3336,scale_free,inv_degree,random,3366066,500,1491,0.03,15,0.45,0.1,50,0.036,1,0.8543519047230609,0.7319616784864584
3337,scale_free,inv_degree,random,3367075,500,1491,0.03,15,0.45,0.1,50,0.03,0,0.8863498131896774,0.8001685904103625
3338,scale_free,inv_degree,random,3368084,500,1491,0.03,15,0.45,0.1,50,0.06,3,0.7157352602044733,0.5594499976702104
3339,scale_free,inv_degree,random,3369093,500,1491,0.03,15,0.45,0.1,50,0.032,1,0.85310232489264,0.7168179337168217
3340,scale_free,inv_degree,random,3370102,500,1491,0.03,15,0.45,0.1,50,0.038,1,0.8100135405248566,0.6982394653378111
3341,scale_free,inv_degree,random,3371111,500,1491,0.03,15,0.45,0.1,50,0.038,1,0.8224112341591509,0.7201768792229708
3342,scale_free,inv_degree,random,3372120,500,1491,0.03,15,0.45,0.1,50,0.04,1,0.8247458510730732,0.7087640997021237
3343,scale_free,inv_degree,random,3373129,500,1491,0.03,15,0.45,0.1,50,0.034,1,0.8783496783059525,0.768723278453397
3344,scale_free,inv_degree,random,3374138,500,1491,0.03,15,0.45,0.1,50,0.038,1,0.8023085080349135,0.7078869629616742
3345,scale_free,inv_degree,random,3375147,500,1491,0.03,15,0.45,0.1,50,0.034,1,0.8350635115094465,0.7058113293221435
3346,scale_free,inv_degree,random,3376156,500,1491,0.03,15,0.45,0.1,50,0.034,1,0.8384116449204323,0.7700336337889742
3347,scale_free,inv_degree,random,3377165,500,1491,0.03,15,0.45,0.1,50,0.038,1,0.8316479510847192,0.7121117041644138
3348,scale_free,inv_degree,random,3378174,500,1491,0.03,15,0.45,0.1,50,0.038,1,0.8393285371702635,0.7051499498439112
3349,scale_free,inv_degree,random,3379183,500,1491,0.03,15,0.45,0.1,50,0.038,1,0.8057122514924139,0.7042422170015616
3350,scale_free,inv_degree,random,3380192,500,1491,0.03,15,0.45,0.1,50,0.038,1,0.8399281794159494,0.7187371686347258
3351,scale_free,inv_degree,random,3381201,500,1491,0.03,15,0.45,0.1,50,0.036,1,0.8422266646163307,0.7037747850927047
3352,scale_free,inv_degree,random,3382210,500,1491,0.03,15,0.45,0.1,50,0.038,1,0.8266704740148483,0.7357143190897002
3353,scale_free,inv_degree,random,3383219,500,1491,0.03,15,0.45,0.1,50,0.036,1,0.8358784141818002,0.7185084096738996
3354,scale_free,inv_degree,random,3384228,500,1491,0.03,15,0.45,0.1,50,0.036,1,0.8183314715738723,0.7254694640780146
3355,scale_free,inv_degree,random,3385237,500,1491,0.03,15,0.45,0.1,50,0.036,1,0.8345627569119877,0.7313806399744355
3356,scale_free,inv_degree,random,3386246,500,1491,0.03,15,0.45,0.1,50,0.034,1,0.8673693675691876,0.7881528162028668
3357,scale_free,inv_degree,random,3387255,500,1491,0.03,15,0.45,0.1,50,0.03,0,0.8856484312526475,0.7693027549122456
3358,scale_free,inv_degree,random,3388264,500,1491,0.03,15,0.45,0.1,50,0.038,1,0.8216372470631643,0.7240965766456089
3359,scale_free,inv_degree,random,3389273,500,1491,0.03,15,0.45,0.1,50,0.036,1,0.8277730801752631,0.7244711838208763
3360,scale_free,inv_degree,random,3390282,500,1491,0.03,15,0.45,0.1,50,0.034,2,0.8536565050807922,0.7382354558194084
3361,scale_free,inv_degree,random,3391291,500,1491,0.03,15,0.45,0.1,50,0.032,1,0.8434457411825395,0.7757810407495296
3362,scale_free,inv_degree,random,3392300,500,1491,0.03,15,0.45,0.1,50,0.032,1,0.8560193983878367,0.7673681467637885
3363,scale_free,inv_degree,random,3393309,500,1491,0.03,15,0.45,0.1,50,0.034,1,0.8390320508244704,0.7252792481939718
3364,scale_free,inv_degree,random,3394318,500,1491,0.03,15,0.45,0.1,50,0.032,1,0.8508031682581976,0.7647238833944705
3365,scale_free,inv_degree,random,3395327,500,1491,0.03,15,0.45,0.1,50,0.042,2,0.8136391354427805,0.7042098583386758
3366,scale_free,inv_degree,random,3396336,500,1491,0.03,15,0.45,0.1,50,0.034,1,0.8612598928771288,0.7573572103639323
3367,scale_free,inv_degree,random,3397345,500,1491,0.03,15,0.45,0.1,50,0.038,1,0.8509686324908371,0.763574120159202
3368,scale_free,inv_degree,random,3398354,500,1491,0.03,15,0.45,0.1,50,0.042,2,0.7804510144053105,0.6679569438622719
3369,scale_free,inv_degree,random,3399363,500,1491,0.03,15,0.45,0.1,50,0.036,2,0.844847273765344,0.7540013095714394
3370,scale_free,inv_degree,random,3400372,500,1491,0.03,15,0.45,0.1,50,0.034,1,0.8732755222703971,0.7690286131987725
3371,scale_free,inv_degree,random,3401381,500,1491,0.03,15,0.45,0.1,50,0.042,2,0.7759677526817242,0.6531405743941059
3372,scale_free,inv_degree,random,3402390,500,1491,0.03,15,0.45,0.1,50,0.04,2,0.8397806472526885,0.7128328908566463
3373,scale_free,inv_degree,random,3403399,500,1491,0.03,15,0.45,0.1,50,0.044,2,0.7613998238363026,0.64109164481707
3374,scale_free,inv_degree,random,3404408,500,1491,0.03,15,0.45,0.1,50,0.032,1,0.8506386306368926,0.7651207131687467
3375,scale_free,inv_degree,random,3405417,500,1491,0.03,15,0.45,0.1,50,0.04,1,0.8062152206285763,0.7002677440152417
3376,scale_free,inv_degree,random,3406426,500,1491,0.03,15,0.45,0.1,50,0.032,1,0.8519066272283953,0.7787903368427953
3377,scale_free,inv_degree,random,3407435,500,1491,0.03,15,0.45,0.1,50,0.032,1,0.8555594918771189,0.777754484016889
3378,scale_free,inv_degree,random,3408444,500,1491,0.03,15,0.45,0.1,50,0.034,1,0.8169289699392116,0.7615852777987244
3379,scale_free,inv_degree,random,3409453,500,1491,0.03,15,0.45,0.1,50,0.032,1,0.8635559996925202,0.7783511309608285
3380,scale_free,inv_degree,random,3410462,500,1491,0.03,15,0.45,0.1,50,0.038,1,0.8000203265803913,0.7151150506757964
3381,scale_free,inv_degree,random,3411471,500,1491,0.03,15,0.45,0.1,50,0.034,1,0.781029420950714,0.7148046617018573
3382,scale_free,inv_degree,random,3412480,500,1491,0.03,15,0.45,0.1,50,0.036,1,0.826722468611405,0.7156884060802489
3383,scale_free,inv_degree,random,3413489,500,1491,0.03,15,0.45,0.1,50,0.038,1,0.8751153207454327,0.7323482849907547
3384,scale_free,inv_degree,random,3414498,500,1491,0.03,15,0.45,0.1,50,0.034,1,0.8227730028649471,0.7344014532468779
3385,scale_free,inv_degree,random,3415507,500,1491,0.03,15,0.45,0.1,50,0.032,1,0.8585552145049618,0.7677470907199593
3386,scale_free,inv_degree,random,3416516,500,1491,0.03,15,0.45,0.1,50,0.036,1,0.8472391216177076,0.7586530804925143
3387,scale_free,inv_degree,random,3417525,500,1491,0.03,15,0.45,0.1,50,0.036,1,0.8151902348490268,0.7394327489625326
3388,scale_free,inv_degree,random,3418534,500,1491,0.03,15,0.45,0.1,50,0.032,1,0.8781047250802805,0.7747098625259877
3389,scale_free,inv_degree,random,3419543,500,1491,0.03,15,0.45,0.1,50,0.036,1,0.8473774369850723,0.7583050315500213
3390,scale_free,inv_degree,random,3420552,500,1491,0.03,15,0.45,0.1,50,0.034,1,0.8374011395526829,0.7502616099761366
3391,scale_free,inv_degree,random,3421561,500,1491,0.03,15,0.45,0.1,50,0.032,1,0.8324637963820762,0.7571175544193801
3392,scale_free,inv_degree,random,3422570,500,1491,0.03,15,0.45,0.1,50,0.038,1,0.861021809019028,0.756817913587159
3393,scale_free,inv_degree,random,3423579,500,1491,0.03,15,0.45,0.1,50,0.04,1,0.7611563031389317,0.6318848368863917
3394,scale_free,inv_degree,random,3424588,500,1491,0.03,15,0.45,0.1,50,0.038,1,0.7906170864987334,0.6996215381019084
3395,scale_free,inv_degree,random,3425597,500,1491,0.03,15,0.45,0.1,50,0.034,1,0.8701940548004952,0.7574837591027765
3396,scale_free,inv_degree,random,3426606,500,1491,0.03,15,0.45,0.1,50,0.036,1,0.7294474176284742,0.6967300279491967
3397,scale_free,inv_degree,random,3427615,500,1491,0.03,15,0.45,0.1,50,0.036,1,0.8430279052148658,0.7318509105260319
3398,scale_free,inv_degree,random,3428624,500,1491,0.03,15,0.45,0.1,50,0.042,1,0.8411722512552511,0.7331235691717239
3399,scale_free,inv_degree,random,3429633,500,1491,0.03,15,0.45,0.1,50,0.032,1,0.7956939867091688,0.723841048184828
3400,scale_free,inv_degree,random,3430642,500,1491,0.03,15,0.45,0.1,50,0.038,1,0.8521277178377781,0.7420001000203204
3401,small_world,inv_degree,random,3431651,500,1500,0.03,15,0.45,0.1,50,0.03,0,0.809,0.8995179957119325
3402,small_world,inv_degree,random,3432660,500,1500,0.03,15,0.45,0.1,50,0.03,0,0.806,0.8968186896759062
3403,small_world,inv_degree,random,3433669,500,1500,0.03,15,0.45,0.1,50,0.032,1,0.8219999999999997,0.8919583011440716
3404,small_world,inv_degree,random,3434678,500,1500,0.03,15,0.45,0.1,50,0.086,10,0.7913333333333314,0.8135930685934508
3405,small_world,inv_degree,random,3435687,500,1500,0.03,15,0.45,0.1,50,0.054,6,0.7886666666666635,0.8460591567533499
3406,small_world,inv_degree,random,3436696,500,1500,0.03,15,0.45,0.1,50,0.032,1,0.8366666666666639,0.8929574327146045
3407,small_world,inv_degree,random,3437705,500,1500,0.03,15,0.45,0.1,50,0.038,4,0.775333333333331,0.8703279366079881
3408,small_world,inv_degree,random,3438714,500,1500,0.03,15,0.45,0.1,50,0.038,4,0.808,0.8907294403209886
3409,small_world,inv_degree,random,3439723,500,1500,0.03,15,0.45,0.1,50,0.032,1,0.8326666666666642,0.895111028028013
3410,small_world,inv_degree,random,3440732,500,1500,0.03,15,0.45,0.1,50,0.032,1,0.7919999999999972,0.8923182164182131
3411,small_world,inv_degree,random,3441741,500,1500,0.03,15,0.45,0.1,50,0.032,1,0.8200000000000001,0.889056666758857
3412,small_world,inv_degree,random,3442750,500,1500,0.03,15,0.45,0.1,50,0.044,5,0.801999999999997,0.8756060213263105
3413,small_world,inv_degree,random,3443759,500,1500,0.03,15,0.45,0.1,50,0.03,0,0.8,0.8974950260942326
3414,small_world,inv_degree,random,3444768,500,1500,0.03,15,0.45,0.1,50,0.052,6,0.7899999999999998,0.856051775881919
3415,small_world,inv_degree,random,3445777,500,1500,0.03,15,0.45,0.1,50,0.032,1,0.795499999999998,0.8899760823387329
3416,small_world,inv_degree,random,3446786,500,1500,0.03,15,0.45,0.1,50,0.046,5,0.796,0.862177751973926
3417,small_world,inv_degree,random,3447795,500,1500,0.03,15,0.45,0.1,50,0.042,4,0.808,0.874319104462266
3418,small_world,inv_degree,random,3448804,500,1500,0.03,15,0.45,0.1,50,0.032,1,0.8059999999999974,0.894576278425333
3419,small_world,inv_degree,random,3449813,500,1500,0.03,15,0.45,0.1,50,0.03,0,0.8066666666666643,0.8930167499716914
3420,small_world,inv_degree,random,3450822,500,1500,0.03,15,0.45,0.1,50,0.03,0,0.8126666666666666,0.895859409431155
3421,small_world,inv_degree,random,3451831,500,1500,0.03,15,0.45,0.1,50,0.04,4,0.7866666666666641,0.8784702423094926
3422,small_world,inv_degree,random,3452840,500,1500,0.03,15,0.45,0.1,50,0.038,3,0.7845000000000014,0.8792672360924596
3423,small_world,inv_degree,random,3453849,500,1500,0.03,15,0.45,0.1,50,0.03,0,0.7919999999999968,0.8978765195345735
3424,small_world,inv_degree,random,3454858,500,1500,0.03,15,0.45,0.1,50,0.03,0,0.7959999999999998,0.8964509690480109
3425,small_world,inv_degree,random,3455867,500,1500,0.03,15,0.45,0.1,50,0.03,0,0.8020000000000006,0.891540881239455
3426,small_world,inv_degree,random,3456876,500,1500,0.03,15,0.45,0.1,50,0.038,3,0.8206666666666667,0.8840367225377271
3427,small_world,inv_degree,random,3457885,500,1500,0.03,15,0.45,0.1,50,0.038,4,0.804666666666665,0.8738439886427145
3428,small_world,inv_degree,random,3458894,500,1500,0.03,15,0.45,0.1,50,0.04,2,0.8053333333333337,0.8797805718193809
3429,small_world,inv_degree,random,3459903,500,1500,0.03,15,0.45,0.1,50,0.042,5,0.7893333333333336,0.8623636108422461
3430,small_world,inv_degree,random,3460912,500,1500,0.03,15,0.45,0.1,50,0.03,0,0.812,0.9006902309491238
3431,small_world,inv_degree,random,3461921,500,1500,0.03,15,0.45,0.1,50,0.038,3,0.8030000000000004,0.8809542387998305
3432,small_world,inv_degree,random,3462930,500,1500,0.03,15,0.45,0.1,50,0.036,3,0.8008000000000015,0.8796752569573977
3433,small_world,inv_degree,random,3463939,500,1500,0.03,15,0.45,0.1,50,0.048,6,0.8073333333333305,0.873908386437612
3434,small_world,inv_degree,random,3464948,500,1500,0.03,15,0.45,0.1,50,0.032,1,0.8159999999999976,0.8889806034840864
3435,small_world,inv_degree,random,3465957,500,1500,0.03,15,0.45,0.1,50,0.03,0,0.7979999999999977,0.8971085306795926
3436,small_world,inv_degree,random,3466966,500,1500,0.03,15,0.45,0.1,50,0.032,1,0.797,0.8918038126919303
3437,small_world,inv_degree,random,3467975,500,1500,0.03,15,0.45,0.1,50,0.048,6,0.819,0.880738440728003
3438,small_world,inv_degree,random,3468984,500,1500,0.03,15,0.45,0.1,50,0.036,2,0.8253333333333335,0.8844621295091106
3439,small_world,inv_degree,random,3469993,500,1500,0.03,15,0.45,0.1,50,0.032,1,0.8,0.8939141604675445
3440,small_world,inv_degree,random,3471002,500,1500,0.03,15,0.45,0.1,50,0.038,2,0.8139999999999972,0.8819573837724312
3441,small_world,inv_degree,random,3472011,500,1500,0.03,15,0.45,0.1,50,0.052,5,0.7873333333333303,0.8608406056080407
3442,small_world,inv_degree,random,3473020,500,1500,0.03,15,0.45,0.1,50,0.03,0,0.804,0.8978149322622625
3443,small_world,inv_degree,random,3474029,500,1500,0.03,15,0.45,0.1,50,0.034,1,0.8093333333333309,0.8884331074565744
3444,small_world,inv_degree,random,3475038,500,1500,0.03,15,0.45,0.1,50,0.03,0,0.807,0.8968950788153272
3445,small_world,inv_degree,random,3476047,500,1500,0.03,15,0.45,0.1,50,0.038,2,0.8039999999999975,0.8757496178209185
3446,small_world,inv_degree,random,3477056,500,1500,0.03,15,0.45,0.1,50,0.03,0,0.8119999999999977,0.8936014066638246
3447,small_world,inv_degree,random,3478065,500,1500,0.03,15,0.45,0.1,50,0.044,4,0.8010000000000004,0.8711849736213415
3448,small_world,inv_degree,random,3479074,500,1500,0.03,15,0.45,0.1,50,0.03,0,0.8014999999999975,0.8918797195928836
3449,small_world,inv_degree,random,3480083,500,1500,0.03,15,0.45,0.1,50,0.032,1,0.796,0.8896829477305636
3450,small_world,inv_degree,random,3481092,500,1500,0.03,15,0.45,0.1,50,0.042,2,0.7886666666666663,0.8591293454786758
3451,small_world,inv_degree,random,3482101,500,1500,0.03,15,0.45,0.1,50,0.036,3,0.7999999999999998,0.8856324012831717
3452,small_world,inv_degree,random,3483110,500,1500,0.03,15,0.45,0.1,50,0.03,0,0.8046666666666668,0.8972394416446842
3453,small_world,inv_degree,random,3484119,500,1500,0.03,15,0.45,0.1,50,0.036,2,0.7919999999999975,0.8832820966287871
3454,small_world,inv_degree,random,3485128,500,1500,0.03,15,0.45,0.1,50,0.036,3,0.7966666666666644,0.8836303475195199
3455,small_world,inv_degree,random,3486137,500,1500,0.03,15,0.45,0.1,50,0.03,0,0.7939999999999974,0.8918853999176342
3456,small_world,inv_degree,random,3487146,500,1500,0.03,15,0.45,0.1,50,0.044,5,0.7986666666666636,0.8739367714092858
3457,small_world,inv_degree,random,3488155,500,1500,0.03,15,0.45,0.1,50,0.032,1,0.8133333333333315,0.8941678749052336
3458,small_world,inv_degree,random,3489164,500,1500,0.03,15,0.45,0.1,50,0.032,1,0.802,0.8928560847284429
3459,small_world,inv_degree,random,3490173,500,1500,0.03,15,0.45,0.1,50,0.036,2,0.8219999999999997,0.894696489411311
3460,small_world,inv_degree,random,3491182,500,1500,0.03,15,0.45,0.1,50,0.03,0,0.8146666666666632,0.9004520580615224
3461,small_world,inv_degree,random,3492191,500,1500,0.03,15,0.45,0.1,50,0.032,1,0.8159999999999983,0.8915961304601
3462,small_world,inv_degree,random,3493200,500,1500,0.03,15,0.45,0.1,50,0.044,7,0.7946666666666642,0.8643210991524889
3463,small_world,inv_degree,random,3494209,500,1500,0.03,15,0.45,0.1,50,0.034,1,0.8113333333333334,0.8937766575992121
3464,small_world,inv_degree,random,3495218,500,1500,0.03,15,0.45,0.1,50,0.03,0,0.7919999999999972,0.8946748258304824
3465,small_world,inv_degree,random,3496227,500,1500,0.03,15,0.45,0.1,50,0.03,0,0.8026666666666645,0.9033108397724506
3466,small_world,inv_degree,random,3497236,500,1500,0.03,15,0.45,0.1,50,0.034,2,0.8146666666666637,0.8914670366940628
3467,small_world,inv_degree,random,3498245,500,1500,0.03,15,0.45,0.1,50,0.04,2,0.7993333333333308,0.8737888649134283
3468,small_world,inv_degree,random,3499254,500,1500,0.03,15,0.45,0.1,50,0.034,1,0.8093333333333305,0.8840236553831301
3469,small_world,inv_degree,random,3500263,500,1500,0.03,15,0.45,0.1,50,0.03,0,0.789,0.9029901045413055
3470,small_world,inv_degree,random,3501272,500,1500,0.03,15,0.45,0.1,50,0.03,0,0.787,0.9020653248860334
3471,small_world,inv_degree,random,3502281,500,1500,0.03,15,0.45,0.1,50,0.032,1,0.7979999999999976,0.8872429306322691
3472,small_world,inv_degree,random,3503290,500,1500,0.03,15,0.45,0.1,50,0.03,0,0.8046666666666653,0.8962085255276606
3473,small_world,inv_degree,random,3504299,500,1500,0.03,15,0.45,0.1,50,0.032,1,0.8046666666666638,0.8932003814193075
3474,small_world,inv_degree,random,3505308,500,1500,0.03,15,0.45,0.1,50,0.03,0,0.8179999999999976,0.8996216986575413
3475,small_world,inv_degree,random,3506317,500,1500,0.03,15,0.45,0.1,50,0.032,1,0.8060000000000006,0.8854715951386436
3476,small_world,inv_degree,random,3507326,500,1500,0.03,15,0.45,0.1,50,0.032,1,0.8233333333333336,0.89635401742658
3477,small_world,inv_degree,random,3508335,500,1500,0.03,15,0.45,0.1,50,0.03,0,0.7966666666666651,0.8970403689581031
3478,small_world,inv_degree,random,3509344,500,1500,0.03,15,0.45,0.1,50,0.06,5,0.7853333333333326,0.8410707739887285
3479,small_world,inv_degree,random,3510353,500,1500,0.03,15,0.45,0.1,50,0.04,4,0.8026666666666646,0.8717724641145065
3480,small_world,inv_degree,random,3511362,500,1500,0.03,15,0.45,0.1,50,0.03,0,0.8079999999999974,0.8988547113508364
3501,small_world,inv_degree,random,3532551,500,1500,0.03,15,0.45,0.1,50,0.032,1,0.8086666666666649,0.8900738893938192
3502,small_world,inv_degree,random,3533560,500,1500,0.03,15,0.45,0.1,50,0.04,3,0.7913333333333306,0.8748311035349133
3503,small_world,inv_degree,random,3534569,500,1500,0.03,15,0.45,0.1,50,0.03,0,0.8129999999999998,0.8954197416869212
3504,small_world,inv_degree,random,3535578,500,1500,0.03,15,0.45,0.1,50,0.03,0,0.804,0.9001853646144404
3505,small_world,inv_degree,random,3536587,500,1500,0.03,15,0.45,0.1,50,0.03,0,0.8119999999999983,0.898456592344034
3506,small_world,inv_degree,random,3537596,500,1500,0.03,15,0.45,0.1,50,0.03,0,0.8099999999999968,0.8974556132691343
3507,small_world,inv_degree,random,3538605,500,1500,0.03,15,0.45,0.1,50,0.03,0,0.811,0.8960665269598577
3508,small_world,inv_degree,random,3539614,500,1500,0.03,15,0.45,0.1,50,0.036,3,0.8033333333333308,0.8863586160020268
3509,small_world,inv_degree,random,3540623,500,1500,0.03,15,0.45,0.1,50,0.032,1,0.7869999999999999,0.888978252835325
3510,small_world,inv_degree,random,3541632,500,1500,0.03,15,0.45,0.1,50,0.032,1,0.8260000000000008,0.88821444906675
3511,small_world,inv_degree,random,3542641,500,1500,0.03,15,0.45,0.1,50,0.052,5,0.794,0.8627117151606016
3512,small_world,inv_degree,random,3543650,500,1500,0.03,15,0.45,0.1,50,0.034,2,0.8039999999999983,0.8926188485265645
3513,small_world,inv_degree,random,3544659,500,1500,0.03,15,0.45,0.1,50,0.03,0,0.8140000000000002,0.8981276606810035
3514,small_world,inv_degree,random,3545668,500,1500,0.03,15,0.45,0.1,50,0.046,5,0.802999999999999,0.8617161965067485
3515,small_world,inv_degree,random,3546677,500,1500,0.03,15,0.45,0.1,50,0.03,0,0.823,0.9018377232484792
3516,small_world,inv_degree,random,3547686,500,1500,0.03,15,0.45,0.1,50,0.04,4,0.8334999999999984,0.8778774897951352
3517,small_world,inv_degree,random,3548695,500,1500,0.03,15,0.45,0.1,50,0.03,0,0.8086666666666645,0.8924902327538754
3518,small_world,inv_degree,random,3549704,500,1500,0.03,15,0.45,0.1,50,0.054,6,0.7986666666666669,0.8521288764883233
3519,small_world,inv_degree,random,3550713,500,1500,0.03,15,0.45,0.1,50,0.04,5,0.8104999999999983,0.8804078713474396
3520,small_world,inv_degree,random,3551722,500,1500,0.03,15,0.45,0.1,50,0.03,0,0.8006666666666639,0.898315835392259
3481,small_world,inv_degree,random,3512371,500,1500,0.03,15,0.45,0.1,50,0.03,0,0.8246666666666663,0.8981496623066767
3482,small_world,inv_degree,random,3513380,500,1500,0.03,15,0.45,0.1,50,0.042,5,0.8180000000000007,0.885636553509308
3483,small_world,inv_degree,random,3514389,500,1500,0.03,15,0.45,0.1,50,0.032,1,0.793,0.8895221139256564
3484,small_world,inv_degree,random,3515398,500,1500,0.03,15,0.45,0.1,50,0.042,5,0.7900000000000003,0.8756635379253451
3485,small_world,inv_degree,random,3516407,500,1500,0.03,15,0.45,0.1,50,0.036,3,0.8193333333333334,0.8912835612326652
3486,small_world,inv_degree,random,3517416,500,1500,0.03,15,0.45,0.1,50,0.048,7,0.81,0.8681332812325046
3487,small_world,inv_degree,random,3518425,500,1500,0.03,15,0.45,0.1,50,0.03,0,0.7986666666666669,0.894675740733021
3488,small_world,inv_degree,random,3519434,500,1500,0.03,15,0.45,0.1,50,0.05,8,0.779999999999998,0.8629136872461285
3489,small_world,inv_degree,random,3520443,500,1500,0.03,15,0.45,0.1,50,0.056,7,0.7959999999999978,0.8517563051358725
3490,small_world,inv_degree,random,3521452,500,1500,0.03,15,0.45,0.1,50,0.03,0,0.7929999999999984,0.8882280352054249
3491,small_world,inv_degree,random,3522461,500,1500,0.03,15,0.45,0.1,50,0.032,1,0.8006666666666641,0.8914868792446814
3492,small_world,inv_degree,random,3523470,500,1500,0.03,15,0.45,0.1,50,0.038,2,0.8044999999999977,0.8800202317530423
3493,small_world,inv_degree,random,3524479,500,1500,0.03,15,0.45,0.1,50,0.03,0,0.821,0.9065513926722345
3494,small_world,inv_degree,random,3525488,500,1500,0.03,15,0.45,0.1,50,0.032,1,0.8019999999999979,0.8864978460907782
3495,small_world,inv_degree,random,3526497,500,1500,0.03,15,0.45,0.1,50,0.032,1,0.8066666666666645,0.8873324942592252
3496,small_world,inv_degree,random,3527506,500,1500,0.03,15,0.45,0.1,50,0.03,0,0.7893333333333303,0.8952302522583891
3497,small_world,inv_degree,random,3528515,500,1500,0.03,15,0.45,0.1,50,0.032,1,0.806,0.8942645678965557
3498,small_world,inv_degree,random,3529524,500,1500,0.03,15,0.45,0.1,50,0.03,0,0.8,0.8931117312406363
3499,small_world,inv_degree,random,3530533,500,1500,0.03,15,0.45,0.1,50,0.03,0,0.8,0.8972527464116894
3500,small_world,inv_degree,random,3531542,500,1500,0.03,15,0.45,0.1,50,0.032,1,0.7979999999999972,0.8923209339853697
3521,small_world,inv_degree,random,3552731,500,1500,0.03,15,0.45,0.1,50,0.042,3,0.8006666666666666,0.8688935571846251
3522,small_world,inv_degree,random,3553740,500,1500,0.03,15,0.45,0.1,50,0.046,4,0.7673333333333309,0.854931865469475
3523,small_world,inv_degree,random,3554749,500,1500,0.03,15,0.45,0.1,50,0.03,0,0.8039999999999995,0.8961497812491762
3524,small_world,inv_degree,random,3555758,500,1500,0.03,15,0.45,0.1,50,0.03,0,0.8313333333333313,0.8983647389360896
3525,small_world,inv_degree,random,3556767,500,1500,0.03,15,0.45,0.1,50,0.042,2,0.792,0.8759170567222754
3526,small_world,inv_degree,random,3557776,500,1500,0.03,15,0.45,0.1,50,0.03,0,0.7940000000000008,0.9024442940345652
3527,small_world,inv_degree,random,3558785,500,1500,0.03,15,0.45,0.1,50,0.036,2,0.8179999999999978,0.8853921247551874
3528,small_world,inv_degree,random,3559794,500,1500,0.03,15,0.45,0.1,50,0.032,1,0.799999999999997,0.8904059393399548
3529,small_world,inv_degree,random,3560803,500,1500,0.03,15,0.45,0.1,50,0.034,1,0.797999999999997,0.8874900212319643
3530,small_world,inv_degree,random,3561812,500,1500,0.03,15,0.45,0.1,50,0.032,1,0.8079999999999977,0.8933457255994558
3531,small_world,inv_degree,random,3562821,500,1500,0.03,15,0.45,0.1,50,0.03,0,0.8093333333333333,0.8931164446282774
3532,small_world,inv_degree,random,3563830,500,1500,0.03,15,0.45,0.1,50,0.052,8,0.7919999999999974,0.8545373843574112
3533,small_world,inv_degree,random,3564839,500,1500,0.03,15,0.45,0.1,50,0.03,0,0.7966666666666642,0.896359141361748
3534,small_world,inv_degree,random,3565848,500,1500,0.03,15,0.45,0.1,50,0.03,0,0.818,0.9012553974252293
3535,small_world,inv_degree,random,3566857,500,1500,0.03,15,0.45,0.1,50,0.038,3,0.7999999999999968,0.879458097339719
3536,small_world,inv_degree,random,3567866,500,1500,0.03,15,0.45,0.1,50,0.034,1,0.8209999999999987,0.8921838853337347
3537,small_world,inv_degree,random,3568875,500,1500,0.03,15,0.45,0.1,50,0.034,1,0.8026666666666662,0.884528699616258
3538,small_world,inv_degree,random,3569884,500,1500,0.03,15,0.45,0.1,50,0.032,1,0.7993333333333338,0.8918982410469597
3539,small_world,inv_degree,random,3570893,500,1500,0.03,15,0.45,0.1,50,0.06,6,0.7713333333333332,0.8383129834468972
3540,small_world,inv_degree,random,3571902,500,1500,0.03,15,0.45,0.1,50,0.03,0,0.8079999999999968,0.8962179663895373
3541,small_world,inv_degree,random,3572911,500,1500,0.03,15,0.45,0.1,50,0.03,0,0.8279999999999966,0.9000521874128592
3542,small_world,inv_degree,random,3573920,500,1500,0.03,15,0.45,0.1,50,0.03,0,0.8066666666666642,0.8959252796147255
3543,small_world,inv_degree,random,3574929,500,1500,0.03,15,0.45,0.1,50,0.032,1,0.8084999999999977,0.8936384183756871
3544,small_world,inv_degree,random,3575938,500,1500,0.03,15,0.45,0.1,50,0.04,4,0.7766666666666642,0.8717905417657237
3545,small_world,inv_degree,random,3576947,500,1500,0.03,15,0.45,0.1,50,0.044,5,0.782,0.861413683215715
3546,small_world,inv_degree,random,3577956,500,1500,0.03,15,0.45,0.1,50,0.036,2,0.8039999999999972,0.8859237326913448
3547,small_world,inv_degree,random,3578965,500,1500,0.03,15,0.45,0.1,50,0.032,1,0.805,0.8952139118527331
3548,small_world,inv_degree,random,3579974,500,1500,0.03,15,0.45,0.1,50,0.03,0,0.787,0.896975927700993
3549,small_world,inv_degree,random,3580983,500,1500,0.03,15,0.45,0.1,50,0.038,3,0.8200000000000002,0.8798416303651155
3550,small_world,inv_degree,random,3581992,500,1500,0.03,15,0.45,0.1,50,0.062,9,0.7846666666666667,0.8535417183672974
3551,small_world,inv_degree,random,3583001,500,1500,0.03,15,0.45,0.1,50,0.03,0,0.811333333333333,0.9002500733251511
3552,small_world,inv_degree,random,3584010,500,1500,0.03,15,0.45,0.1,50,0.03,0,0.8026666666666642,0.8968275560984337
3553,small_world,inv_degree,random,3585019,500,1500,0.03,15,0.45,0.1,50,0.064,6,0.813,0.827007525033524
3554,small_world,inv_degree,random,3586028,500,1500,0.03,15,0.45,0.1,50,0.036,2,0.795,0.8882341034940641
3555,small_world,inv_degree,random,3587037,500,1500,0.03,15,0.45,0.1,50,0.062,4,0.8059999999999975,0.8403065014287826
3556,small_world,inv_degree,random,3588046,500,1500,0.03,15,0.45,0.1,50,0.032,1,0.7939999999999976,0.8907328385290131
3557,small_world,inv_degree,random,3589055,500,1500,0.03,15,0.45,0.1,50,0.056,4,0.7973333333333333,0.8675935885742729
3558,small_world,inv_degree,random,3590064,500,1500,0.03,15,0.45,0.1,50,0.034,2,0.800666666666665,0.8887702034494178
3559,small_world,inv_degree,random,3591073,500,1500,0.03,15,0.45,0.1,50,0.032,1,0.8019999999999983,0.8876010777367905
3560,small_world,inv_degree,random,3592082,500,1500,0.03,15,0.45,0.1,50,0.036,3,0.799333333333331,0.8875485454574513
3561,small_world,inv_degree,random,3593091,500,1500,0.03,15,0.45,0.1,50,0.03,0,0.8173333333333337,0.9004094618804506
3562,small_world,inv_degree,random,3594100,500,1500,0.03,15,0.45,0.1,50,0.032,1,0.809,0.8951720423740621
3563,small_world,inv_degree,random,3595109,500,1500,0.03,15,0.45,0.1,50,0.032,1,0.8364999999999987,0.8914329780244624
3564,small_world,inv_degree,random,3596118,500,1500,0.03,15,0.45,0.1,50,0.038,3,0.8086666666666636,0.8772801256748307
3565,small_world,inv_degree,random,3597127,500,1500,0.03,15,0.45,0.1,50,0.03,0,0.8099999999999966,0.9008205389802959
3566,small_world,inv_degree,random,3598136,500,1500,0.03,15,0.45,0.1,50,0.03,0,0.8039999999999999,0.9002531121706284
3567,small_world,inv_degree,random,3599145,500,1500,0.03,15,0.45,0.1,50,0.036,2,0.7993333333333308,0.8793327550664505
3568,small_world,inv_degree,random,3600154,500,1500,0.03,15,0.45,0.1,50,0.03,0,0.8024999999999973,0.8979057698734156
3569,small_world,inv_degree,random,3601163,500,1500,0.03,15,0.45,0.1,50,0.03,0,0.7886666666666639,0.8980025566005004
3570,small_world,inv_degree,random,3602172,500,1500,0.03,15,0.45,0.1,50,0.03,0,0.7973333333333292,0.89655623766189
3571,small_world,inv_degree,random,3603181,500,1500,0.03,15,0.45,0.1,50,0.032,1,0.7959999999999982,0.8807120489189653
3572,small_world,inv_degree,random,3604190,500,1500,0.03,15,0.45,0.1,50,0.052,5,0.8099999999999998,0.8520218400777384
3573,small_world,inv_degree,random,3605199,500,1500,0.03,15,0.45,0.1,50,0.03,0,0.797999999999997,0.9017453006595032
3574,small_world,inv_degree,random,3606208,500,1500,0.03,15,0.45,0.1,50,0.036,3,0.8179999999999997,0.8885636070152862
3575,small_world,inv_degree,random,3607217,500,1500,0.03,15,0.45,0.1,50,0.032,1,0.809,0.8896810699325375
3576,small_world,inv_degree,random,3608226,500,1500,0.03,15,0.45,0.1,50,0.03,0,0.8080000000000002,0.8972940242820665
3577,small_world,inv_degree,random,3609235,500,1500,0.03,15,0.45,0.1,50,0.048,5,0.7899999999999971,0.8641665779522424
3578,small_world,inv_degree,random,3610244,500,1500,0.03,15,0.45,0.1,50,0.03,0,0.8159999999999988,0.8979456577229024
3579,small_world,inv_degree,random,3611253,500,1500,0.03,15,0.45,0.1,50,0.03,0,0.8126666666666671,0.8922903338272056
3580,small_world,inv_degree,random,3612262,500,1500,0.03,15,0.45,0.1,50,0.036,2,0.8120000000000005,0.8861026950791083
3581,small_world,inv_degree,random,3613271,500,1500,0.03,15,0.45,0.1,50,0.032,1,0.802,0.89120334538673
3582,small_world,inv_degree,random,3614280,500,1500,0.03,15,0.45,0.1,50,0.04,2,0.8193333333333305,0.8835799998412551
3583,small_world,inv_degree,random,3615289,500,1500,0.03,15,0.45,0.1,50,0.03,0,0.7953333333333308,0.8958891169345614
3584,small_world,inv_degree,random,3616298,500,1500,0.03,15,0.45,0.1,50,0.03,0,0.8066666666666644,0.9029171657842437
3585,small_world,inv_degree,random,3617307,500,1500,0.03,15,0.45,0.1,50,0.044,5,0.8093333333333333,0.8755587871236487
3586,small_world,inv_degree,random,3618316,500,1500,0.03,15,0.45,0.1,50,0.048,5,0.8053333333333309,0.8591206501477472
3587,small_world,inv_degree,random,3619325,500,1500,0.03,15,0.45,0.1,50,0.03,0,0.812666666666665,0.8994813998482969
3588,small_world,inv_degree,random,3620334,500,1500,0.03,15,0.45,0.1,50,0.03,0,0.81,0.9006182726802818
3589,small_world,inv_degree,random,3621343,500,1500,0.03,15,0.45,0.1,50,0.032,1,0.808,0.8930640468520159
3590,small_world,inv_degree,random,3622352,500,1500,0.03,15,0.45,0.1,50,0.03,0,0.8210000000000002,0.8988207928855203
3591,small_world,inv_degree,random,3623361,500,1500,0.03,15,0.45,0.1,50,0.03,0,0.8059999999999982,0.8958995545650155
3592,small_world,inv_degree,random,3624370,500,1500,0.03,15,0.45,0.1,50,0.032,1,0.7966666666666645,0.8942353750041755
3593,small_world,inv_degree,random,3625379,500,1500,0.03,15,0.45,0.1,50,0.032,1,0.832,0.8962688357488361
3594,small_world,inv_degree,random,3626388,500,1500,0.03,15,0.45,0.1,50,0.036,3,0.8050000000000002,0.889805602640219
3595,small_world,inv_degree,random,3627397,500,1500,0.03,15,0.45,0.1,50,0.03,0,0.7979999999999983,0.8948618086042541
3596,small_world,inv_degree,random,3628406,500,1500,0.03,15,0.45,0.1,50,0.032,1,0.808,0.8983005668730613
3597,small_world,inv_degree,random,3629415,500,1500,0.03,15,0.45,0.1,50,0.03,0,0.7946666666666643,0.8910715599171278
3598,small_world,inv_degree,random,3630424,500,1500,0.03,15,0.45,0.1,50,0.042,4,0.8013333333333336,0.8677481279362922
3599,small_world,inv_degree,random,3631433,500,1500,0.03,15,0.45,0.1,50,0.03,0,0.806,0.8998893713595306
3600,small_world,inv_degree,random,3632442,500,1500,0.03,15,0.45,0.1,50,0.03,0,0.8033333333333297,0.9004223468042708
