run_id,kind,weight_type,rng_seed,n,edges,seed_frac,seed_count,theta_mean,theta_sd,max_steps,final_adoption,steps_to_converge,xi_1,xi_2,xi_3,xi_inf
1,random,uniform,1051,100,233,0.03,3,0.45,0.1,50,0.06,1,0.7,0.22,0.05,0.01
2,random,uniform,2060,100,263,0.03,3,0.45,0.1,50,0.04,1,0.68,0.13,0.01,0.01
3,random,uniform,3069,100,267,0.03,3,0.45,0.1,50,0.04,1,0.69,0.18,0.02,0.0
4,random,uniform,4078,100,246,0.03,3,0.45,0.1,50,0.05,2,0.67,0.18,0.02,0.02
5,random,uniform,5087,100,250,0.03,3,0.45,0.1,50,0.05,1,0.72,0.16,0.0,0.0
6,random,uniform,6096,100,249,0.03,3,0.45,0.1,50,0.03,0,0.72,0.2,0.0,0.0
7,random,uniform,7105,100,253,0.03,3,0.45,0.1,50,0.07,2,0.68,0.16,0.01,0.01
8,random,uniform,8114,100,238,0.03,3,0.45,0.1,50,0.04,1,0.69,0.19,0.04,0.04
9,random,uniform,9123,100,214,0.03,3,0.45,0.1,50,0.05,1,0.68,0.23,0.04,0.02
10,random,uniform,10132,100,231,0.03,3,0.45,0.1,50,0.05,1,0.74,0.3,0.0,0.0
11,random,uniform,11141,100,248,0.03,3,0.45,0.1,50,0.05,1,0.66,0.24,0.02,0.02
12,random,uniform,12150,100,252,0.03,3,0.45,0.1,50,0.06,1,0.7,0.24,0.04,0.0
13,random,uniform,13159,100,240,0.03,3,0.45,0.1,50,0.05,2,0.69,0.2,0.03,0.02
14,random,uniform,14168,100,251,0.03,3,0.45,0.1,50,0.03,0,0.71,0.18,0.03,0.02
15,random,uniform,15177,100,250,0.03,3,0.45,0.1,50,0.04,1,0.67,0.16,0.0,0.0
16,random,uniform,16186,100,249,0.03,3,0.45,0.1,50,0.04,1,0.73,0.27,0.02,0.0
17,random,uniform,17195,100,246,0.03,3,0.45,0.1,50,0.09,2,0.63,0.15,0.0,0.0
18,random,uniform,18204,100,249,0.03,3,0.45,0.1,50,0.05,1,0.66,0.18,0.02,0.01
19,random,uniform,19213,100,251,0.03,3,0.45,0.1,50,0.03,0,0.71,0.18,0.01,0.01
20,random,uniform,20222,100,234,0.03,3,0.45,0.1,50,0.06,1,0.69,0.22,0.01,0.0
21,random,uniform,21231,100,268,0.03,3,0.45,0.1,50,0.03,0,0.69,0.1,0.01,0.01
22,random,uniform,22240,100,271,0.03,3,0.45,0.1,50,0.07,1,0.6,0.1,0.0,0.0
23,random,uniform,23249,100,216,0.03,3,0.45,0.1,50,0.05,1,0.72,0.2,0.05,0.0
24,random,uniform,24258,100,238,0.03,3,0.45,0.1,50,0.1,4,0.62,0.14,0.02,0.02
25,random,uniform,25267,100,244,0.03,3,0.45,0.1,50,0.05,1,0.67,0.17,0.02,0.0
26,random,uniform,26276,100,279,0.03,3,0.45,0.1,50,0.06,2,0.64,0.09,0.0,0.0
27,random,uniform,27285,100,270,0.03,3,0.45,0.1,50,0.05,1,0.67,0.11,0.0,0.0
28,random,uniform,28294,100,225,0.03,3,0.45,0.1,50,0.05,2,0.65,0.19,0.03,0.03
29,random,uniform,29303,100,247,0.03,3,0.45,0.1,50,0.07,2,0.62,0.05,0.0,0.0
30,random,uniform,30312,100,234,0.03,3,0.45,0.1,50,0.05,1,0.67,0.16,0.01,0.01
31,random,uniform,31321,100,272,0.03,3,0.45,0.1,50,0.05,2,0.65,0.1,0.0,0.0
32,random,uniform,32330,100,233,0.03,3,0.45,0.1,50,0.07,2,0.66,0.22,0.01,0.01
33,random,uniform,33339,100,252,0.03,3,0.45,0.1,50,0.07,1,0.64,0.07,0.0,0.0
34,random,uniform,34348,100,247,0.03,3,0.45,0.1,50,0.08,1,0.62,0.17,0.03,0.03
35,random,uniform,35357,100,230,0.03,3,0.45,0.1,50,0.07,2,0.64,0.12,0.01,0.01
36,random,uniform,36366,100,238,0.03,3,0.45,0.1,50,0.06,2,0.68,0.18,0.01,0.0
37,random,uniform,37375,100,266,0.03,3,0.45,0.1,50,0.05,1,0.67,0.18,0.01,0.0
38,random,uniform,38384,100,266,0.03,3,0.45,0.1,50,0.05,1,0.65,0.06,0.01,0.01
39,random,uniform,39393,100,197,0.03,3,0.45,0.1,50,0.09,1,0.69,0.27,0.02,0.01
40,random,uniform,40402,100,246,0.03,3,0.45,0.1,50,0.06,2,0.67,0.18,0.0,0.0
41,random,uniform,41411,100,246,0.03,3,0.45,0.1,50,0.04,1,0.69,0.21,0.0,0.0
42,random,uniform,42420,100,241,0.03,3,0.45,0.1,50,0.03,0,0.74,0.24,0.03,0.02
43,random,uniform,43429,100,239,0.03,3,0.45,0.1,50,0.04,1,0.7,0.23,0.03,0.01
44,random,uniform,44438,100,260,0.03,3,0.45,0.1,50,0.04,1,0.67,0.14,0.01,0.0
45,random,uniform,45447,100,263,0.03,3,0.45,0.1,50,0.04,1,0.76,0.35,0.02,0.0
46,random,uniform,46456,100,248,0.03,3,0.45,0.1,50,0.07,2,0.64,0.16,0.01,0.01
47,random,uniform,47465,100,252,0.03,3,0.45,0.1,50,0.06,1,0.71,0.16,0.0,0.0
48,random,uniform,48474,100,262,0.03,3,0.45,0.1,50,0.04,1,0.66,0.16,0.01,0.01
49,random,uniform,49483,100,247,0.03,3,0.45,0.1,50,0.06,1,0.65,0.2,0.01,0.0
50,random,uniform,50492,100,242,0.03,3,0.45,0.1,50,0.07,3,0.61,0.13,0.01,0.01
51,random,uniform,51501,100,259,0.03,3,0.45,0.1,50,0.03,0,0.7,0.2,0.0,0.0
52,random,uniform,52510,100,242,0.03,3,0.45,0.1,50,0.06,1,0.65,0.13,0.01,0.01
53,random,uniform,53519,100,270,0.03,3,0.45,0.1,50,0.05,1,0.7,0.21,0.01,0.0
54,random,uniform,54528,100,251,0.03,3,0.45,0.1,50,0.07,3,0.59,0.08,0.02,0.02
55,random,uniform,55537,100,249,0.03,3,0.45,0.1,50,0.07,2,0.61,0.14,0.01,0.0
56,random,uniform,56546,100,222,0.03,3,0.45,0.1,50,0.06,2,0.69,0.17,0.01,0.01
57,random,uniform,57555,100,255,0.03,3,0.45,0.1,50,0.06,1,0.65,0.15,0.01,0.01
58,random,uniform,58564,100,239,0.03,3,0.45,0.1,50,0.08,1,0.67,0.21,0.01,0.0
59,random,uniform,59573,100,266,0.03,3,0.45,0.1,50,0.09,3,0.57,0.12,0.01,0.01
60,random,uniform,60582,100,238,0.03,3,0.45,0.1,50,0.05,1,0.74,0.19,0.01,0.01
61,random,uniform,61591,100,266,0.03,3,0.45,0.1,50,0.06,1,0.62,0.1,0.01,0.01
62,random,uniform,62600,100,236,0.03,3,0.45,0.1,50,0.05,1,0.7,0.26,0.04,0.0
63,random,uniform,63609,100,260,0.03,3,0.45,0.1,50,0.06,1,0.65,0.14,0.03,0.02
64,random,uniform,64618,100,233,0.03,3,0.45,0.1,50,0.05,1,0.7,0.25,0.06,0.02
65,random,uniform,65627,100,241,0.03,3,0.45,0.1,50,0.04,1,0.7,0.21,0.0,0.0
66,random,uniform,66636,100,283,0.03,3,0.45,0.1,50,0.04,1,0.67,0.12,0.0,0.0
67,random,uniform,67645,100,246,0.03,3,0.45,0.1,50,0.05,2,0.67,0.17,0.02,0.0
68,random,uniform,68654,100,263,0.03,3,0.45,0.1,50,0.08,2,0.65,0.18,0.0,0.0
69,random,uniform,69663,100,227,0.03,3,0.45,0.1,50,0.11,3,0.57,0.12,0.01,0.0
70,random,uniform,70672,100,258,0.03,3,0.45,0.1,50,0.03,0,0.68,0.2,0.03,0.02
71,random,uniform,71681,100,250,0.03,3,0.45,0.1,50,0.09,2,0.64,0.1,0.0,0.0
72,random,uniform,72690,100,254,0.03,3,0.45,0.1,50,0.03,0,0.69,0.15,0.01,0.0
73,random,uniform,73699,100,216,0.03,3,0.45,0.1,50,0.06,1,0.7,0.24,0.03,0.02
74,random,uniform,74708,100,238,0.03,3,0.45,0.1,50,0.07,1,0.71,0.28,0.05,0.02
75,random,uniform,75717,100,234,0.03,3,0.45,0.1,50,0.04,1,0.71,0.25,0.02,0.01
76,random,uniform,76726,100,251,0.03,3,0.45,0.1,50,0.07,1,0.61,0.13,0.0,0.0
77,random,uniform,77735,100,246,0.03,3,0.45,0.1,50,0.06,1,0.73,0.28,0.0,0.0
78,random,uniform,78744,100,232,0.03,3,0.45,0.1,50,0.09,3,0.64,0.13,0.0,0.0
79,random,uniform,79753,100,235,0.03,3,0.45,0.1,50,0.06,1,0.68,0.28,0.01,0.0
80,random,uniform,80762,100,250,0.03,3,0.45,0.1,50,0.07,2,0.7,0.29,0.04,0.03
81,random,uniform,81771,100,244,0.03,3,0.45,0.1,50,0.04,1,0.71,0.16,0.01,0.0
82,random,uniform,82780,100,241,0.03,3,0.45,0.1,50,0.06,1,0.68,0.18,0.02,0.01
83,random,uniform,83789,100,251,0.03,3,0.45,0.1,50,0.04,1,0.68,0.19,0.0,0.0
84,random,uniform,84798,100,247,0.03,3,0.45,0.1,50,0.03,0,0.7,0.19,0.01,0.01
85,random,uniform,85807,100,271,0.03,3,0.45,0.1,50,0.03,0,0.7,0.13,0.0,0.0
86,random,uniform,86816,100,246,0.03,3,0.45,0.1,50,0.05,1,0.68,0.17,0.01,0.01
87,random,uniform,87825,100,252,0.03,3,0.45,0.1,50,0.07,2,0.65,0.14,0.02,0.01
88,random,uniform,88834,100,238,0.03,3,0.45,0.1,50,0.07,3,0.71,0.24,0.01,0.01
89,random,uniform,89843,100,235,0.03,3,0.45,0.1,50,0.04,1,0.72,0.27,0.03,0.0
90,random,uniform,90852,100,246,0.03,3,0.45,0.1,50,0.07,2,0.66,0.19,0.0,0.0
91,random,uniform,91861,100,244,0.03,3,0.45,0.1,50,0.05,1,0.66,0.19,0.01,0.01
92,random,uniform,92870,100,237,0.03,3,0.45,0.1,50,0.05,1,0.7,0.2,0.01,0.01
93,random,uniform,93879,100,229,0.03,3,0.45,0.1,50,0.07,1,0.63,0.16,0.03,0.02
94,random,uniform,94888,100,236,0.03,3,0.45,0.1,50,0.05,1,0.69,0.24,0.01,0.0
95,random,uniform,95897,100,221,0.03,3,0.45,0.1,50,0.06,2,0.63,0.15,0.01,0.01
96,random,uniform,96906,100,239,0.03,3,0.45,0.1,50,0.07,2,0.66,0.16,0.02,0.02
97,random,uniform,97915,100,263,0.03,3,0.45,0.1,50,0.06,1,0.67,0.11,0.0,0.0
98,random,uniform,98924,100,255,0.03,3,0.45,0.1,50,0.05,1,0.7,0.24,0.02,0.01
99,random,uniform,99933,100,270,0.03,3,0.45,0.1,50,0.07,2,0.63,0.13,0.01,0.01
100,random,uniform,100942,100,252,0.03,3,0.45,0.1,50,0.06,1,0.68,0.13,0.01,0.01
101,random,uniform,101951,100,241,0.03,3,0.45,0.1,50,0.11,3,0.57,0.17,0.02,0.01
102,random,uniform,102960,100,245,0.03,3,0.45,0.1,50,0.05,1,0.68,0.18,0.01,0.01
103,random,uniform,103969,100,268,0.03,3,0.45,0.1,50,0.04,1,0.66,0.13,0.01,0.01
104,random,uniform,104978,100,255,0.03,3,0.45,0.1,50,0.05,1,0.69,0.2,0.0,0.0
105,random,uniform,105987,100,220,0.03,3,0.45,0.1,50,0.03,0,0.72,0.2,0.02,0.0
106,random,uniform,106996,100,232,0.03,3,0.45,0.1,50,0.05,1,0.71,0.23,0.05,0.03
107,random,uniform,108005,100,230,0.03,3,0.45,0.1,50,0.04,1,0.69,0.17,0.04,0.02
108,random,uniform,109014,100,243,0.03,3,0.45,0.1,50,0.03,0,0.73,0.19,0.02,0.01
109,random,uniform,110023,100,241,0.03,3,0.45,0.1,50,0.04,1,0.72,0.24,0.01,0.01
110,random,uniform,111032,100,284,0.03,3,0.45,0.1,50,0.04,1,0.65,0.12,0.01,0.01
111,random,uniform,112041,100,247,0.03,3,0.45,0.1,50,0.05,2,0.66,0.2,0.01,0.01
112,random,uniform,113050,100,273,0.03,3,0.45,0.1,50,0.03,0,0.7,0.17,0.0,0.0
113,random,uniform,114059,100,265,0.03,3,0.45,0.1,50,0.08,2,0.61,0.14,0.01,0.01
114,random,uniform,115068,100,265,0.03,3,0.45,0.1,50,0.1,4,0.55,0.1,0.01,0.0
115,random,uniform,116077,100,273,0.03,3,0.45,0.1,50,0.03,0,0.7,0.16,0.01,0.01
116,random,uniform,117086,100,249,0.03,3,0.45,0.1,50,0.03,0,0.71,0.28,0.03,0.0
117,random,uniform,118095,100,259,0.03,3,0.45,0.1,50,0.04,1,0.74,0.31,0.03,0.03
118,random,uniform,119104,100,268,0.03,3,0.45,0.1,50,0.05,2,0.64,0.14,0.01,0.0
119,random,uniform,120113,100,265,0.03,3,0.45,0.1,50,0.08,3,0.63,0.14,0.01,0.01
120,random,uniform,121122,100,251,0.03,3,0.45,0.1,50,0.05,1,0.68,0.21,0.02,0.01
121,random,uniform,122131,100,255,0.03,3,0.45,0.1,50,0.04,1,0.72,0.19,0.02,0.0
122,random,uniform,123140,100,239,0.03,3,0.45,0.1,50,0.1,4,0.62,0.14,0.0,0.0
123,random,uniform,124149,100,269,0.03,3,0.45,0.1,50,0.03,0,0.72,0.22,0.0,0.0
124,random,uniform,125158,100,231,0.03,3,0.45,0.1,50,0.05,1,0.74,0.21,0.02,0.0
125,random,uniform,126167,100,252,0.03,3,0.45,0.1,50,0.04,1,0.67,0.18,0.0,0.0
126,random,uniform,127176,100,237,0.03,3,0.45,0.1,50,0.04,1,0.73,0.24,0.02,0.01
127,random,uniform,128185,100,252,0.03,3,0.45,0.1,50,0.04,1,0.67,0.22,0.01,0.0
128,random,uniform,129194,100,254,0.03,3,0.45,0.1,50,0.06,3,0.63,0.15,0.01,0.01
129,random,uniform,130203,100,273,0.03,3,0.45,0.1,50,0.04,1,0.69,0.14,0.0,0.0
130,random,uniform,131212,100,210,0.03,3,0.45,0.1,50,0.06,1,0.66,0.21,0.02,0.02
131,random,uniform,132221,100,249,0.03,3,0.45,0.1,50,0.08,3,0.66,0.21,0.0,0.0
132,random,uniform,133230,100,242,0.03,3,0.45,0.1,50,0.06,1,0.66,0.14,0.02,0.0
133,random,uniform,134239,100,250,0.03,3,0.45,0.1,50,0.03,0,0.73,0.19,0.02,0.0
134,random,uniform,135248,100,238,0.03,3,0.45,0.1,50,0.11,3,0.6,0.1,0.01,0.0
135,random,uniform,136257,100,216,0.03,3,0.45,0.1,50,0.09,2,0.68,0.22,0.04,0.01
136,random,uniform,137266,100,244,0.03,3,0.45,0.1,50,0.07,1,0.67,0.2,0.03,0.01
137,random,uniform,138275,100,237,0.03,3,0.45,0.1,50,0.03,0,0.75,0.24,0.0,0.0
138,random,uniform,139284,100,240,0.03,3,0.45,0.1,50,0.07,2,0.68,0.15,0.01,0.01
139,random,uniform,140293,100,274,0.03,3,0.45,0.1,50,0.03,0,0.7,0.17,0.02,0.0
140,random,uniform,141302,100,279,0.03,3,0.45,0.1,50,0.03,0,0.67,0.09,0.01,0.01
141,random,uniform,142311,100,254,0.03,3,0.45,0.1,50,0.03,0,0.71,0.19,0.01,0.0
142,random,uniform,143320,100,257,0.03,3,0.45,0.1,50,0.07,2,0.64,0.16,0.01,0.01
143,random,uniform,144329,100,251,0.03,3,0.45,0.1,50,0.05,1,0.66,0.14,0.02,0.02
144,random,uniform,145338,100,273,0.03,3,0.45,0.1,50,0.03,0,0.66,0.1,0.02,0.02
145,random,uniform,146347,100,259,0.03,3,0.45,0.1,50,0.05,2,0.67,0.12,0.01,0.0
146,random,uniform,147356,100,249,0.03,3,0.45,0.1,50,0.05,1,0.7,0.16,0.0,0.0
147,random,uniform,148365,100,248,0.03,3,0.45,0.1,50,0.03,0,0.69,0.15,0.0,0.0
148,random,uniform,149374,100,273,0.03,3,0.45,0.1,50,0.05,2,0.67,0.15,0.0,0.0
149,random,uniform,150383,100,265,0.03,3,0.45,0.1,50,0.04,1,0.67,0.13,0.0,0.0
150,random,uniform,151392,100,261,0.03,3,0.45,0.1,50,0.03,0,0.65,0.14,0.01,0.0
151,random,uniform,152401,100,223,0.03,3,0.45,0.1,50,0.08,1,0.67,0.19,0.04,0.01
152,random,uniform,153410,100,254,0.03,3,0.45,0.1,50,0.06,2,0.68,0.12,0.0,0.0
153,random,uniform,154419,100,239,0.03,3,0.45,0.1,50,0.06,1,0.66,0.19,0.04,0.02
154,random,uniform,155428,100,223,0.03,3,0.45,0.1,50,0.07,2,0.69,0.23,0.04,0.01
155,random,uniform,156437,100,248,0.03,3,0.45,0.1,50,0.07,1,0.69,0.19,0.01,0.0
156,random,uniform,157446,100,254,0.03,3,0.45,0.1,50,0.06,2,0.64,0.13,0.03,0.01
157,random,uniform,158455,100,251,0.03,3,0.45,0.1,50,0.03,0,0.68,0.2,0.03,0.02
158,random,uniform,159464,100,260,0.03,3,0.45,0.1,50,0.07,2,0.63,0.15,0.02,0.01
159,random,uniform,160473,100,234,0.03,3,0.45,0.1,50,0.06,1,0.63,0.11,0.01,0.01
160,random,uniform,161482,100,277,0.03,3,0.45,0.1,50,0.04,1,0.67,0.15,0.01,0.0
161,random,uniform,162491,100,265,0.03,3,0.45,0.1,50,0.06,2,0.66,0.13,0.0,0.0
162,random,uniform,163500,100,245,0.03,3,0.45,0.1,50,0.07,1,0.68,0.19,0.01,0.01
163,random,uniform,164509,100,255,0.03,3,0.45,0.1,50,0.05,1,0.68,0.15,0.0,0.0
164,random,uniform,165518,100,260,0.03,3,0.45,0.1,50,0.03,0,0.68,0.11,0.01,0.01
165,random,uniform,166527,100,245,0.03,3,0.45,0.1,50,0.03,0,0.73,0.26,0.02,0.0
166,random,uniform,167536,100,220,0.03,3,0.45,0.1,50,0.05,1,0.71,0.24,0.03,0.0
167,random,uniform,168545,100,259,0.03,3,0.45,0.1,50,0.06,1,0.66,0.15,0.02,0.02
168,random,uniform,169554,100,246,0.03,3,0.45,0.1,50,0.06,1,0.67,0.16,0.0,0.0
169,random,uniform,170563,100,275,0.03,3,0.45,0.1,50,0.03,0,0.7,0.12,0.01,0.01
170,random,uniform,171572,100,239,0.03,3,0.45,0.1,50,0.04,1,0.7,0.14,0.0,0.0
171,random,uniform,172581,100,252,0.03,3,0.45,0.1,50,0.05,2,0.67,0.18,0.02,0.02
172,random,uniform,173590,100,270,0.03,3,0.45,0.1,50,0.05,1,0.65,0.07,0.02,0.01
173,random,uniform,174599,100,265,0.03,3,0.45,0.1,50,0.04,1,0.67,0.17,0.0,0.0
174,random,uniform,175608,100,241,0.03,3,0.45,0.1,50,0.13,5,0.62,0.19,0.04,0.04
175,random,uniform,176617,100,259,0.03,3,0.45,0.1,50,0.03,0,0.72,0.15,0.02,0.0
176,random,uniform,177626,100,242,0.03,3,0.45,0.1,50,0.06,1,0.67,0.14,0.0,0.0
177,random,uniform,178635,100,225,0.03,3,0.45,0.1,50,0.06,1,0.7,0.23,0.04,0.01
178,random,uniform,179644,100,236,0.03,3,0.45,0.1,50,0.08,3,0.65,0.12,0.02,0.01
179,random,uniform,180653,100,238,0.03,3,0.45,0.1,50,0.04,1,0.67,0.13,0.03,0.01
180,random,uniform,181662,100,241,0.03,3,0.45,0.1,50,0.07,1,0.65,0.15,0.05,0.03
181,random,uniform,182671,100,279,0.03,3,0.45,0.1,50,0.05,1,0.66,0.12,0.02,0.01
182,random,uniform,183680,100,239,0.03,3,0.45,0.1,50,0.09,2,0.62,0.15,0.01,0.01
183,random,uniform,184689,100,241,0.03,3,0.45,0.1,50,0.08,2,0.67,0.21,0.03,0.01
184,random,uniform,185698,100,252,0.03,3,0.45,0.1,50,0.07,2,0.68,0.24,0.01,0.0
185,random,uniform,186707,100,212,0.03,3,0.45,0.1,50,0.07,1,0.64,0.24,0.04,0.02
186,random,uniform,187716,100,248,0.03,3,0.45,0.1,50,0.06,1,0.66,0.15,0.0,0.0
187,random,uniform,188725,100,244,0.03,3,0.45,0.1,50,0.07,2,0.64,0.17,0.01,0.01
188,random,uniform,189734,100,233,0.03,3,0.45,0.1,50,0.08,2,0.67,0.22,0.05,0.01
189,random,uniform,190743,100,246,0.03,3,0.45,0.1,50,0.05,1,0.69,0.15,0.0,0.0
190,random,uniform,191752,100,222,0.03,3,0.45,0.1,50,0.09,2,0.63,0.2,0.0,0.0
191,random,uniform,192761,100,236,0.03,3,0.45,0.1,50,0.05,1,0.65,0.2,0.02,0.0
192,random,uniform,193770,100,219,0.03,3,0.45,0.1,50,0.05,1,0.7,0.15,0.02,0.02
193,random,uniform,194779,100,226,0.03,3,0.45,0.1,50,0.04,1,0.76,0.23,0.05,0.03
194,random,uniform,195788,100,253,0.03,3,0.45,0.1,50,0.03,0,0.71,0.23,0.0,0.0
195,random,uniform,196797,100,226,0.03,3,0.45,0.1,50,0.07,2,0.67,0.17,0.03,0.02
196,random,uniform,197806,100,281,0.03,3,0.45,0.1,50,0.05,1,0.63,0.11,0.0,0.0
197,random,uniform,198815,100,249,0.03,3,0.45,0.1,50,0.04,1,0.69,0.18,0.03,0.0
198,random,uniform,199824,100,249,0.03,3,0.45,0.1,50,0.03,0,0.71,0.23,0.05,0.03
199,random,uniform,200833,100,248,0.03,3,0.45,0.1,50,0.09,2,0.61,0.13,0.01,0.0
200,random,uniform,201842,100,240,0.03,3,0.45,0.1,50,0.05,1,0.65,0.18,0.02,0.01
201,random,uniform,202851,100,226,0.03,3,0.45,0.1,50,0.05,1,0.7,0.17,0.02,0.01
202,random,uniform,203860,100,220,0.03,3,0.45,0.1,50,0.05,1,0.66,0.17,0.01,0.0
203,random,uniform,204869,100,259,0.03,3,0.45,0.1,50,0.04,1,0.69,0.12,0.01,0.0
204,random,uniform,205878,100,223,0.03,3,0.45,0.1,50,0.05,2,0.68,0.21,0.04,0.02
205,random,uniform,206887,100,265,0.03,3,0.45,0.1,50,0.06,2,0.61,0.11,0.0,0.0
206,random,uniform,207896,100,223,0.03,3,0.45,0.1,50,0.06,1,0.69,0.16,0.03,0.01
207,random,uniform,208905,100,271,0.03,3,0.45,0.1,50,0.06,1,0.6,0.07,0.01,0.0
208,random,uniform,209914,100,234,0.03,3,0.45,0.1,50,0.03,0,0.7,0.22,0.02,0.0
209,random,uniform,210923,100,239,0.03,3,0.45,0.1,50,0.03,0,0.7,0.19,0.01,0.01
210,random,uniform,211932,100,266,0.03,3,0.45,0.1,50,0.07,2,0.67,0.2,0.0,0.0
211,random,uniform,212941,100,255,0.03,3,0.45,0.1,50,0.08,2,0.64,0.11,0.01,0.01
212,random,uniform,213950,100,241,0.03,3,0.45,0.1,50,0.08,2,0.64,0.17,0.0,0.0
213,random,uniform,214959,100,245,0.03,3,0.45,0.1,50,0.07,1,0.7,0.22,0.03,0.01
214,random,uniform,215968,100,269,0.03,3,0.45,0.1,50,0.06,2,0.64,0.11,0.01,0.0
215,random,uniform,216977,100,267,0.03,3,0.45,0.1,50,0.05,2,0.66,0.16,0.03,0.01
216,random,uniform,217986,100,243,0.03,3,0.45,0.1,50,0.07,2,0.65,0.19,0.01,0.0
217,random,uniform,218995,100,223,0.03,3,0.45,0.1,50,0.09,2,0.63,0.17,0.02,0.02
218,random,uniform,220004,100,246,0.03,3,0.45,0.1,50,0.05,2,0.67,0.12,0.01,0.0
219,random,uniform,221013,100,255,0.03,3,0.45,0.1,50,0.04,1,0.69,0.12,0.0,0.0
220,random,uniform,222022,100,231,0.03,3,0.45,0.1,50,0.07,2,0.67,0.21,0.0,0.0
221,random,uniform,223031,100,222,0.03,3,0.45,0.1,50,0.07,1,0.67,0.26,0.0,0.0
222,random,uniform,224040,100,211,0.03,3,0.45,0.1,50,0.12,2,0.66,0.22,0.03,0.0
223,random,uniform,225049,100,248,0.03,3,0.45,0.1,50,0.05,1,0.66,0.13,0.0,0.0
224,random,uniform,226058,100,264,0.03,3,0.45,0.1,50,0.05,1,0.65,0.13,0.01,0.01
225,random,uniform,227067,100,251,0.03,3,0.45,0.1,50,0.05,1,0.71,0.16,0.02,0.02
226,random,uniform,228076,100,252,0.03,3,0.45,0.1,50,0.04,1,0.72,0.23,0.03,0.01
227,random,uniform,229085,100,230,0.03,3,0.45,0.1,50,0.06,2,0.67,0.21,0.03,0.01
228,random,uniform,230094,100,246,0.03,3,0.45,0.1,50,0.07,2,0.65,0.13,0.02,0.01
229,random,uniform,231103,100,257,0.03,3,0.45,0.1,50,0.04,1,0.71,0.16,0.01,0.0
230,random,uniform,232112,100,226,0.03,3,0.45,0.1,50,0.1,1,0.67,0.19,0.02,0.0
231,random,uniform,233121,100,233,0.03,3,0.45,0.1,50,0.06,1,0.71,0.2,0.01,0.0
232,random,uniform,234130,100,233,0.03,3,0.45,0.1,50,0.05,1,0.66,0.18,0.01,0.0
233,random,uniform,235139,100,284,0.03,3,0.45,0.1,50,0.03,0,0.7,0.14,0.0,0.0
234,random,uniform,236148,100,251,0.03,3,0.45,0.1,50,0.05,1,0.68,0.21,0.01,0.01
235,random,uniform,237157,100,266,0.03,3,0.45,0.1,50,0.03,0,0.66,0.14,0.01,0.01
236,random,uniform,238166,100,245,0.03,3,0.45,0.1,50,0.04,1,0.71,0.2,0.04,0.02
237,random,uniform,239175,100,229,0.03,3,0.45,0.1,50,0.04,1,0.68,0.22,0.01,0.0
238,random,uniform,240184,100,232,0.03,3,0.45,0.1,50,0.03,0,0.73,0.19,0.02,0.02
239,random,uniform,241193,100,266,0.03,3,0.45,0.1,50,0.05,1,0.66,0.09,0.0,0.0
240,random,uniform,242202,100,256,0.03,3,0.45,0.1,50,0.05,2,0.62,0.12,0.0,0.0
241,random,uniform,243211,100,229,0.03,3,0.45,0.1,50,0.05,1,0.69,0.21,0.0,0.0
242,random,uniform,244220,100,226,0.03,3,0.45,0.1,50,0.05,1,0.68,0.24,0.04,0.0
243,random,uniform,245229,100,272,0.03,3,0.45,0.1,50,0.04,1,0.71,0.23,0.01,0.0
244,random,uniform,246238,100,238,0.03,3,0.45,0.1,50,0.12,3,0.6,0.18,0.0,0.0
245,random,uniform,247247,100,253,0.03,3,0.45,0.1,50,0.04,1,0.72,0.24,0.0,0.0
246,random,uniform,248256,100,248,0.03,3,0.45,0.1,50,0.07,2,0.68,0.21,0.01,0.0
247,random,uniform,249265,100,257,0.03,3,0.45,0.1,50,0.03,0,0.71,0.16,0.01,0.01
248,random,uniform,250274,100,266,0.03,3,0.45,0.1,50,0.03,0,0.68,0.16,0.0,0.0
249,random,uniform,251283,100,208,0.03,3,0.45,0.1,50,0.07,1,0.73,0.26,0.04,0.02
250,random,uniform,252292,100,242,0.03,3,0.45,0.1,50,0.04,1,0.69,0.23,0.02,0.02
251,random,uniform,253301,100,245,0.03,3,0.45,0.1,50,0.04,1,0.68,0.17,0.01,0.0
252,random,uniform,254310,100,266,0.03,3,0.45,0.1,50,0.08,3,0.6,0.04,0.01,0.01
253,random,uniform,255319,100,273,0.03,3,0.45,0.1,50,0.04,1,0.68,0.18,0.01,0.0
254,random,uniform,256328,100,258,0.03,3,0.45,0.1,50,0.07,2,0.63,0.12,0.03,0.03
255,random,uniform,257337,100,254,0.03,3,0.45,0.1,50,0.05,1,0.67,0.14,0.03,0.0
256,random,uniform,258346,100,241,0.03,3,0.45,0.1,50,0.08,2,0.67,0.23,0.02,0.01
257,random,uniform,259355,100,246,0.03,3,0.45,0.1,50,0.03,0,0.69,0.13,0.02,0.02
258,random,uniform,260364,100,235,0.03,3,0.45,0.1,50,0.09,2,0.66,0.22,0.03,0.01
259,random,uniform,261373,100,225,0.03,3,0.45,0.1,50,0.1,3,0.62,0.12,0.01,0.01
260,random,uniform,262382,100,260,0.03,3,0.45,0.1,50,0.06,1,0.69,0.15,0.01,0.0
261,random,uniform,263391,100,271,0.03,3,0.45,0.1,50,0.04,1,0.66,0.15,0.01,0.0
262,random,uniform,264400,100,244,0.03,3,0.45,0.1,50,0.06,2,0.62,0.12,0.01,0.0
263,random,uniform,265409,100,233,0.03,3,0.45,0.1,50,0.06,2,0.68,0.22,0.01,0.0
264,random,uniform,266418,100,250,0.03,3,0.45,0.1,50,0.05,1,0.71,0.18,0.0,0.0
265,random,uniform,267427,100,192,0.03,3,0.45,0.1,50,0.08,1,0.66,0.23,0.02,0.01
266,random,uniform,268436,100,265,0.03,3,0.45,0.1,50,0.04,1,0.64,0.16,0.03,0.0
267,random,uniform,269445,100,227,0.03,3,0.45,0.1,50,0.04,1,0.68,0.21,0.02,0.0
268,random,uniform,270454,100,259,0.03,3,0.45,0.1,50,0.05,1,0.63,0.12,0.01,0.0
269,random,uniform,271463,100,282,0.03,3,0.45,0.1,50,0.05,1,0.68,0.15,0.02,0.02
270,random,uniform,272472,100,242,0.03,3,0.45,0.1,50,0.04,1,0.7,0.22,0.03,0.01
271,random,uniform,273481,100,245,0.03,3,0.45,0.1,50,0.04,1,0.69,0.22,0.03,0.02
272,random,uniform,274490,100,234,0.03,3,0.45,0.1,50,0.06,1,0.68,0.19,0.0,0.0
273,random,uniform,275499,100,217,0.03,3,0.45,0.1,50,0.04,1,0.75,0.35,0.09,0.01
274,random,uniform,276508,100,264,0.03,3,0.45,0.1,50,0.05,1,0.64,0.13,0.02,0.01
275,random,uniform,277517,100,256,0.03,3,0.45,0.1,50,0.05,1,0.68,0.17,0.01,0.0
276,random,uniform,278526,100,266,0.03,3,0.45,0.1,50,0.04,1,0.64,0.11,0.0,0.0
277,random,uniform,279535,100,243,0.03,3,0.45,0.1,50,0.08,2,0.64,0.14,0.03,0.03
278,random,uniform,280544,100,237,0.03,3,0.45,0.1,50,0.08,2,0.64,0.13,0.0,0.0
279,random,uniform,281553,100,245,0.03,3,0.45,0.1,50,0.11,3,0.61,0.16,0.01,0.01
280,random,uniform,282562,100,244,0.03,3,0.45,0.1,50,0.05,2,0.69,0.15,0.01,0.01
281,random,uniform,283571,100,242,0.03,3,0.45,0.1,50,0.04,1,0.74,0.26,0.03,0.01
282,random,uniform,284580,100,269,0.03,3,0.45,0.1,50,0.08,3,0.6,0.08,0.01,0.01
283,random,uniform,285589,100,252,0.03,3,0.45,0.1,50,0.08,3,0.62,0.16,0.02,0.02
284,random,uniform,286598,100,233,0.03,3,0.45,0.1,50,0.07,2,0.65,0.14,0.03,0.01
285,random,uniform,287607,100,260,0.03,3,0.45,0.1,50,0.04,1,0.7,0.14,0.01,0.01
286,random,uniform,288616,100,259,0.03,3,0.45,0.1,50,0.04,1,0.67,0.18,0.01,0.0
287,random,uniform,289625,100,261,0.03,3,0.45,0.1,50,0.04,1,0.68,0.18,0.0,0.0
288,random,uniform,290634,100,237,0.03,3,0.45,0.1,50,0.05,1,0.68,0.2,0.0,0.0
289,random,uniform,291643,100,245,0.03,3,0.45,0.1,50,0.04,1,0.71,0.25,0.05,0.01
290,random,uniform,292652,100,241,0.03,3,0.45,0.1,50,0.06,2,0.71,0.24,0.01,0.0
291,random,uniform,293661,100,272,0.03,3,0.45,0.1,50,0.04,1,0.71,0.21,0.0,0.0
292,random,uniform,294670,100,237,0.03,3,0.45,0.1,50,0.05,1,0.67,0.19,0.02,0.0
293,random,uniform,295679,100,258,0.03,3,0.45,0.1,50,0.08,2,0.65,0.05,0.02,0.02
294,random,uniform,296688,100,233,0.03,3,0.45,0.1,50,0.06,1,0.67,0.17,0.01,0.01
295,random,uniform,297697,100,253,0.03,3,0.45,0.1,50,0.09,2,0.6,0.11,0.01,0.01
296,random,uniform,298706,100,235,0.03,3,0.45,0.1,50,0.05,1,0.73,0.28,0.04,0.01
297,random,uniform,299715,100,258,0.03,3,0.45,0.1,50,0.04,1,0.7,0.17,0.02,0.0
298,random,uniform,300724,100,238,0.03,3,0.45,0.1,50,0.05,1,0.68,0.23,0.0,0.0
299,random,uniform,301733,100,231,0.03,3,0.45,0.1,50,0.08,1,0.7,0.2,0.03,0.0
300,random,uniform,302742,100,257,0.03,3,0.45,0.1,50,0.04,1,0.72,0.14,0.0,0.0
301,random,uniform,303751,100,238,0.03,3,0.45,0.1,50,0.05,1,0.74,0.27,0.01,0.0
302,random,uniform,304760,100,268,0.03,3,0.45,0.1,50,0.06,2,0.67,0.12,0.01,0.0
303,random,uniform,305769,100,249,0.03,3,0.45,0.1,50,0.04,1,0.7,0.22,0.0,0.0
304,random,uniform,306778,100,227,0.03,3,0.45,0.1,50,0.05,1,0.7,0.16,0.02,0.01
305,random,uniform,307787,100,218,0.03,3,0.45,0.1,50,0.09,2,0.66,0.2,0.0,0.0
306,random,uniform,308796,100,239,0.03,3,0.45,0.1,50,0.03,0,0.72,0.2,0.02,0.0
307,random,uniform,309805,100,253,0.03,3,0.45,0.1,50,0.05,1,0.69,0.13,0.02,0.01
308,random,uniform,310814,100,232,0.03,3,0.45,0.1,50,0.09,2,0.71,0.34,0.03,0.0
309,random,uniform,311823,100,244,0.03,3,0.45,0.1,50,0.05,1,0.68,0.15,0.02,0.02
310,random,uniform,312832,100,212,0.03,3,0.45,0.1,50,0.04,1,0.72,0.25,0.04,0.03
311,random,uniform,313841,100,242,0.03,3,0.45,0.1,50,0.07,1,0.63,0.13,0.01,0.0
312,random,uniform,314850,100,248,0.03,3,0.45,0.1,50,0.08,2,0.61,0.15,0.01,0.01
313,random,uniform,315859,100,245,0.03,3,0.45,0.1,50,0.04,1,0.7,0.23,0.02,0.0
314,random,uniform,316868,100,243,0.03,3,0.45,0.1,50,0.06,2,0.62,0.12,0.01,0.0
315,random,uniform,317877,100,219,0.03,3,0.45,0.1,50,0.06,1,0.75,0.37,0.09,0.0
316,random,uniform,318886,100,255,0.03,3,0.45,0.1,50,0.04,1,0.66,0.1,0.0,0.0
317,random,uniform,319895,100,239,0.03,3,0.45,0.1,50,0.06,2,0.7,0.26,0.0,0.0
318,random,uniform,320904,100,240,0.03,3,0.45,0.1,50,0.08,4,0.61,0.08,0.0,0.0
319,random,uniform,321913,100,256,0.03,3,0.45,0.1,50,0.03,0,0.7,0.21,0.04,0.01
320,random,uniform,322922,100,239,0.03,3,0.45,0.1,50,0.09,3,0.64,0.1,0.01,0.01
321,random,uniform,323931,100,240,0.03,3,0.45,0.1,50,0.14,4,0.5,0.08,0.0,0.0
322,random,uniform,324940,100,270,0.03,3,0.45,0.1,50,0.05,1,0.66,0.12,0.01,0.0
323,random,uniform,325949,100,264,0.03,3,0.45,0.1,50,0.03,0,0.71,0.19,0.0,0.0
324,random,uniform,326958,100,217,0.03,3,0.45,0.1,50,0.03,0,0.75,0.27,0.03,0.0
325,random,uniform,327967,100,225,0.03,3,0.45,0.1,50,0.06,2,0.67,0.2,0.03,0.03
326,random,uniform,328976,100,236,0.03,3,0.45,0.1,50,0.05,1,0.67,0.14,0.02,0.01
327,random,uniform,329985,100,242,0.03,3,0.45,0.1,50,0.07,1,0.66,0.13,0.01,0.01
328,random,uniform,330994,100,256,0.03,3,0.45,0.1,50,0.09,2,0.64,0.14,0.03,0.0
329,random,uniform,332003,100,253,0.03,3,0.45,0.1,50,0.03,0,0.69,0.23,0.04,0.03
330,random,uniform,333012,100,253,0.03,3,0.45,0.1,50,0.04,1,0.7,0.17,0.0,0.0
331,random,uniform,334021,100,248,0.03,3,0.45,0.1,50,0.06,2,0.67,0.19,0.05,0.0
332,random,uniform,335030,100,224,0.03,3,0.45,0.1,50,0.05,1,0.63,0.15,0.03,0.01
333,random,uniform,336039,100,234,0.03,3,0.45,0.1,50,0.08,3,0.66,0.1,0.0,0.0
334,random,uniform,337048,100,259,0.03,3,0.45,0.1,50,0.04,1,0.68,0.16,0.0,0.0
335,random,uniform,338057,100,257,0.03,3,0.45,0.1,50,0.04,1,0.66,0.07,0.0,0.0
336,random,uniform,339066,100,277,0.03,3,0.45,0.1,50,0.06,1,0.64,0.09,0.01,0.0
337,random,uniform,340075,100,208,0.03,3,0.45,0.1,50,0.06,1,0.68,0.27,0.04,0.0
338,random,uniform,341084,100,253,0.03,3,0.45,0.1,50,0.03,0,0.7,0.2,0.02,0.0
339,random,uniform,342093,100,255,0.03,3,0.45,0.1,50,0.05,1,0.67,0.14,0.0,0.0
340,random,uniform,343102,100,223,0.03,3,0.45,0.1,50,0.07,2,0.62,0.11,0.02,0.01
341,random,uniform,344111,100,281,0.03,3,0.45,0.1,50,0.06,1,0.61,0.13,0.01,0.0
342,random,uniform,345120,100,233,0.03,3,0.45,0.1,50,0.03,0,0.71,0.19,0.02,0.0
343,random,uniform,346129,100,214,0.03,3,0.45,0.1,50,0.08,1,0.67,0.26,0.04,0.0
344,random,uniform,347138,100,264,0.03,3,0.45,0.1,50,0.03,0,0.67,0.16,0.03,0.03
345,random,uniform,348147,100,271,0.03,3,0.45,0.1,50,0.04,1,0.67,0.11,0.0,0.0
346,random,uniform,349156,100,255,0.03,3,0.45,0.1,50,0.06,1,0.65,0.13,0.02,0.02
347,random,uniform,350165,100,256,0.03,3,0.45,0.1,50,0.04,1,0.71,0.23,0.02,0.0
348,random,uniform,351174,100,251,0.03,3,0.45,0.1,50,0.06,1,0.59,0.11,0.0,0.0
349,random,uniform,352183,100,239,0.03,3,0.45,0.1,50,0.06,1,0.7,0.21,0.01,0.0
350,random,uniform,353192,100,253,0.03,3,0.45,0.1,50,0.04,1,0.72,0.2,0.02,0.0
351,random,uniform,354201,100,256,0.03,3,0.45,0.1,50,0.04,1,0.73,0.27,0.03,0.0
352,random,uniform,355210,100,257,0.03,3,0.45,0.1,50,0.05,1,0.7,0.23,0.01,0.0
353,random,uniform,356219,100,232,0.03,3,0.45,0.1,50,0.08,2,0.66,0.25,0.04,0.01
354,random,uniform,357228,100,240,0.03,3,0.45,0.1,50,0.06,1,0.67,0.17,0.02,0.0
355,random,uniform,358237,100,271,0.03,3,0.45,0.1,50,0.08,3,0.59,0.12,0.01,0.0
356,random,uniform,359246,100,248,0.03,3,0.45,0.1,50,0.05,1,0.66,0.16,0.02,0.01
357,random,uniform,360255,100,265,0.03,3,0.45,0.1,50,0.04,1,0.71,0.18,0.01,0.01
358,random,uniform,361264,100,228,0.03,3,0.45,0.1,50,0.06,2,0.66,0.2,0.04,0.01
359,random,uniform,362273,100,249,0.03,3,0.45,0.1,50,0.06,1,0.71,0.22,0.03,0.02
360,random,uniform,363282,100,242,0.03,3,0.45,0.1,50,0.08,1,0.63,0.16,0.02,0.01
361,random,uniform,364291,100,265,0.03,3,0.45,0.1,50,0.08,3,0.62,0.14,0.03,0.0
362,random,uniform,365300,100,229,0.03,3,0.45,0.1,50,0.07,3,0.67,0.17,0.02,0.01
363,random,uniform,366309,100,252,0.03,3,0.45,0.1,50,0.05,1,0.64,0.13,0.01,0.01
364,random,uniform,367318,100,241,0.03,3,0.45,0.1,50,0.05,1,0.63,0.09,0.0,0.0
365,random,uniform,368327,100,278,0.03,3,0.45,0.1,50,0.07,1,0.66,0.17,0.02,0.0
366,random,uniform,369336,100,271,0.03,3,0.45,0.1,50,0.05,1,0.64,0.1,0.0,0.0
367,random,uniform,370345,100,229,0.03,3,0.45,0.1,50,0.07,1,0.64,0.16,0.02,0.02
368,random,uniform,371354,100,243,0.03,3,0.45,0.1,50,0.08,2,0.65,0.18,0.01,0.01
369,random,uniform,372363,100,243,0.03,3,0.45,0.1,50,0.06,2,0.71,0.27,0.03,0.0
370,random,uniform,373372,100,278,0.03,3,0.45,0.1,50,0.04,1,0.64,0.12,0.01,0.01
371,random,uniform,374381,100,227,0.03,3,0.45,0.1,50,0.04,1,0.7,0.23,0.04,0.01
372,random,uniform,375390,100,245,0.03,3,0.45,0.1,50,0.05,1,0.7,0.18,0.02,0.01
373,random,uniform,376399,100,237,0.03,3,0.45,0.1,50,0.06,1,0.69,0.18,0.01,0.0
374,random,uniform,377408,100,243,0.03,3,0.45,0.1,50,0.07,2,0.62,0.16,0.0,0.0
375,random,uniform,378417,100,265,0.03,3,0.45,0.1,50,0.06,2,0.66,0.12,0.01,0.0
376,random,uniform,379426,100,234,0.03,3,0.45,0.1,50,0.07,1,0.65,0.18,0.02,0.0
377,random,uniform,380435,100,248,0.03,3,0.45,0.1,50,0.07,2,0.65,0.13,0.01,0.0
378,random,uniform,381444,100,227,0.03,3,0.45,0.1,50,0.06,1,0.68,0.17,0.02,0.01
379,random,uniform,382453,100,254,0.03,3,0.45,0.1,50,0.05,1,0.69,0.18,0.01,0.01
380,random,uniform,383462,100,239,0.03,3,0.45,0.1,50,0.05,1,0.66,0.15,0.01,0.01
381,random,uniform,384471,100,248,0.03,3,0.45,0.1,50,0.04,1,0.68,0.12,0.0,0.0
382,random,uniform,385480,100,244,0.03,3,0.45,0.1,50,0.07,1,0.7,0.17,0.01,0.01
383,random,uniform,386489,100,236,0.03,3,0.45,0.1,50,0.06,2,0.66,0.17,0.03,0.02
384,random,uniform,387498,100,264,0.03,3,0.45,0.1,50,0.03,0,0.7,0.18,0.03,0.0
385,random,uniform,388507,100,264,0.03,3,0.45,0.1,50,0.03,0,0.65,0.14,0.01,0.01
386,random,uniform,389516,100,254,0.03,3,0.45,0.1,50,0.06,1,0.64,0.12,0.0,0.0
387,random,uniform,390525,100,274,0.03,3,0.45,0.1,50,0.06,1,0.68,0.18,0.01,0.01
388,random,uniform,391534,100,257,0.03,3,0.45,0.1,50,0.05,1,0.66,0.19,0.02,0.02
389,random,uniform,392543,100,263,0.03,3,0.45,0.1,50,0.1,3,0.56,0.05,0.01,0.01
390,random,uniform,393552,100,229,0.03,3,0.45,0.1,50,0.07,1,0.63,0.14,0.01,0.0
391,random,uniform,394561,100,239,0.03,3,0.45,0.1,50,0.04,1,0.69,0.19,0.02,0.01
392,random,uniform,395570,100,248,0.03,3,0.45,0.1,50,0.05,1,0.67,0.1,0.01,0.01
393,random,uniform,396579,100,269,0.03,3,0.45,0.1,50,0.05,1,0.7,0.16,0.02,0.0
394,random,uniform,397588,100,254,0.03,3,0.45,0.1,50,0.04,1,0.72,0.18,0.04,0.01
395,random,uniform,398597,100,261,0.03,3,0.45,0.1,50,0.07,2,0.61,0.08,0.02,0.02
396,random,uniform,399606,100,226,0.03,3,0.45,0.1,50,0.04,1,0.75,0.3,0.04,0.02
397,random,uniform,400615,100,254,0.03,3,0.45,0.1,50,0.07,1,0.66,0.13,0.0,0.0
398,random,uniform,401624,100,246,0.03,3,0.45,0.1,50,0.05,1,0.72,0.25,0.02,0.02
399,random,uniform,402633,100,260,0.03,3,0.45,0.1,50,0.04,1,0.69,0.18,0.0,0.0
400,random,uniform,403642,100,239,0.03,3,0.45,0.1,50,0.07,1,0.68,0.24,0.02,0.01
401,random,uniform,404651,100,235,0.03,3,0.45,0.1,50,0.03,0,0.7,0.17,0.01,0.0
402,random,uniform,405660,100,244,0.03,3,0.45,0.1,50,0.05,1,0.69,0.22,0.04,0.02
403,random,uniform,406669,100,237,0.03,3,0.45,0.1,50,0.03,0,0.71,0.24,0.04,0.02
404,random,uniform,407678,100,264,0.03,3,0.45,0.1,50,0.05,1,0.66,0.11,0.0,0.0
405,random,uniform,408687,100,239,0.03,3,0.45,0.1,50,0.05,1,0.73,0.29,0.02,0.01
406,random,uniform,409696,100,237,0.03,3,0.45,0.1,50,0.06,1,0.62,0.12,0.0,0.0
407,random,uniform,410705,100,240,0.03,3,0.45,0.1,50,0.09,2,0.66,0.21,0.0,0.0
408,random,uniform,411714,100,265,0.03,3,0.45,0.1,50,0.05,1,0.66,0.18,0.03,0.0
409,random,uniform,412723,100,238,0.03,3,0.45,0.1,50,0.05,2,0.72,0.25,0.02,0.01
410,random,uniform,413732,100,234,0.03,3,0.45,0.1,50,0.09,2,0.67,0.19,0.01,0.0
411,random,uniform,414741,100,252,0.03,3,0.45,0.1,50,0.03,0,0.72,0.26,0.02,0.01
412,random,uniform,415750,100,269,0.03,3,0.45,0.1,50,0.04,1,0.69,0.15,0.0,0.0
413,random,uniform,416759,100,256,0.03,3,0.45,0.1,50,0.04,1,0.72,0.21,0.03,0.01
414,random,uniform,417768,100,247,0.03,3,0.45,0.1,50,0.04,1,0.7,0.12,0.0,0.0
415,random,uniform,418777,100,255,0.03,3,0.45,0.1,50,0.1,3,0.59,0.11,0.03,0.03
416,random,uniform,419786,100,243,0.03,3,0.45,0.1,50,0.04,1,0.68,0.21,0.01,0.0
417,random,uniform,420795,100,240,0.03,3,0.45,0.1,50,0.06,1,0.66,0.16,0.01,0.0
418,random,uniform,421804,100,235,0.03,3,0.45,0.1,50,0.05,1,0.7,0.19,0.01,0.01
419,random,uniform,422813,100,268,0.03,3,0.45,0.1,50,0.1,2,0.55,0.07,0.0,0.0
420,random,uniform,423822,100,225,0.03,3,0.45,0.1,50,0.07,1,0.69,0.22,0.02,0.01
421,random,uniform,424831,100,231,0.03,3,0.45,0.1,50,0.08,2,0.67,0.23,0.01,0.0
422,random,uniform,425840,100,255,0.03,3,0.45,0.1,50,0.06,1,0.68,0.12,0.0,0.0
423,random,uniform,426849,100,224,0.03,3,0.45,0.1,50,0.05,1,0.72,0.25,0.06,0.01
424,random,uniform,427858,100,241,0.03,3,0.45,0.1,50,0.04,1,0.7,0.23,0.01,0.0
425,random,uniform,428867,100,266,0.03,3,0.45,0.1,50,0.03,0,0.71,0.17,0.01,0.0
426,random,uniform,429876,100,264,0.03,3,0.45,0.1,50,0.08,3,0.59,0.09,0.01,0.0
427,random,uniform,430885,100,239,0.03,3,0.45,0.1,50,0.06,2,0.64,0.11,0.0,0.0
428,random,uniform,431894,100,264,0.03,3,0.45,0.1,50,0.05,1,0.67,0.18,0.02,0.0
429,random,uniform,432903,100,249,0.03,3,0.45,0.1,50,0.03,0,0.69,0.22,0.02,0.0
430,random,uniform,433912,100,254,0.03,3,0.45,0.1,50,0.06,1,0.66,0.17,0.02,0.02
431,random,uniform,434921,100,253,0.03,3,0.45,0.1,50,0.03,0,0.74,0.19,0.0,0.0
432,random,uniform,435930,100,255,0.03,3,0.45,0.1,50,0.04,1,0.69,0.22,0.03,0.01
433,random,uniform,436939,100,253,0.03,3,0.45,0.1,50,0.06,2,0.66,0.15,0.0,0.0
434,random,uniform,437948,100,259,0.03,3,0.45,0.1,50,0.05,1,0.65,0.16,0.03,0.0
435,random,uniform,438957,100,236,0.03,3,0.45,0.1,50,0.07,1,0.67,0.24,0.01,0.0
436,random,uniform,439966,100,239,0.03,3,0.45,0.1,50,0.05,1,0.68,0.13,0.02,0.02
437,random,uniform,440975,100,243,0.03,3,0.45,0.1,50,0.07,1,0.67,0.13,0.0,0.0
438,random,uniform,441984,100,254,0.03,3,0.45,0.1,50,0.04,1,0.71,0.16,0.01,0.0
439,random,uniform,442993,100,250,0.03,3,0.45,0.1,50,0.06,1,0.61,0.09,0.01,0.0
440,random,uniform,444002,100,242,0.03,3,0.45,0.1,50,0.04,1,0.7,0.21,0.01,0.0
441,random,uniform,445011,100,240,0.03,3,0.45,0.1,50,0.04,1,0.65,0.1,0.0,0.0
442,random,uniform,446020,100,248,0.03,3,0.45,0.1,50,0.04,1,0.67,0.13,0.02,0.01
443,random,uniform,447029,100,226,0.03,3,0.45,0.1,50,0.05,1,0.74,0.25,0.01,0.0
444,random,uniform,448038,100,248,0.03,3,0.45,0.1,50,0.05,1,0.73,0.28,0.03,0.0
445,random,uniform,449047,100,257,0.03,3,0.45,0.1,50,0.04,1,0.69,0.15,0.02,0.02
446,random,uniform,450056,100,266,0.03,3,0.45,0.1,50,0.03,0,0.72,0.18,0.0,0.0
447,random,uniform,451065,100,268,0.03,3,0.45,0.1,50,0.05,1,0.65,0.08,0.02,0.02
448,random,uniform,452074,100,253,0.03,3,0.45,0.1,50,0.05,1,0.68,0.21,0.04,0.01
449,random,uniform,453083,100,253,0.03,3,0.45,0.1,50,0.03,0,0.72,0.27,0.04,0.0
450,random,uniform,454092,100,232,0.03,3,0.45,0.1,50,0.06,3,0.69,0.21,0.04,0.01
451,random,uniform,455101,100,231,0.03,3,0.45,0.1,50,0.12,2,0.61,0.11,0.0,0.0
452,random,uniform,456110,100,255,0.03,3,0.45,0.1,50,0.05,1,0.69,0.12,0.0,0.0
453,random,uniform,457119,100,248,0.03,3,0.45,0.1,50,0.03,0,0.69,0.25,0.03,0.03
454,random,uniform,458128,100,238,0.03,3,0.45,0.1,50,0.04,1,0.74,0.23,0.02,0.01
455,random,uniform,459137,100,257,0.03,3,0.45,0.1,50,0.05,1,0.66,0.13,0.0,0.0
456,random,uniform,460146,100,235,0.03,3,0.45,0.1,50,0.05,1,0.73,0.25,0.04,0.02
457,random,uniform,461155,100,250,0.03,3,0.45,0.1,50,0.05,1,0.69,0.18,0.01,0.0
458,random,uniform,462164,100,264,0.03,3,0.45,0.1,50,0.04,1,0.66,0.11,0.01,0.0
459,random,uniform,463173,100,242,0.03,3,0.45,0.1,50,0.06,1,0.7,0.21,0.03,0.01
460,random,uniform,464182,100,223,0.03,3,0.45,0.1,50,0.06,1,0.67,0.18,0.03,0.01
461,random,uniform,465191,100,231,0.03,3,0.45,0.1,50,0.04,1,0.71,0.25,0.03,0.0
462,random,uniform,466200,100,262,0.03,3,0.45,0.1,50,0.05,2,0.69,0.22,0.02,0.02
463,random,uniform,467209,100,234,0.03,3,0.45,0.1,50,0.03,0,0.73,0.23,0.02,0.01
464,random,uniform,468218,100,244,0.03,3,0.45,0.1,50,0.06,1,0.65,0.15,0.02,0.01
465,random,uniform,469227,100,237,0.03,3,0.45,0.1,50,0.07,2,0.65,0.18,0.02,0.01
466,random,uniform,470236,100,244,0.03,3,0.45,0.1,50,0.03,0,0.71,0.21,0.01,0.0
467,random,uniform,471245,100,240,0.03,3,0.45,0.1,50,0.06,1,0.69,0.23,0.01,0.0
468,random,uniform,472254,100,262,0.03,3,0.45,0.1,50,0.04,1,0.65,0.15,0.01,0.01
469,random,uniform,473263,100,242,0.03,3,0.45,0.1,50,0.1,2,0.61,0.15,0.02,0.01
470,random,uniform,474272,100,225,0.03,3,0.45,0.1,50,0.1,3,0.67,0.22,0.03,0.01
471,random,uniform,475281,100,232,0.03,3,0.45,0.1,50,0.04,1,0.69,0.2,0.01,0.0
472,random,uniform,476290,100,260,0.03,3,0.45,0.1,50,0.04,1,0.69,0.18,0.01,0.0
473,random,uniform,477299,100,262,0.03,3,0.45,0.1,50,0.04,1,0.64,0.08,0.01,0.01
474,random,uniform,478308,100,259,0.03,3,0.45,0.1,50,0.06,2,0.65,0.1,0.0,0.0
475,random,uniform,479317,100,233,0.03,3,0.45,0.1,50,0.08,1,0.69,0.2,0.03,0.02
476,random,uniform,480326,100,235,0.03,3,0.45,0.1,50,0.12,4,0.54,0.07,0.02,0.02
477,random,uniform,481335,100,233,0.03,3,0.45,0.1,50,0.09,3,0.68,0.16,0.01,0.01
478,random,uniform,482344,100,239,0.03,3,0.45,0.1,50,0.05,1,0.7,0.19,0.01,0.01
479,random,uniform,483353,100,230,0.03,3,0.45,0.1,50,0.09,2,0.67,0.18,0.02,0.0
480,random,uniform,484362,100,229,0.03,3,0.45,0.1,50,0.08,2,0.73,0.25,0.04,0.01
481,random,uniform,485371,100,232,0.03,3,0.45,0.1,50,0.06,1,0.74,0.32,0.07,0.01
482,random,uniform,486380,100,261,0.03,3,0.45,0.1,50,0.06,2,0.66,0.14,0.01,0.01
483,random,uniform,487389,100,211,0.03,3,0.45,0.1,50,0.1,3,0.63,0.19,0.01,0.01
484,random,uniform,488398,100,241,0.03,3,0.45,0.1,50,0.08,3,0.65,0.15,0.0,0.0
485,random,uniform,489407,100,232,0.03,3,0.45,0.1,50,0.07,1,0.65,0.15,0.01,0.01
486,random,uniform,490416,100,240,0.03,3,0.45,0.1,50,0.06,2,0.65,0.16,0.02,0.01
487,random,uniform,491425,100,265,0.03,3,0.45,0.1,50,0.04,1,0.66,0.11,0.01,0.0
488,random,uniform,492434,100,242,0.03,3,0.45,0.1,50,0.07,2,0.71,0.23,0.01,0.0
489,random,uniform,493443,100,244,0.03,3,0.45,0.1,50,0.04,1,0.68,0.16,0.0,0.0
490,random,uniform,494452,100,241,0.03,3,0.45,0.1,50,0.06,3,0.66,0.14,0.0,0.0
491,random,uniform,495461,100,231,0.03,3,0.45,0.1,50,0.04,1,0.69,0.24,0.04,0.01
492,random,uniform,496470,100,232,0.03,3,0.45,0.1,50,0.06,2,0.63,0.14,0.02,0.02
493,random,uniform,497479,100,256,0.03,3,0.45,0.1,50,0.04,1,0.72,0.18,0.0,0.0
494,random,uniform,498488,100,231,0.03,3,0.45,0.1,50,0.08,2,0.65,0.18,0.02,0.01
495,random,uniform,499497,100,246,0.03,3,0.45,0.1,50,0.08,1,0.62,0.12,0.0,0.0
496,random,uniform,500506,100,249,0.03,3,0.45,0.1,50,0.07,1,0.64,0.17,0.01,0.01
497,random,uniform,501515,100,265,0.03,3,0.45,0.1,50,0.03,0,0.65,0.13,0.02,0.0
498,random,uniform,502524,100,224,0.03,3,0.45,0.1,50,0.07,2,0.66,0.14,0.02,0.01
499,random,uniform,503533,100,235,0.03,3,0.45,0.1,50,0.04,1,0.71,0.21,0.02,0.0
500,random,uniform,504542,100,219,0.03,3,0.45,0.1,50,0.05,1,0.69,0.22,0.02,0.01
501,random,uniform,505551,100,264,0.03,3,0.45,0.1,50,0.06,2,0.68,0.19,0.03,0.0
502,random,uniform,506560,100,249,0.03,3,0.45,0.1,50,0.05,2,0.66,0.19,0.02,0.02
503,random,uniform,507569,100,249,0.03,3,0.45,0.1,50,0.09,2,0.64,0.16,0.02,0.01
504,random,uniform,508578,100,228,0.03,3,0.45,0.1,50,0.04,1,0.74,0.28,0.02,0.01
505,random,uniform,509587,100,254,0.03,3,0.45,0.1,50,0.03,0,0.72,0.15,0.0,0.0
506,random,uniform,510596,100,231,0.03,3,0.45,0.1,50,0.03,0,0.71,0.25,0.03,0.0
507,random,uniform,511605,100,249,0.03,3,0.45,0.1,50,0.07,1,0.63,0.12,0.03,0.03
508,random,uniform,512614,100,252,0.03,3,0.45,0.1,50,0.09,3,0.56,0.08,0.01,0.01
509,random,uniform,513623,100,246,0.03,3,0.45,0.1,50,0.06,2,0.72,0.24,0.01,0.0
510,random,uniform,514632,100,244,0.03,3,0.45,0.1,50,0.04,1,0.7,0.16,0.0,0.0
511,random,uniform,515641,100,229,0.03,3,0.45,0.1,50,0.03,0,0.7,0.22,0.01,0.0
512,random,uniform,516650,100,234,0.03,3,0.45,0.1,50,0.1,3,0.63,0.2,0.02,0.0
513,random,uniform,517659,100,261,0.03,3,0.45,0.1,50,0.05,1,0.7,0.21,0.04,0.03
514,random,uniform,518668,100,256,0.03,3,0.45,0.1,50,0.03,0,0.68,0.13,0.0,0.0
515,random,uniform,519677,100,238,0.03,3,0.45,0.1,50,0.05,1,0.68,0.16,0.01,0.0
516,random,uniform,520686,100,248,0.03,3,0.45,0.1,50,0.05,1,0.67,0.14,0.0,0.0
517,random,uniform,521695,100,247,0.03,3,0.45,0.1,50,0.11,2,0.59,0.08,0.0,0.0
518,random,uniform,522704,100,259,0.03,3,0.45,0.1,50,0.03,0,0.73,0.19,0.0,0.0
519,random,uniform,523713,100,237,0.03,3,0.45,0.1,50,0.05,1,0.71,0.26,0.03,0.01
520,random,uniform,524722,100,251,0.03,3,0.45,0.1,50,0.06,2,0.64,0.14,0.0,0.0
521,random,uniform,525731,100,265,0.03,3,0.45,0.1,50,0.07,2,0.66,0.17,0.01,0.01
522,random,uniform,526740,100,287,0.03,3,0.45,0.1,50,0.06,2,0.63,0.09,0.0,0.0
523,random,uniform,527749,100,255,0.03,3,0.45,0.1,50,0.07,2,0.65,0.15,0.01,0.01
524,random,uniform,528758,100,241,0.03,3,0.45,0.1,50,0.08,1,0.64,0.15,0.0,0.0
525,random,uniform,529767,100,260,0.03,3,0.45,0.1,50,0.11,3,0.53,0.08,0.0,0.0
526,random,uniform,530776,100,249,0.03,3,0.45,0.1,50,0.03,0,0.75,0.26,0.01,0.01
527,random,uniform,531785,100,233,0.03,3,0.45,0.1,50,0.05,1,0.64,0.14,0.02,0.01
528,random,uniform,532794,100,275,0.03,3,0.45,0.1,50,0.06,1,0.62,0.13,0.0,0.0
529,random,uniform,533803,100,223,0.03,3,0.45,0.1,50,0.06,2,0.67,0.18,0.04,0.0
530,random,uniform,534812,100,241,0.03,3,0.45,0.1,50,0.03,0,0.71,0.19,0.02,0.02
531,random,uniform,535821,100,241,0.03,3,0.45,0.1,50,0.05,1,0.7,0.17,0.0,0.0
532,random,uniform,536830,100,242,0.03,3,0.45,0.1,50,0.1,4,0.62,0.14,0.01,0.01
533,random,uniform,537839,100,259,0.03,3,0.45,0.1,50,0.04,1,0.68,0.16,0.02,0.01
534,random,uniform,538848,100,248,0.03,3,0.45,0.1,50,0.04,1,0.75,0.31,0.04,0.0
535,random,uniform,539857,100,284,0.03,3,0.45,0.1,50,0.05,1,0.69,0.2,0.0,0.0
536,random,uniform,540866,100,216,0.03,3,0.45,0.1,50,0.06,1,0.65,0.16,0.02,0.01
537,random,uniform,541875,100,242,0.03,3,0.45,0.1,50,0.05,1,0.69,0.16,0.01,0.0
538,random,uniform,542884,100,227,0.03,3,0.45,0.1,50,0.04,1,0.68,0.17,0.01,0.0
539,random,uniform,543893,100,221,0.03,3,0.45,0.1,50,0.07,2,0.64,0.17,0.02,0.0
540,random,uniform,544902,100,262,0.03,3,0.45,0.1,50,0.04,1,0.69,0.2,0.0,0.0
541,random,uniform,545911,100,251,0.03,3,0.45,0.1,50,0.1,3,0.59,0.13,0.02,0.01
542,random,uniform,546920,100,243,0.03,3,0.45,0.1,50,0.03,0,0.71,0.17,0.0,0.0
543,random,uniform,547929,100,261,0.03,3,0.45,0.1,50,0.06,1,0.67,0.11,0.0,0.0
544,random,uniform,548938,100,276,0.03,3,0.45,0.1,50,0.05,2,0.68,0.15,0.0,0.0
545,random,uniform,549947,100,246,0.03,3,0.45,0.1,50,0.06,2,0.68,0.18,0.02,0.01
546,random,uniform,550956,100,260,0.03,3,0.45,0.1,50,0.05,2,0.66,0.15,0.02,0.01
547,random,uniform,551965,100,241,0.03,3,0.45,0.1,50,0.09,3,0.59,0.08,0.01,0.0
548,random,uniform,552974,100,242,0.03,3,0.45,0.1,50,0.05,2,0.62,0.12,0.02,0.02
549,random,uniform,553983,100,239,0.03,3,0.45,0.1,50,0.04,1,0.69,0.24,0.02,0.01
550,random,uniform,554992,100,254,0.03,3,0.45,0.1,50,0.13,3,0.59,0.11,0.01,0.01
551,random,uniform,556001,100,225,0.03,3,0.45,0.1,50,0.07,2,0.65,0.22,0.03,0.02
552,random,uniform,557010,100,248,0.03,3,0.45,0.1,50,0.03,0,0.7,0.25,0.02,0.0
553,random,uniform,558019,100,265,0.03,3,0.45,0.1,50,0.06,2,0.69,0.14,0.01,0.0
554,random,uniform,559028,100,254,0.03,3,0.45,0.1,50,0.05,2,0.7,0.12,0.0,0.0
555,random,uniform,560037,100,256,0.03,3,0.45,0.1,50,0.04,1,0.68,0.11,0.02,0.01
556,random,uniform,561046,100,235,0.03,3,0.45,0.1,50,0.05,1,0.7,0.19,0.01,0.0
557,random,uniform,562055,100,233,0.03,3,0.45,0.1,50,0.1,3,0.64,0.15,0.02,0.02
558,random,uniform,563064,100,255,0.03,3,0.45,0.1,50,0.05,1,0.67,0.22,0.02,0.01
559,random,uniform,564073,100,228,0.03,3,0.45,0.1,50,0.05,1,0.73,0.26,0.03,0.0
560,random,uniform,565082,100,246,0.03,3,0.45,0.1,50,0.04,1,0.68,0.18,0.02,0.0
561,random,uniform,566091,100,229,0.03,3,0.45,0.1,50,0.05,1,0.75,0.33,0.04,0.0
562,random,uniform,567100,100,261,0.03,3,0.45,0.1,50,0.08,2,0.64,0.06,0.0,0.0
563,random,uniform,568109,100,268,0.03,3,0.45,0.1,50,0.05,1,0.67,0.19,0.03,0.02
564,random,uniform,569118,100,225,0.03,3,0.45,0.1,50,0.05,1,0.72,0.24,0.03,0.01
565,random,uniform,570127,100,220,0.03,3,0.45,0.1,50,0.07,1,0.66,0.17,0.02,0.02
566,random,uniform,571136,100,243,0.03,3,0.45,0.1,50,0.07,2,0.66,0.2,0.01,0.01
567,random,uniform,572145,100,253,0.03,3,0.45,0.1,50,0.03,0,0.74,0.28,0.04,0.0
568,random,uniform,573154,100,239,0.03,3,0.45,0.1,50,0.07,2,0.65,0.14,0.0,0.0
569,random,uniform,574163,100,250,0.03,3,0.45,0.1,50,0.04,1,0.69,0.15,0.01,0.0
570,random,uniform,575172,100,266,0.03,3,0.45,0.1,50,0.04,1,0.62,0.09,0.0,0.0
571,random,uniform,576181,100,249,0.03,3,0.45,0.1,50,0.08,1,0.67,0.17,0.01,0.01
572,random,uniform,577190,100,248,0.03,3,0.45,0.1,50,0.07,2,0.66,0.13,0.0,0.0
573,random,uniform,578199,100,227,0.03,3,0.45,0.1,50,0.06,2,0.71,0.26,0.02,0.0
574,random,uniform,579208,100,241,0.03,3,0.45,0.1,50,0.03,0,0.71,0.19,0.02,0.01
575,random,uniform,580217,100,226,0.03,3,0.45,0.1,50,0.05,1,0.71,0.21,0.01,0.01
576,random,uniform,581226,100,270,0.03,3,0.45,0.1,50,0.06,3,0.64,0.13,0.0,0.0
577,random,uniform,582235,100,224,0.03,3,0.45,0.1,50,0.09,2,0.66,0.2,0.02,0.01
578,random,uniform,583244,100,279,0.03,3,0.45,0.1,50,0.05,2,0.68,0.18,0.01,0.0
579,random,uniform,584253,100,228,0.03,3,0.45,0.1,50,0.04,1,0.75,0.32,0.02,0.0
580,random,uniform,585262,100,245,0.03,3,0.45,0.1,50,0.03,0,0.74,0.22,0.03,0.01
581,random,uniform,586271,100,243,0.03,3,0.45,0.1,50,0.05,1,0.72,0.23,0.02,0.01
582,random,uniform,587280,100,240,0.03,3,0.45,0.1,50,0.08,2,0.7,0.3,0.04,0.0
583,random,uniform,588289,100,264,0.03,3,0.45,0.1,50,0.04,1,0.7,0.25,0.03,0.01
584,random,uniform,589298,100,249,0.03,3,0.45,0.1,50,0.06,2,0.68,0.21,0.0,0.0
585,random,uniform,590307,100,291,0.03,3,0.45,0.1,50,0.05,1,0.6,0.12,0.01,0.01
586,random,uniform,591316,100,246,0.03,3,0.45,0.1,50,0.07,3,0.61,0.1,0.01,0.01
587,random,uniform,592325,100,255,0.03,3,0.45,0.1,50,0.04,1,0.69,0.15,0.02,0.01
588,random,uniform,593334,100,295,0.03,3,0.45,0.1,50,0.03,0,0.67,0.11,0.01,0.01
589,random,uniform,594343,100,223,0.03,3,0.45,0.1,50,0.07,2,0.66,0.24,0.04,0.0
590,random,uniform,595352,100,212,0.03,3,0.45,0.1,50,0.04,1,0.69,0.21,0.04,0.02
591,random,uniform,596361,100,274,0.03,3,0.45,0.1,50,0.03,0,0.72,0.16,0.0,0.0
592,random,uniform,597370,100,258,0.03,3,0.45,0.1,50,0.06,1,0.69,0.2,0.02,0.02
593,random,uniform,598379,100,270,0.03,3,0.45,0.1,50,0.06,1,0.67,0.18,0.02,0.02
594,random,uniform,599388,100,264,0.03,3,0.45,0.1,50,0.05,1,0.7,0.21,0.03,0.01
595,random,uniform,600397,100,260,0.03,3,0.45,0.1,50,0.05,1,0.68,0.26,0.01,0.01
596,random,uniform,601406,100,240,0.03,3,0.45,0.1,50,0.06,1,0.66,0.2,0.03,0.01
597,random,uniform,602415,100,235,0.03,3,0.45,0.1,50,0.06,1,0.72,0.22,0.01,0.01
598,random,uniform,603424,100,259,0.03,3,0.45,0.1,50,0.05,2,0.62,0.12,0.02,0.01
599,random,uniform,604433,100,241,0.03,3,0.45,0.1,50,0.04,1,0.67,0.13,0.02,0.02
600,random,uniform,605442,100,254,0.03,3,0.45,0.1,50,0.04,1,0.68,0.14,0.01,0.01
601,random,uniform,606451,100,254,0.03,3,0.45,0.1,50,0.03,0,0.64,0.19,0.0,0.0
602,random,uniform,607460,100,226,0.03,3,0.45,0.1,50,0.05,1,0.71,0.22,0.02,0.01
603,random,uniform,608469,100,281,0.03,3,0.45,0.1,50,0.05,1,0.6,0.08,0.01,0.01
604,random,uniform,609478,100,245,0.03,3,0.45,0.1,50,0.06,1,0.64,0.11,0.01,0.01
605,random,uniform,610487,100,261,0.03,3,0.45,0.1,50,0.04,1,0.67,0.13,0.01,0.0
606,random,uniform,611496,100,252,0.03,3,0.45,0.1,50,0.04,1,0.7,0.17,0.01,0.01
607,random,uniform,612505,100,229,0.03,3,0.45,0.1,50,0.03,0,0.71,0.26,0.02,0.01
608,random,uniform,613514,100,232,0.03,3,0.45,0.1,50,0.07,2,0.65,0.17,0.01,0.0
609,random,uniform,614523,100,235,0.03,3,0.45,0.1,50,0.05,2,0.71,0.21,0.04,0.02
610,random,uniform,615532,100,241,0.03,3,0.45,0.1,50,0.05,1,0.67,0.17,0.0,0.0
611,random,uniform,616541,100,228,0.03,3,0.45,0.1,50,0.05,1,0.72,0.27,0.03,0.01
612,random,uniform,617550,100,214,0.03,3,0.45,0.1,50,0.09,2,0.65,0.2,0.05,0.01
613,random,uniform,618559,100,242,0.03,3,0.45,0.1,50,0.06,1,0.66,0.24,0.03,0.02
614,random,uniform,619568,100,239,0.03,3,0.45,0.1,50,0.16,6,0.58,0.12,0.0,0.0
615,random,uniform,620577,100,226,0.03,3,0.45,0.1,50,0.06,1,0.71,0.27,0.05,0.03
616,random,uniform,621586,100,245,0.03,3,0.45,0.1,50,0.03,0,0.71,0.23,0.02,0.01
617,random,uniform,622595,100,237,0.03,3,0.45,0.1,50,0.07,1,0.69,0.23,0.01,0.01
618,random,uniform,623604,100,262,0.03,3,0.45,0.1,50,0.03,0,0.68,0.18,0.02,0.0
619,random,uniform,624613,100,252,0.03,3,0.45,0.1,50,0.04,1,0.68,0.15,0.01,0.01
620,random,uniform,625622,100,257,0.03,3,0.45,0.1,50,0.06,2,0.64,0.12,0.01,0.01
621,random,uniform,626631,100,235,0.03,3,0.45,0.1,50,0.03,0,0.7,0.16,0.02,0.01
622,random,uniform,627640,100,245,0.03,3,0.45,0.1,50,0.06,3,0.64,0.11,0.0,0.0
623,random,uniform,628649,100,221,0.03,3,0.45,0.1,50,0.05,2,0.68,0.24,0.05,0.03
624,random,uniform,629658,100,248,0.03,3,0.45,0.1,50,0.03,0,0.7,0.18,0.02,0.0
625,random,uniform,630667,100,230,0.03,3,0.45,0.1,50,0.09,2,0.64,0.11,0.02,0.01
626,random,uniform,631676,100,256,0.03,3,0.45,0.1,50,0.03,0,0.68,0.14,0.01,0.01
627,random,uniform,632685,100,256,0.03,3,0.45,0.1,50,0.07,1,0.67,0.15,0.0,0.0
628,random,uniform,633694,100,262,0.03,3,0.45,0.1,50,0.04,1,0.66,0.11,0.0,0.0
629,random,uniform,634703,100,223,0.03,3,0.45,0.1,50,0.07,1,0.65,0.15,0.01,0.01
630,random,uniform,635712,100,223,0.03,3,0.45,0.1,50,0.05,1,0.69,0.25,0.01,0.0
631,random,uniform,636721,100,230,0.03,3,0.45,0.1,50,0.08,2,0.63,0.13,0.01,0.01
632,random,uniform,637730,100,244,0.03,3,0.45,0.1,50,0.09,2,0.62,0.15,0.0,0.0
633,random,uniform,638739,100,259,0.03,3,0.45,0.1,50,0.04,1,0.69,0.21,0.02,0.0
634,random,uniform,639748,100,259,0.03,3,0.45,0.1,50,0.09,1,0.63,0.15,0.01,0.0
635,random,uniform,640757,100,214,0.03,3,0.45,0.1,50,0.06,1,0.7,0.32,0.05,0.0
636,random,uniform,641766,100,275,0.03,3,0.45,0.1,50,0.05,1,0.6,0.04,0.0,0.0
637,random,uniform,642775,100,238,0.03,3,0.45,0.1,50,0.05,1,0.7,0.17,0.02,0.01
638,random,uniform,643784,100,228,0.03,3,0.45,0.1,50,0.06,1,0.7,0.26,0.02,0.01
639,random,uniform,644793,100,257,0.03,3,0.45,0.1,50,0.05,1,0.66,0.18,0.02,0.01
640,random,uniform,645802,100,259,0.03,3,0.45,0.1,50,0.04,1,0.68,0.14,0.02,0.01
641,random,uniform,646811,100,259,0.03,3,0.45,0.1,50,0.04,1,0.68,0.1,0.0,0.0
642,random,uniform,647820,100,243,0.03,3,0.45,0.1,50,0.06,1,0.67,0.19,0.02,0.0
643,random,uniform,648829,100,224,0.03,3,0.45,0.1,50,0.05,1,0.73,0.27,0.07,0.01
644,random,uniform,649838,100,234,0.03,3,0.45,0.1,50,0.05,1,0.68,0.21,0.01,0.01
645,random,uniform,650847,100,244,0.03,3,0.45,0.1,50,0.04,1,0.74,0.27,0.03,0.0
646,random,uniform,651856,100,215,0.03,3,0.45,0.1,50,0.06,1,0.66,0.22,0.04,0.02
647,random,uniform,652865,100,237,0.03,3,0.45,0.1,50,0.07,1,0.66,0.13,0.01,0.0
648,random,uniform,653874,100,259,0.03,3,0.45,0.1,50,0.05,2,0.61,0.06,0.02,0.02
649,random,uniform,654883,100,235,0.03,3,0.45,0.1,50,0.04,1,0.73,0.26,0.02,0.02
650,random,uniform,655892,100,244,0.03,3,0.45,0.1,50,0.12,3,0.56,0.08,0.01,0.01
651,random,uniform,656901,100,269,0.03,3,0.45,0.1,50,0.05,1,0.69,0.14,0.02,0.0
652,random,uniform,657910,100,237,0.03,3,0.45,0.1,50,0.05,1,0.67,0.13,0.02,0.01
653,random,uniform,658919,100,259,0.03,3,0.45,0.1,50,0.05,1,0.68,0.16,0.0,0.0
654,random,uniform,659928,100,261,0.03,3,0.45,0.1,50,0.09,2,0.63,0.17,0.0,0.0
655,random,uniform,660937,100,262,0.03,3,0.45,0.1,50,0.04,1,0.69,0.21,0.0,0.0
656,random,uniform,661946,100,229,0.03,3,0.45,0.1,50,0.07,2,0.71,0.23,0.01,0.01
657,random,uniform,662955,100,278,0.03,3,0.45,0.1,50,0.08,4,0.56,0.07,0.0,0.0
658,random,uniform,663964,100,254,0.03,3,0.45,0.1,50,0.03,0,0.69,0.17,0.03,0.02
659,random,uniform,664973,100,250,0.03,3,0.45,0.1,50,0.03,0,0.7,0.18,0.0,0.0
660,random,uniform,665982,100,258,0.03,3,0.45,0.1,50,0.05,1,0.65,0.14,0.0,0.0
661,random,uniform,666991,100,230,0.03,3,0.45,0.1,50,0.06,1,0.65,0.14,0.03,0.03
662,random,uniform,668000,100,270,0.03,3,0.45,0.1,50,0.04,1,0.7,0.19,0.02,0.0
663,random,uniform,669009,100,249,0.03,3,0.45,0.1,50,0.03,0,0.72,0.2,0.03,0.0
664,random,uniform,670018,100,257,0.03,3,0.45,0.1,50,0.03,0,0.68,0.12,0.0,0.0
665,random,uniform,671027,100,221,0.03,3,0.45,0.1,50,0.09,2,0.64,0.15,0.01,0.01
666,random,uniform,672036,100,247,0.03,3,0.45,0.1,50,0.08,1,0.69,0.21,0.01,0.0
667,random,uniform,673045,100,226,0.03,3,0.45,0.1,50,0.11,3,0.6,0.19,0.01,0.0
668,random,uniform,674054,100,270,0.03,3,0.45,0.1,50,0.03,0,0.73,0.2,0.01,0.0
669,random,uniform,675063,100,255,0.03,3,0.45,0.1,50,0.05,1,0.66,0.15,0.0,0.0
670,random,uniform,676072,100,272,0.03,3,0.45,0.1,50,0.06,2,0.62,0.11,0.0,0.0
671,random,uniform,677081,100,275,0.03,3,0.45,0.1,50,0.04,1,0.65,0.1,0.01,0.01
672,random,uniform,678090,100,253,0.03,3,0.45,0.1,50,0.04,1,0.66,0.16,0.02,0.01
673,random,uniform,679099,100,260,0.03,3,0.45,0.1,50,0.03,0,0.67,0.15,0.02,0.01
674,random,uniform,680108,100,262,0.03,3,0.45,0.1,50,0.03,0,0.71,0.14,0.0,0.0
675,random,uniform,681117,100,270,0.03,3,0.45,0.1,50,0.07,2,0.62,0.09,0.0,0.0
676,random,uniform,682126,100,229,0.03,3,0.45,0.1,50,0.05,1,0.71,0.23,0.01,0.0
677,random,uniform,683135,100,277,0.03,3,0.45,0.1,50,0.06,3,0.64,0.11,0.0,0.0
678,random,uniform,684144,100,242,0.03,3,0.45,0.1,50,0.04,1,0.73,0.23,0.01,0.0
679,random,uniform,685153,100,256,0.03,3,0.45,0.1,50,0.06,1,0.66,0.13,0.0,0.0
680,random,uniform,686162,100,252,0.03,3,0.45,0.1,50,0.05,1,0.7,0.2,0.01,0.0
681,random,uniform,687171,100,270,0.03,3,0.45,0.1,50,0.03,0,0.75,0.21,0.0,0.0
682,random,uniform,688180,100,256,0.03,3,0.45,0.1,50,0.04,1,0.67,0.15,0.0,0.0
683,random,uniform,689189,100,250,0.03,3,0.45,0.1,50,0.03,0,0.67,0.16,0.0,0.0
684,random,uniform,690198,100,236,0.03,3,0.45,0.1,50,0.07,1,0.61,0.1,0.01,0.01
685,random,uniform,691207,100,234,0.03,3,0.45,0.1,50,0.09,3,0.65,0.21,0.03,0.01
686,random,uniform,692216,100,250,0.03,3,0.45,0.1,50,0.04,1,0.66,0.13,0.03,0.03
687,random,uniform,693225,100,261,0.03,3,0.45,0.1,50,0.03,0,0.72,0.26,0.0,0.0
688,random,uniform,694234,100,260,0.03,3,0.45,0.1,50,0.04,1,0.69,0.18,0.02,0.01
689,random,uniform,695243,100,261,0.03,3,0.45,0.1,50,0.05,1,0.65,0.21,0.0,0.0
690,random,uniform,696252,100,225,0.03,3,0.45,0.1,50,0.1,3,0.66,0.2,0.0,0.0
691,random,uniform,697261,100,261,0.03,3,0.45,0.1,50,0.04,1,0.68,0.21,0.0,0.0
692,random,uniform,698270,100,247,0.03,3,0.45,0.1,50,0.07,2,0.7,0.22,0.01,0.0
693,random,uniform,699279,100,262,0.03,3,0.45,0.1,50,0.08,2,0.65,0.17,0.02,0.0
694,random,uniform,700288,100,240,0.03,3,0.45,0.1,50,0.05,1,0.69,0.22,0.04,0.01
695,random,uniform,701297,100,258,0.03,3,0.45,0.1,50,0.05,1,0.71,0.22,0.01,0.0
696,random,uniform,702306,100,259,0.03,3,0.45,0.1,50,0.04,1,0.68,0.15,0.01,0.01
697,random,uniform,703315,100,234,0.03,3,0.45,0.1,50,0.11,2,0.57,0.11,0.02,0.02
698,random,uniform,704324,100,252,0.03,3,0.45,0.1,50,0.04,1,0.67,0.14,0.0,0.0
699,random,uniform,705333,100,237,0.03,3,0.45,0.1,50,0.05,1,0.64,0.11,0.02,0.02
700,random,uniform,706342,100,264,0.03,3,0.45,0.1,50,0.05,2,0.66,0.18,0.0,0.0
701,random,uniform,707351,100,252,0.03,3,0.45,0.1,50,0.05,1,0.66,0.15,0.03,0.0
702,random,uniform,708360,100,230,0.03,3,0.45,0.1,50,0.04,1,0.67,0.14,0.02,0.01
703,random,uniform,709369,100,263,0.03,3,0.45,0.1,50,0.04,1,0.71,0.16,0.03,0.0
704,random,uniform,710378,100,241,0.03,3,0.45,0.1,50,0.08,1,0.68,0.2,0.04,0.03
705,random,uniform,711387,100,253,0.03,3,0.45,0.1,50,0.07,1,0.67,0.19,0.0,0.0
706,random,uniform,712396,100,213,0.03,3,0.45,0.1,50,0.07,3,0.69,0.23,0.03,0.01
707,random,uniform,713405,100,243,0.03,3,0.45,0.1,50,0.04,1,0.74,0.28,0.05,0.01
708,random,uniform,714414,100,229,0.03,3,0.45,0.1,50,0.07,2,0.7,0.23,0.0,0.0
709,random,uniform,715423,100,255,0.03,3,0.45,0.1,50,0.07,2,0.65,0.12,0.03,0.03
710,random,uniform,716432,100,239,0.03,3,0.45,0.1,50,0.03,0,0.69,0.13,0.01,0.0
711,random,uniform,717441,100,253,0.03,3,0.45,0.1,50,0.09,2,0.58,0.09,0.0,0.0
712,random,uniform,718450,100,249,0.03,3,0.45,0.1,50,0.07,3,0.66,0.12,0.01,0.0
713,random,uniform,719459,100,233,0.03,3,0.45,0.1,50,0.09,4,0.69,0.21,0.01,0.01
714,random,uniform,720468,100,241,0.03,3,0.45,0.1,50,0.04,1,0.7,0.23,0.01,0.01
715,random,uniform,721477,100,236,0.03,3,0.45,0.1,50,0.04,1,0.71,0.21,0.08,0.03
716,random,uniform,722486,100,229,0.03,3,0.45,0.1,50,0.05,1,0.67,0.23,0.04,0.03
717,random,uniform,723495,100,272,0.03,3,0.45,0.1,50,0.04,1,0.65,0.11,0.0,0.0
718,random,uniform,724504,100,248,0.03,3,0.45,0.1,50,0.05,1,0.71,0.19,0.02,0.01
719,random,uniform,725513,100,227,0.03,3,0.45,0.1,50,0.07,2,0.65,0.19,0.02,0.01
720,random,uniform,726522,100,225,0.03,3,0.45,0.1,50,0.05,2,0.68,0.19,0.02,0.01
721,random,uniform,727531,100,219,0.03,3,0.45,0.1,50,0.03,0,0.72,0.2,0.04,0.01
722,random,uniform,728540,100,256,0.03,3,0.45,0.1,50,0.04,1,0.68,0.18,0.0,0.0
723,random,uniform,729549,100,268,0.03,3,0.45,0.1,50,0.05,2,0.7,0.18,0.01,0.01
724,random,uniform,730558,100,254,0.03,3,0.45,0.1,50,0.06,1,0.67,0.14,0.02,0.01
725,random,uniform,731567,100,272,0.03,3,0.45,0.1,50,0.04,1,0.7,0.18,0.01,0.01
726,random,uniform,732576,100,223,0.03,3,0.45,0.1,50,0.07,1,0.69,0.24,0.07,0.02
727,random,uniform,733585,100,244,0.03,3,0.45,0.1,50,0.06,1,0.66,0.19,0.01,0.0
728,random,uniform,734594,100,248,0.03,3,0.45,0.1,50,0.07,1,0.65,0.18,0.01,0.01
729,random,uniform,735603,100,243,0.03,3,0.45,0.1,50,0.1,2,0.62,0.14,0.01,0.01
730,random,uniform,736612,100,240,0.03,3,0.45,0.1,50,0.08,2,0.67,0.23,0.03,0.02
731,random,uniform,737621,100,243,0.03,3,0.45,0.1,50,0.08,3,0.63,0.17,0.01,0.0
732,random,uniform,738630,100,242,0.03,3,0.45,0.1,50,0.05,1,0.67,0.16,0.02,0.0
733,random,uniform,739639,100,262,0.03,3,0.45,0.1,50,0.05,2,0.68,0.2,0.0,0.0
734,random,uniform,740648,100,266,0.03,3,0.45,0.1,50,0.08,2,0.67,0.15,0.0,0.0
735,random,uniform,741657,100,241,0.03,3,0.45,0.1,50,0.04,1,0.67,0.19,0.03,0.01
736,random,uniform,742666,100,246,0.03,3,0.45,0.1,50,0.04,1,0.7,0.2,0.02,0.0
737,random,uniform,743675,100,262,0.03,3,0.45,0.1,50,0.06,2,0.61,0.07,0.0,0.0
738,random,uniform,744684,100,236,0.03,3,0.45,0.1,50,0.05,1,0.68,0.17,0.01,0.01
739,random,uniform,745693,100,237,0.03,3,0.45,0.1,50,0.06,1,0.72,0.25,0.02,0.0
740,random,uniform,746702,100,238,0.03,3,0.45,0.1,50,0.06,1,0.73,0.29,0.03,0.0
741,random,uniform,747711,100,234,0.03,3,0.45,0.1,50,0.09,2,0.63,0.18,0.03,0.01
742,random,uniform,748720,100,253,0.03,3,0.45,0.1,50,0.07,1,0.69,0.16,0.0,0.0
743,random,uniform,749729,100,231,0.03,3,0.45,0.1,50,0.04,1,0.7,0.28,0.03,0.0
744,random,uniform,750738,100,229,0.03,3,0.45,0.1,50,0.08,2,0.64,0.19,0.02,0.01
745,random,uniform,751747,100,228,0.03,3,0.45,0.1,50,0.08,2,0.67,0.18,0.03,0.0
746,random,uniform,752756,100,239,0.03,3,0.45,0.1,50,0.05,1,0.66,0.16,0.01,0.01
747,random,uniform,753765,100,254,0.03,3,0.45,0.1,50,0.06,1,0.67,0.15,0.03,0.02
748,random,uniform,754774,100,259,0.03,3,0.45,0.1,50,0.04,1,0.66,0.15,0.01,0.0
749,random,uniform,755783,100,254,0.03,3,0.45,0.1,50,0.04,1,0.72,0.21,0.04,0.02
750,random,uniform,756792,100,239,0.03,3,0.45,0.1,50,0.06,2,0.65,0.17,0.05,0.04
751,random,uniform,757801,100,265,0.03,3,0.45,0.1,50,0.07,2,0.62,0.14,0.0,0.0
752,random,uniform,758810,100,239,0.03,3,0.45,0.1,50,0.04,1,0.66,0.16,0.01,0.01
753,random,uniform,759819,100,259,0.03,3,0.45,0.1,50,0.04,1,0.65,0.16,0.02,0.01
754,random,uniform,760828,100,224,0.03,3,0.45,0.1,50,0.06,1,0.62,0.11,0.01,0.01
755,random,uniform,761837,100,235,0.03,3,0.45,0.1,50,0.03,0,0.74,0.27,0.03,0.02
756,random,uniform,762846,100,243,0.03,3,0.45,0.1,50,0.07,1,0.7,0.24,0.02,0.0
757,random,uniform,763855,100,267,0.03,3,0.45,0.1,50,0.04,1,0.64,0.1,0.0,0.0
758,random,uniform,764864,100,249,0.03,3,0.45,0.1,50,0.06,1,0.69,0.19,0.03,0.0
759,random,uniform,765873,100,258,0.03,3,0.45,0.1,50,0.04,1,0.7,0.2,0.0,0.0
760,random,uniform,766882,100,241,0.03,3,0.45,0.1,50,0.04,1,0.7,0.19,0.02,0.01
761,random,uniform,767891,100,228,0.03,3,0.45,0.1,50,0.06,1,0.69,0.15,0.0,0.0
762,random,uniform,768900,100,243,0.03,3,0.45,0.1,50,0.1,4,0.59,0.15,0.03,0.02
763,random,uniform,769909,100,231,0.03,3,0.45,0.1,50,0.04,1,0.72,0.24,0.04,0.0
764,random,uniform,770918,100,279,0.03,3,0.45,0.1,50,0.03,0,0.68,0.08,0.01,0.01
765,random,uniform,771927,100,249,0.03,3,0.45,0.1,50,0.1,4,0.59,0.1,0.0,0.0
766,random,uniform,772936,100,242,0.03,3,0.45,0.1,50,0.03,0,0.69,0.16,0.0,0.0
767,random,uniform,773945,100,253,0.03,3,0.45,0.1,50,0.07,3,0.62,0.12,0.03,0.02
768,random,uniform,774954,100,251,0.03,3,0.45,0.1,50,0.04,1,0.74,0.3,0.02,0.0
769,random,uniform,775963,100,223,0.03,3,0.45,0.1,50,0.07,1,0.74,0.29,0.03,0.0
770,random,uniform,776972,100,241,0.03,3,0.45,0.1,50,0.04,1,0.69,0.24,0.03,0.01
771,random,uniform,777981,100,260,0.03,3,0.45,0.1,50,0.03,0,0.71,0.16,0.0,0.0
772,random,uniform,778990,100,235,0.03,3,0.45,0.1,50,0.09,2,0.63,0.17,0.02,0.0
773,random,uniform,779999,100,244,0.03,3,0.45,0.1,50,0.08,3,0.61,0.16,0.03,0.03
774,random,uniform,781008,100,239,0.03,3,0.45,0.1,50,0.03,0,0.71,0.15,0.01,0.01
775,random,uniform,782017,100,243,0.03,3,0.45,0.1,50,0.04,1,0.74,0.23,0.04,0.0
776,random,uniform,783026,100,276,0.03,3,0.45,0.1,50,0.04,1,0.66,0.15,0.01,0.01
777,random,uniform,784035,100,216,0.03,3,0.45,0.1,50,0.07,1,0.69,0.27,0.02,0.01
778,random,uniform,785044,100,231,0.03,3,0.45,0.1,50,0.05,1,0.68,0.28,0.03,0.01
779,random,uniform,786053,100,233,0.03,3,0.45,0.1,50,0.06,1,0.67,0.2,0.03,0.01
780,random,uniform,787062,100,239,0.03,3,0.45,0.1,50,0.07,2,0.66,0.19,0.01,0.0
781,random,uniform,788071,100,258,0.03,3,0.45,0.1,50,0.06,3,0.65,0.15,0.0,0.0
782,random,uniform,789080,100,246,0.03,3,0.45,0.1,50,0.05,2,0.64,0.18,0.04,0.02
783,random,uniform,790089,100,210,0.03,3,0.45,0.1,50,0.08,2,0.64,0.14,0.05,0.05
784,random,uniform,791098,100,254,0.03,3,0.45,0.1,50,0.04,1,0.65,0.16,0.02,0.01
785,random,uniform,792107,100,233,0.03,3,0.45,0.1,50,0.08,2,0.68,0.17,0.0,0.0
786,random,uniform,793116,100,255,0.03,3,0.45,0.1,50,0.06,1,0.67,0.18,0.0,0.0
787,random,uniform,794125,100,253,0.03,3,0.45,0.1,50,0.05,1,0.65,0.17,0.01,0.0
788,random,uniform,795134,100,232,0.03,3,0.45,0.1,50,0.07,3,0.68,0.14,0.0,0.0
789,random,uniform,796143,100,257,0.03,3,0.45,0.1,50,0.03,0,0.71,0.22,0.01,0.0
790,random,uniform,797152,100,251,0.03,3,0.45,0.1,50,0.05,1,0.7,0.24,0.03,0.02
791,random,uniform,798161,100,247,0.03,3,0.45,0.1,50,0.03,0,0.72,0.18,0.0,0.0
792,random,uniform,799170,100,260,0.03,3,0.45,0.1,50,0.04,1,0.66,0.14,0.02,0.01
793,random,uniform,800179,100,247,0.03,3,0.45,0.1,50,0.04,1,0.67,0.16,0.02,0.02
794,random,uniform,801188,100,217,0.03,3,0.45,0.1,50,0.07,1,0.66,0.12,0.0,0.0
795,random,uniform,802197,100,250,0.03,3,0.45,0.1,50,0.04,1,0.7,0.19,0.04,0.0
796,random,uniform,803206,100,246,0.03,3,0.45,0.1,50,0.03,0,0.7,0.21,0.03,0.02
797,random,uniform,804215,100,247,0.03,3,0.45,0.1,50,0.05,1,0.69,0.15,0.0,0.0
798,random,uniform,805224,100,243,0.03,3,0.45,0.1,50,0.06,2,0.62,0.11,0.0,0.0
799,random,uniform,806233,100,245,0.03,3,0.45,0.1,50,0.06,2,0.64,0.11,0.0,0.0
800,random,uniform,807242,100,276,0.03,3,0.45,0.1,50,0.04,1,0.69,0.16,0.0,0.0
801,random,uniform,808251,100,263,0.03,3,0.45,0.1,50,0.05,1,0.64,0.13,0.0,0.0
802,random,uniform,809260,100,260,0.03,3,0.45,0.1,50,0.07,2,0.61,0.1,0.01,0.01
803,random,uniform,810269,100,225,0.03,3,0.45,0.1,50,0.05,2,0.66,0.13,0.02,0.0
804,random,uniform,811278,100,274,0.03,3,0.45,0.1,50,0.05,1,0.66,0.15,0.01,0.0
805,random,uniform,812287,100,246,0.03,3,0.45,0.1,50,0.06,1,0.7,0.2,0.02,0.01
806,random,uniform,813296,100,260,0.03,3,0.45,0.1,50,0.04,1,0.71,0.18,0.01,0.01
807,random,uniform,814305,100,249,0.03,3,0.45,0.1,50,0.05,1,0.67,0.14,0.01,0.01
808,random,uniform,815314,100,253,0.03,3,0.45,0.1,50,0.04,1,0.7,0.26,0.02,0.0
809,random,uniform,816323,100,228,0.03,3,0.45,0.1,50,0.03,0,0.7,0.24,0.02,0.01
810,random,uniform,817332,100,244,0.03,3,0.45,0.1,50,0.08,2,0.63,0.13,0.0,0.0
811,random,uniform,818341,100,230,0.03,3,0.45,0.1,50,0.08,2,0.63,0.17,0.04,0.01
812,random,uniform,819350,100,274,0.03,3,0.45,0.1,50,0.05,1,0.66,0.13,0.01,0.0
813,random,uniform,820359,100,221,0.03,3,0.45,0.1,50,0.07,2,0.69,0.2,0.03,0.01
814,random,uniform,821368,100,252,0.03,3,0.45,0.1,50,0.05,1,0.66,0.17,0.0,0.0
815,random,uniform,822377,100,234,0.03,3,0.45,0.1,50,0.06,2,0.66,0.11,0.02,0.02
816,random,uniform,823386,100,250,0.03,3,0.45,0.1,50,0.08,1,0.61,0.16,0.02,0.02
817,random,uniform,824395,100,242,0.03,3,0.45,0.1,50,0.07,2,0.68,0.19,0.02,0.01
818,random,uniform,825404,100,240,0.03,3,0.45,0.1,50,0.08,3,0.67,0.19,0.01,0.01
819,random,uniform,826413,100,260,0.03,3,0.45,0.1,50,0.08,2,0.64,0.19,0.01,0.0
820,random,uniform,827422,100,247,0.03,3,0.45,0.1,50,0.09,2,0.67,0.18,0.02,0.0
821,random,uniform,828431,100,259,0.03,3,0.45,0.1,50,0.08,3,0.67,0.11,0.0,0.0
822,random,uniform,829440,100,215,0.03,3,0.45,0.1,50,0.07,2,0.69,0.27,0.04,0.01
823,random,uniform,830449,100,250,0.03,3,0.45,0.1,50,0.04,1,0.66,0.16,0.02,0.0
824,random,uniform,831458,100,242,0.03,3,0.45,0.1,50,0.04,1,0.68,0.19,0.02,0.01
825,random,uniform,832467,100,255,0.03,3,0.45,0.1,50,0.04,1,0.7,0.16,0.0,0.0
826,random,uniform,833476,100,245,0.03,3,0.45,0.1,50,0.03,0,0.72,0.19,0.02,0.0
827,random,uniform,834485,100,277,0.03,3,0.45,0.1,50,0.07,1,0.61,0.12,0.01,0.01
828,random,uniform,835494,100,246,0.03,3,0.45,0.1,50,0.1,2,0.59,0.13,0.01,0.01
829,random,uniform,836503,100,244,0.03,3,0.45,0.1,50,0.05,2,0.66,0.17,0.03,0.02
830,random,uniform,837512,100,266,0.03,3,0.45,0.1,50,0.05,1,0.72,0.19,0.02,0.0
831,random,uniform,838521,100,245,0.03,3,0.45,0.1,50,0.04,1,0.7,0.14,0.02,0.01
832,random,uniform,839530,100,253,0.03,3,0.45,0.1,50,0.05,1,0.65,0.11,0.02,0.01
833,random,uniform,840539,100,264,0.03,3,0.45,0.1,50,0.06,1,0.68,0.18,0.0,0.0
834,random,uniform,841548,100,246,0.03,3,0.45,0.1,50,0.05,1,0.64,0.14,0.01,0.01
835,random,uniform,842557,100,234,0.03,3,0.45,0.1,50,0.07,1,0.69,0.26,0.02,0.0
836,random,uniform,843566,100,232,0.03,3,0.45,0.1,50,0.1,3,0.62,0.14,0.01,0.0
837,random,uniform,844575,100,257,0.03,3,0.45,0.1,50,0.04,1,0.71,0.11,0.0,0.0
838,random,uniform,845584,100,254,0.03,3,0.45,0.1,50,0.05,1,0.66,0.15,0.02,0.0
839,random,uniform,846593,100,237,0.03,3,0.45,0.1,50,0.07,3,0.65,0.18,0.01,0.01
840,random,uniform,847602,100,218,0.03,3,0.45,0.1,50,0.09,3,0.69,0.3,0.05,0.02
841,random,uniform,848611,100,236,0.03,3,0.45,0.1,50,0.1,4,0.63,0.17,0.01,0.0
842,random,uniform,849620,100,264,0.03,3,0.45,0.1,50,0.04,1,0.71,0.24,0.0,0.0
843,random,uniform,850629,100,229,0.03,3,0.45,0.1,50,0.07,2,0.64,0.22,0.02,0.0
844,random,uniform,851638,100,260,0.03,3,0.45,0.1,50,0.03,0,0.65,0.14,0.01,0.0
845,random,uniform,852647,100,254,0.03,3,0.45,0.1,50,0.06,1,0.68,0.18,0.04,0.03
846,random,uniform,853656,100,255,0.03,3,0.45,0.1,50,0.06,1,0.68,0.13,0.02,0.02
847,random,uniform,854665,100,277,0.03,3,0.45,0.1,50,0.06,1,0.65,0.14,0.0,0.0
848,random,uniform,855674,100,259,0.03,3,0.45,0.1,50,0.04,1,0.7,0.22,0.01,0.01
849,random,uniform,856683,100,250,0.03,3,0.45,0.1,50,0.06,1,0.66,0.11,0.01,0.0
850,random,uniform,857692,100,246,0.03,3,0.45,0.1,50,0.04,1,0.72,0.17,0.01,0.0
851,random,uniform,858701,100,265,0.03,3,0.45,0.1,50,0.05,1,0.61,0.12,0.01,0.01
852,random,uniform,859710,100,242,0.03,3,0.45,0.1,50,0.06,1,0.72,0.27,0.03,0.02
853,random,uniform,860719,100,233,0.03,3,0.45,0.1,50,0.07,2,0.68,0.24,0.04,0.03
854,random,uniform,861728,100,254,0.03,3,0.45,0.1,50,0.04,1,0.72,0.21,0.02,0.01
855,random,uniform,862737,100,250,0.03,3,0.45,0.1,50,0.07,2,0.66,0.18,0.02,0.0
856,random,uniform,863746,100,248,0.03,3,0.45,0.1,50,0.05,2,0.7,0.17,0.01,0.01
857,random,uniform,864755,100,243,0.03,3,0.45,0.1,50,0.05,1,0.68,0.22,0.0,0.0
858,random,uniform,865764,100,236,0.03,3,0.45,0.1,50,0.03,0,0.72,0.23,0.04,0.0
859,random,uniform,866773,100,252,0.03,3,0.45,0.1,50,0.04,1,0.65,0.18,0.01,0.0
860,random,uniform,867782,100,242,0.03,3,0.45,0.1,50,0.05,1,0.71,0.17,0.0,0.0
861,random,uniform,868791,100,273,0.03,3,0.45,0.1,50,0.04,1,0.67,0.11,0.01,0.01
862,random,uniform,869800,100,271,0.03,3,0.45,0.1,50,0.04,1,0.67,0.13,0.01,0.0
863,random,uniform,870809,100,235,0.03,3,0.45,0.1,50,0.05,1,0.66,0.14,0.03,0.01
864,random,uniform,871818,100,230,0.03,3,0.45,0.1,50,0.06,2,0.72,0.22,0.06,0.02
865,random,uniform,872827,100,236,0.03,3,0.45,0.1,50,0.07,1,0.72,0.25,0.04,0.0
866,random,uniform,873836,100,267,0.03,3,0.45,0.1,50,0.05,1,0.68,0.17,0.01,0.0
867,random,uniform,874845,100,240,0.03,3,0.45,0.1,50,0.06,1,0.7,0.28,0.03,0.01
868,random,uniform,875854,100,263,0.03,3,0.45,0.1,50,0.04,1,0.67,0.13,0.0,0.0
869,random,uniform,876863,100,236,0.03,3,0.45,0.1,50,0.06,1,0.64,0.23,0.05,0.02
870,random,uniform,877872,100,277,0.03,3,0.45,0.1,50,0.05,1,0.64,0.1,0.0,0.0
871,random,uniform,878881,100,264,0.03,3,0.45,0.1,50,0.03,0,0.72,0.16,0.0,0.0
872,random,uniform,879890,100,278,0.03,3,0.45,0.1,50,0.04,1,0.72,0.21,0.0,0.0
873,random,uniform,880899,100,239,0.03,3,0.45,0.1,50,0.1,2,0.61,0.18,0.0,0.0
874,random,uniform,881908,100,224,0.03,3,0.45,0.1,50,0.08,1,0.66,0.22,0.04,0.01
875,random,uniform,882917,100,254,0.03,3,0.45,0.1,50,0.06,1,0.65,0.15,0.02,0.02
876,random,uniform,883926,100,234,0.03,3,0.45,0.1,50,0.04,1,0.71,0.24,0.0,0.0
877,random,uniform,884935,100,243,0.03,3,0.45,0.1,50,0.07,2,0.65,0.16,0.03,0.02
878,random,uniform,885944,100,241,0.03,3,0.45,0.1,50,0.09,3,0.62,0.18,0.03,0.01
879,random,uniform,886953,100,221,0.03,3,0.45,0.1,50,0.09,3,0.61,0.2,0.02,0.01
880,random,uniform,887962,100,254,0.03,3,0.45,0.1,50,0.04,1,0.68,0.11,0.02,0.02
881,random,uniform,888971,100,266,0.03,3,0.45,0.1,50,0.05,1,0.69,0.2,0.01,0.0
882,random,uniform,889980,100,230,0.03,3,0.45,0.1,50,0.05,1,0.69,0.18,0.02,0.01
883,random,uniform,890989,100,235,0.03,3,0.45,0.1,50,0.04,1,0.68,0.19,0.01,0.0
884,random,uniform,891998,100,224,0.03,3,0.45,0.1,50,0.04,1,0.72,0.27,0.09,0.02
885,random,uniform,893007,100,245,0.03,3,0.45,0.1,50,0.06,2,0.68,0.2,0.01,0.0
886,random,uniform,894016,100,286,0.03,3,0.45,0.1,50,0.03,0,0.66,0.15,0.01,0.01
887,random,uniform,895025,100,255,0.03,3,0.45,0.1,50,0.05,1,0.71,0.23,0.0,0.0
888,random,uniform,896034,100,237,0.03,3,0.45,0.1,50,0.04,1,0.71,0.21,0.02,0.01
889,random,uniform,897043,100,248,0.03,3,0.45,0.1,50,0.05,2,0.68,0.15,0.01,0.01
890,random,uniform,898052,100,268,0.03,3,0.45,0.1,50,0.05,2,0.67,0.15,0.01,0.0
891,random,uniform,899061,100,267,0.03,3,0.45,0.1,50,0.05,1,0.7,0.21,0.03,0.0
892,random,uniform,900070,100,257,0.03,3,0.45,0.1,50,0.03,0,0.7,0.2,0.0,0.0
893,random,uniform,901079,100,265,0.03,3,0.45,0.1,50,0.06,1,0.61,0.1,0.0,0.0
894,random,uniform,902088,100,247,0.03,3,0.45,0.1,50,0.05,1,0.7,0.18,0.01,0.0
895,random,uniform,903097,100,268,0.03,3,0.45,0.1,50,0.07,4,0.66,0.12,0.0,0.0
896,random,uniform,904106,100,246,0.03,3,0.45,0.1,50,0.04,1,0.68,0.21,0.05,0.01
897,random,uniform,905115,100,249,0.03,3,0.45,0.1,50,0.04,1,0.69,0.16,0.01,0.0
898,random,uniform,906124,100,238,0.03,3,0.45,0.1,50,0.08,3,0.66,0.14,0.02,0.01
899,random,uniform,907133,100,235,0.03,3,0.45,0.1,50,0.07,1,0.7,0.25,0.03,0.0
900,random,uniform,908142,100,235,0.03,3,0.45,0.1,50,0.06,1,0.67,0.19,0.02,0.01
901,random,uniform,909151,100,228,0.03,3,0.45,0.1,50,0.05,1,0.68,0.2,0.03,0.01
902,random,uniform,910160,100,253,0.03,3,0.45,0.1,50,0.06,1,0.63,0.16,0.01,0.0
903,random,uniform,911169,100,255,0.03,3,0.45,0.1,50,0.05,1,0.65,0.13,0.0,0.0
904,random,uniform,912178,100,239,0.03,3,0.45,0.1,50,0.06,1,0.65,0.1,0.01,0.0
905,random,uniform,913187,100,264,0.03,3,0.45,0.1,50,0.03,0,0.7,0.17,0.01,0.0
906,random,uniform,914196,100,256,0.03,3,0.45,0.1,50,0.07,2,0.6,0.06,0.0,0.0
907,random,uniform,915205,100,248,0.03,3,0.45,0.1,50,0.03,0,0.71,0.19,0.02,0.0
908,random,uniform,916214,100,243,0.03,3,0.45,0.1,50,0.04,1,0.7,0.24,0.04,0.03
909,random,uniform,917223,100,225,0.03,3,0.45,0.1,50,0.03,0,0.69,0.19,0.02,0.02
910,random,uniform,918232,100,252,0.03,3,0.45,0.1,50,0.05,1,0.67,0.26,0.03,0.0
911,random,uniform,919241,100,268,0.03,3,0.45,0.1,50,0.04,1,0.65,0.14,0.02,0.01
912,random,uniform,920250,100,259,0.03,3,0.45,0.1,50,0.05,2,0.72,0.3,0.0,0.0
913,random,uniform,921259,100,247,0.03,3,0.45,0.1,50,0.05,1,0.67,0.2,0.01,0.0
914,random,uniform,922268,100,268,0.03,3,0.45,0.1,50,0.04,1,0.67,0.14,0.01,0.01
915,random,uniform,923277,100,231,0.03,3,0.45,0.1,50,0.1,3,0.67,0.21,0.05,0.01
916,random,uniform,924286,100,217,0.03,3,0.45,0.1,50,0.12,3,0.64,0.22,0.01,0.01
917,random,uniform,925295,100,242,0.03,3,0.45,0.1,50,0.05,1,0.68,0.2,0.03,0.01
918,random,uniform,926304,100,237,0.03,3,0.45,0.1,50,0.05,2,0.67,0.18,0.02,0.01
919,random,uniform,927313,100,230,0.03,3,0.45,0.1,50,0.06,1,0.64,0.15,0.03,0.02
920,random,uniform,928322,100,263,0.03,3,0.45,0.1,50,0.04,1,0.7,0.14,0.0,0.0
921,random,uniform,929331,100,219,0.03,3,0.45,0.1,50,0.03,0,0.74,0.25,0.08,0.04
922,random,uniform,930340,100,221,0.03,3,0.45,0.1,50,0.06,1,0.7,0.18,0.0,0.0
923,random,uniform,931349,100,231,0.03,3,0.45,0.1,50,0.04,1,0.71,0.22,0.03,0.01
924,random,uniform,932358,100,241,0.03,3,0.45,0.1,50,0.1,2,0.61,0.11,0.0,0.0
925,random,uniform,933367,100,229,0.03,3,0.45,0.1,50,0.08,3,0.67,0.22,0.01,0.01
926,random,uniform,934376,100,258,0.03,3,0.45,0.1,50,0.07,1,0.65,0.18,0.02,0.01
927,random,uniform,935385,100,236,0.03,3,0.45,0.1,50,0.04,1,0.7,0.26,0.03,0.01
928,random,uniform,936394,100,242,0.03,3,0.45,0.1,50,0.03,0,0.7,0.17,0.03,0.02
929,random,uniform,937403,100,212,0.03,3,0.45,0.1,50,0.05,1,0.76,0.35,0.08,0.02
930,random,uniform,938412,100,255,0.03,3,0.45,0.1,50,0.06,2,0.67,0.13,0.0,0.0
931,random,uniform,939421,100,254,0.03,3,0.45,0.1,50,0.06,1,0.61,0.12,0.01,0.0
932,random,uniform,940430,100,270,0.03,3,0.45,0.1,50,0.06,1,0.64,0.16,0.02,0.02
933,random,uniform,941439,100,231,0.03,3,0.45,0.1,50,0.06,2,0.72,0.28,0.0,0.0
934,random,uniform,942448,100,231,0.03,3,0.45,0.1,50,0.08,2,0.7,0.24,0.01,0.01
935,random,uniform,943457,100,246,0.03,3,0.45,0.1,50,0.04,1,0.67,0.12,0.0,0.0
936,random,uniform,944466,100,238,0.03,3,0.45,0.1,50,0.08,2,0.66,0.19,0.01,0.0
937,random,uniform,945475,100,239,0.03,3,0.45,0.1,50,0.05,1,0.65,0.13,0.0,0.0
938,random,uniform,946484,100,244,0.03,3,0.45,0.1,50,0.04,1,0.68,0.16,0.0,0.0
939,random,uniform,947493,100,218,0.03,3,0.45,0.1,50,0.09,3,0.63,0.24,0.02,0.01
940,random,uniform,948502,100,245,0.03,3,0.45,0.1,50,0.09,3,0.63,0.2,0.01,0.01
941,random,uniform,949511,100,232,0.03,3,0.45,0.1,50,0.06,1,0.71,0.21,0.0,0.0
942,random,uniform,950520,100,245,0.03,3,0.45,0.1,50,0.05,1,0.71,0.23,0.02,0.01
943,random,uniform,951529,100,224,0.03,3,0.45,0.1,50,0.07,2,0.65,0.2,0.03,0.03
944,random,uniform,952538,100,247,0.03,3,0.45,0.1,50,0.06,2,0.65,0.17,0.03,0.0
945,random,uniform,953547,100,246,0.03,3,0.45,0.1,50,0.04,1,0.71,0.19,0.0,0.0
946,random,uniform,954556,100,248,0.03,3,0.45,0.1,50,0.06,1,0.66,0.16,0.0,0.0
947,random,uniform,955565,100,238,0.03,3,0.45,0.1,50,0.05,1,0.72,0.23,0.01,0.01
948,random,uniform,956574,100,262,0.03,3,0.45,0.1,50,0.06,1,0.7,0.23,0.01,0.0
949,random,uniform,957583,100,239,0.03,3,0.45,0.1,50,0.04,1,0.68,0.16,0.02,0.01
950,random,uniform,958592,100,251,0.03,3,0.45,0.1,50,0.05,1,0.69,0.11,0.0,0.0
951,random,uniform,959601,100,252,0.03,3,0.45,0.1,50,0.08,2,0.61,0.12,0.01,0.01
952,random,uniform,960610,100,255,0.03,3,0.45,0.1,50,0.06,1,0.64,0.14,0.0,0.0
953,random,uniform,961619,100,272,0.03,3,0.45,0.1,50,0.04,1,0.66,0.12,0.0,0.0
954,random,uniform,962628,100,261,0.03,3,0.45,0.1,50,0.1,5,0.61,0.1,0.0,0.0
955,random,uniform,963637,100,264,0.03,3,0.45,0.1,50,0.04,1,0.69,0.12,0.02,0.02
956,random,uniform,964646,100,224,0.03,3,0.45,0.1,50,0.06,1,0.64,0.19,0.02,0.0
957,random,uniform,965655,100,279,0.03,3,0.45,0.1,50,0.11,3,0.57,0.04,0.0,0.0
958,random,uniform,966664,100,217,0.03,3,0.45,0.1,50,0.04,1,0.69,0.22,0.06,0.01
959,random,uniform,967673,100,260,0.03,3,0.45,0.1,50,0.04,1,0.66,0.12,0.0,0.0
960,random,uniform,968682,100,246,0.03,3,0.45,0.1,50,0.04,1,0.7,0.18,0.01,0.0
961,random,uniform,969691,100,254,0.03,3,0.45,0.1,50,0.06,1,0.65,0.11,0.0,0.0
962,random,uniform,970700,100,233,0.03,3,0.45,0.1,50,0.06,1,0.67,0.2,0.01,0.0
963,random,uniform,971709,100,266,0.03,3,0.45,0.1,50,0.05,1,0.69,0.17,0.01,0.0
964,random,uniform,972718,100,243,0.03,3,0.45,0.1,50,0.03,0,0.7,0.18,0.02,0.0
965,random,uniform,973727,100,253,0.03,3,0.45,0.1,50,0.04,1,0.69,0.16,0.0,0.0
966,random,uniform,974736,100,233,0.03,3,0.45,0.1,50,0.09,2,0.6,0.1,0.01,0.01
967,random,uniform,975745,100,257,0.03,3,0.45,0.1,50,0.09,2,0.59,0.06,0.0,0.0
968,random,uniform,976754,100,250,0.03,3,0.45,0.1,50,0.04,1,0.68,0.13,0.01,0.01
969,random,uniform,977763,100,225,0.03,3,0.45,0.1,50,0.04,1,0.7,0.25,0.06,0.02
970,random,uniform,978772,100,248,0.03,3,0.45,0.1,50,0.04,1,0.67,0.13,0.02,0.02
971,random,uniform,979781,100,244,0.03,3,0.45,0.1,50,0.06,2,0.65,0.12,0.01,0.0
972,random,uniform,980790,100,246,0.03,3,0.45,0.1,50,0.08,2,0.66,0.13,0.02,0.01
973,random,uniform,981799,100,234,0.03,3,0.45,0.1,50,0.06,1,0.71,0.24,0.05,0.02
974,random,uniform,982808,100,246,0.03,3,0.45,0.1,50,0.04,1,0.69,0.12,0.02,0.02
975,random,uniform,983817,100,225,0.03,3,0.45,0.1,50,0.06,1,0.71,0.24,0.02,0.01
976,random,uniform,984826,100,245,0.03,3,0.45,0.1,50,0.05,1,0.74,0.21,0.0,0.0
977,random,uniform,985835,100,237,0.03,3,0.45,0.1,50,0.06,1,0.68,0.17,0.05,0.02
978,random,uniform,986844,100,257,0.03,3,0.45,0.1,50,0.04,1,0.69,0.21,0.01,0.0
979,random,uniform,987853,100,236,0.03,3,0.45,0.1,50,0.03,0,0.7,0.19,0.0,0.0
980,random,uniform,988862,100,231,0.03,3,0.45,0.1,50,0.08,2,0.65,0.22,0.0,0.0
981,random,uniform,989871,100,246,0.03,3,0.45,0.1,50,0.05,1,0.72,0.24,0.01,0.0
982,random,uniform,990880,100,238,0.03,3,0.45,0.1,50,0.04,1,0.69,0.18,0.01,0.0
983,random,uniform,991889,100,230,0.03,3,0.45,0.1,50,0.03,0,0.7,0.22,0.03,0.02
984,random,uniform,992898,100,255,0.03,3,0.45,0.1,50,0.08,3,0.63,0.14,0.01,0.0
985,random,uniform,993907,100,263,0.03,3,0.45,0.1,50,0.04,1,0.74,0.27,0.04,0.01
986,random,uniform,994916,100,251,0.03,3,0.45,0.1,50,0.04,1,0.65,0.12,0.0,0.0
987,random,uniform,995925,100,267,0.03,3,0.45,0.1,50,0.04,1,0.68,0.13,0.01,0.01
988,random,uniform,996934,100,253,0.03,3,0.45,0.1,50,0.08,1,0.63,0.12,0.0,0.0
989,random,uniform,997943,100,228,0.03,3,0.45,0.1,50,0.03,0,0.75,0.29,0.04,0.0
990,random,uniform,998952,100,244,0.03,3,0.45,0.1,50,0.04,1,0.67,0.16,0.02,0.01
991,random,uniform,999961,100,252,0.03,3,0.45,0.1,50,0.07,2,0.59,0.1,0.02,0.01
992,random,uniform,1000970,100,211,0.03,3,0.45,0.1,50,0.08,2,0.65,0.21,0.04,0.03
993,random,uniform,1001979,100,232,0.03,3,0.45,0.1,50,0.1,2,0.68,0.24,0.02,0.01
994,random,uniform,1002988,100,257,0.03,3,0.45,0.1,50,0.05,1,0.63,0.13,0.0,0.0
995,random,uniform,1003997,100,256,0.03,3,0.45,0.1,50,0.05,1,0.7,0.15,0.0,0.0
996,random,uniform,1005006,100,251,0.03,3,0.45,0.1,50,0.05,1,0.7,0.19,0.0,0.0
997,random,uniform,1006015,100,232,0.03,3,0.45,0.1,50,0.07,2,0.63,0.11,0.02,0.01
998,random,uniform,1007024,100,253,0.03,3,0.45,0.1,50,0.05,2,0.68,0.17,0.01,0.01
999,random,uniform,1008033,100,244,0.03,3,0.45,0.1,50,0.12,5,0.58,0.13,0.01,0.01
1000,random,uniform,1009042,100,220,0.03,3,0.45,0.1,50,0.06,2,0.71,0.26,0.04,0.0
1001,scale_free,uniform,1010051,100,291,0.03,3,0.45,0.1,50,0.13,4,0.4,0.0,0.0,0.0
1002,scale_free,uniform,1011060,100,291,0.03,3,0.45,0.1,50,0.09,3,0.41,0.0,0.0,0.0
1003,scale_free,uniform,1012069,100,291,0.03,3,0.45,0.1,50,0.16,2,0.36,0.0,0.0,0.0
1004,scale_free,uniform,1013078,100,291,0.03,3,0.45,0.1,50,0.22,6,0.21,0.0,0.0,0.0
1005,scale_free,uniform,1014087,100,291,0.03,3,0.45,0.1,50,0.05,1,0.48,0.01,0.0,0.0
1006,scale_free,uniform,1015096,100,291,0.03,3,0.45,0.1,50,0.32,8,0.13,0.0,0.0,0.0
1007,scale_free,uniform,1016105,100,291,0.03,3,0.45,0.1,50,0.12,2,0.34,0.01,0.0,0.0
1008,scale_free,uniform,1017114,100,291,0.03,3,0.45,0.1,50,0.13,3,0.42,0.01,0.0,0.0
1009,scale_free,uniform,1018123,100,291,0.03,3,0.45,0.1,50,0.17,4,0.32,0.0,0.0,0.0
1010,scale_free,uniform,1019132,100,291,0.03,3,0.45,0.1,50,0.07,2,0.41,0.03,0.0,0.0
1011,scale_free,uniform,1020141,100,291,0.03,3,0.45,0.1,50,0.21,3,0.16,0.0,0.0,0.0
1012,scale_free,uniform,1021150,100,291,0.03,3,0.45,0.1,50,0.11,5,0.4,0.02,0.0,0.0
1013,scale_free,uniform,1022159,100,291,0.03,3,0.45,0.1,50,0.25,6,0.24,0.0,0.0,0.0
1014,scale_free,uniform,1023168,100,291,0.03,3,0.45,0.1,50,0.05,1,0.49,0.02,0.0,0.0
1015,scale_free,uniform,1024177,100,291,0.03,3,0.45,0.1,50,0.19,4,0.27,0.0,0.0,0.0
1016,scale_free,uniform,1025186,100,291,0.03,3,0.45,0.1,50,0.12,2,0.28,0.01,0.0,0.0
1017,scale_free,uniform,1026195,100,291,0.03,3,0.45,0.1,50,0.14,2,0.32,0.0,0.0,0.0
1018,scale_free,uniform,1027204,100,291,0.03,3,0.45,0.1,50,0.09,1,0.4,0.0,0.0,0.0
1019,scale_free,uniform,1028213,100,291,0.03,3,0.45,0.1,50,0.09,1,0.38,0.0,0.0,0.0
1020,scale_free,uniform,1029222,100,291,0.03,3,0.45,0.1,50,0.11,1,0.38,0.0,0.0,0.0
1021,scale_free,uniform,1030231,100,291,0.03,3,0.45,0.1,50,0.1,1,0.31,0.0,0.0,0.0
1022,scale_free,uniform,1031240,100,291,0.03,3,0.45,0.1,50,0.12,3,0.34,0.0,0.0,0.0
1023,scale_free,uniform,1032249,100,291,0.03,3,0.45,0.1,50,0.17,5,0.26,0.0,0.0,0.0
1024,scale_free,uniform,1033258,100,291,0.03,3,0.45,0.1,50,0.12,2,0.33,0.0,0.0,0.0
1025,scale_free,uniform,1034267,100,291,0.03,3,0.45,0.1,50,0.08,2,0.39,0.0,0.0,0.0
1026,scale_free,uniform,1035276,100,291,0.03,3,0.45,0.1,50,0.1,2,0.43,0.0,0.0,0.0
1027,scale_free,uniform,1036285,100,291,0.03,3,0.45,0.1,50,0.11,2,0.4,0.01,0.0,0.0
1028,scale_free,uniform,1037294,100,291,0.03,3,0.45,0.1,50,0.09,1,0.32,0.0,0.0,0.0
1029,scale_free,uniform,1038303,100,291,0.03,3,0.45,0.1,50,0.07,2,0.42,0.01,0.0,0.0
1030,scale_free,uniform,1039312,100,291,0.03,3,0.45,0.1,50,0.09,2,0.38,0.0,0.0,0.0
1031,scale_free,uniform,1040321,100,291,0.03,3,0.45,0.1,50,0.1,3,0.28,0.0,0.0,0.0
1032,scale_free,uniform,1041330,100,291,0.03,3,0.45,0.1,50,0.12,2,0.32,0.02,0.0,0.0
1033,scale_free,uniform,1042339,100,291,0.03,3,0.45,0.1,50,0.15,3,0.34,0.0,0.0,0.0
1034,scale_free,uniform,1043348,100,291,0.03,3,0.45,0.1,50,0.12,2,0.47,0.03,0.0,0.0
1035,scale_free,uniform,1044357,100,291,0.03,3,0.45,0.1,50,0.17,4,0.25,0.0,0.0,0.0
1036,scale_free,uniform,1045366,100,291,0.03,3,0.45,0.1,50,0.09,2,0.4,0.01,0.0,0.0
1037,scale_free,uniform,1046375,100,291,0.03,3,0.45,0.1,50,0.04,1,0.48,0.03,0.0,0.0
1038,scale_free,uniform,1047384,100,291,0.03,3,0.45,0.1,50,0.18,4,0.23,0.0,0.0,0.0
1039,scale_free,uniform,1048393,100,291,0.03,3,0.45,0.1,50,0.18,2,0.36,0.0,0.0,0.0
1040,scale_free,uniform,1049402,100,291,0.03,3,0.45,0.1,50,0.17,3,0.34,0.01,0.0,0.0
1041,scale_free,uniform,1050411,100,291,0.03,3,0.45,0.1,50,0.09,1,0.34,0.0,0.0,0.0
1042,scale_free,uniform,1051420,100,291,0.03,3,0.45,0.1,50,0.1,1,0.35,0.0,0.0,0.0
1043,scale_free,uniform,1052429,100,291,0.03,3,0.45,0.1,50,0.1,1,0.42,0.0,0.0,0.0
1044,scale_free,uniform,1053438,100,291,0.03,3,0.45,0.1,50,0.2,4,0.29,0.0,0.0,0.0
1045,scale_free,uniform,1054447,100,291,0.03,3,0.45,0.1,50,0.04,1,0.45,0.04,0.0,0.0
1046,scale_free,uniform,1055456,100,291,0.03,3,0.45,0.1,50,0.08,1,0.46,0.02,0.0,0.0
1047,scale_free,uniform,1056465,100,291,0.03,3,0.45,0.1,50,0.38,11,0.17,0.0,0.0,0.0
1048,scale_free,uniform,1057474,100,291,0.03,3,0.45,0.1,50,0.09,4,0.45,0.02,0.0,0.0
1049,scale_free,uniform,1058483,100,291,0.03,3,0.45,0.1,50,0.09,3,0.5,0.0,0.0,0.0
1050,scale_free,uniform,1059492,100,291,0.03,3,0.45,0.1,50,0.13,2,0.3,0.0,0.0,0.0
1051,scale_free,uniform,1060501,100,291,0.03,3,0.45,0.1,50,0.12,5,0.31,0.01,0.0,0.0
1052,scale_free,uniform,1061510,100,291,0.03,3,0.45,0.1,50,0.1,1,0.29,0.0,0.0,0.0
1053,scale_free,uniform,1062519,100,291,0.03,3,0.45,0.1,50,0.15,3,0.36,0.0,0.0,0.0
1054,scale_free,uniform,1063528,100,291,0.03,3,0.45,0.1,50,0.07,2,0.4,0.02,0.0,0.0
1055,scale_free,uniform,1064537,100,291,0.03,3,0.45,0.1,50,0.15,4,0.43,0.01,0.0,0.0
1056,scale_free,uniform,1065546,100,291,0.03,3,0.45,0.1,50,0.12,1,0.32,0.0,0.0,0.0
1057,scale_free,uniform,1066555,100,291,0.03,3,0.45,0.1,50,0.12,3,0.38,0.0,0.0,0.0
1058,scale_free,uniform,1067564,100,291,0.03,3,0.45,0.1,50,0.11,2,0.47,0.0,0.0,0.0
1059,scale_free,uniform,1068573,100,291,0.03,3,0.45,0.1,50,0.2,6,0.26,0.0,0.0,0.0
1060,scale_free,uniform,1069582,100,291,0.03,3,0.45,0.1,50,0.12,2,0.27,0.0,0.0,0.0
1061,scale_free,uniform,1070591,100,291,0.03,3,0.45,0.1,50,0.14,2,0.34,0.0,0.0,0.0
1062,scale_free,uniform,1071600,100,291,0.03,3,0.45,0.1,50,0.15,3,0.34,0.01,0.0,0.0
1063,scale_free,uniform,1072609,100,291,0.03,3,0.45,0.1,50,0.22,5,0.17,0.0,0.0,0.0
1064,scale_free,uniform,1073618,100,291,0.03,3,0.45,0.1,50,0.15,5,0.34,0.0,0.0,0.0
1065,scale_free,uniform,1074627,100,291,0.03,3,0.45,0.1,50,0.09,2,0.35,0.01,0.0,0.0
1066,scale_free,uniform,1075636,100,291,0.03,3,0.45,0.1,50,0.13,3,0.38,0.02,0.0,0.0
1067,scale_free,uniform,1076645,100,291,0.03,3,0.45,0.1,50,0.1,1,0.3,0.0,0.0,0.0
1068,scale_free,uniform,1077654,100,291,0.03,3,0.45,0.1,50,0.18,3,0.36,0.0,0.0,0.0
1069,scale_free,uniform,1078663,100,291,0.03,3,0.45,0.1,50,0.11,3,0.32,0.0,0.0,0.0
1070,scale_free,uniform,1079672,100,291,0.03,3,0.45,0.1,50,0.12,2,0.39,0.0,0.0,0.0
1071,scale_free,uniform,1080681,100,291,0.03,3,0.45,0.1,50,0.16,3,0.36,0.0,0.0,0.0
1072,scale_free,uniform,1081690,100,291,0.03,3,0.45,0.1,50,0.12,2,0.32,0.0,0.0,0.0
1073,scale_free,uniform,1082699,100,291,0.03,3,0.45,0.1,50,0.05,1,0.44,0.0,0.0,0.0
1074,scale_free,uniform,1083708,100,291,0.03,3,0.45,0.1,50,0.12,2,0.41,0.01,0.0,0.0
1075,scale_free,uniform,1084717,100,291,0.03,3,0.45,0.1,50,0.14,3,0.28,0.0,0.0,0.0
1076,scale_free,uniform,1085726,100,291,0.03,3,0.45,0.1,50,0.1,1,0.38,0.0,0.0,0.0
1077,scale_free,uniform,1086735,100,291,0.03,3,0.45,0.1,50,0.16,3,0.32,0.0,0.0,0.0
1078,scale_free,uniform,1087744,100,291,0.03,3,0.45,0.1,50,0.14,3,0.32,0.0,0.0,0.0
1079,scale_free,uniform,1088753,100,291,0.03,3,0.45,0.1,50,0.1,3,0.51,0.02,0.0,0.0
1080,scale_free,uniform,1089762,100,291,0.03,3,0.45,0.1,50,0.14,2,0.35,0.0,0.0,0.0
1081,scale_free,uniform,1090771,100,291,0.03,3,0.45,0.1,50,0.11,1,0.43,0.0,0.0,0.0
1082,scale_free,uniform,1091780,100,291,0.03,3,0.45,0.1,50,0.08,3,0.4,0.01,0.0,0.0
1083,scale_free,uniform,1092789,100,291,0.03,3,0.45,0.1,50,0.11,2,0.47,0.01,0.0,0.0
1084,scale_free,uniform,1093798,100,291,0.03,3,0.45,0.1,50,0.13,2,0.39,0.0,0.0,0.0
1085,scale_free,uniform,1094807,100,291,0.03,3,0.45,0.1,50,0.19,4,0.21,0.0,0.0,0.0
1086,scale_free,uniform,1095816,100,291,0.03,3,0.45,0.1,50,0.19,4,0.19,0.0,0.0,0.0
1087,scale_free,uniform,1096825,100,291,0.03,3,0.45,0.1,50,0.09,2,0.41,0.0,0.0,0.0
1088,scale_free,uniform,1097834,100,291,0.03,3,0.45,0.1,50,0.2,6,0.27,0.0,0.0,0.0
1089,scale_free,uniform,1098843,100,291,0.03,3,0.45,0.1,50,0.19,5,0.3,0.01,0.0,0.0
1090,scale_free,uniform,1099852,100,291,0.03,3,0.45,0.1,50,0.1,3,0.37,0.01,0.0,0.0
1091,scale_free,uniform,1100861,100,291,0.03,3,0.45,0.1,50,0.24,7,0.2,0.0,0.0,0.0
1092,scale_free,uniform,1101870,100,291,0.03,3,0.45,0.1,50,0.15,4,0.3,0.0,0.0,0.0
1093,scale_free,uniform,1102879,100,291,0.03,3,0.45,0.1,50,0.13,1,0.28,0.0,0.0,0.0
1094,scale_free,uniform,1103888,100,291,0.03,3,0.45,0.1,50,0.15,3,0.35,0.0,0.0,0.0
1095,scale_free,uniform,1104897,100,291,0.03,3,0.45,0.1,50,0.12,2,0.42,0.01,0.0,0.0
1096,scale_free,uniform,1105906,100,291,0.03,3,0.45,0.1,50,0.22,5,0.23,0.0,0.0,0.0
1097,scale_free,uniform,1106915,100,291,0.03,3,0.45,0.1,50,0.08,2,0.46,0.01,0.0,0.0
1098,scale_free,uniform,1107924,100,291,0.03,3,0.45,0.1,50,0.11,2,0.39,0.0,0.0,0.0
1099,scale_free,uniform,1108933,100,291,0.03,3,0.45,0.1,50,0.17,2,0.38,0.0,0.0,0.0
1100,scale_free,uniform,1109942,100,291,0.03,3,0.45,0.1,50,0.07,1,0.42,0.02,0.0,0.0
1101,scale_free,uniform,1110951,100,291,0.03,3,0.45,0.1,50,0.16,3,0.34,0.0,0.0,0.0
1102,scale_free,uniform,1111960,100,291,0.03,3,0.45,0.1,50,0.19,4,0.31,0.0,0.0,0.0
1103,scale_free,uniform,1112969,100,291,0.03,3,0.45,0.1,50,0.21,3,0.25,0.01,0.0,0.0
1104,scale_free,uniform,1113978,100,291,0.03,3,0.45,0.1,50,0.05,1,0.5,0.02,0.0,0.0
1105,scale_free,uniform,1114987,100,291,0.03,3,0.45,0.1,50,0.15,3,0.33,0.0,0.0,0.0
1106,scale_free,uniform,1115996,100,291,0.03,3,0.45,0.1,50,0.12,1,0.35,0.0,0.0,0.0
1107,scale_free,uniform,1117005,100,291,0.03,3,0.45,0.1,50,0.15,4,0.27,0.0,0.0,0.0
1108,scale_free,uniform,1118014,100,291,0.03,3,0.45,0.1,50,0.15,3,0.39,0.01,0.0,0.0
1109,scale_free,uniform,1119023,100,291,0.03,3,0.45,0.1,50,0.17,2,0.19,0.0,0.0,0.0
1110,scale_free,uniform,1120032,100,291,0.03,3,0.45,0.1,50,0.12,4,0.39,0.0,0.0,0.0
1111,scale_free,uniform,1121041,100,291,0.03,3,0.45,0.1,50,0.16,3,0.29,0.0,0.0,0.0
1112,scale_free,uniform,1122050,100,291,0.03,3,0.45,0.1,50,0.14,3,0.35,0.0,0.0,0.0
1113,scale_free,uniform,1123059,100,291,0.03,3,0.45,0.1,50,0.24,3,0.28,0.0,0.0,0.0
1114,scale_free,uniform,1124068,100,291,0.03,3,0.45,0.1,50,0.11,3,0.39,0.0,0.0,0.0
1115,scale_free,uniform,1125077,100,291,0.03,3,0.45,0.1,50,0.17,3,0.33,0.0,0.0,0.0
1116,scale_free,uniform,1126086,100,291,0.03,3,0.45,0.1,50,0.11,1,0.38,0.0,0.0,0.0
1117,scale_free,uniform,1127095,100,291,0.03,3,0.45,0.1,50,0.2,7,0.24,0.0,0.0,0.0
1118,scale_free,uniform,1128104,100,291,0.03,3,0.45,0.1,50,0.27,4,0.21,0.0,0.0,0.0
1119,scale_free,uniform,1129113,100,291,0.03,3,0.45,0.1,50,0.13,4,0.39,0.01,0.0,0.0
1120,scale_free,uniform,1130122,100,291,0.03,3,0.45,0.1,50,0.2,5,0.31,0.01,0.0,0.0
1121,scale_free,uniform,1131131,100,291,0.03,3,0.45,0.1,50,0.08,2,0.39,0.0,0.0,0.0
1122,scale_free,uniform,1132140,100,291,0.03,3,0.45,0.1,50,0.07,1,0.5,0.0,0.0,0.0
1123,scale_free,uniform,1133149,100,291,0.03,3,0.45,0.1,50,0.19,4,0.29,0.0,0.0,0.0
1124,scale_free,uniform,1134158,100,291,0.03,3,0.45,0.1,50,0.21,4,0.36,0.01,0.0,0.0
1125,scale_free,uniform,1135167,100,291,0.03,3,0.45,0.1,50,0.23,3,0.22,0.0,0.0,0.0
1126,scale_free,uniform,1136176,100,291,0.03,3,0.45,0.1,50,0.17,3,0.31,0.0,0.0,0.0
1127,scale_free,uniform,1137185,100,291,0.03,3,0.45,0.1,50,0.09,2,0.47,0.0,0.0,0.0
1128,scale_free,uniform,1138194,100,291,0.03,3,0.45,0.1,50,0.25,4,0.23,0.0,0.0,0.0
1129,scale_free,uniform,1139203,100,291,0.03,3,0.45,0.1,50,0.08,3,0.41,0.01,0.0,0.0
1130,scale_free,uniform,1140212,100,291,0.03,3,0.45,0.1,50,0.11,2,0.43,0.01,0.0,0.0
1131,scale_free,uniform,1141221,100,291,0.03,3,0.45,0.1,50,0.19,5,0.29,0.0,0.0,0.0
1132,scale_free,uniform,1142230,100,291,0.03,3,0.45,0.1,50,0.11,3,0.29,0.01,0.0,0.0
1133,scale_free,uniform,1143239,100,291,0.03,3,0.45,0.1,50,0.09,2,0.4,0.0,0.0,0.0
1134,scale_free,uniform,1144248,100,291,0.03,3,0.45,0.1,50,0.17,5,0.29,0.0,0.0,0.0
1135,scale_free,uniform,1145257,100,291,0.03,3,0.45,0.1,50,0.11,2,0.4,0.0,0.0,0.0
1136,scale_free,uniform,1146266,100,291,0.03,3,0.45,0.1,50,1.0,21,0.0,0.0,0.0,0.0
1137,scale_free,uniform,1147275,100,291,0.03,3,0.45,0.1,50,0.15,5,0.33,0.01,0.0,0.0
1138,scale_free,uniform,1148284,100,291,0.03,3,0.45,0.1,50,0.09,1,0.43,0.01,0.0,0.0
1139,scale_free,uniform,1149293,100,291,0.03,3,0.45,0.1,50,0.15,3,0.23,0.0,0.0,0.0
1140,scale_free,uniform,1150302,100,291,0.03,3,0.45,0.1,50,0.07,1,0.46,0.0,0.0,0.0
1141,scale_free,uniform,1151311,100,291,0.03,3,0.45,0.1,50,0.13,2,0.34,0.0,0.0,0.0
1142,scale_free,uniform,1152320,100,291,0.03,3,0.45,0.1,50,0.14,2,0.33,0.0,0.0,0.0
1143,scale_free,uniform,1153329,100,291,0.03,3,0.45,0.1,50,0.19,3,0.34,0.0,0.0,0.0
1144,scale_free,uniform,1154338,100,291,0.03,3,0.45,0.1,50,0.08,2,0.42,0.0,0.0,0.0
1145,scale_free,uniform,1155347,100,291,0.03,3,0.45,0.1,50,0.11,2,0.35,0.0,0.0,0.0
1146,scale_free,uniform,1156356,100,291,0.03,3,0.45,0.1,50,0.17,4,0.31,0.0,0.0,0.0
1147,scale_free,uniform,1157365,100,291,0.03,3,0.45,0.1,50,0.08,1,0.38,0.01,0.0,0.0
1148,scale_free,uniform,1158374,100,291,0.03,3,0.45,0.1,50,0.15,4,0.34,0.0,0.0,0.0
1149,scale_free,uniform,1159383,100,291,0.03,3,0.45,0.1,50,0.08,2,0.42,0.02,0.0,0.0
1150,scale_free,uniform,1160392,100,291,0.03,3,0.45,0.1,50,0.11,2,0.48,0.01,0.0,0.0
1151,scale_free,uniform,1161401,100,291,0.03,3,0.45,0.1,50,0.14,3,0.35,0.0,0.0,0.0
1152,scale_free,uniform,1162410,100,291,0.03,3,0.45,0.1,50,0.09,2,0.44,0.02,0.0,0.0
1153,scale_free,uniform,1163419,100,291,0.03,3,0.45,0.1,50,0.1,2,0.37,0.0,0.0,0.0
1154,scale_free,uniform,1164428,100,291,0.03,3,0.45,0.1,50,0.11,1,0.33,0.01,0.0,0.0
1155,scale_free,uniform,1165437,100,291,0.03,3,0.45,0.1,50,0.12,2,0.28,0.0,0.0,0.0
1156,scale_free,uniform,1166446,100,291,0.03,3,0.45,0.1,50,0.31,8,0.17,0.0,0.0,0.0
1157,scale_free,uniform,1167455,100,291,0.03,3,0.45,0.1,50,0.03,0,0.46,0.0,0.0,0.0
1158,scale_free,uniform,1168464,100,291,0.03,3,0.45,0.1,50,0.08,1,0.41,0.0,0.0,0.0
1159,scale_free,uniform,1169473,100,291,0.03,3,0.45,0.1,50,0.19,5,0.24,0.0,0.0,0.0
1160,scale_free,uniform,1170482,100,291,0.03,3,0.45,0.1,50,0.24,5,0.25,0.0,0.0,0.0
1161,scale_free,uniform,1171491,100,291,0.03,3,0.45,0.1,50,0.2,3,0.28,0.0,0.0,0.0
1162,scale_free,uniform,1172500,100,291,0.03,3,0.45,0.1,50,0.13,3,0.34,0.0,0.0,0.0
1163,scale_free,uniform,1173509,100,291,0.03,3,0.45,0.1,50,0.07,2,0.41,0.01,0.0,0.0
1164,scale_free,uniform,1174518,100,291,0.03,3,0.45,0.1,50,0.12,2,0.37,0.0,0.0,0.0
1165,scale_free,uniform,1175527,100,291,0.03,3,0.45,0.1,50,0.15,4,0.35,0.0,0.0,0.0
1166,scale_free,uniform,1176536,100,291,0.03,3,0.45,0.1,50,0.23,3,0.32,0.01,0.0,0.0
1167,scale_free,uniform,1177545,100,291,0.03,3,0.45,0.1,50,0.41,9,0.17,0.0,0.0,0.0
1168,scale_free,uniform,1178554,100,291,0.03,3,0.45,0.1,50,0.07,1,0.45,0.02,0.0,0.0
1169,scale_free,uniform,1179563,100,291,0.03,3,0.45,0.1,50,0.26,8,0.19,0.0,0.0,0.0
1170,scale_free,uniform,1180572,100,291,0.03,3,0.45,0.1,50,0.16,4,0.3,0.0,0.0,0.0
1171,scale_free,uniform,1181581,100,291,0.03,3,0.45,0.1,50,0.09,1,0.37,0.01,0.0,0.0
1172,scale_free,uniform,1182590,100,291,0.03,3,0.45,0.1,50,0.19,5,0.27,0.0,0.0,0.0
1173,scale_free,uniform,1183599,100,291,0.03,3,0.45,0.1,50,0.11,2,0.31,0.01,0.0,0.0
1174,scale_free,uniform,1184608,100,291,0.03,3,0.45,0.1,50,0.14,2,0.3,0.0,0.0,0.0
1175,scale_free,uniform,1185617,100,291,0.03,3,0.45,0.1,50,0.13,2,0.35,0.0,0.0,0.0
1176,scale_free,uniform,1186626,100,291,0.03,3,0.45,0.1,50,0.22,4,0.35,0.0,0.0,0.0
1177,scale_free,uniform,1187635,100,291,0.03,3,0.45,0.1,50,0.09,2,0.4,0.0,0.0,0.0
1178,scale_free,uniform,1188644,100,291,0.03,3,0.45,0.1,50,0.1,2,0.33,0.0,0.0,0.0
1179,scale_free,uniform,1189653,100,291,0.03,3,0.45,0.1,50,0.09,1,0.39,0.0,0.0,0.0
1180,scale_free,uniform,1190662,100,291,0.03,3,0.45,0.1,50,0.11,4,0.42,0.02,0.0,0.0
1181,scale_free,uniform,1191671,100,291,0.03,3,0.45,0.1,50,0.11,2,0.33,0.0,0.0,0.0
1182,scale_free,uniform,1192680,100,291,0.03,3,0.45,0.1,50,0.09,2,0.44,0.0,0.0,0.0
1183,scale_free,uniform,1193689,100,291,0.03,3,0.45,0.1,50,0.14,2,0.32,0.0,0.0,0.0
1184,scale_free,uniform,1194698,100,291,0.03,3,0.45,0.1,50,1.0,10,0.0,0.0,0.0,0.0
1185,scale_free,uniform,1195707,100,291,0.03,3,0.45,0.1,50,0.11,2,0.44,0.02,0.0,0.0
1186,scale_free,uniform,1196716,100,291,0.03,3,0.45,0.1,50,0.08,1,0.38,0.01,0.0,0.0
1187,scale_free,uniform,1197725,100,291,0.03,3,0.45,0.1,50,0.07,2,0.39,0.0,0.0,0.0
1188,scale_free,uniform,1198734,100,291,0.03,3,0.45,0.1,50,0.17,3,0.33,0.0,0.0,0.0
1189,scale_free,uniform,1199743,100,291,0.03,3,0.45,0.1,50,0.17,5,0.31,0.01,0.0,0.0
1190,scale_free,uniform,1200752,100,291,0.03,3,0.45,0.1,50,0.1,1,0.49,0.0,0.0,0.0
1191,scale_free,uniform,1201761,100,291,0.03,3,0.45,0.1,50,0.09,2,0.4,0.0,0.0,0.0
1192,scale_free,uniform,1202770,100,291,0.03,3,0.45,0.1,50,0.1,3,0.39,0.0,0.0,0.0
1193,scale_free,uniform,1203779,100,291,0.03,3,0.45,0.1,50,0.12,4,0.39,0.0,0.0,0.0
1194,scale_free,uniform,1204788,100,291,0.03,3,0.45,0.1,50,0.07,2,0.4,0.01,0.0,0.0
1195,scale_free,uniform,1205797,100,291,0.03,3,0.45,0.1,50,0.04,1,0.47,0.02,0.0,0.0
1196,scale_free,uniform,1206806,100,291,0.03,3,0.45,0.1,50,0.16,3,0.42,0.01,0.0,0.0
1197,scale_free,uniform,1207815,100,291,0.03,3,0.45,0.1,50,0.13,3,0.25,0.0,0.0,0.0
1198,scale_free,uniform,1208824,100,291,0.03,3,0.45,0.1,50,0.06,1,0.44,0.03,0.0,0.0
1199,scale_free,uniform,1209833,100,291,0.03,3,0.45,0.1,50,0.1,3,0.46,0.02,0.0,0.0
1200,scale_free,uniform,1210842,100,291,0.03,3,0.45,0.1,50,0.13,3,0.31,0.0,0.0,0.0
1201,scale_free,uniform,1211851,100,291,0.03,3,0.45,0.1,50,0.26,4,0.32,0.01,0.0,0.0
1202,scale_free,uniform,1212860,100,291,0.03,3,0.45,0.1,50,0.09,2,0.38,0.0,0.0,0.0
1203,scale_free,uniform,1213869,100,291,0.03,3,0.45,0.1,50,0.2,5,0.29,0.0,0.0,0.0
1204,scale_free,uniform,1214878,100,291,0.03,3,0.45,0.1,50,0.11,3,0.34,0.01,0.0,0.0
1205,scale_free,uniform,1215887,100,291,0.03,3,0.45,0.1,50,0.19,5,0.31,0.0,0.0,0.0
1206,scale_free,uniform,1216896,100,291,0.03,3,0.45,0.1,50,0.12,3,0.36,0.0,0.0,0.0
1207,scale_free,uniform,1217905,100,291,0.03,3,0.45,0.1,50,0.16,2,0.31,0.0,0.0,0.0
1208,scale_free,uniform,1218914,100,291,0.03,3,0.45,0.1,50,0.1,2,0.39,0.02,0.0,0.0
1209,scale_free,uniform,1219923,100,291,0.03,3,0.45,0.1,50,0.06,1,0.45,0.01,0.0,0.0
1210,scale_free,uniform,1220932,100,291,0.03,3,0.45,0.1,50,0.11,2,0.31,0.0,0.0,0.0
1211,scale_free,uniform,1221941,100,291,0.03,3,0.45,0.1,50,0.17,2,0.35,0.0,0.0,0.0
1212,scale_free,uniform,1222950,100,291,0.03,3,0.45,0.1,50,0.08,2,0.39,0.0,0.0,0.0
1213,scale_free,uniform,1223959,100,291,0.03,3,0.45,0.1,50,0.07,2,0.48,0.01,0.0,0.0
1214,scale_free,uniform,1224968,100,291,0.03,3,0.45,0.1,50,0.29,10,0.17,0.0,0.0,0.0
1215,scale_free,uniform,1225977,100,291,0.03,3,0.45,0.1,50,0.14,2,0.31,0.0,0.0,0.0
1216,scale_free,uniform,1226986,100,291,0.03,3,0.45,0.1,50,0.17,2,0.37,0.0,0.0,0.0
1217,scale_free,uniform,1227995,100,291,0.03,3,0.45,0.1,50,0.24,5,0.23,0.0,0.0,0.0
1218,scale_free,uniform,1229004,100,291,0.03,3,0.45,0.1,50,0.07,1,0.43,0.02,0.0,0.0
1219,scale_free,uniform,1230013,100,291,0.03,3,0.45,0.1,50,0.07,1,0.37,0.0,0.0,0.0
1220,scale_free,uniform,1231022,100,291,0.03,3,0.45,0.1,50,0.1,2,0.38,0.01,0.0,0.0
1221,scale_free,uniform,1232031,100,291,0.03,3,0.45,0.1,50,0.22,3,0.23,0.0,0.0,0.0
1222,scale_free,uniform,1233040,100,291,0.03,3,0.45,0.1,50,0.22,5,0.2,0.0,0.0,0.0
1223,scale_free,uniform,1234049,100,291,0.03,3,0.45,0.1,50,0.09,3,0.4,0.01,0.0,0.0
1224,scale_free,uniform,1235058,100,291,0.03,3,0.45,0.1,50,0.16,3,0.24,0.01,0.0,0.0
1225,scale_free,uniform,1236067,100,291,0.03,3,0.45,0.1,50,0.07,1,0.44,0.01,0.0,0.0
1226,scale_free,uniform,1237076,100,291,0.03,3,0.45,0.1,50,0.09,1,0.39,0.02,0.0,0.0
1227,scale_free,uniform,1238085,100,291,0.03,3,0.45,0.1,50,0.1,2,0.36,0.01,0.0,0.0
1228,scale_free,uniform,1239094,100,291,0.03,3,0.45,0.1,50,0.13,3,0.32,0.0,0.0,0.0
1229,scale_free,uniform,1240103,100,291,0.03,3,0.45,0.1,50,0.06,1,0.46,0.0,0.0,0.0
1230,scale_free,uniform,1241112,100,291,0.03,3,0.45,0.1,50,0.16,3,0.37,0.02,0.0,0.0
1231,scale_free,uniform,1242121,100,291,0.03,3,0.45,0.1,50,0.11,2,0.43,0.0,0.0,0.0
1232,scale_free,uniform,1243130,100,291,0.03,3,0.45,0.1,50,0.24,4,0.22,0.0,0.0,0.0
1233,scale_free,uniform,1244139,100,291,0.03,3,0.45,0.1,50,0.06,1,0.35,0.0,0.0,0.0
1234,scale_free,uniform,1245148,100,291,0.03,3,0.45,0.1,50,0.11,3,0.37,0.02,0.0,0.0
1235,scale_free,uniform,1246157,100,291,0.03,3,0.45,0.1,50,0.21,4,0.28,0.0,0.0,0.0
1236,scale_free,uniform,1247166,100,291,0.03,3,0.45,0.1,50,0.11,2,0.42,0.0,0.0,0.0
1237,scale_free,uniform,1248175,100,291,0.03,3,0.45,0.1,50,0.15,2,0.37,0.01,0.0,0.0
1238,scale_free,uniform,1249184,100,291,0.03,3,0.45,0.1,50,0.16,4,0.31,0.01,0.0,0.0
1239,scale_free,uniform,1250193,100,291,0.03,3,0.45,0.1,50,0.28,11,0.19,0.0,0.0,0.0
1240,scale_free,uniform,1251202,100,291,0.03,3,0.45,0.1,50,0.13,2,0.32,0.01,0.0,0.0
1241,scale_free,uniform,1252211,100,291,0.03,3,0.45,0.1,50,0.19,4,0.25,0.0,0.0,0.0
1242,scale_free,uniform,1253220,100,291,0.03,3,0.45,0.1,50,0.17,2,0.26,0.0,0.0,0.0
1243,scale_free,uniform,1254229,100,291,0.03,3,0.45,0.1,50,0.07,1,0.39,0.0,0.0,0.0
1244,scale_free,uniform,1255238,100,291,0.03,3,0.45,0.1,50,0.11,3,0.35,0.0,0.0,0.0
1245,scale_free,uniform,1256247,100,291,0.03,3,0.45,0.1,50,0.07,1,0.46,0.0,0.0,0.0
1246,scale_free,uniform,1257256,100,291,0.03,3,0.45,0.1,50,0.1,2,0.33,0.01,0.0,0.0
1247,scale_free,uniform,1258265,100,291,0.03,3,0.45,0.1,50,0.14,3,0.32,0.0,0.0,0.0
1248,scale_free,uniform,1259274,100,291,0.03,3,0.45,0.1,50,0.15,3,0.33,0.0,0.0,0.0
1249,scale_free,uniform,1260283,100,291,0.03,3,0.45,0.1,50,0.15,3,0.26,0.0,0.0,0.0
1250,scale_free,uniform,1261292,100,291,0.03,3,0.45,0.1,50,0.06,1,0.4,0.01,0.0,0.0
1251,scale_free,uniform,1262301,100,291,0.03,3,0.45,0.1,50,0.09,2,0.33,0.0,0.0,0.0
1252,scale_free,uniform,1263310,100,291,0.03,3,0.45,0.1,50,0.13,3,0.32,0.0,0.0,0.0
1253,scale_free,uniform,1264319,100,291,0.03,3,0.45,0.1,50,0.07,1,0.41,0.01,0.0,0.0
1254,scale_free,uniform,1265328,100,291,0.03,3,0.45,0.1,50,0.09,2,0.5,0.02,0.0,0.0
1255,scale_free,uniform,1266337,100,291,0.03,3,0.45,0.1,50,0.17,3,0.27,0.0,0.0,0.0
1256,scale_free,uniform,1267346,100,291,0.03,3,0.45,0.1,50,0.1,2,0.38,0.0,0.0,0.0
1257,scale_free,uniform,1268355,100,291,0.03,3,0.45,0.1,50,0.14,3,0.33,0.0,0.0,0.0
1258,scale_free,uniform,1269364,100,291,0.03,3,0.45,0.1,50,0.05,1,0.41,0.0,0.0,0.0
1259,scale_free,uniform,1270373,100,291,0.03,3,0.45,0.1,50,0.11,2,0.37,0.01,0.0,0.0
1260,scale_free,uniform,1271382,100,291,0.03,3,0.45,0.1,50,0.15,3,0.31,0.0,0.0,0.0
1261,scale_free,uniform,1272391,100,291,0.03,3,0.45,0.1,50,0.06,1,0.39,0.0,0.0,0.0
1262,scale_free,uniform,1273400,100,291,0.03,3,0.45,0.1,50,0.18,3,0.29,0.0,0.0,0.0
1263,scale_free,uniform,1274409,100,291,0.03,3,0.45,0.1,50,0.09,2,0.4,0.01,0.0,0.0
1264,scale_free,uniform,1275418,100,291,0.03,3,0.45,0.1,50,0.1,1,0.46,0.02,0.0,0.0
1265,scale_free,uniform,1276427,100,291,0.03,3,0.45,0.1,50,0.2,5,0.25,0.0,0.0,0.0
1266,scale_free,uniform,1277436,100,291,0.03,3,0.45,0.1,50,0.13,3,0.4,0.0,0.0,0.0
1267,scale_free,uniform,1278445,100,291,0.03,3,0.45,0.1,50,0.09,3,0.39,0.01,0.0,0.0
1268,scale_free,uniform,1279454,100,291,0.03,3,0.45,0.1,50,0.16,5,0.25,0.0,0.0,0.0
1269,scale_free,uniform,1280463,100,291,0.03,3,0.45,0.1,50,0.29,7,0.26,0.0,0.0,0.0
1270,scale_free,uniform,1281472,100,291,0.03,3,0.45,0.1,50,0.15,2,0.39,0.01,0.0,0.0
1271,scale_free,uniform,1282481,100,291,0.03,3,0.45,0.1,50,0.23,5,0.19,0.0,0.0,0.0
1272,scale_free,uniform,1283490,100,291,0.03,3,0.45,0.1,50,0.1,3,0.41,0.01,0.0,0.0
1273,scale_free,uniform,1284499,100,291,0.03,3,0.45,0.1,50,0.17,2,0.31,0.0,0.0,0.0
1274,scale_free,uniform,1285508,100,291,0.03,3,0.45,0.1,50,0.16,3,0.34,0.0,0.0,0.0
1275,scale_free,uniform,1286517,100,291,0.03,3,0.45,0.1,50,0.14,2,0.38,0.0,0.0,0.0
1276,scale_free,uniform,1287526,100,291,0.03,3,0.45,0.1,50,1.0,12,0.0,0.0,0.0,0.0
1277,scale_free,uniform,1288535,100,291,0.03,3,0.45,0.1,50,0.15,4,0.31,0.0,0.0,0.0
1278,scale_free,uniform,1289544,100,291,0.03,3,0.45,0.1,50,0.22,5,0.21,0.0,0.0,0.0
1279,scale_free,uniform,1290553,100,291,0.03,3,0.45,0.1,50,0.22,7,0.29,0.0,0.0,0.0
1280,scale_free,uniform,1291562,100,291,0.03,3,0.45,0.1,50,0.19,3,0.28,0.01,0.0,0.0
1281,scale_free,uniform,1292571,100,291,0.03,3,0.45,0.1,50,0.09,2,0.36,0.0,0.0,0.0
1282,scale_free,uniform,1293580,100,291,0.03,3,0.45,0.1,50,0.17,4,0.27,0.0,0.0,0.0
1283,scale_free,uniform,1294589,100,291,0.03,3,0.45,0.1,50,0.12,1,0.32,0.01,0.0,0.0
1284,scale_free,uniform,1295598,100,291,0.03,3,0.45,0.1,50,0.08,1,0.4,0.0,0.0,0.0
1285,scale_free,uniform,1296607,100,291,0.03,3,0.45,0.1,50,0.11,2,0.32,0.0,0.0,0.0
1286,scale_free,uniform,1297616,100,291,0.03,3,0.45,0.1,50,0.16,4,0.33,0.01,0.0,0.0
1287,scale_free,uniform,1298625,100,291,0.03,3,0.45,0.1,50,0.12,2,0.36,0.0,0.0,0.0
1288,scale_free,uniform,1299634,100,291,0.03,3,0.45,0.1,50,0.09,2,0.4,0.0,0.0,0.0
1289,scale_free,uniform,1300643,100,291,0.03,3,0.45,0.1,50,0.21,4,0.29,0.0,0.0,0.0
1290,scale_free,uniform,1301652,100,291,0.03,3,0.45,0.1,50,0.08,1,0.45,0.0,0.0,0.0
1291,scale_free,uniform,1302661,100,291,0.03,3,0.45,0.1,50,0.33,6,0.13,0.0,0.0,0.0
1292,scale_free,uniform,1303670,100,291,0.03,3,0.45,0.1,50,0.14,2,0.31,0.0,0.0,0.0
1293,scale_free,uniform,1304679,100,291,0.03,3,0.45,0.1,50,0.17,3,0.33,0.0,0.0,0.0
1294,scale_free,uniform,1305688,100,291,0.03,3,0.45,0.1,50,0.19,7,0.24,0.01,0.0,0.0
1295,scale_free,uniform,1306697,100,291,0.03,3,0.45,0.1,50,0.14,4,0.36,0.0,0.0,0.0
1296,scale_free,uniform,1307706,100,291,0.03,3,0.45,0.1,50,0.19,5,0.33,0.0,0.0,0.0
1297,scale_free,uniform,1308715,100,291,0.03,3,0.45,0.1,50,0.11,3,0.31,0.0,0.0,0.0
1298,scale_free,uniform,1309724,100,291,0.03,3,0.45,0.1,50,0.11,2,0.42,0.0,0.0,0.0
1299,scale_free,uniform,1310733,100,291,0.03,3,0.45,0.1,50,0.38,6,0.18,0.0,0.0,0.0
1300,scale_free,uniform,1311742,100,291,0.03,3,0.45,0.1,50,0.28,4,0.21,0.0,0.0,0.0
1301,scale_free,uniform,1312751,100,291,0.03,3,0.45,0.1,50,0.09,3,0.39,0.0,0.0,0.0
1302,scale_free,uniform,1313760,100,291,0.03,3,0.45,0.1,50,0.14,2,0.32,0.0,0.0,0.0
1303,scale_free,uniform,1314769,100,291,0.03,3,0.45,0.1,50,0.2,2,0.23,0.0,0.0,0.0
1304,scale_free,uniform,1315778,100,291,0.03,3,0.45,0.1,50,0.08,1,0.45,0.0,0.0,0.0
1305,scale_free,uniform,1316787,100,291,0.03,3,0.45,0.1,50,0.05,1,0.39,0.01,0.0,0.0
1306,scale_free,uniform,1317796,100,291,0.03,3,0.45,0.1,50,0.1,2,0.4,0.0,0.0,0.0
1307,scale_free,uniform,1318805,100,291,0.03,3,0.45,0.1,50,0.15,2,0.33,0.02,0.0,0.0
1308,scale_free,uniform,1319814,100,291,0.03,3,0.45,0.1,50,0.13,2,0.42,0.01,0.0,0.0
1309,scale_free,uniform,1320823,100,291,0.03,3,0.45,0.1,50,0.14,3,0.38,0.0,0.0,0.0
1310,scale_free,uniform,1321832,100,291,0.03,3,0.45,0.1,50,0.19,3,0.3,0.0,0.0,0.0
1311,scale_free,uniform,1322841,100,291,0.03,3,0.45,0.1,50,0.15,3,0.39,0.02,0.0,0.0
1312,scale_free,uniform,1323850,100,291,0.03,3,0.45,0.1,50,0.07,1,0.48,0.0,0.0,0.0
1313,scale_free,uniform,1324859,100,291,0.03,3,0.45,0.1,50,0.23,4,0.19,0.0,0.0,0.0
1314,scale_free,uniform,1325868,100,291,0.03,3,0.45,0.1,50,0.14,4,0.29,0.0,0.0,0.0
1315,scale_free,uniform,1326877,100,291,0.03,3,0.45,0.1,50,0.1,2,0.33,0.0,0.0,0.0
1316,scale_free,uniform,1327886,100,291,0.03,3,0.45,0.1,50,0.12,3,0.37,0.0,0.0,0.0
1317,scale_free,uniform,1328895,100,291,0.03,3,0.45,0.1,50,0.1,2,0.46,0.0,0.0,0.0
1318,scale_free,uniform,1329904,100,291,0.03,3,0.45,0.1,50,0.21,7,0.28,0.0,0.0,0.0
1319,scale_free,uniform,1330913,100,291,0.03,3,0.45,0.1,50,0.25,4,0.27,0.0,0.0,0.0
1320,scale_free,uniform,1331922,100,291,0.03,3,0.45,0.1,50,0.08,1,0.51,0.02,0.0,0.0
1321,scale_free,uniform,1332931,100,291,0.03,3,0.45,0.1,50,0.17,4,0.35,0.0,0.0,0.0
1322,scale_free,uniform,1333940,100,291,0.03,3,0.45,0.1,50,0.08,2,0.38,0.0,0.0,0.0
1323,scale_free,uniform,1334949,100,291,0.03,3,0.45,0.1,50,0.2,4,0.19,0.0,0.0,0.0
1324,scale_free,uniform,1335958,100,291,0.03,3,0.45,0.1,50,0.21,4,0.28,0.0,0.0,0.0
1325,scale_free,uniform,1336967,100,291,0.03,3,0.45,0.1,50,0.13,2,0.45,0.01,0.0,0.0
1326,scale_free,uniform,1337976,100,291,0.03,3,0.45,0.1,50,0.16,3,0.29,0.0,0.0,0.0
1327,scale_free,uniform,1338985,100,291,0.03,3,0.45,0.1,50,0.07,1,0.46,0.01,0.0,0.0
1328,scale_free,uniform,1339994,100,291,0.03,3,0.45,0.1,50,0.16,5,0.37,0.0,0.0,0.0
1329,scale_free,uniform,1341003,100,291,0.03,3,0.45,0.1,50,0.1,3,0.36,0.01,0.0,0.0
1330,scale_free,uniform,1342012,100,291,0.03,3,0.45,0.1,50,0.08,2,0.48,0.03,0.0,0.0
1331,scale_free,uniform,1343021,100,291,0.03,3,0.45,0.1,50,0.2,4,0.22,0.0,0.0,0.0
1332,scale_free,uniform,1344030,100,291,0.03,3,0.45,0.1,50,0.2,2,0.25,0.0,0.0,0.0
1333,scale_free,uniform,1345039,100,291,0.03,3,0.45,0.1,50,0.11,2,0.42,0.01,0.0,0.0
1334,scale_free,uniform,1346048,100,291,0.03,3,0.45,0.1,50,0.08,1,0.35,0.0,0.0,0.0
1335,scale_free,uniform,1347057,100,291,0.03,3,0.45,0.1,50,0.11,3,0.34,0.0,0.0,0.0
1336,scale_free,uniform,1348066,100,291,0.03,3,0.45,0.1,50,0.06,1,0.48,0.0,0.0,0.0
1337,scale_free,uniform,1349075,100,291,0.03,3,0.45,0.1,50,0.09,2,0.44,0.02,0.0,0.0
1338,scale_free,uniform,1350084,100,291,0.03,3,0.45,0.1,50,0.15,3,0.33,0.0,0.0,0.0
1339,scale_free,uniform,1351093,100,291,0.03,3,0.45,0.1,50,0.15,2,0.34,0.01,0.0,0.0
1340,scale_free,uniform,1352102,100,291,0.03,3,0.45,0.1,50,0.12,2,0.39,0.0,0.0,0.0
1341,scale_free,uniform,1353111,100,291,0.03,3,0.45,0.1,50,0.07,2,0.47,0.01,0.0,0.0
1342,scale_free,uniform,1354120,100,291,0.03,3,0.45,0.1,50,0.12,2,0.28,0.0,0.0,0.0
1343,scale_free,uniform,1355129,100,291,0.03,3,0.45,0.1,50,0.2,3,0.21,0.0,0.0,0.0
1344,scale_free,uniform,1356138,100,291,0.03,3,0.45,0.1,50,0.45,8,0.07,0.0,0.0,0.0
1345,scale_free,uniform,1357147,100,291,0.03,3,0.45,0.1,50,0.06,1,0.52,0.02,0.0,0.0
1346,scale_free,uniform,1358156,100,291,0.03,3,0.45,0.1,50,0.16,3,0.33,0.0,0.0,0.0
1347,scale_free,uniform,1359165,100,291,0.03,3,0.45,0.1,50,0.09,1,0.46,0.01,0.0,0.0
1348,scale_free,uniform,1360174,100,291,0.03,3,0.45,0.1,50,0.07,2,0.44,0.01,0.0,0.0
1349,scale_free,uniform,1361183,100,291,0.03,3,0.45,0.1,50,0.08,2,0.48,0.0,0.0,0.0
1350,scale_free,uniform,1362192,100,291,0.03,3,0.45,0.1,50,0.18,3,0.26,0.0,0.0,0.0
1351,scale_free,uniform,1363201,100,291,0.03,3,0.45,0.1,50,0.15,4,0.4,0.0,0.0,0.0
1352,scale_free,uniform,1364210,100,291,0.03,3,0.45,0.1,50,0.07,1,0.48,0.0,0.0,0.0
1353,scale_free,uniform,1365219,100,291,0.03,3,0.45,0.1,50,0.29,5,0.21,0.0,0.0,0.0
1354,scale_free,uniform,1366228,100,291,0.03,3,0.45,0.1,50,0.18,3,0.22,0.0,0.0,0.0
1355,scale_free,uniform,1367237,100,291,0.03,3,0.45,0.1,50,0.13,3,0.37,0.0,0.0,0.0
1356,scale_free,uniform,1368246,100,291,0.03,3,0.45,0.1,50,0.14,4,0.4,0.01,0.0,0.0
1357,scale_free,uniform,1369255,100,291,0.03,3,0.45,0.1,50,0.21,5,0.22,0.0,0.0,0.0
1358,scale_free,uniform,1370264,100,291,0.03,3,0.45,0.1,50,0.04,1,0.42,0.0,0.0,0.0
1359,scale_free,uniform,1371273,100,291,0.03,3,0.45,0.1,50,0.15,3,0.34,0.02,0.0,0.0
1360,scale_free,uniform,1372282,100,291,0.03,3,0.45,0.1,50,0.08,2,0.39,0.0,0.0,0.0
1361,scale_free,uniform,1373291,100,291,0.03,3,0.45,0.1,50,0.11,1,0.36,0.0,0.0,0.0
1362,scale_free,uniform,1374300,100,291,0.03,3,0.45,0.1,50,0.15,3,0.35,0.01,0.0,0.0
1363,scale_free,uniform,1375309,100,291,0.03,3,0.45,0.1,50,0.19,2,0.37,0.0,0.0,0.0
1364,scale_free,uniform,1376318,100,291,0.03,3,0.45,0.1,50,0.08,2,0.43,0.0,0.0,0.0
1365,scale_free,uniform,1377327,100,291,0.03,3,0.45,0.1,50,0.22,4,0.2,0.0,0.0,0.0
1366,scale_free,uniform,1378336,100,291,0.03,3,0.45,0.1,50,0.16,6,0.34,0.0,0.0,0.0
1367,scale_free,uniform,1379345,100,291,0.03,3,0.45,0.1,50,0.15,3,0.37,0.01,0.0,0.0
1368,scale_free,uniform,1380354,100,291,0.03,3,0.45,0.1,50,0.09,1,0.36,0.0,0.0,0.0
1369,scale_free,uniform,1381363,100,291,0.03,3,0.45,0.1,50,0.14,2,0.34,0.01,0.0,0.0
1370,scale_free,uniform,1382372,100,291,0.03,3,0.45,0.1,50,0.12,3,0.37,0.0,0.0,0.0
1371,scale_free,uniform,1383381,100,291,0.03,3,0.45,0.1,50,0.06,1,0.46,0.0,0.0,0.0
1372,scale_free,uniform,1384390,100,291,0.03,3,0.45,0.1,50,0.07,2,0.35,0.0,0.0,0.0
1373,scale_free,uniform,1385399,100,291,0.03,3,0.45,0.1,50,0.08,2,0.4,0.0,0.0,0.0
1374,scale_free,uniform,1386408,100,291,0.03,3,0.45,0.1,50,0.1,1,0.36,0.0,0.0,0.0
1375,scale_free,uniform,1387417,100,291,0.03,3,0.45,0.1,50,0.18,3,0.33,0.01,0.0,0.0
1376,scale_free,uniform,1388426,100,291,0.03,3,0.45,0.1,50,0.17,5,0.19,0.0,0.0,0.0
1377,scale_free,uniform,1389435,100,291,0.03,3,0.45,0.1,50,0.11,4,0.33,0.0,0.0,0.0
1378,scale_free,uniform,1390444,100,291,0.03,3,0.45,0.1,50,0.12,3,0.27,0.0,0.0,0.0
1379,scale_free,uniform,1391453,100,291,0.03,3,0.45,0.1,50,0.15,2,0.31,0.0,0.0,0.0
1380,scale_free,uniform,1392462,100,291,0.03,3,0.45,0.1,50,0.08,3,0.51,0.01,0.0,0.0
1381,scale_free,uniform,1393471,100,291,0.03,3,0.45,0.1,50,0.08,1,0.41,0.01,0.0,0.0
1382,scale_free,uniform,1394480,100,291,0.03,3,0.45,0.1,50,0.1,1,0.45,0.01,0.0,0.0
1383,scale_free,uniform,1395489,100,291,0.03,3,0.45,0.1,50,0.18,3,0.28,0.01,0.0,0.0
1384,scale_free,uniform,1396498,100,291,0.03,3,0.45,0.1,50,0.14,2,0.26,0.0,0.0,0.0
1385,scale_free,uniform,1397507,100,291,0.03,3,0.45,0.1,50,0.08,2,0.47,0.01,0.0,0.0
1386,scale_free,uniform,1398516,100,291,0.03,3,0.45,0.1,50,0.13,2,0.37,0.01,0.0,0.0
1387,scale_free,uniform,1399525,100,291,0.03,3,0.45,0.1,50,0.15,2,0.34,0.0,0.0,0.0
1388,scale_free,uniform,1400534,100,291,0.03,3,0.45,0.1,50,0.06,1,0.41,0.0,0.0,0.0
1389,scale_free,uniform,1401543,100,291,0.03,3,0.45,0.1,50,0.28,6,0.16,0.0,0.0,0.0
1390,scale_free,uniform,1402552,100,291,0.03,3,0.45,0.1,50,0.23,4,0.2,0.01,0.0,0.0
1391,scale_free,uniform,1403561,100,291,0.03,3,0.45,0.1,50,0.12,3,0.38,0.02,0.0,0.0
1392,scale_free,uniform,1404570,100,291,0.03,3,0.45,0.1,50,0.1,1,0.44,0.01,0.0,0.0
1393,scale_free,uniform,1405579,100,291,0.03,3,0.45,0.1,50,0.13,3,0.37,0.0,0.0,0.0
1394,scale_free,uniform,1406588,100,291,0.03,3,0.45,0.1,50,0.09,2,0.37,0.0,0.0,0.0
1395,scale_free,uniform,1407597,100,291,0.03,3,0.45,0.1,50,0.17,6,0.31,0.0,0.0,0.0
1396,scale_free,uniform,1408606,100,291,0.03,3,0.45,0.1,50,0.1,2,0.42,0.0,0.0,0.0
1397,scale_free,uniform,1409615,100,291,0.03,3,0.45,0.1,50,0.07,1,0.5,0.03,0.0,0.0
1398,scale_free,uniform,1410624,100,291,0.03,3,0.45,0.1,50,0.14,2,0.34,0.0,0.0,0.0
1399,scale_free,uniform,1411633,100,291,0.03,3,0.45,0.1,50,0.15,5,0.29,0.0,0.0,0.0
1400,scale_free,uniform,1412642,100,291,0.03,3,0.45,0.1,50,0.11,1,0.35,0.01,0.0,0.0
1401,scale_free,uniform,1413651,100,291,0.03,3,0.45,0.1,50,0.12,2,0.32,0.01,0.0,0.0
1402,scale_free,uniform,1414660,100,291,0.03,3,0.45,0.1,50,0.08,2,0.36,0.0,0.0,0.0
1403,scale_free,uniform,1415669,100,291,0.03,3,0.45,0.1,50,0.09,2,0.41,0.0,0.0,0.0
1404,scale_free,uniform,1416678,100,291,0.03,3,0.45,0.1,50,0.12,2,0.31,0.01,0.0,0.0
1405,scale_free,uniform,1417687,100,291,0.03,3,0.45,0.1,50,0.07,1,0.39,0.0,0.0,0.0
1406,scale_free,uniform,1418696,100,291,0.03,3,0.45,0.1,50,0.21,3,0.23,0.0,0.0,0.0
1407,scale_free,uniform,1419705,100,291,0.03,3,0.45,0.1,50,0.06,3,0.37,0.01,0.0,0.0
1408,scale_free,uniform,1420714,100,291,0.03,3,0.45,0.1,50,0.13,3,0.32,0.0,0.0,0.0
1409,scale_free,uniform,1421723,100,291,0.03,3,0.45,0.1,50,0.13,2,0.39,0.0,0.0,0.0
1410,scale_free,uniform,1422732,100,291,0.03,3,0.45,0.1,50,0.13,4,0.38,0.0,0.0,0.0
1411,scale_free,uniform,1423741,100,291,0.03,3,0.45,0.1,50,0.06,1,0.37,0.0,0.0,0.0
1412,scale_free,uniform,1424750,100,291,0.03,3,0.45,0.1,50,0.07,1,0.36,0.0,0.0,0.0
1413,scale_free,uniform,1425759,100,291,0.03,3,0.45,0.1,50,0.11,2,0.43,0.02,0.0,0.0
1414,scale_free,uniform,1426768,100,291,0.03,3,0.45,0.1,50,0.13,3,0.33,0.0,0.0,0.0
1415,scale_free,uniform,1427777,100,291,0.03,3,0.45,0.1,50,0.13,2,0.43,0.0,0.0,0.0
1416,scale_free,uniform,1428786,100,291,0.03,3,0.45,0.1,50,0.14,3,0.41,0.0,0.0,0.0
1417,scale_free,uniform,1429795,100,291,0.03,3,0.45,0.1,50,0.12,3,0.41,0.0,0.0,0.0
1418,scale_free,uniform,1430804,100,291,0.03,3,0.45,0.1,50,0.08,1,0.45,0.02,0.0,0.0
1419,scale_free,uniform,1431813,100,291,0.03,3,0.45,0.1,50,0.16,4,0.34,0.0,0.0,0.0
1420,scale_free,uniform,1432822,100,291,0.03,3,0.45,0.1,50,0.09,2,0.35,0.0,0.0,0.0
1421,scale_free,uniform,1433831,100,291,0.03,3,0.45,0.1,50,0.09,2,0.35,0.0,0.0,0.0
1422,scale_free,uniform,1434840,100,291,0.03,3,0.45,0.1,50,0.13,2,0.39,0.01,0.0,0.0
1423,scale_free,uniform,1435849,100,291,0.03,3,0.45,0.1,50,0.18,4,0.22,0.0,0.0,0.0
1424,scale_free,uniform,1436858,100,291,0.03,3,0.45,0.1,50,0.11,1,0.37,0.0,0.0,0.0
1425,scale_free,uniform,1437867,100,291,0.03,3,0.45,0.1,50,1.0,21,0.0,0.0,0.0,0.0
1426,scale_free,uniform,1438876,100,291,0.03,3,0.45,0.1,50,0.1,3,0.3,0.0,0.0,0.0
1427,scale_free,uniform,1439885,100,291,0.03,3,0.45,0.1,50,0.1,1,0.4,0.01,0.0,0.0
1428,scale_free,uniform,1440894,100,291,0.03,3,0.45,0.1,50,0.12,2,0.29,0.0,0.0,0.0
1429,scale_free,uniform,1441903,100,291,0.03,3,0.45,0.1,50,0.07,1,0.44,0.01,0.0,0.0
1430,scale_free,uniform,1442912,100,291,0.03,3,0.45,0.1,50,0.17,4,0.34,0.0,0.0,0.0
1431,scale_free,uniform,1443921,100,291,0.03,3,0.45,0.1,50,0.25,4,0.2,0.0,0.0,0.0
1432,scale_free,uniform,1444930,100,291,0.03,3,0.45,0.1,50,0.1,1,0.43,0.0,0.0,0.0
1433,scale_free,uniform,1445939,100,291,0.03,3,0.45,0.1,50,0.14,2,0.32,0.0,0.0,0.0
1434,scale_free,uniform,1446948,100,291,0.03,3,0.45,0.1,50,0.22,4,0.32,0.0,0.0,0.0
1435,scale_free,uniform,1447957,100,291,0.03,3,0.45,0.1,50,0.12,2,0.47,0.0,0.0,0.0
1436,scale_free,uniform,1448966,100,291,0.03,3,0.45,0.1,50,0.14,7,0.41,0.0,0.0,0.0
1437,scale_free,uniform,1449975,100,291,0.03,3,0.45,0.1,50,0.15,3,0.35,0.0,0.0,0.0
1438,scale_free,uniform,1450984,100,291,0.03,3,0.45,0.1,50,0.17,2,0.25,0.0,0.0,0.0
1439,scale_free,uniform,1451993,100,291,0.03,3,0.45,0.1,50,0.15,2,0.31,0.0,0.0,0.0
1440,scale_free,uniform,1453002,100,291,0.03,3,0.45,0.1,50,0.27,4,0.23,0.0,0.0,0.0
1441,scale_free,uniform,1454011,100,291,0.03,3,0.45,0.1,50,0.1,2,0.41,0.03,0.0,0.0
1442,scale_free,uniform,1455020,100,291,0.03,3,0.45,0.1,50,0.26,4,0.21,0.0,0.0,0.0
1443,scale_free,uniform,1456029,100,291,0.03,3,0.45,0.1,50,0.15,2,0.3,0.0,0.0,0.0
1444,scale_free,uniform,1457038,100,291,0.03,3,0.45,0.1,50,0.06,1,0.51,0.02,0.0,0.0
1445,scale_free,uniform,1458047,100,291,0.03,3,0.45,0.1,50,0.11,2,0.37,0.0,0.0,0.0
1446,scale_free,uniform,1459056,100,291,0.03,3,0.45,0.1,50,0.19,5,0.22,0.0,0.0,0.0
1447,scale_free,uniform,1460065,100,291,0.03,3,0.45,0.1,50,0.23,6,0.28,0.0,0.0,0.0
1448,scale_free,uniform,1461074,100,291,0.03,3,0.45,0.1,50,0.2,2,0.41,0.04,0.0,0.0
1449,scale_free,uniform,1462083,100,291,0.03,3,0.45,0.1,50,0.14,2,0.32,0.0,0.0,0.0
1450,scale_free,uniform,1463092,100,291,0.03,3,0.45,0.1,50,0.15,2,0.36,0.0,0.0,0.0
1451,scale_free,uniform,1464101,100,291,0.03,3,0.45,0.1,50,0.15,3,0.21,0.0,0.0,0.0
1452,scale_free,uniform,1465110,100,291,0.03,3,0.45,0.1,50,0.05,1,0.47,0.0,0.0,0.0
1453,scale_free,uniform,1466119,100,291,0.03,3,0.45,0.1,50,0.23,7,0.3,0.0,0.0,0.0
1454,scale_free,uniform,1467128,100,291,0.03,3,0.45,0.1,50,0.12,4,0.41,0.02,0.0,0.0
1455,scale_free,uniform,1468137,100,291,0.03,3,0.45,0.1,50,0.29,6,0.2,0.0,0.0,0.0
1456,scale_free,uniform,1469146,100,291,0.03,3,0.45,0.1,50,0.12,2,0.41,0.0,0.0,0.0
1457,scale_free,uniform,1470155,100,291,0.03,3,0.45,0.1,50,0.08,3,0.34,0.0,0.0,0.0
1458,scale_free,uniform,1471164,100,291,0.03,3,0.45,0.1,50,0.08,1,0.46,0.01,0.0,0.0
1459,scale_free,uniform,1472173,100,291,0.03,3,0.45,0.1,50,0.07,1,0.39,0.02,0.0,0.0
1460,scale_free,uniform,1473182,100,291,0.03,3,0.45,0.1,50,0.13,3,0.31,0.0,0.0,0.0
1461,scale_free,uniform,1474191,100,291,0.03,3,0.45,0.1,50,0.32,7,0.15,0.0,0.0,0.0
1462,scale_free,uniform,1475200,100,291,0.03,3,0.45,0.1,50,0.22,4,0.26,0.0,0.0,0.0
1463,scale_free,uniform,1476209,100,291,0.03,3,0.45,0.1,50,0.14,3,0.4,0.02,0.0,0.0
1464,scale_free,uniform,1477218,100,291,0.03,3,0.45,0.1,50,0.09,2,0.4,0.01,0.0,0.0
1465,scale_free,uniform,1478227,100,291,0.03,3,0.45,0.1,50,0.06,1,0.35,0.0,0.0,0.0
1466,scale_free,uniform,1479236,100,291,0.03,3,0.45,0.1,50,0.16,3,0.26,0.0,0.0,0.0
1467,scale_free,uniform,1480245,100,291,0.03,3,0.45,0.1,50,0.1,3,0.33,0.01,0.0,0.0
1468,scale_free,uniform,1481254,100,291,0.03,3,0.45,0.1,50,0.17,3,0.27,0.0,0.0,0.0
1469,scale_free,uniform,1482263,100,291,0.03,3,0.45,0.1,50,0.15,3,0.36,0.0,0.0,0.0
1470,scale_free,uniform,1483272,100,291,0.03,3,0.45,0.1,50,0.11,1,0.43,0.02,0.0,0.0
1471,scale_free,uniform,1484281,100,291,0.03,3,0.45,0.1,50,0.17,2,0.32,0.0,0.0,0.0
1472,scale_free,uniform,1485290,100,291,0.03,3,0.45,0.1,50,0.15,3,0.33,0.0,0.0,0.0
1473,scale_free,uniform,1486299,100,291,0.03,3,0.45,0.1,50,0.13,2,0.3,0.0,0.0,0.0
1474,scale_free,uniform,1487308,100,291,0.03,3,0.45,0.1,50,0.15,4,0.32,0.0,0.0,0.0
1475,scale_free,uniform,1488317,100,291,0.03,3,0.45,0.1,50,0.07,1,0.3,0.0,0.0,0.0
1476,scale_free,uniform,1489326,100,291,0.03,3,0.45,0.1,50,0.14,3,0.41,0.0,0.0,0.0
1477,scale_free,uniform,1490335,100,291,0.03,3,0.45,0.1,50,0.15,4,0.34,0.01,0.0,0.0
1478,scale_free,uniform,1491344,100,291,0.03,3,0.45,0.1,50,0.15,4,0.39,0.0,0.0,0.0
1479,scale_free,uniform,1492353,100,291,0.03,3,0.45,0.1,50,0.08,2,0.49,0.01,0.0,0.0
1480,scale_free,uniform,1493362,100,291,0.03,3,0.45,0.1,50,0.1,2,0.38,0.0,0.0,0.0
1481,scale_free,uniform,1494371,100,291,0.03,3,0.45,0.1,50,0.08,1,0.34,0.0,0.0,0.0
1482,scale_free,uniform,1495380,100,291,0.03,3,0.45,0.1,50,0.24,3,0.17,0.0,0.0,0.0
1483,scale_free,uniform,1496389,100,291,0.03,3,0.45,0.1,50,0.17,3,0.4,0.01,0.0,0.0
1484,scale_free,uniform,1497398,100,291,0.03,3,0.45,0.1,50,0.2,2,0.27,0.0,0.0,0.0
1485,scale_free,uniform,1498407,100,291,0.03,3,0.45,0.1,50,0.09,2,0.45,0.01,0.0,0.0
1486,scale_free,uniform,1499416,100,291,0.03,3,0.45,0.1,50,0.08,2,0.43,0.0,0.0,0.0
1487,scale_free,uniform,1500425,100,291,0.03,3,0.45,0.1,50,0.11,2,0.36,0.0,0.0,0.0
1488,scale_free,uniform,1501434,100,291,0.03,3,0.45,0.1,50,0.08,2,0.43,0.0,0.0,0.0
1489,scale_free,uniform,1502443,100,291,0.03,3,0.45,0.1,50,0.13,3,0.37,0.0,0.0,0.0
1490,scale_free,uniform,1503452,100,291,0.03,3,0.45,0.1,50,0.11,3,0.35,0.0,0.0,0.0
1491,scale_free,uniform,1504461,100,291,0.03,3,0.45,0.1,50,0.11,1,0.29,0.0,0.0,0.0
1492,scale_free,uniform,1505470,100,291,0.03,3,0.45,0.1,50,0.14,2,0.36,0.0,0.0,0.0
1493,scale_free,uniform,1506479,100,291,0.03,3,0.45,0.1,50,0.15,3,0.31,0.0,0.0,0.0
1494,scale_free,uniform,1507488,100,291,0.03,3,0.45,0.1,50,0.07,1,0.5,0.01,0.0,0.0
1495,scale_free,uniform,1508497,100,291,0.03,3,0.45,0.1,50,0.21,3,0.36,0.0,0.0,0.0
1496,scale_free,uniform,1509506,100,291,0.03,3,0.45,0.1,50,0.13,2,0.41,0.0,0.0,0.0
1497,scale_free,uniform,1510515,100,291,0.03,3,0.45,0.1,50,0.07,1,0.37,0.0,0.0,0.0
1498,scale_free,uniform,1511524,100,291,0.03,3,0.45,0.1,50,0.06,1,0.37,0.01,0.0,0.0
1499,scale_free,uniform,1512533,100,291,0.03,3,0.45,0.1,50,0.1,2,0.36,0.01,0.0,0.0
1500,scale_free,uniform,1513542,100,291,0.03,3,0.45,0.1,50,0.11,2,0.39,0.0,0.0,0.0
1501,scale_free,uniform,1514551,100,291,0.03,3,0.45,0.1,50,0.09,1,0.38,0.0,0.0,0.0
1502,scale_free,uniform,1515560,100,291,0.03,3,0.45,0.1,50,0.06,1,0.43,0.01,0.0,0.0
1503,scale_free,uniform,1516569,100,291,0.03,3,0.45,0.1,50,0.06,2,0.42,0.0,0.0,0.0
1504,scale_free,uniform,1517578,100,291,0.03,3,0.45,0.1,50,0.11,3,0.36,0.01,0.0,0.0
1505,scale_free,uniform,1518587,100,291,0.03,3,0.45,0.1,50,0.12,2,0.35,0.0,0.0,0.0
1506,scale_free,uniform,1519596,100,291,0.03,3,0.45,0.1,50,0.12,5,0.36,0.01,0.0,0.0
1507,scale_free,uniform,1520605,100,291,0.03,3,0.45,0.1,50,0.1,2,0.32,0.0,0.0,0.0
1508,scale_free,uniform,1521614,100,291,0.03,3,0.45,0.1,50,0.11,2,0.4,0.0,0.0,0.0
1509,scale_free,uniform,1522623,100,291,0.03,3,0.45,0.1,50,0.14,2,0.39,0.02,0.0,0.0
1510,scale_free,uniform,1523632,100,291,0.03,3,0.45,0.1,50,0.11,2,0.41,0.0,0.0,0.0
1511,scale_free,uniform,1524641,100,291,0.03,3,0.45,0.1,50,0.13,1,0.35,0.01,0.0,0.0
1512,scale_free,uniform,1525650,100,291,0.03,3,0.45,0.1,50,0.19,3,0.33,0.0,0.0,0.0
1513,scale_free,uniform,1526659,100,291,0.03,3,0.45,0.1,50,0.11,3,0.4,0.0,0.0,0.0
1514,scale_free,uniform,1527668,100,291,0.03,3,0.45,0.1,50,0.11,1,0.35,0.0,0.0,0.0
1515,scale_free,uniform,1528677,100,291,0.03,3,0.45,0.1,50,0.21,4,0.32,0.0,0.0,0.0
1516,scale_free,uniform,1529686,100,291,0.03,3,0.45,0.1,50,0.13,2,0.29,0.0,0.0,0.0
1517,scale_free,uniform,1530695,100,291,0.03,3,0.45,0.1,50,0.35,13,0.18,0.0,0.0,0.0
1518,scale_free,uniform,1531704,100,291,0.03,3,0.45,0.1,50,0.14,3,0.34,0.0,0.0,0.0
1519,scale_free,uniform,1532713,100,291,0.03,3,0.45,0.1,50,0.08,1,0.44,0.0,0.0,0.0
1520,scale_free,uniform,1533722,100,291,0.03,3,0.45,0.1,50,0.35,11,0.15,0.0,0.0,0.0
1521,scale_free,uniform,1534731,100,291,0.03,3,0.45,0.1,50,0.05,1,0.53,0.04,0.0,0.0
1522,scale_free,uniform,1535740,100,291,0.03,3,0.45,0.1,50,0.17,4,0.25,0.0,0.0,0.0
1523,scale_free,uniform,1536749,100,291,0.03,3,0.45,0.1,50,0.18,3,0.34,0.0,0.0,0.0
1524,scale_free,uniform,1537758,100,291,0.03,3,0.45,0.1,50,0.11,3,0.42,0.01,0.0,0.0
1525,scale_free,uniform,1538767,100,291,0.03,3,0.45,0.1,50,0.1,1,0.44,0.01,0.0,0.0
1526,scale_free,uniform,1539776,100,291,0.03,3,0.45,0.1,50,0.16,4,0.34,0.01,0.0,0.0
1527,scale_free,uniform,1540785,100,291,0.03,3,0.45,0.1,50,0.11,3,0.4,0.02,0.0,0.0
1528,scale_free,uniform,1541794,100,291,0.03,3,0.45,0.1,50,0.14,4,0.3,0.0,0.0,0.0
1529,scale_free,uniform,1542803,100,291,0.03,3,0.45,0.1,50,0.1,3,0.4,0.01,0.0,0.0
1530,scale_free,uniform,1543812,100,291,0.03,3,0.45,0.1,50,0.12,4,0.4,0.0,0.0,0.0
1531,scale_free,uniform,1544821,100,291,0.03,3,0.45,0.1,50,0.18,4,0.28,0.0,0.0,0.0
1532,scale_free,uniform,1545830,100,291,0.03,3,0.45,0.1,50,0.09,1,0.41,0.0,0.0,0.0
1533,scale_free,uniform,1546839,100,291,0.03,3,0.45,0.1,50,0.23,6,0.26,0.01,0.0,0.0
1534,scale_free,uniform,1547848,100,291,0.03,3,0.45,0.1,50,0.19,2,0.38,0.01,0.0,0.0
1535,scale_free,uniform,1548857,100,291,0.03,3,0.45,0.1,50,0.11,1,0.35,0.0,0.0,0.0
1536,scale_free,uniform,1549866,100,291,0.03,3,0.45,0.1,50,1.0,21,0.0,0.0,0.0,0.0
1537,scale_free,uniform,1550875,100,291,0.03,3,0.45,0.1,50,0.07,1,0.38,0.0,0.0,0.0
1538,scale_free,uniform,1551884,100,291,0.03,3,0.45,0.1,50,0.1,2,0.34,0.0,0.0,0.0
1539,scale_free,uniform,1552893,100,291,0.03,3,0.45,0.1,50,0.09,1,0.47,0.02,0.0,0.0
1540,scale_free,uniform,1553902,100,291,0.03,3,0.45,0.1,50,0.2,4,0.26,0.01,0.0,0.0
1541,scale_free,uniform,1554911,100,291,0.03,3,0.45,0.1,50,0.14,3,0.3,0.0,0.0,0.0
1542,scale_free,uniform,1555920,100,291,0.03,3,0.45,0.1,50,0.07,2,0.41,0.01,0.0,0.0
1543,scale_free,uniform,1556929,100,291,0.03,3,0.45,0.1,50,0.1,1,0.31,0.01,0.0,0.0
1544,scale_free,uniform,1557938,100,291,0.03,3,0.45,0.1,50,0.23,7,0.27,0.0,0.0,0.0
1545,scale_free,uniform,1558947,100,291,0.03,3,0.45,0.1,50,0.15,2,0.33,0.01,0.0,0.0
1546,scale_free,uniform,1559956,100,291,0.03,3,0.45,0.1,50,0.14,3,0.36,0.0,0.0,0.0
1547,scale_free,uniform,1560965,100,291,0.03,3,0.45,0.1,50,0.17,5,0.34,0.0,0.0,0.0
1548,scale_free,uniform,1561974,100,291,0.03,3,0.45,0.1,50,0.11,1,0.44,0.0,0.0,0.0
1549,scale_free,uniform,1562983,100,291,0.03,3,0.45,0.1,50,0.11,2,0.35,0.0,0.0,0.0
1550,scale_free,uniform,1563992,100,291,0.03,3,0.45,0.1,50,0.23,5,0.18,0.0,0.0,0.0
1551,scale_free,uniform,1565001,100,291,0.03,3,0.45,0.1,50,0.11,3,0.41,0.02,0.0,0.0
1552,scale_free,uniform,1566010,100,291,0.03,3,0.45,0.1,50,0.09,2,0.33,0.0,0.0,0.0
1553,scale_free,uniform,1567019,100,291,0.03,3,0.45,0.1,50,0.03,0,0.46,0.02,0.0,0.0
1554,scale_free,uniform,1568028,100,291,0.03,3,0.45,0.1,50,0.19,3,0.31,0.0,0.0,0.0
1555,scale_free,uniform,1569037,100,291,0.03,3,0.45,0.1,50,0.07,2,0.46,0.0,0.0,0.0
1556,scale_free,uniform,1570046,100,291,0.03,3,0.45,0.1,50,0.1,1,0.32,0.0,0.0,0.0
1557,scale_free,uniform,1571055,100,291,0.03,3,0.45,0.1,50,0.15,3,0.34,0.0,0.0,0.0
1558,scale_free,uniform,1572064,100,291,0.03,3,0.45,0.1,50,0.1,2,0.35,0.0,0.0,0.0
1559,scale_free,uniform,1573073,100,291,0.03,3,0.45,0.1,50,0.11,2,0.38,0.01,0.0,0.0
1560,scale_free,uniform,1574082,100,291,0.03,3,0.45,0.1,50,0.23,5,0.27,0.0,0.0,0.0
1561,scale_free,uniform,1575091,100,291,0.03,3,0.45,0.1,50,0.18,4,0.33,0.0,0.0,0.0
1562,scale_free,uniform,1576100,100,291,0.03,3,0.45,0.1,50,0.14,3,0.29,0.0,0.0,0.0
1563,scale_free,uniform,1577109,100,291,0.03,3,0.45,0.1,50,0.09,1,0.46,0.01,0.0,0.0
1564,scale_free,uniform,1578118,100,291,0.03,3,0.45,0.1,50,0.23,4,0.3,0.0,0.0,0.0
1565,scale_free,uniform,1579127,100,291,0.03,3,0.45,0.1,50,0.27,6,0.18,0.0,0.0,0.0
1566,scale_free,uniform,1580136,100,291,0.03,3,0.45,0.1,50,0.09,1,0.4,0.02,0.0,0.0
1567,scale_free,uniform,1581145,100,291,0.03,3,0.45,0.1,50,0.07,1,0.38,0.01,0.0,0.0
1568,scale_free,uniform,1582154,100,291,0.03,3,0.45,0.1,50,0.13,2,0.29,0.0,0.0,0.0
1569,scale_free,uniform,1583163,100,291,0.03,3,0.45,0.1,50,0.09,1,0.39,0.0,0.0,0.0
1570,scale_free,uniform,1584172,100,291,0.03,3,0.45,0.1,50,0.08,2,0.46,0.02,0.0,0.0
1571,scale_free,uniform,1585181,100,291,0.03,3,0.45,0.1,50,0.17,3,0.26,0.0,0.0,0.0
1572,scale_free,uniform,1586190,100,291,0.03,3,0.45,0.1,50,0.13,2,0.38,0.0,0.0,0.0
1573,scale_free,uniform,1587199,100,291,0.03,3,0.45,0.1,50,0.12,3,0.33,0.0,0.0,0.0
1574,scale_free,uniform,1588208,100,291,0.03,3,0.45,0.1,50,0.14,4,0.31,0.0,0.0,0.0
1575,scale_free,uniform,1589217,100,291,0.03,3,0.45,0.1,50,0.08,1,0.47,0.03,0.0,0.0
1576,scale_free,uniform,1590226,100,291,0.03,3,0.45,0.1,50,0.14,4,0.36,0.0,0.0,0.0
1577,scale_free,uniform,1591235,100,291,0.03,3,0.45,0.1,50,0.14,2,0.29,0.0,0.0,0.0
1578,scale_free,uniform,1592244,100,291,0.03,3,0.45,0.1,50,0.18,3,0.3,0.0,0.0,0.0
1579,scale_free,uniform,1593253,100,291,0.03,3,0.45,0.1,50,0.21,2,0.26,0.0,0.0,0.0
1580,scale_free,uniform,1594262,100,291,0.03,3,0.45,0.1,50,0.09,2,0.37,0.0,0.0,0.0
1581,scale_free,uniform,1595271,100,291,0.03,3,0.45,0.1,50,0.13,2,0.37,0.0,0.0,0.0
1582,scale_free,uniform,1596280,100,291,0.03,3,0.45,0.1,50,0.12,2,0.37,0.01,0.0,0.0
1583,scale_free,uniform,1597289,100,291,0.03,3,0.45,0.1,50,0.07,1,0.48,0.03,0.0,0.0
1584,scale_free,uniform,1598298,100,291,0.03,3,0.45,0.1,50,0.08,1,0.4,0.0,0.0,0.0
1585,scale_free,uniform,1599307,100,291,0.03,3,0.45,0.1,50,0.14,5,0.36,0.0,0.0,0.0
1586,scale_free,uniform,1600316,100,291,0.03,3,0.45,0.1,50,0.12,2,0.33,0.0,0.0,0.0
1587,scale_free,uniform,1601325,100,291,0.03,3,0.45,0.1,50,0.09,2,0.35,0.0,0.0,0.0
1588,scale_free,uniform,1602334,100,291,0.03,3,0.45,0.1,50,0.05,1,0.5,0.0,0.0,0.0
1589,scale_free,uniform,1603343,100,291,0.03,3,0.45,0.1,50,0.2,4,0.32,0.0,0.0,0.0
1590,scale_free,uniform,1604352,100,291,0.03,3,0.45,0.1,50,0.15,2,0.41,0.01,0.0,0.0
1591,scale_free,uniform,1605361,100,291,0.03,3,0.45,0.1,50,0.13,1,0.34,0.0,0.0,0.0
1592,scale_free,uniform,1606370,100,291,0.03,3,0.45,0.1,50,0.07,1,0.43,0.0,0.0,0.0
1593,scale_free,uniform,1607379,100,291,0.03,3,0.45,0.1,50,0.15,3,0.32,0.0,0.0,0.0
1594,scale_free,uniform,1608388,100,291,0.03,3,0.45,0.1,50,0.11,2,0.36,0.0,0.0,0.0
1595,scale_free,uniform,1609397,100,291,0.03,3,0.45,0.1,50,0.12,2,0.42,0.0,0.0,0.0
1596,scale_free,uniform,1610406,100,291,0.03,3,0.45,0.1,50,0.23,6,0.24,0.02,0.0,0.0
1597,scale_free,uniform,1611415,100,291,0.03,3,0.45,0.1,50,0.17,4,0.34,0.0,0.0,0.0
1598,scale_free,uniform,1612424,100,291,0.03,3,0.45,0.1,50,0.1,1,0.37,0.01,0.0,0.0
1599,scale_free,uniform,1613433,100,291,0.03,3,0.45,0.1,50,0.1,2,0.31,0.01,0.0,0.0
1600,scale_free,uniform,1614442,100,291,0.03,3,0.45,0.1,50,0.11,2,0.32,0.0,0.0,0.0
1601,scale_free,uniform,1615451,100,291,0.03,3,0.45,0.1,50,0.08,2,0.36,0.0,0.0,0.0
1602,scale_free,uniform,1616460,100,291,0.03,3,0.45,0.1,50,0.17,2,0.36,0.0,0.0,0.0
1603,scale_free,uniform,1617469,100,291,0.03,3,0.45,0.1,50,0.09,2,0.46,0.02,0.0,0.0
1604,scale_free,uniform,1618478,100,291,0.03,3,0.45,0.1,50,0.11,2,0.44,0.0,0.0,0.0
1605,scale_free,uniform,1619487,100,291,0.03,3,0.45,0.1,50,0.07,1,0.39,0.01,0.0,0.0
1606,scale_free,uniform,1620496,100,291,0.03,3,0.45,0.1,50,0.08,1,0.39,0.0,0.0,0.0
1607,scale_free,uniform,1621505,100,291,0.03,3,0.45,0.1,50,0.11,2,0.35,0.0,0.0,0.0
1608,scale_free,uniform,1622514,100,291,0.03,3,0.45,0.1,50,0.11,2,0.35,0.0,0.0,0.0
1609,scale_free,uniform,1623523,100,291,0.03,3,0.45,0.1,50,0.12,1,0.37,0.02,0.0,0.0
1610,scale_free,uniform,1624532,100,291,0.03,3,0.45,0.1,50,0.09,1,0.38,0.02,0.0,0.0
1611,scale_free,uniform,1625541,100,291,0.03,3,0.45,0.1,50,0.06,1,0.35,0.0,0.0,0.0
1612,scale_free,uniform,1626550,100,291,0.03,3,0.45,0.1,50,0.09,1,0.47,0.01,0.0,0.0
1613,scale_free,uniform,1627559,100,291,0.03,3,0.45,0.1,50,0.08,2,0.45,0.01,0.0,0.0
1614,scale_free,uniform,1628568,100,291,0.03,3,0.45,0.1,50,0.12,3,0.36,0.0,0.0,0.0
1615,scale_free,uniform,1629577,100,291,0.03,3,0.45,0.1,50,0.18,2,0.35,0.0,0.0,0.0
1616,scale_free,uniform,1630586,100,291,0.03,3,0.45,0.1,50,0.12,2,0.38,0.01,0.0,0.0
1617,scale_free,uniform,1631595,100,291,0.03,3,0.45,0.1,50,0.15,2,0.34,0.0,0.0,0.0
1618,scale_free,uniform,1632604,100,291,0.03,3,0.45,0.1,50,0.08,1,0.43,0.0,0.0,0.0
1619,scale_free,uniform,1633613,100,291,0.03,3,0.45,0.1,50,0.19,3,0.31,0.0,0.0,0.0
1620,scale_free,uniform,1634622,100,291,0.03,3,0.45,0.1,50,0.12,2,0.43,0.01,0.0,0.0
1621,scale_free,uniform,1635631,100,291,0.03,3,0.45,0.1,50,0.13,4,0.34,0.0,0.0,0.0
1622,scale_free,uniform,1636640,100,291,0.03,3,0.45,0.1,50,0.22,4,0.28,0.0,0.0,0.0
1623,scale_free,uniform,1637649,100,291,0.03,3,0.45,0.1,50,0.08,2,0.35,0.0,0.0,0.0
1624,scale_free,uniform,1638658,100,291,0.03,3,0.45,0.1,50,0.08,2,0.38,0.0,0.0,0.0
1625,scale_free,uniform,1639667,100,291,0.03,3,0.45,0.1,50,0.2,3,0.33,0.0,0.0,0.0
1626,scale_free,uniform,1640676,100,291,0.03,3,0.45,0.1,50,0.08,2,0.46,0.01,0.0,0.0
1627,scale_free,uniform,1641685,100,291,0.03,3,0.45,0.1,50,0.14,4,0.38,0.01,0.0,0.0
1628,scale_free,uniform,1642694,100,291,0.03,3,0.45,0.1,50,0.11,3,0.38,0.0,0.0,0.0
1629,scale_free,uniform,1643703,100,291,0.03,3,0.45,0.1,50,0.06,1,0.45,0.01,0.0,0.0
1630,scale_free,uniform,1644712,100,291,0.03,3,0.45,0.1,50,1.0,28,0.0,0.0,0.0,0.0
1631,scale_free,uniform,1645721,100,291,0.03,3,0.45,0.1,50,0.13,1,0.41,0.01,0.0,0.0
1632,scale_free,uniform,1646730,100,291,0.03,3,0.45,0.1,50,0.07,1,0.46,0.02,0.0,0.0
1633,scale_free,uniform,1647739,100,291,0.03,3,0.45,0.1,50,0.12,3,0.41,0.01,0.0,0.0
1634,scale_free,uniform,1648748,100,291,0.03,3,0.45,0.1,50,0.1,2,0.37,0.01,0.0,0.0
1635,scale_free,uniform,1649757,100,291,0.03,3,0.45,0.1,50,0.3,7,0.24,0.0,0.0,0.0
1636,scale_free,uniform,1650766,100,291,0.03,3,0.45,0.1,50,0.08,1,0.44,0.0,0.0,0.0
1637,scale_free,uniform,1651775,100,291,0.03,3,0.45,0.1,50,0.27,5,0.22,0.0,0.0,0.0
1638,scale_free,uniform,1652784,100,291,0.03,3,0.45,0.1,50,0.2,3,0.27,0.0,0.0,0.0
1639,scale_free,uniform,1653793,100,291,0.03,3,0.45,0.1,50,0.15,3,0.34,0.01,0.0,0.0
1640,scale_free,uniform,1654802,100,291,0.03,3,0.45,0.1,50,0.26,4,0.2,0.0,0.0,0.0
1641,scale_free,uniform,1655811,100,291,0.03,3,0.45,0.1,50,0.11,2,0.42,0.01,0.0,0.0
1642,scale_free,uniform,1656820,100,291,0.03,3,0.45,0.1,50,0.12,3,0.34,0.0,0.0,0.0
1643,scale_free,uniform,1657829,100,291,0.03,3,0.45,0.1,50,0.11,2,0.39,0.01,0.0,0.0
1644,scale_free,uniform,1658838,100,291,0.03,3,0.45,0.1,50,0.14,2,0.35,0.0,0.0,0.0
1645,scale_free,uniform,1659847,100,291,0.03,3,0.45,0.1,50,0.11,2,0.33,0.0,0.0,0.0
1646,scale_free,uniform,1660856,100,291,0.03,3,0.45,0.1,50,0.09,1,0.33,0.01,0.0,0.0
1647,scale_free,uniform,1661865,100,291,0.03,3,0.45,0.1,50,0.25,6,0.26,0.0,0.0,0.0
1648,scale_free,uniform,1662874,100,291,0.03,3,0.45,0.1,50,0.11,3,0.37,0.0,0.0,0.0
1649,scale_free,uniform,1663883,100,291,0.03,3,0.45,0.1,50,0.1,2,0.39,0.0,0.0,0.0
1650,scale_free,uniform,1664892,100,291,0.03,3,0.45,0.1,50,0.25,5,0.27,0.0,0.0,0.0
1651,scale_free,uniform,1665901,100,291,0.03,3,0.45,0.1,50,0.05,1,0.49,0.01,0.0,0.0
1652,scale_free,uniform,1666910,100,291,0.03,3,0.45,0.1,50,0.14,2,0.29,0.0,0.0,0.0
1653,scale_free,uniform,1667919,100,291,0.03,3,0.45,0.1,50,0.06,1,0.4,0.0,0.0,0.0
1654,scale_free,uniform,1668928,100,291,0.03,3,0.45,0.1,50,0.15,2,0.3,0.0,0.0,0.0
1655,scale_free,uniform,1669937,100,291,0.03,3,0.45,0.1,50,0.09,1,0.47,0.0,0.0,0.0
1656,scale_free,uniform,1670946,100,291,0.03,3,0.45,0.1,50,0.08,1,0.4,0.0,0.0,0.0
1657,scale_free,uniform,1671955,100,291,0.03,3,0.45,0.1,50,0.18,4,0.28,0.01,0.0,0.0
1658,scale_free,uniform,1672964,100,291,0.03,3,0.45,0.1,50,0.13,2,0.3,0.0,0.0,0.0
1659,scale_free,uniform,1673973,100,291,0.03,3,0.45,0.1,50,0.11,2,0.41,0.0,0.0,0.0
1660,scale_free,uniform,1674982,100,291,0.03,3,0.45,0.1,50,0.09,2,0.37,0.0,0.0,0.0
1661,scale_free,uniform,1675991,100,291,0.03,3,0.45,0.1,50,0.07,2,0.38,0.0,0.0,0.0
1662,scale_free,uniform,1677000,100,291,0.03,3,0.45,0.1,50,0.25,6,0.23,0.0,0.0,0.0
1663,scale_free,uniform,1678009,100,291,0.03,3,0.45,0.1,50,0.19,4,0.29,0.0,0.0,0.0
1664,scale_free,uniform,1679018,100,291,0.03,3,0.45,0.1,50,0.16,4,0.25,0.0,0.0,0.0
1665,scale_free,uniform,1680027,100,291,0.03,3,0.45,0.1,50,0.06,1,0.47,0.0,0.0,0.0
1666,scale_free,uniform,1681036,100,291,0.03,3,0.45,0.1,50,0.22,5,0.25,0.0,0.0,0.0
1667,scale_free,uniform,1682045,100,291,0.03,3,0.45,0.1,50,0.12,2,0.31,0.01,0.0,0.0
1668,scale_free,uniform,1683054,100,291,0.03,3,0.45,0.1,50,0.06,1,0.49,0.01,0.0,0.0
1669,scale_free,uniform,1684063,100,291,0.03,3,0.45,0.1,50,0.11,3,0.42,0.01,0.0,0.0
1670,scale_free,uniform,1685072,100,291,0.03,3,0.45,0.1,50,0.11,2,0.51,0.03,0.0,0.0
1671,scale_free,uniform,1686081,100,291,0.03,3,0.45,0.1,50,0.15,3,0.33,0.0,0.0,0.0
1672,scale_free,uniform,1687090,100,291,0.03,3,0.45,0.1,50,0.13,2,0.24,0.0,0.0,0.0
1673,scale_free,uniform,1688099,100,291,0.03,3,0.45,0.1,50,0.1,2,0.3,0.0,0.0,0.0
1674,scale_free,uniform,1689108,100,291,0.03,3,0.45,0.1,50,0.08,1,0.38,0.02,0.0,0.0
1675,scale_free,uniform,1690117,100,291,0.03,3,0.45,0.1,50,0.15,4,0.34,0.0,0.0,0.0
1676,scale_free,uniform,1691126,100,291,0.03,3,0.45,0.1,50,0.23,6,0.24,0.0,0.0,0.0
1677,scale_free,uniform,1692135,100,291,0.03,3,0.45,0.1,50,0.09,1,0.4,0.0,0.0,0.0
1678,scale_free,uniform,1693144,100,291,0.03,3,0.45,0.1,50,0.2,3,0.28,0.0,0.0,0.0
1679,scale_free,uniform,1694153,100,291,0.03,3,0.45,0.1,50,0.1,2,0.36,0.0,0.0,0.0
1680,scale_free,uniform,1695162,100,291,0.03,3,0.45,0.1,50,0.15,5,0.35,0.01,0.0,0.0
1681,scale_free,uniform,1696171,100,291,0.03,3,0.45,0.1,50,0.1,1,0.43,0.0,0.0,0.0
1682,scale_free,uniform,1697180,100,291,0.03,3,0.45,0.1,50,0.17,4,0.27,0.0,0.0,0.0
1683,scale_free,uniform,1698189,100,291,0.03,3,0.45,0.1,50,0.13,4,0.43,0.01,0.0,0.0
1684,scale_free,uniform,1699198,100,291,0.03,3,0.45,0.1,50,0.08,1,0.44,0.0,0.0,0.0
1685,scale_free,uniform,1700207,100,291,0.03,3,0.45,0.1,50,0.09,2,0.39,0.0,0.0,0.0
1686,scale_free,uniform,1701216,100,291,0.03,3,0.45,0.1,50,0.08,1,0.46,0.01,0.0,0.0
1687,scale_free,uniform,1702225,100,291,0.03,3,0.45,0.1,50,0.1,1,0.36,0.01,0.0,0.0
1688,scale_free,uniform,1703234,100,291,0.03,3,0.45,0.1,50,0.05,1,0.45,0.02,0.0,0.0
1689,scale_free,uniform,1704243,100,291,0.03,3,0.45,0.1,50,0.06,1,0.39,0.0,0.0,0.0
1690,scale_free,uniform,1705252,100,291,0.03,3,0.45,0.1,50,0.06,1,0.35,0.0,0.0,0.0
1691,scale_free,uniform,1706261,100,291,0.03,3,0.45,0.1,50,0.13,2,0.43,0.02,0.0,0.0
1692,scale_free,uniform,1707270,100,291,0.03,3,0.45,0.1,50,0.21,3,0.29,0.0,0.0,0.0
1693,scale_free,uniform,1708279,100,291,0.03,3,0.45,0.1,50,0.1,2,0.31,0.0,0.0,0.0
1694,scale_free,uniform,1709288,100,291,0.03,3,0.45,0.1,50,0.12,2,0.43,0.0,0.0,0.0
1695,scale_free,uniform,1710297,100,291,0.03,3,0.45,0.1,50,0.14,3,0.32,0.0,0.0,0.0
1696,scale_free,uniform,1711306,100,291,0.03,3,0.45,0.1,50,0.09,2,0.4,0.01,0.0,0.0
1697,scale_free,uniform,1712315,100,291,0.03,3,0.45,0.1,50,0.11,2,0.47,0.0,0.0,0.0
1698,scale_free,uniform,1713324,100,291,0.03,3,0.45,0.1,50,0.09,1,0.38,0.0,0.0,0.0
1699,scale_free,uniform,1714333,100,291,0.03,3,0.45,0.1,50,0.09,3,0.39,0.0,0.0,0.0
1700,scale_free,uniform,1715342,100,291,0.03,3,0.45,0.1,50,0.12,3,0.3,0.01,0.0,0.0
1701,scale_free,uniform,1716351,100,291,0.03,3,0.45,0.1,50,0.06,1,0.47,0.02,0.0,0.0
1702,scale_free,uniform,1717360,100,291,0.03,3,0.45,0.1,50,0.14,3,0.32,0.0,0.0,0.0
1703,scale_free,uniform,1718369,100,291,0.03,3,0.45,0.1,50,0.12,2,0.34,0.0,0.0,0.0
1704,scale_free,uniform,1719378,100,291,0.03,3,0.45,0.1,50,0.1,2,0.35,0.01,0.0,0.0
1705,scale_free,uniform,1720387,100,291,0.03,3,0.45,0.1,50,0.16,2,0.29,0.0,0.0,0.0
1706,scale_free,uniform,1721396,100,291,0.03,3,0.45,0.1,50,0.1,1,0.44,0.0,0.0,0.0
1707,scale_free,uniform,1722405,100,291,0.03,3,0.45,0.1,50,0.12,2,0.34,0.0,0.0,0.0
1708,scale_free,uniform,1723414,100,291,0.03,3,0.45,0.1,50,0.07,2,0.47,0.03,0.0,0.0
1709,scale_free,uniform,1724423,100,291,0.03,3,0.45,0.1,50,0.17,3,0.4,0.0,0.0,0.0
1710,scale_free,uniform,1725432,100,291,0.03,3,0.45,0.1,50,0.12,2,0.41,0.02,0.0,0.0
1711,scale_free,uniform,1726441,100,291,0.03,3,0.45,0.1,50,0.18,4,0.28,0.0,0.0,0.0
1712,scale_free,uniform,1727450,100,291,0.03,3,0.45,0.1,50,0.35,16,0.12,0.0,0.0,0.0
1713,scale_free,uniform,1728459,100,291,0.03,3,0.45,0.1,50,0.14,2,0.33,0.01,0.0,0.0
1714,scale_free,uniform,1729468,100,291,0.03,3,0.45,0.1,50,0.11,2,0.37,0.01,0.0,0.0
1715,scale_free,uniform,1730477,100,291,0.03,3,0.45,0.1,50,0.21,5,0.35,0.0,0.0,0.0
1716,scale_free,uniform,1731486,100,291,0.03,3,0.45,0.1,50,0.23,4,0.17,0.0,0.0,0.0
1717,scale_free,uniform,1732495,100,291,0.03,3,0.45,0.1,50,0.12,2,0.38,0.0,0.0,0.0
1718,scale_free,uniform,1733504,100,291,0.03,3,0.45,0.1,50,0.09,2,0.39,0.0,0.0,0.0
1719,scale_free,uniform,1734513,100,291,0.03,3,0.45,0.1,50,0.11,2,0.43,0.0,0.0,0.0
1720,scale_free,uniform,1735522,100,291,0.03,3,0.45,0.1,50,0.13,2,0.45,0.01,0.0,0.0
1721,scale_free,uniform,1736531,100,291,0.03,3,0.45,0.1,50,0.31,8,0.22,0.0,0.0,0.0
1722,scale_free,uniform,1737540,100,291,0.03,3,0.45,0.1,50,0.07,1,0.39,0.01,0.0,0.0
1723,scale_free,uniform,1738549,100,291,0.03,3,0.45,0.1,50,0.08,2,0.48,0.01,0.0,0.0
1724,scale_free,uniform,1739558,100,291,0.03,3,0.45,0.1,50,0.07,2,0.46,0.03,0.0,0.0
1725,scale_free,uniform,1740567,100,291,0.03,3,0.45,0.1,50,0.14,2,0.32,0.01,0.0,0.0
1726,scale_free,uniform,1741576,100,291,0.03,3,0.45,0.1,50,0.17,5,0.41,0.01,0.0,0.0
1727,scale_free,uniform,1742585,100,291,0.03,3,0.45,0.1,50,0.08,2,0.44,0.01,0.0,0.0
1728,scale_free,uniform,1743594,100,291,0.03,3,0.45,0.1,50,0.09,2,0.43,0.0,0.0,0.0
1729,scale_free,uniform,1744603,100,291,0.03,3,0.45,0.1,50,0.12,2,0.32,0.0,0.0,0.0
1730,scale_free,uniform,1745612,100,291,0.03,3,0.45,0.1,50,0.08,2,0.41,0.02,0.0,0.0
1731,scale_free,uniform,1746621,100,291,0.03,3,0.45,0.1,50,0.16,2,0.36,0.0,0.0,0.0
1732,scale_free,uniform,1747630,100,291,0.03,3,0.45,0.1,50,0.16,2,0.3,0.0,0.0,0.0
1733,scale_free,uniform,1748639,100,291,0.03,3,0.45,0.1,50,0.13,3,0.43,0.0,0.0,0.0
1734,scale_free,uniform,1749648,100,291,0.03,3,0.45,0.1,50,0.06,2,0.47,0.0,0.0,0.0
1735,scale_free,uniform,1750657,100,291,0.03,3,0.45,0.1,50,0.11,3,0.39,0.01,0.0,0.0
1736,scale_free,uniform,1751666,100,291,0.03,3,0.45,0.1,50,0.07,1,0.49,0.03,0.0,0.0
1737,scale_free,uniform,1752675,100,291,0.03,3,0.45,0.1,50,0.05,1,0.51,0.01,0.0,0.0
1738,scale_free,uniform,1753684,100,291,0.03,3,0.45,0.1,50,0.12,2,0.37,0.0,0.0,0.0
1739,scale_free,uniform,1754693,100,291,0.03,3,0.45,0.1,50,0.09,3,0.41,0.01,0.0,0.0
1740,scale_free,uniform,1755702,100,291,0.03,3,0.45,0.1,50,0.08,1,0.49,0.02,0.0,0.0
1741,scale_free,uniform,1756711,100,291,0.03,3,0.45,0.1,50,0.11,1,0.43,0.0,0.0,0.0
1742,scale_free,uniform,1757720,100,291,0.03,3,0.45,0.1,50,0.18,4,0.26,0.0,0.0,0.0
1743,scale_free,uniform,1758729,100,291,0.03,3,0.45,0.1,50,0.07,1,0.47,0.02,0.0,0.0
1744,scale_free,uniform,1759738,100,291,0.03,3,0.45,0.1,50,0.15,2,0.41,0.02,0.0,0.0
1745,scale_free,uniform,1760747,100,291,0.03,3,0.45,0.1,50,0.14,2,0.32,0.0,0.0,0.0
1746,scale_free,uniform,1761756,100,291,0.03,3,0.45,0.1,50,0.09,1,0.4,0.0,0.0,0.0
1747,scale_free,uniform,1762765,100,291,0.03,3,0.45,0.1,50,0.14,4,0.43,0.01,0.0,0.0
1748,scale_free,uniform,1763774,100,291,0.03,3,0.45,0.1,50,0.09,2,0.41,0.01,0.0,0.0
1749,scale_free,uniform,1764783,100,291,0.03,3,0.45,0.1,50,0.08,1,0.46,0.02,0.0,0.0
1750,scale_free,uniform,1765792,100,291,0.03,3,0.45,0.1,50,0.09,2,0.41,0.01,0.0,0.0
1751,scale_free,uniform,1766801,100,291,0.03,3,0.45,0.1,50,0.12,3,0.4,0.0,0.0,0.0
1752,scale_free,uniform,1767810,100,291,0.03,3,0.45,0.1,50,0.17,3,0.24,0.0,0.0,0.0
1753,scale_free,uniform,1768819,100,291,0.03,3,0.45,0.1,50,0.08,1,0.43,0.01,0.0,0.0
1754,scale_free,uniform,1769828,100,291,0.03,3,0.45,0.1,50,0.06,2,0.36,0.01,0.0,0.0
1755,scale_free,uniform,1770837,100,291,0.03,3,0.45,0.1,50,0.18,9,0.24,0.0,0.0,0.0
1756,scale_free,uniform,1771846,100,291,0.03,3,0.45,0.1,50,0.12,3,0.35,0.0,0.0,0.0
1757,scale_free,uniform,1772855,100,291,0.03,3,0.45,0.1,50,0.12,3,0.41,0.0,0.0,0.0
1758,scale_free,uniform,1773864,100,291,0.03,3,0.45,0.1,50,0.16,5,0.24,0.0,0.0,0.0
1759,scale_free,uniform,1774873,100,291,0.03,3,0.45,0.1,50,0.09,2,0.41,0.0,0.0,0.0
1760,scale_free,uniform,1775882,100,291,0.03,3,0.45,0.1,50,0.21,3,0.24,0.0,0.0,0.0
1761,scale_free,uniform,1776891,100,291,0.03,3,0.45,0.1,50,0.18,3,0.21,0.0,0.0,0.0
1762,scale_free,uniform,1777900,100,291,0.03,3,0.45,0.1,50,0.18,3,0.26,0.0,0.0,0.0
1763,scale_free,uniform,1778909,100,291,0.03,3,0.45,0.1,50,0.14,5,0.31,0.0,0.0,0.0
1764,scale_free,uniform,1779918,100,291,0.03,3,0.45,0.1,50,0.19,4,0.25,0.0,0.0,0.0
1765,scale_free,uniform,1780927,100,291,0.03,3,0.45,0.1,50,0.23,7,0.18,0.0,0.0,0.0
1766,scale_free,uniform,1781936,100,291,0.03,3,0.45,0.1,50,0.11,2,0.43,0.0,0.0,0.0
1767,scale_free,uniform,1782945,100,291,0.03,3,0.45,0.1,50,0.07,1,0.43,0.0,0.0,0.0
1768,scale_free,uniform,1783954,100,291,0.03,3,0.45,0.1,50,0.07,1,0.42,0.0,0.0,0.0
1769,scale_free,uniform,1784963,100,291,0.03,3,0.45,0.1,50,0.12,2,0.43,0.0,0.0,0.0
1770,scale_free,uniform,1785972,100,291,0.03,3,0.45,0.1,50,0.09,2,0.38,0.0,0.0,0.0
1771,scale_free,uniform,1786981,100,291,0.03,3,0.45,0.1,50,0.16,5,0.31,0.0,0.0,0.0
1772,scale_free,uniform,1787990,100,291,0.03,3,0.45,0.1,50,0.24,4,0.34,0.01,0.0,0.0
1773,scale_free,uniform,1788999,100,291,0.03,3,0.45,0.1,50,0.22,4,0.23,0.0,0.0,0.0
1774,scale_free,uniform,1790008,100,291,0.03,3,0.45,0.1,50,0.24,4,0.24,0.0,0.0,0.0
1775,scale_free,uniform,1791017,100,291,0.03,3,0.45,0.1,50,0.15,3,0.37,0.01,0.0,0.0
1776,scale_free,uniform,1792026,100,291,0.03,3,0.45,0.1,50,0.08,1,0.38,0.0,0.0,0.0
1777,scale_free,uniform,1793035,100,291,0.03,3,0.45,0.1,50,0.08,2,0.47,0.03,0.0,0.0
1778,scale_free,uniform,1794044,100,291,0.03,3,0.45,0.1,50,0.16,3,0.28,0.0,0.0,0.0
1779,scale_free,uniform,1795053,100,291,0.03,3,0.45,0.1,50,0.12,2,0.4,0.0,0.0,0.0
1780,scale_free,uniform,1796062,100,291,0.03,3,0.45,0.1,50,0.26,5,0.34,0.0,0.0,0.0
1781,scale_free,uniform,1797071,100,291,0.03,3,0.45,0.1,50,0.21,4,0.26,0.0,0.0,0.0
1782,scale_free,uniform,1798080,100,291,0.03,3,0.45,0.1,50,0.05,1,0.47,0.02,0.0,0.0
1783,scale_free,uniform,1799089,100,291,0.03,3,0.45,0.1,50,0.08,2,0.4,0.01,0.0,0.0
1784,scale_free,uniform,1800098,100,291,0.03,3,0.45,0.1,50,0.12,3,0.39,0.0,0.0,0.0
1785,scale_free,uniform,1801107,100,291,0.03,3,0.45,0.1,50,0.14,2,0.32,0.0,0.0,0.0
1786,scale_free,uniform,1802116,100,291,0.03,3,0.45,0.1,50,0.22,4,0.24,0.0,0.0,0.0
1787,scale_free,uniform,1803125,100,291,0.03,3,0.45,0.1,50,0.12,2,0.37,0.0,0.0,0.0
1788,scale_free,uniform,1804134,100,291,0.03,3,0.45,0.1,50,0.13,2,0.38,0.01,0.0,0.0
1789,scale_free,uniform,1805143,100,291,0.03,3,0.45,0.1,50,0.06,1,0.49,0.04,0.0,0.0
1790,scale_free,uniform,1806152,100,291,0.03,3,0.45,0.1,50,0.14,3,0.35,0.0,0.0,0.0
1791,scale_free,uniform,1807161,100,291,0.03,3,0.45,0.1,50,0.13,3,0.32,0.0,0.0,0.0
1792,scale_free,uniform,1808170,100,291,0.03,3,0.45,0.1,50,0.08,2,0.41,0.02,0.0,0.0
1793,scale_free,uniform,1809179,100,291,0.03,3,0.45,0.1,50,0.06,1,0.42,0.01,0.0,0.0
1794,scale_free,uniform,1810188,100,291,0.03,3,0.45,0.1,50,0.14,3,0.25,0.0,0.0,0.0
1795,scale_free,uniform,1811197,100,291,0.03,3,0.45,0.1,50,0.07,2,0.39,0.01,0.0,0.0
1796,scale_free,uniform,1812206,100,291,0.03,3,0.45,0.1,50,0.15,2,0.31,0.0,0.0,0.0
1797,scale_free,uniform,1813215,100,291,0.03,3,0.45,0.1,50,0.09,1,0.34,0.0,0.0,0.0
1798,scale_free,uniform,1814224,100,291,0.03,3,0.45,0.1,50,0.15,3,0.39,0.0,0.0,0.0
1799,scale_free,uniform,1815233,100,291,0.03,3,0.45,0.1,50,0.09,2,0.36,0.0,0.0,0.0
1800,scale_free,uniform,1816242,100,291,0.03,3,0.45,0.1,50,0.09,2,0.42,0.01,0.0,0.0
1801,scale_free,uniform,1817251,100,291,0.03,3,0.45,0.1,50,0.17,3,0.25,0.01,0.0,0.0
1802,scale_free,uniform,1818260,100,291,0.03,3,0.45,0.1,50,0.05,1,0.51,0.01,0.0,0.0
1803,scale_free,uniform,1819269,100,291,0.03,3,0.45,0.1,50,0.23,3,0.23,0.0,0.0,0.0
1804,scale_free,uniform,1820278,100,291,0.03,3,0.45,0.1,50,0.19,3,0.35,0.01,0.0,0.0
1805,scale_free,uniform,1821287,100,291,0.03,3,0.45,0.1,50,0.24,8,0.24,0.0,0.0,0.0
1806,scale_free,uniform,1822296,100,291,0.03,3,0.45,0.1,50,0.12,4,0.35,0.0,0.0,0.0
1807,scale_free,uniform,1823305,100,291,0.03,3,0.45,0.1,50,0.15,3,0.36,0.0,0.0,0.0
1808,scale_free,uniform,1824314,100,291,0.03,3,0.45,0.1,50,0.16,2,0.3,0.0,0.0,0.0
1809,scale_free,uniform,1825323,100,291,0.03,3,0.45,0.1,50,0.12,4,0.3,0.0,0.0,0.0
1810,scale_free,uniform,1826332,100,291,0.03,3,0.45,0.1,50,0.04,1,0.51,0.01,0.0,0.0
1811,scale_free,uniform,1827341,100,291,0.03,3,0.45,0.1,50,0.34,6,0.13,0.0,0.0,0.0
1812,scale_free,uniform,1828350,100,291,0.03,3,0.45,0.1,50,0.09,2,0.25,0.0,0.0,0.0
1813,scale_free,uniform,1829359,100,291,0.03,3,0.45,0.1,50,0.22,5,0.22,0.0,0.0,0.0
1814,scale_free,uniform,1830368,100,291,0.03,3,0.45,0.1,50,0.17,4,0.33,0.01,0.0,0.0
1815,scale_free,uniform,1831377,100,291,0.03,3,0.45,0.1,50,0.09,2,0.41,0.01,0.0,0.0
1816,scale_free,uniform,1832386,100,291,0.03,3,0.45,0.1,50,0.07,1,0.41,0.0,0.0,0.0
1817,scale_free,uniform,1833395,100,291,0.03,3,0.45,0.1,50,0.08,1,0.39,0.01,0.0,0.0
1818,scale_free,uniform,1834404,100,291,0.03,3,0.45,0.1,50,0.12,3,0.3,0.0,0.0,0.0
1819,scale_free,uniform,1835413,100,291,0.03,3,0.45,0.1,50,0.09,2,0.41,0.01,0.0,0.0
1820,scale_free,uniform,1836422,100,291,0.03,3,0.45,0.1,50,0.17,3,0.34,0.0,0.0,0.0
1821,scale_free,uniform,1837431,100,291,0.03,3,0.45,0.1,50,0.14,4,0.35,0.0,0.0,0.0
1822,scale_free,uniform,1838440,100,291,0.03,3,0.45,0.1,50,0.05,1,0.46,0.0,0.0,0.0
1823,scale_free,uniform,1839449,100,291,0.03,3,0.45,0.1,50,0.21,7,0.32,0.02,0.0,0.0
1824,scale_free,uniform,1840458,100,291,0.03,3,0.45,0.1,50,0.08,1,0.42,0.02,0.0,0.0
1825,scale_free,uniform,1841467,100,291,0.03,3,0.45,0.1,50,0.11,1,0.42,0.0,0.0,0.0
1826,scale_free,uniform,1842476,100,291,0.03,3,0.45,0.1,50,0.09,2,0.44,0.0,0.0,0.0
1827,scale_free,uniform,1843485,100,291,0.03,3,0.45,0.1,50,0.15,3,0.37,0.01,0.0,0.0
1828,scale_free,uniform,1844494,100,291,0.03,3,0.45,0.1,50,0.14,2,0.38,0.0,0.0,0.0
1829,scale_free,uniform,1845503,100,291,0.03,3,0.45,0.1,50,1.0,12,0.0,0.0,0.0,0.0
1830,scale_free,uniform,1846512,100,291,0.03,3,0.45,0.1,50,0.11,3,0.41,0.0,0.0,0.0
1831,scale_free,uniform,1847521,100,291,0.03,3,0.45,0.1,50,0.06,1,0.42,0.0,0.0,0.0
1832,scale_free,uniform,1848530,100,291,0.03,3,0.45,0.1,50,0.1,1,0.35,0.0,0.0,0.0
1833,scale_free,uniform,1849539,100,291,0.03,3,0.45,0.1,50,0.14,2,0.4,0.0,0.0,0.0
1834,scale_free,uniform,1850548,100,291,0.03,3,0.45,0.1,50,0.07,1,0.42,0.0,0.0,0.0
1835,scale_free,uniform,1851557,100,291,0.03,3,0.45,0.1,50,0.06,2,0.44,0.0,0.0,0.0
1836,scale_free,uniform,1852566,100,291,0.03,3,0.45,0.1,50,0.07,1,0.44,0.0,0.0,0.0
1837,scale_free,uniform,1853575,100,291,0.03,3,0.45,0.1,50,0.31,9,0.19,0.0,0.0,0.0
1838,scale_free,uniform,1854584,100,291,0.03,3,0.45,0.1,50,0.1,2,0.39,0.02,0.0,0.0
1839,scale_free,uniform,1855593,100,291,0.03,3,0.45,0.1,50,0.14,5,0.3,0.0,0.0,0.0
1840,scale_free,uniform,1856602,100,291,0.03,3,0.45,0.1,50,0.08,2,0.44,0.0,0.0,0.0
1841,scale_free,uniform,1857611,100,291,0.03,3,0.45,0.1,50,0.15,3,0.25,0.0,0.0,0.0
1842,scale_free,uniform,1858620,100,291,0.03,3,0.45,0.1,50,0.09,2,0.45,0.0,0.0,0.0
1843,scale_free,uniform,1859629,100,291,0.03,3,0.45,0.1,50,0.12,1,0.35,0.0,0.0,0.0
1844,scale_free,uniform,1860638,100,291,0.03,3,0.45,0.1,50,0.16,4,0.36,0.0,0.0,0.0
1845,scale_free,uniform,1861647,100,291,0.03,3,0.45,0.1,50,0.08,1,0.36,0.01,0.0,0.0
1846,scale_free,uniform,1862656,100,291,0.03,3,0.45,0.1,50,0.18,4,0.29,0.0,0.0,0.0
1847,scale_free,uniform,1863665,100,291,0.03,3,0.45,0.1,50,0.1,2,0.43,0.02,0.0,0.0
1848,scale_free,uniform,1864674,100,291,0.03,3,0.45,0.1,50,0.14,2,0.31,0.0,0.0,0.0
1849,scale_free,uniform,1865683,100,291,0.03,3,0.45,0.1,50,0.13,2,0.32,0.0,0.0,0.0
1850,scale_free,uniform,1866692,100,291,0.03,3,0.45,0.1,50,0.11,2,0.39,0.02,0.0,0.0
1851,scale_free,uniform,1867701,100,291,0.03,3,0.45,0.1,50,0.08,2,0.45,0.03,0.0,0.0
1852,scale_free,uniform,1868710,100,291,0.03,3,0.45,0.1,50,0.18,5,0.26,0.0,0.0,0.0
1853,scale_free,uniform,1869719,100,291,0.03,3,0.45,0.1,50,0.08,1,0.31,0.0,0.0,0.0
1854,scale_free,uniform,1870728,100,291,0.03,3,0.45,0.1,50,0.05,1,0.47,0.02,0.0,0.0
1855,scale_free,uniform,1871737,100,291,0.03,3,0.45,0.1,50,0.18,3,0.29,0.0,0.0,0.0
1856,scale_free,uniform,1872746,100,291,0.03,3,0.45,0.1,50,0.16,3,0.29,0.0,0.0,0.0
1857,scale_free,uniform,1873755,100,291,0.03,3,0.45,0.1,50,0.13,2,0.43,0.04,0.0,0.0
1858,scale_free,uniform,1874764,100,291,0.03,3,0.45,0.1,50,0.08,2,0.33,0.0,0.0,0.0
1859,scale_free,uniform,1875773,100,291,0.03,3,0.45,0.1,50,0.07,2,0.48,0.0,0.0,0.0
1860,scale_free,uniform,1876782,100,291,0.03,3,0.45,0.1,50,0.14,4,0.39,0.0,0.0,0.0
1861,scale_free,uniform,1877791,100,291,0.03,3,0.45,0.1,50,0.12,3,0.31,0.0,0.0,0.0
1862,scale_free,uniform,1878800,100,291,0.03,3,0.45,0.1,50,0.1,2,0.39,0.0,0.0,0.0
1863,scale_free,uniform,1879809,100,291,0.03,3,0.45,0.1,50,0.07,1,0.49,0.02,0.0,0.0
1864,scale_free,uniform,1880818,100,291,0.03,3,0.45,0.1,50,0.13,2,0.31,0.0,0.0,0.0
1865,scale_free,uniform,1881827,100,291,0.03,3,0.45,0.1,50,0.11,2,0.48,0.01,0.0,0.0
1866,scale_free,uniform,1882836,100,291,0.03,3,0.45,0.1,50,0.16,3,0.38,0.0,0.0,0.0
1867,scale_free,uniform,1883845,100,291,0.03,3,0.45,0.1,50,0.19,6,0.3,0.01,0.0,0.0
1868,scale_free,uniform,1884854,100,291,0.03,3,0.45,0.1,50,0.23,5,0.24,0.0,0.0,0.0
1869,scale_free,uniform,1885863,100,291,0.03,3,0.45,0.1,50,0.13,4,0.3,0.0,0.0,0.0
1870,scale_free,uniform,1886872,100,291,0.03,3,0.45,0.1,50,0.11,1,0.45,0.03,0.0,0.0
1871,scale_free,uniform,1887881,100,291,0.03,3,0.45,0.1,50,0.15,2,0.33,0.0,0.0,0.0
1872,scale_free,uniform,1888890,100,291,0.03,3,0.45,0.1,50,0.16,5,0.29,0.0,0.0,0.0
1873,scale_free,uniform,1889899,100,291,0.03,3,0.45,0.1,50,0.1,2,0.41,0.0,0.0,0.0
1874,scale_free,uniform,1890908,100,291,0.03,3,0.45,0.1,50,0.1,1,0.54,0.03,0.0,0.0
1875,scale_free,uniform,1891917,100,291,0.03,3,0.45,0.1,50,0.14,2,0.31,0.0,0.0,0.0
1876,scale_free,uniform,1892926,100,291,0.03,3,0.45,0.1,50,0.11,2,0.38,0.0,0.0,0.0
1877,scale_free,uniform,1893935,100,291,0.03,3,0.45,0.1,50,0.08,2,0.38,0.0,0.0,0.0
1878,scale_free,uniform,1894944,100,291,0.03,3,0.45,0.1,50,0.19,3,0.3,0.0,0.0,0.0
1879,scale_free,uniform,1895953,100,291,0.03,3,0.45,0.1,50,0.11,2,0.38,0.01,0.0,0.0
1880,scale_free,uniform,1896962,100,291,0.03,3,0.45,0.1,50,0.18,6,0.35,0.0,0.0,0.0
1881,scale_free,uniform,1897971,100,291,0.03,3,0.45,0.1,50,0.05,1,0.53,0.02,0.0,0.0
1882,scale_free,uniform,1898980,100,291,0.03,3,0.45,0.1,50,0.13,4,0.33,0.02,0.0,0.0
1883,scale_free,uniform,1899989,100,291,0.03,3,0.45,0.1,50,0.11,1,0.47,0.0,0.0,0.0
1884,scale_free,uniform,1900998,100,291,0.03,3,0.45,0.1,50,0.06,1,0.35,0.0,0.0,0.0
1885,scale_free,uniform,1902007,100,291,0.03,3,0.45,0.1,50,0.34,5,0.17,0.0,0.0,0.0
1886,scale_free,uniform,1903016,100,291,0.03,3,0.45,0.1,50,0.11,1,0.44,0.0,0.0,0.0
1887,scale_free,uniform,1904025,100,291,0.03,3,0.45,0.1,50,0.11,2,0.35,0.0,0.0,0.0
1888,scale_free,uniform,1905034,100,291,0.03,3,0.45,0.1,50,0.12,4,0.35,0.0,0.0,0.0
1889,scale_free,uniform,1906043,100,291,0.03,3,0.45,0.1,50,0.08,1,0.38,0.0,0.0,0.0
1890,scale_free,uniform,1907052,100,291,0.03,3,0.45,0.1,50,0.17,4,0.36,0.01,0.0,0.0
1891,scale_free,uniform,1908061,100,291,0.03,3,0.45,0.1,50,0.12,2,0.42,0.0,0.0,0.0
1892,scale_free,uniform,1909070,100,291,0.03,3,0.45,0.1,50,0.09,2,0.45,0.01,0.0,0.0
1893,scale_free,uniform,1910079,100,291,0.03,3,0.45,0.1,50,0.21,3,0.3,0.0,0.0,0.0
1894,scale_free,uniform,1911088,100,291,0.03,3,0.45,0.1,50,0.11,2,0.27,0.0,0.0,0.0
1895,scale_free,uniform,1912097,100,291,0.03,3,0.45,0.1,50,0.08,1,0.4,0.0,0.0,0.0
1896,scale_free,uniform,1913106,100,291,0.03,3,0.45,0.1,50,0.15,2,0.42,0.01,0.0,0.0
1897,scale_free,uniform,1914115,100,291,0.03,3,0.45,0.1,50,0.21,4,0.22,0.0,0.0,0.0
1898,scale_free,uniform,1915124,100,291,0.03,3,0.45,0.1,50,0.2,4,0.23,0.0,0.0,0.0
1899,scale_free,uniform,1916133,100,291,0.03,3,0.45,0.1,50,0.15,2,0.36,0.0,0.0,0.0
1900,scale_free,uniform,1917142,100,291,0.03,3,0.45,0.1,50,0.19,7,0.3,0.0,0.0,0.0
1901,scale_free,uniform,1918151,100,291,0.03,3,0.45,0.1,50,0.16,3,0.33,0.0,0.0,0.0
1902,scale_free,uniform,1919160,100,291,0.03,3,0.45,0.1,50,0.16,3,0.29,0.0,0.0,0.0
1903,scale_free,uniform,1920169,100,291,0.03,3,0.45,0.1,50,0.09,1,0.39,0.0,0.0,0.0
1904,scale_free,uniform,1921178,100,291,0.03,3,0.45,0.1,50,0.07,1,0.39,0.0,0.0,0.0
1905,scale_free,uniform,1922187,100,291,0.03,3,0.45,0.1,50,0.2,4,0.29,0.02,0.0,0.0
1906,scale_free,uniform,1923196,100,291,0.03,3,0.45,0.1,50,0.13,2,0.37,0.0,0.0,0.0
1907,scale_free,uniform,1924205,100,291,0.03,3,0.45,0.1,50,0.15,3,0.36,0.0,0.0,0.0
1908,scale_free,uniform,1925214,100,291,0.03,3,0.45,0.1,50,0.05,1,0.43,0.0,0.0,0.0
1909,scale_free,uniform,1926223,100,291,0.03,3,0.45,0.1,50,0.15,2,0.32,0.01,0.0,0.0
1910,scale_free,uniform,1927232,100,291,0.03,3,0.45,0.1,50,0.06,1,0.44,0.01,0.0,0.0
1911,scale_free,uniform,1928241,100,291,0.03,3,0.45,0.1,50,0.2,3,0.2,0.0,0.0,0.0
1912,scale_free,uniform,1929250,100,291,0.03,3,0.45,0.1,50,0.1,2,0.39,0.0,0.0,0.0
1913,scale_free,uniform,1930259,100,291,0.03,3,0.45,0.1,50,0.15,4,0.25,0.0,0.0,0.0
1914,scale_free,uniform,1931268,100,291,0.03,3,0.45,0.1,50,0.18,2,0.28,0.0,0.0,0.0
1915,scale_free,uniform,1932277,100,291,0.03,3,0.45,0.1,50,0.18,5,0.31,0.0,0.0,0.0
1916,scale_free,uniform,1933286,100,291,0.03,3,0.45,0.1,50,0.1,3,0.38,0.0,0.0,0.0
1917,scale_free,uniform,1934295,100,291,0.03,3,0.45,0.1,50,0.13,2,0.38,0.01,0.0,0.0
1918,scale_free,uniform,1935304,100,291,0.03,3,0.45,0.1,50,0.13,3,0.38,0.0,0.0,0.0
1919,scale_free,uniform,1936313,100,291,0.03,3,0.45,0.1,50,0.12,2,0.32,0.0,0.0,0.0
1920,scale_free,uniform,1937322,100,291,0.03,3,0.45,0.1,50,0.14,2,0.35,0.0,0.0,0.0
1921,scale_free,uniform,1938331,100,291,0.03,3,0.45,0.1,50,0.17,3,0.33,0.0,0.0,0.0
1922,scale_free,uniform,1939340,100,291,0.03,3,0.45,0.1,50,0.05,1,0.41,0.0,0.0,0.0
1923,scale_free,uniform,1940349,100,291,0.03,3,0.45,0.1,50,0.11,3,0.34,0.0,0.0,0.0
1924,scale_free,uniform,1941358,100,291,0.03,3,0.45,0.1,50,0.23,4,0.26,0.0,0.0,0.0
1925,scale_free,uniform,1942367,100,291,0.03,3,0.45,0.1,50,0.14,1,0.37,0.0,0.0,0.0
1926,scale_free,uniform,1943376,100,291,0.03,3,0.45,0.1,50,0.15,2,0.35,0.0,0.0,0.0
1927,scale_free,uniform,1944385,100,291,0.03,3,0.45,0.1,50,0.09,2,0.45,0.01,0.0,0.0
1928,scale_free,uniform,1945394,100,291,0.03,3,0.45,0.1,50,0.14,3,0.36,0.02,0.0,0.0
1929,scale_free,uniform,1946403,100,291,0.03,3,0.45,0.1,50,0.08,1,0.31,0.01,0.0,0.0
1930,scale_free,uniform,1947412,100,291,0.03,3,0.45,0.1,50,0.1,2,0.37,0.01,0.0,0.0
1931,scale_free,uniform,1948421,100,291,0.03,3,0.45,0.1,50,0.06,1,0.5,0.02,0.0,0.0
1932,scale_free,uniform,1949430,100,291,0.03,3,0.45,0.1,50,0.12,1,0.37,0.0,0.0,0.0
1933,scale_free,uniform,1950439,100,291,0.03,3,0.45,0.1,50,0.1,2,0.29,0.0,0.0,0.0
1934,scale_free,uniform,1951448,100,291,0.03,3,0.45,0.1,50,0.17,4,0.34,0.0,0.0,0.0
1935,scale_free,uniform,1952457,100,291,0.03,3,0.45,0.1,50,0.11,3,0.44,0.03,0.0,0.0
1936,scale_free,uniform,1953466,100,291,0.03,3,0.45,0.1,50,0.05,1,0.44,0.01,0.0,0.0
1937,scale_free,uniform,1954475,100,291,0.03,3,0.45,0.1,50,0.12,2,0.39,0.0,0.0,0.0
1938,scale_free,uniform,1955484,100,291,0.03,3,0.45,0.1,50,0.2,8,0.27,0.01,0.0,0.0
1939,scale_free,uniform,1956493,100,291,0.03,3,0.45,0.1,50,0.13,3,0.34,0.0,0.0,0.0
1940,scale_free,uniform,1957502,100,291,0.03,3,0.45,0.1,50,0.08,2,0.38,0.01,0.0,0.0
1941,scale_free,uniform,1958511,100,291,0.03,3,0.45,0.1,50,0.12,4,0.32,0.01,0.0,0.0
1942,scale_free,uniform,1959520,100,291,0.03,3,0.45,0.1,50,0.15,4,0.31,0.01,0.0,0.0
1943,scale_free,uniform,1960529,100,291,0.03,3,0.45,0.1,50,0.08,1,0.37,0.0,0.0,0.0
1944,scale_free,uniform,1961538,100,291,0.03,3,0.45,0.1,50,0.06,1,0.49,0.01,0.0,0.0
1945,scale_free,uniform,1962547,100,291,0.03,3,0.45,0.1,50,0.05,1,0.56,0.02,0.0,0.0
1946,scale_free,uniform,1963556,100,291,0.03,3,0.45,0.1,50,0.19,4,0.24,0.0,0.0,0.0
1947,scale_free,uniform,1964565,100,291,0.03,3,0.45,0.1,50,0.1,2,0.38,0.0,0.0,0.0
1948,scale_free,uniform,1965574,100,291,0.03,3,0.45,0.1,50,0.11,2,0.3,0.0,0.0,0.0
1949,scale_free,uniform,1966583,100,291,0.03,3,0.45,0.1,50,0.08,2,0.41,0.01,0.0,0.0
1950,scale_free,uniform,1967592,100,291,0.03,3,0.45,0.1,50,0.15,4,0.28,0.01,0.0,0.0
1951,scale_free,uniform,1968601,100,291,0.03,3,0.45,0.1,50,0.11,2,0.32,0.0,0.0,0.0
1952,scale_free,uniform,1969610,100,291,0.03,3,0.45,0.1,50,0.15,2,0.35,0.0,0.0,0.0
1953,scale_free,uniform,1970619,100,291,0.03,3,0.45,0.1,50,0.17,3,0.31,0.0,0.0,0.0
1954,scale_free,uniform,1971628,100,291,0.03,3,0.45,0.1,50,0.11,2,0.3,0.01,0.0,0.0
1955,scale_free,uniform,1972637,100,291,0.03,3,0.45,0.1,50,0.18,3,0.31,0.02,0.0,0.0
1956,scale_free,uniform,1973646,100,291,0.03,3,0.45,0.1,50,0.11,2,0.37,0.0,0.0,0.0
1957,scale_free,uniform,1974655,100,291,0.03,3,0.45,0.1,50,0.16,4,0.36,0.02,0.0,0.0
1958,scale_free,uniform,1975664,100,291,0.03,3,0.45,0.1,50,0.17,5,0.26,0.0,0.0,0.0
1959,scale_free,uniform,1976673,100,291,0.03,3,0.45,0.1,50,0.19,3,0.29,0.0,0.0,0.0
1960,scale_free,uniform,1977682,100,291,0.03,3,0.45,0.1,50,0.17,4,0.27,0.0,0.0,0.0
1961,scale_free,uniform,1978691,100,291,0.03,3,0.45,0.1,50,0.13,3,0.26,0.0,0.0,0.0
1962,scale_free,uniform,1979700,100,291,0.03,3,0.45,0.1,50,0.07,1,0.46,0.01,0.0,0.0
1963,scale_free,uniform,1980709,100,291,0.03,3,0.45,0.1,50,0.11,2,0.34,0.0,0.0,0.0
1964,scale_free,uniform,1981718,100,291,0.03,3,0.45,0.1,50,0.19,3,0.28,0.0,0.0,0.0
1965,scale_free,uniform,1982727,100,291,0.03,3,0.45,0.1,50,0.13,2,0.32,0.0,0.0,0.0
1966,scale_free,uniform,1983736,100,291,0.03,3,0.45,0.1,50,0.08,1,0.42,0.01,0.0,0.0
1967,scale_free,uniform,1984745,100,291,0.03,3,0.45,0.1,50,0.12,2,0.34,0.01,0.0,0.0
1968,scale_free,uniform,1985754,100,291,0.03,3,0.45,0.1,50,0.1,2,0.45,0.02,0.0,0.0
1969,scale_free,uniform,1986763,100,291,0.03,3,0.45,0.1,50,0.16,2,0.35,0.0,0.0,0.0
1970,scale_free,uniform,1987772,100,291,0.03,3,0.45,0.1,50,0.16,4,0.31,0.0,0.0,0.0
1971,scale_free,uniform,1988781,100,291,0.03,3,0.45,0.1,50,0.13,2,0.34,0.0,0.0,0.0
1972,scale_free,uniform,1989790,100,291,0.03,3,0.45,0.1,50,0.06,1,0.43,0.01,0.0,0.0
1973,scale_free,uniform,1990799,100,291,0.03,3,0.45,0.1,50,0.07,1,0.46,0.0,0.0,0.0
1974,scale_free,uniform,1991808,100,291,0.03,3,0.45,0.1,50,0.1,2,0.37,0.02,0.0,0.0
1975,scale_free,uniform,1992817,100,291,0.03,3,0.45,0.1,50,0.13,3,0.36,0.0,0.0,0.0
1976,scale_free,uniform,1993826,100,291,0.03,3,0.45,0.1,50,0.09,1,0.47,0.02,0.0,0.0
1977,scale_free,uniform,1994835,100,291,0.03,3,0.45,0.1,50,0.09,1,0.45,0.01,0.0,0.0
1978,scale_free,uniform,1995844,100,291,0.03,3,0.45,0.1,50,0.08,2,0.38,0.01,0.0,0.0
1979,scale_free,uniform,1996853,100,291,0.03,3,0.45,0.1,50,0.14,2,0.35,0.01,0.0,0.0
1980,scale_free,uniform,1997862,100,291,0.03,3,0.45,0.1,50,0.23,4,0.18,0.0,0.0,0.0
1981,scale_free,uniform,1998871,100,291,0.03,3,0.45,0.1,50,0.07,1,0.35,0.01,0.0,0.0
1982,scale_free,uniform,1999880,100,291,0.03,3,0.45,0.1,50,0.24,5,0.25,0.0,0.0,0.0
1983,scale_free,uniform,2000889,100,291,0.03,3,0.45,0.1,50,0.13,1,0.3,0.0,0.0,0.0
1984,scale_free,uniform,2001898,100,291,0.03,3,0.45,0.1,50,0.1,1,0.38,0.01,0.0,0.0
1985,scale_free,uniform,2002907,100,291,0.03,3,0.45,0.1,50,0.14,2,0.35,0.0,0.0,0.0
1986,scale_free,uniform,2003916,100,291,0.03,3,0.45,0.1,50,0.1,4,0.43,0.03,0.0,0.0
1987,scale_free,uniform,2004925,100,291,0.03,3,0.45,0.1,50,0.04,1,0.38,0.0,0.0,0.0
1988,scale_free,uniform,2005934,100,291,0.03,3,0.45,0.1,50,0.07,1,0.51,0.03,0.0,0.0
1989,scale_free,uniform,2006943,100,291,0.03,3,0.45,0.1,50,0.11,2,0.33,0.0,0.0,0.0
1990,scale_free,uniform,2007952,100,291,0.03,3,0.45,0.1,50,0.31,6,0.18,0.0,0.0,0.0
1991,scale_free,uniform,2008961,100,291,0.03,3,0.45,0.1,50,0.05,1,0.38,0.0,0.0,0.0
1992,scale_free,uniform,2009970,100,291,0.03,3,0.45,0.1,50,0.07,1,0.48,0.02,0.0,0.0
1993,scale_free,uniform,2010979,100,291,0.03,3,0.45,0.1,50,0.18,2,0.24,0.0,0.0,0.0
1994,scale_free,uniform,2011988,100,291,0.03,3,0.45,0.1,50,0.14,2,0.37,0.0,0.0,0.0
1995,scale_free,uniform,2012997,100,291,0.03,3,0.45,0.1,50,0.12,3,0.34,0.0,0.0,0.0
1996,scale_free,uniform,2014006,100,291,0.03,3,0.45,0.1,50,0.17,3,0.24,0.0,0.0,0.0
1997,scale_free,uniform,2015015,100,291,0.03,3,0.45,0.1,50,0.04,1,0.44,0.01,0.0,0.0
1998,scale_free,uniform,2016024,100,291,0.03,3,0.45,0.1,50,0.11,2,0.43,0.0,0.0,0.0
1999,scale_free,uniform,2017033,100,291,0.03,3,0.45,0.1,50,0.17,5,0.32,0.0,0.0,0.0
2000,scale_free,uniform,2018042,100,291,0.03,3,0.45,0.1,50,0.12,2,0.38,0.01,0.0,0.0
2001,small_world,uniform,2019051,100,300,0.03,3,0.45,0.1,50,0.04,1,0.74,0.27,0.0,0.0
2002,small_world,uniform,2020060,100,300,0.03,3,0.45,0.1,50,0.03,0,0.73,0.39,0.05,0.0
2003,small_world,uniform,2021069,100,300,0.03,3,0.45,0.1,50,0.03,0,0.73,0.32,0.05,0.0
2004,small_world,uniform,2022078,100,300,0.03,3,0.45,0.1,50,0.03,0,0.76,0.36,0.08,0.0
2005,small_world,uniform,2023087,100,300,0.03,3,0.45,0.1,50,0.03,0,0.75,0.4,0.02,0.0
2006,small_world,uniform,2024096,100,300,0.03,3,0.45,0.1,50,0.11,6,0.71,0.29,0.02,0.0
2007,small_world,uniform,2025105,100,300,0.03,3,0.45,0.1,50,0.03,0,0.75,0.39,0.11,0.0
2008,small_world,uniform,2026114,100,300,0.03,3,0.45,0.1,50,0.05,2,0.76,0.37,0.04,0.0
2009,small_world,uniform,2027123,100,300,0.03,3,0.45,0.1,50,0.03,0,0.78,0.46,0.13,0.0
2010,small_world,uniform,2028132,100,300,0.03,3,0.45,0.1,50,0.03,0,0.74,0.3,0.01,0.0
2011,small_world,uniform,2029141,100,300,0.03,3,0.45,0.1,50,0.03,0,0.74,0.36,0.05,0.0
2012,small_world,uniform,2030150,100,300,0.03,3,0.45,0.1,50,0.03,0,0.81,0.54,0.12,0.0
2013,small_world,uniform,2031159,100,300,0.03,3,0.45,0.1,50,0.03,0,0.73,0.33,0.04,0.0
2014,small_world,uniform,2032168,100,300,0.03,3,0.45,0.1,50,0.03,0,0.74,0.31,0.01,0.0
2015,small_world,uniform,2033177,100,300,0.03,3,0.45,0.1,50,0.03,0,0.76,0.46,0.16,0.0
2016,small_world,uniform,2034186,100,300,0.03,3,0.45,0.1,50,0.03,0,0.8,0.56,0.17,0.0
2017,small_world,uniform,2035195,100,300,0.03,3,0.45,0.1,50,0.03,0,0.77,0.36,0.16,0.0
2018,small_world,uniform,2036204,100,300,0.03,3,0.45,0.1,50,0.03,0,0.74,0.44,0.13,0.0
2019,small_world,uniform,2037213,100,300,0.03,3,0.45,0.1,50,0.03,0,0.74,0.29,0.01,0.0
2020,small_world,uniform,2038222,100,300,0.03,3,0.45,0.1,50,0.03,0,0.75,0.37,0.03,0.0
2021,small_world,uniform,2039231,100,300,0.03,3,0.45,0.1,50,0.03,0,0.74,0.36,0.0,0.0
2022,small_world,uniform,2040240,100,300,0.03,3,0.45,0.1,50,0.03,0,0.79,0.45,0.1,0.0
2023,small_world,uniform,2041249,100,300,0.03,3,0.45,0.1,50,0.03,0,0.75,0.37,0.07,0.0
2024,small_world,uniform,2042258,100,300,0.03,3,0.45,0.1,50,0.03,0,0.81,0.49,0.19,0.0
2025,small_world,uniform,2043267,100,300,0.03,3,0.45,0.1,50,0.03,0,0.72,0.35,0.15,0.0
2026,small_world,uniform,2044276,100,300,0.03,3,0.45,0.1,50,0.03,0,0.8,0.51,0.22,0.0
2027,small_world,uniform,2045285,100,300,0.03,3,0.45,0.1,50,0.03,0,0.72,0.3,0.02,0.0
2028,small_world,uniform,2046294,100,300,0.03,3,0.45,0.1,50,0.03,0,0.73,0.32,0.06,0.0
2029,small_world,uniform,2047303,100,300,0.03,3,0.45,0.1,50,0.04,1,0.76,0.32,0.01,0.0
2030,small_world,uniform,2048312,100,300,0.03,3,0.45,0.1,50,0.03,0,0.75,0.4,0.07,0.0
2031,small_world,uniform,2049321,100,300,0.03,3,0.45,0.1,50,0.03,0,0.81,0.47,0.09,0.0
2032,small_world,uniform,2050330,100,300,0.03,3,0.45,0.1,50,0.03,0,0.75,0.41,0.06,0.0
2033,small_world,uniform,2051339,100,300,0.03,3,0.45,0.1,50,0.06,3,0.78,0.47,0.17,0.0
2034,small_world,uniform,2052348,100,300,0.03,3,0.45,0.1,50,0.03,0,0.74,0.46,0.15,0.0
2035,small_world,uniform,2053357,100,300,0.03,3,0.45,0.1,50,0.08,4,0.79,0.4,0.09,0.0
2036,small_world,uniform,2054366,100,300,0.03,3,0.45,0.1,50,0.03,0,0.75,0.41,0.09,0.0
2037,small_world,uniform,2055375,100,300,0.03,3,0.45,0.1,50,0.1,6,0.68,0.27,0.0,0.0
2038,small_world,uniform,2056384,100,300,0.03,3,0.45,0.1,50,0.03,0,0.73,0.39,0.15,0.0
2039,small_world,uniform,2057393,100,300,0.03,3,0.45,0.1,50,0.03,0,0.78,0.37,0.08,0.0
2040,small_world,uniform,2058402,100,300,0.03,3,0.45,0.1,50,0.03,0,0.77,0.32,0.01,0.0
2041,small_world,uniform,2059411,100,300,0.03,3,0.45,0.1,50,0.03,0,0.79,0.57,0.3,0.0
2042,small_world,uniform,2060420,100,300,0.03,3,0.45,0.1,50,0.04,1,0.72,0.34,0.05,0.0
2043,small_world,uniform,2061429,100,300,0.03,3,0.45,0.1,50,0.03,0,0.73,0.29,0.02,0.0
2044,small_world,uniform,2062438,100,300,0.03,3,0.45,0.1,50,0.03,0,0.73,0.41,0.12,0.0
2045,small_world,uniform,2063447,100,300,0.03,3,0.45,0.1,50,0.03,0,0.73,0.41,0.07,0.0
2046,small_world,uniform,2064456,100,300,0.03,3,0.45,0.1,50,0.03,0,0.77,0.46,0.16,0.0
2047,small_world,uniform,2065465,100,300,0.03,3,0.45,0.1,50,0.03,0,0.74,0.35,0.05,0.0
2048,small_world,uniform,2066474,100,300,0.03,3,0.45,0.1,50,0.03,0,0.75,0.43,0.16,0.0
2049,small_world,uniform,2067483,100,300,0.03,3,0.45,0.1,50,0.1,4,0.76,0.42,0.12,0.0
2050,small_world,uniform,2068492,100,300,0.03,3,0.45,0.1,50,0.03,0,0.78,0.48,0.18,0.0
2051,small_world,uniform,2069501,100,300,0.03,3,0.45,0.1,50,0.03,0,0.72,0.31,0.04,0.0
2052,small_world,uniform,2070510,100,300,0.03,3,0.45,0.1,50,0.04,1,0.78,0.52,0.2,0.0
2053,small_world,uniform,2071519,100,300,0.03,3,0.45,0.1,50,0.03,0,0.8,0.43,0.08,0.0
2054,small_world,uniform,2072528,100,300,0.03,3,0.45,0.1,50,0.04,1,0.68,0.29,0.03,0.0
2055,small_world,uniform,2073537,100,300,0.03,3,0.45,0.1,50,0.03,0,0.73,0.32,0.07,0.0
2056,small_world,uniform,2074546,100,300,0.03,3,0.45,0.1,50,0.03,0,0.76,0.4,0.08,0.0
2057,small_world,uniform,2075555,100,300,0.03,3,0.45,0.1,50,0.03,0,0.73,0.33,0.05,0.0
2058,small_world,uniform,2076564,100,300,0.03,3,0.45,0.1,50,0.07,2,0.68,0.38,0.03,0.0
2059,small_world,uniform,2077573,100,300,0.03,3,0.45,0.1,50,0.03,0,0.75,0.44,0.15,0.0
2060,small_world,uniform,2078582,100,300,0.03,3,0.45,0.1,50,0.03,0,0.78,0.43,0.1,0.0
2061,small_world,uniform,2079591,100,300,0.03,3,0.45,0.1,50,0.03,0,0.75,0.38,0.16,0.0
2062,small_world,uniform,2080600,100,300,0.03,3,0.45,0.1,50,0.07,2,0.73,0.36,0.07,0.0
2063,small_world,uniform,2081609,100,300,0.03,3,0.45,0.1,50,0.03,0,0.76,0.37,0.09,0.0
2064,small_world,uniform,2082618,100,300,0.03,3,0.45,0.1,50,0.03,0,0.73,0.34,0.06,0.0
2065,small_world,uniform,2083627,100,300,0.03,3,0.45,0.1,50,0.04,1,0.77,0.4,0.03,0.0
2066,small_world,uniform,2084636,100,300,0.03,3,0.45,0.1,50,0.11,6,0.7,0.34,0.11,0.0
2067,small_world,uniform,2085645,100,300,0.03,3,0.45,0.1,50,0.03,0,0.76,0.4,0.15,0.0
2068,small_world,uniform,2086654,100,300,0.03,3,0.45,0.1,50,0.03,0,0.74,0.36,0.09,0.0
2069,small_world,uniform,2087663,100,300,0.03,3,0.45,0.1,50,0.03,0,0.72,0.36,0.09,0.0
2070,small_world,uniform,2088672,100,300,0.03,3,0.45,0.1,50,0.03,0,0.73,0.39,0.1,0.0
2071,small_world,uniform,2089681,100,300,0.03,3,0.45,0.1,50,0.03,0,0.81,0.46,0.17,0.0
2072,small_world,uniform,2090690,100,300,0.03,3,0.45,0.1,50,0.03,0,0.73,0.36,0.04,0.0
2073,small_world,uniform,2091699,100,300,0.03,3,0.45,0.1,50,0.03,0,0.79,0.59,0.36,0.0
2074,small_world,uniform,2092708,100,300,0.03,3,0.45,0.1,50,0.05,2,0.77,0.44,0.08,0.0
2075,small_world,uniform,2093717,100,300,0.03,3,0.45,0.1,50,0.03,0,0.73,0.28,0.03,0.0
2076,small_world,uniform,2094726,100,300,0.03,3,0.45,0.1,50,0.03,0,0.73,0.37,0.07,0.0
2077,small_world,uniform,2095735,100,300,0.03,3,0.45,0.1,50,0.03,0,0.75,0.44,0.13,0.0
2078,small_world,uniform,2096744,100,300,0.03,3,0.45,0.1,50,0.04,1,0.72,0.44,0.12,0.0
2079,small_world,uniform,2097753,100,300,0.03,3,0.45,0.1,50,0.03,0,0.73,0.36,0.08,0.0
2080,small_world,uniform,2098762,100,300,0.03,3,0.45,0.1,50,0.03,0,0.78,0.43,0.16,0.0
2081,small_world,uniform,2099771,100,300,0.03,3,0.45,0.1,50,0.04,1,0.73,0.36,0.09,0.0
2082,small_world,uniform,2100780,100,300,0.03,3,0.45,0.1,50,0.03,0,0.8,0.39,0.1,0.0
2083,small_world,uniform,2101789,100,300,0.03,3,0.45,0.1,50,0.03,0,0.8,0.52,0.19,0.0
2084,small_world,uniform,2102798,100,300,0.03,3,0.45,0.1,50,0.03,0,0.74,0.39,0.1,0.0
2085,small_world,uniform,2103807,100,300,0.03,3,0.45,0.1,50,0.04,1,0.73,0.34,0.06,0.0
2086,small_world,uniform,2104816,100,300,0.03,3,0.45,0.1,50,0.03,0,0.73,0.29,0.01,0.0
2087,small_world,uniform,2105825,100,300,0.03,3,0.45,0.1,50,0.03,0,0.74,0.3,0.07,0.0
2088,small_world,uniform,2106834,100,300,0.03,3,0.45,0.1,50,0.08,5,0.68,0.29,0.01,0.0
2089,small_world,uniform,2107843,100,300,0.03,3,0.45,0.1,50,0.03,0,0.73,0.34,0.06,0.0
2090,small_world,uniform,2108852,100,300,0.03,3,0.45,0.1,50,0.03,0,0.76,0.4,0.17,0.0
2091,small_world,uniform,2109861,100,300,0.03,3,0.45,0.1,50,0.13,8,0.68,0.24,0.0,0.0
2092,small_world,uniform,2110870,100,300,0.03,3,0.45,0.1,50,0.03,0,0.73,0.29,0.1,0.0
2093,small_world,uniform,2111879,100,300,0.03,3,0.45,0.1,50,0.03,0,0.75,0.33,0.03,0.0
2094,small_world,uniform,2112888,100,300,0.03,3,0.45,0.1,50,0.03,0,0.76,0.38,0.14,0.0
2095,small_world,uniform,2113897,100,300,0.03,3,0.45,0.1,50,0.03,0,0.75,0.41,0.14,0.0
2096,small_world,uniform,2114906,100,300,0.03,3,0.45,0.1,50,0.09,3,0.77,0.42,0.13,0.0
2097,small_world,uniform,2115915,100,300,0.03,3,0.45,0.1,50,0.03,0,0.74,0.32,0.05,0.0
2098,small_world,uniform,2116924,100,300,0.03,3,0.45,0.1,50,0.03,0,0.74,0.32,0.03,0.0
2099,small_world,uniform,2117933,100,300,0.03,3,0.45,0.1,50,0.03,0,0.76,0.42,0.12,0.0
2100,small_world,uniform,2118942,100,300,0.03,3,0.45,0.1,50,0.03,0,0.73,0.45,0.19,0.0
2101,small_world,uniform,2119951,100,300,0.03,3,0.45,0.1,50,0.08,2,0.71,0.34,0.15,0.0
2102,small_world,uniform,2120960,100,300,0.03,3,0.45,0.1,50,0.03,0,0.73,0.33,0.06,0.0
2103,small_world,uniform,2121969,100,300,0.03,3,0.45,0.1,50,0.06,3,0.73,0.36,0.07,0.0
2104,small_world,uniform,2122978,100,300,0.03,3,0.45,0.1,50,0.03,0,0.77,0.46,0.14,0.0
2105,small_world,uniform,2123987,100,300,0.03,3,0.45,0.1,50,0.03,0,0.73,0.41,0.11,0.0
2106,small_world,uniform,2124996,100,300,0.03,3,0.45,0.1,50,0.03,0,0.78,0.35,0.04,0.0
2107,small_world,uniform,2126005,100,300,0.03,3,0.45,0.1,50,0.03,0,0.72,0.33,0.02,0.0
2108,small_world,uniform,2127014,100,300,0.03,3,0.45,0.1,50,0.03,0,0.75,0.38,0.09,0.0
2109,small_world,uniform,2128023,100,300,0.03,3,0.45,0.1,50,0.03,0,0.79,0.52,0.24,0.0
2110,small_world,uniform,2129032,100,300,0.03,3,0.45,0.1,50,0.03,0,0.74,0.4,0.01,0.0
2111,small_world,uniform,2130041,100,300,0.03,3,0.45,0.1,50,0.03,0,0.75,0.38,0.08,0.0
2112,small_world,uniform,2131050,100,300,0.03,3,0.45,0.1,50,0.03,0,0.75,0.32,0.05,0.0
2113,small_world,uniform,2132059,100,300,0.03,3,0.45,0.1,50,0.04,1,0.72,0.35,0.05,0.0
2114,small_world,uniform,2133068,100,300,0.03,3,0.45,0.1,50,0.03,0,0.74,0.36,0.14,0.0
2115,small_world,uniform,2134077,100,300,0.03,3,0.45,0.1,50,0.03,0,0.75,0.43,0.09,0.0
2116,small_world,uniform,2135086,100,300,0.03,3,0.45,0.1,50,0.03,0,0.73,0.23,0.03,0.0
2117,small_world,uniform,2136095,100,300,0.03,3,0.45,0.1,50,0.03,0,0.73,0.3,0.03,0.0
2118,small_world,uniform,2137104,100,300,0.03,3,0.45,0.1,50,0.03,0,0.77,0.48,0.09,0.0
2119,small_world,uniform,2138113,100,300,0.03,3,0.45,0.1,50,0.04,1,0.78,0.44,0.14,0.0
2120,small_world,uniform,2139122,100,300,0.03,3,0.45,0.1,50,0.03,0,0.74,0.38,0.13,0.0
2121,small_world,uniform,2140131,100,300,0.03,3,0.45,0.1,50,0.04,1,0.77,0.41,0.06,0.0
2122,small_world,uniform,2141140,100,300,0.03,3,0.45,0.1,50,0.03,0,0.75,0.37,0.11,0.0
2123,small_world,uniform,2142149,100,300,0.03,3,0.45,0.1,50,0.03,0,0.82,0.56,0.24,0.0
2124,small_world,uniform,2143158,100,300,0.03,3,0.45,0.1,50,0.05,2,0.8,0.53,0.31,0.0
2125,small_world,uniform,2144167,100,300,0.03,3,0.45,0.1,50,0.05,2,0.76,0.45,0.13,0.0
2126,small_world,uniform,2145176,100,300,0.03,3,0.45,0.1,50,0.04,1,0.72,0.27,0.02,0.0
2127,small_world,uniform,2146185,100,300,0.03,3,0.45,0.1,50,0.03,0,0.75,0.38,0.06,0.0
2128,small_world,uniform,2147194,100,300,0.03,3,0.45,0.1,50,0.03,0,0.78,0.53,0.21,0.0
2129,small_world,uniform,2148203,100,300,0.03,3,0.45,0.1,50,0.14,8,0.69,0.41,0.14,0.0
2130,small_world,uniform,2149212,100,300,0.03,3,0.45,0.1,50,0.03,0,0.73,0.32,0.06,0.0
2131,small_world,uniform,2150221,100,300,0.03,3,0.45,0.1,50,0.03,0,0.79,0.43,0.03,0.0
2132,small_world,uniform,2151230,100,300,0.03,3,0.45,0.1,50,0.17,7,0.66,0.3,0.01,0.0
2133,small_world,uniform,2152239,100,300,0.03,3,0.45,0.1,50,0.03,0,0.73,0.3,0.03,0.0
2134,small_world,uniform,2153248,100,300,0.03,3,0.45,0.1,50,0.03,0,0.73,0.27,0.03,0.0
2135,small_world,uniform,2154257,100,300,0.03,3,0.45,0.1,50,0.04,1,0.72,0.36,0.1,0.0
2136,small_world,uniform,2155266,100,300,0.03,3,0.45,0.1,50,0.03,0,0.76,0.34,0.01,0.0
2137,small_world,uniform,2156275,100,300,0.03,3,0.45,0.1,50,0.03,0,0.75,0.45,0.1,0.0
2138,small_world,uniform,2157284,100,300,0.03,3,0.45,0.1,50,0.05,2,0.7,0.25,0.03,0.0
2139,small_world,uniform,2158293,100,300,0.03,3,0.45,0.1,50,0.03,0,0.73,0.37,0.1,0.0
2140,small_world,uniform,2159302,100,300,0.03,3,0.45,0.1,50,0.03,0,0.75,0.36,0.13,0.0
2141,small_world,uniform,2160311,100,300,0.03,3,0.45,0.1,50,0.03,0,0.74,0.35,0.1,0.0
2142,small_world,uniform,2161320,100,300,0.03,3,0.45,0.1,50,0.03,0,0.73,0.35,0.09,0.0
2143,small_world,uniform,2162329,100,300,0.03,3,0.45,0.1,50,0.03,0,0.79,0.47,0.13,0.0
2144,small_world,uniform,2163338,100,300,0.03,3,0.45,0.1,50,0.03,0,0.73,0.39,0.06,0.0
2145,small_world,uniform,2164347,100,300,0.03,3,0.45,0.1,50,0.04,1,0.73,0.34,0.11,0.0
2146,small_world,uniform,2165356,100,300,0.03,3,0.45,0.1,50,0.03,0,0.82,0.49,0.16,0.0
2147,small_world,uniform,2166365,100,300,0.03,3,0.45,0.1,50,0.03,0,0.78,0.45,0.12,0.0
2148,small_world,uniform,2167374,100,300,0.03,3,0.45,0.1,50,0.13,9,0.67,0.2,0.01,0.0
2149,small_world,uniform,2168383,100,300,0.03,3,0.45,0.1,50,0.03,0,0.78,0.4,0.07,0.0
2150,small_world,uniform,2169392,100,300,0.03,3,0.45,0.1,50,0.03,0,0.74,0.34,0.01,0.0
2151,small_world,uniform,2170401,100,300,0.03,3,0.45,0.1,50,0.03,0,0.81,0.41,0.06,0.0
2152,small_world,uniform,2171410,100,300,0.03,3,0.45,0.1,50,0.03,0,0.74,0.37,0.07,0.0
2153,small_world,uniform,2172419,100,300,0.03,3,0.45,0.1,50,0.03,0,0.72,0.34,0.08,0.0
2154,small_world,uniform,2173428,100,300,0.03,3,0.45,0.1,50,0.03,0,0.8,0.57,0.24,0.0
2155,small_world,uniform,2174437,100,300,0.03,3,0.45,0.1,50,0.04,1,0.75,0.43,0.09,0.0
2156,small_world,uniform,2175446,100,300,0.03,3,0.45,0.1,50,0.05,1,0.77,0.41,0.09,0.0
2157,small_world,uniform,2176455,100,300,0.03,3,0.45,0.1,50,0.05,2,0.85,0.61,0.36,0.0
2158,small_world,uniform,2177464,100,300,0.03,3,0.45,0.1,50,0.03,0,0.76,0.35,0.05,0.0
2159,small_world,uniform,2178473,100,300,0.03,3,0.45,0.1,50,0.04,1,0.72,0.27,0.03,0.0
2160,small_world,uniform,2179482,100,300,0.03,3,0.45,0.1,50,0.03,0,0.75,0.37,0.1,0.0
2161,small_world,uniform,2180491,100,300,0.03,3,0.45,0.1,50,0.03,0,0.72,0.34,0.09,0.0
2162,small_world,uniform,2181500,100,300,0.03,3,0.45,0.1,50,0.03,0,0.73,0.31,0.02,0.0
2163,small_world,uniform,2182509,100,300,0.03,3,0.45,0.1,50,0.03,0,0.73,0.3,0.04,0.0
2164,small_world,uniform,2183518,100,300,0.03,3,0.45,0.1,50,0.03,0,0.79,0.52,0.2,0.0
2165,small_world,uniform,2184527,100,300,0.03,3,0.45,0.1,50,0.03,0,0.74,0.4,0.1,0.0
2166,small_world,uniform,2185536,100,300,0.03,3,0.45,0.1,50,0.1,6,0.7,0.4,0.09,0.0
2167,small_world,uniform,2186545,100,300,0.03,3,0.45,0.1,50,0.03,0,0.77,0.49,0.06,0.0
2168,small_world,uniform,2187554,100,300,0.03,3,0.45,0.1,50,0.04,1,0.74,0.44,0.1,0.0
2169,small_world,uniform,2188563,100,300,0.03,3,0.45,0.1,50,0.03,0,0.75,0.43,0.13,0.0
2170,small_world,uniform,2189572,100,300,0.03,3,0.45,0.1,50,0.04,1,0.71,0.28,0.03,0.0
2171,small_world,uniform,2190581,100,300,0.03,3,0.45,0.1,50,0.11,7,0.7,0.38,0.21,0.0
2172,small_world,uniform,2191590,100,300,0.03,3,0.45,0.1,50,0.03,0,0.78,0.42,0.1,0.0
2173,small_world,uniform,2192599,100,300,0.03,3,0.45,0.1,50,0.03,0,0.79,0.53,0.18,0.0
2174,small_world,uniform,2193608,100,300,0.03,3,0.45,0.1,50,0.04,1,0.71,0.35,0.08,0.0
2175,small_world,uniform,2194617,100,300,0.03,3,0.45,0.1,50,0.03,0,0.74,0.31,0.03,0.0
2176,small_world,uniform,2195626,100,300,0.03,3,0.45,0.1,50,0.03,0,0.8,0.47,0.18,0.0
2177,small_world,uniform,2196635,100,300,0.03,3,0.45,0.1,50,0.03,0,0.74,0.34,0.07,0.0
2178,small_world,uniform,2197644,100,300,0.03,3,0.45,0.1,50,0.03,0,0.75,0.41,0.11,0.0
2179,small_world,uniform,2198653,100,300,0.03,3,0.45,0.1,50,0.03,0,0.75,0.42,0.14,0.0
2180,small_world,uniform,2199662,100,300,0.03,3,0.45,0.1,50,0.04,1,0.75,0.39,0.09,0.0
2181,small_world,uniform,2200671,100,300,0.03,3,0.45,0.1,50,0.03,0,0.83,0.56,0.21,0.0
2182,small_world,uniform,2201680,100,300,0.03,3,0.45,0.1,50,0.03,0,0.71,0.29,0.01,0.0
2183,small_world,uniform,2202689,100,300,0.03,3,0.45,0.1,50,0.03,0,0.75,0.45,0.08,0.0
2184,small_world,uniform,2203698,100,300,0.03,3,0.45,0.1,50,0.03,0,0.74,0.3,0.04,0.0
2185,small_world,uniform,2204707,100,300,0.03,3,0.45,0.1,50,0.08,5,0.77,0.3,0.0,0.0
2186,small_world,uniform,2205716,100,300,0.03,3,0.45,0.1,50,0.03,0,0.73,0.38,0.05,0.0
2187,small_world,uniform,2206725,100,300,0.03,3,0.45,0.1,50,0.03,0,0.77,0.43,0.12,0.0
2188,small_world,uniform,2207734,100,300,0.03,3,0.45,0.1,50,0.03,0,0.76,0.34,0.08,0.0
2189,small_world,uniform,2208743,100,300,0.03,3,0.45,0.1,50,0.04,1,0.71,0.35,0.03,0.0
2190,small_world,uniform,2209752,100,300,0.03,3,0.45,0.1,50,0.03,0,0.74,0.33,0.07,0.0
2191,small_world,uniform,2210761,100,300,0.03,3,0.45,0.1,50,0.06,3,0.74,0.37,0.21,0.0
2192,small_world,uniform,2211770,100,300,0.03,3,0.45,0.1,50,0.04,1,0.75,0.47,0.16,0.0
2193,small_world,uniform,2212779,100,300,0.03,3,0.45,0.1,50,0.03,0,0.73,0.45,0.19,0.0
2194,small_world,uniform,2213788,100,300,0.03,3,0.45,0.1,50,0.03,0,0.75,0.39,0.07,0.0
2195,small_world,uniform,2214797,100,300,0.03,3,0.45,0.1,50,0.03,0,0.76,0.43,0.19,0.0
2196,small_world,uniform,2215806,100,300,0.03,3,0.45,0.1,50,0.03,0,0.8,0.41,0.15,0.0
2197,small_world,uniform,2216815,100,300,0.03,3,0.45,0.1,50,0.03,0,0.75,0.34,0.08,0.0
2198,small_world,uniform,2217824,100,300,0.03,3,0.45,0.1,50,0.07,4,0.72,0.24,0.02,0.0
2199,small_world,uniform,2218833,100,300,0.03,3,0.45,0.1,50,0.03,0,0.76,0.33,0.12,0.0
2200,small_world,uniform,2219842,100,300,0.03,3,0.45,0.1,50,0.03,0,0.74,0.33,0.0,0.0
2201,small_world,uniform,2220851,100,300,0.03,3,0.45,0.1,50,0.04,1,0.7,0.28,0.02,0.0
2202,small_world,uniform,2221860,100,300,0.03,3,0.45,0.1,50,0.03,0,0.73,0.37,0.14,0.0
2203,small_world,uniform,2222869,100,300,0.03,3,0.45,0.1,50,0.03,0,0.73,0.39,0.11,0.0
2204,small_world,uniform,2223878,100,300,0.03,3,0.45,0.1,50,0.03,0,0.76,0.4,0.04,0.0
2205,small_world,uniform,2224887,100,300,0.03,3,0.45,0.1,50,0.03,0,0.73,0.35,0.09,0.0
2206,small_world,uniform,2225896,100,300,0.03,3,0.45,0.1,50,0.03,0,0.75,0.41,0.09,0.0
2207,small_world,uniform,2226905,100,300,0.03,3,0.45,0.1,50,0.06,3,0.77,0.38,0.09,0.0
2208,small_world,uniform,2227914,100,300,0.03,3,0.45,0.1,50,0.03,0,0.76,0.46,0.06,0.0
2209,small_world,uniform,2228923,100,300,0.03,3,0.45,0.1,50,0.03,0,0.74,0.4,0.05,0.0
2210,small_world,uniform,2229932,100,300,0.03,3,0.45,0.1,50,0.03,0,0.71,0.29,0.05,0.0
2211,small_world,uniform,2230941,100,300,0.03,3,0.45,0.1,50,0.03,0,0.78,0.46,0.14,0.0
2212,small_world,uniform,2231950,100,300,0.03,3,0.45,0.1,50,0.03,0,0.77,0.47,0.09,0.0
2213,small_world,uniform,2232959,100,300,0.03,3,0.45,0.1,50,0.04,1,0.68,0.2,0.01,0.0
2214,small_world,uniform,2233968,100,300,0.03,3,0.45,0.1,50,0.03,0,0.75,0.34,0.03,0.0
2215,small_world,uniform,2234977,100,300,0.03,3,0.45,0.1,50,0.03,0,0.74,0.44,0.21,0.0
2216,small_world,uniform,2235986,100,300,0.03,3,0.45,0.1,50,0.03,0,0.74,0.3,0.02,0.0
2217,small_world,uniform,2236995,100,300,0.03,3,0.45,0.1,50,0.04,1,0.74,0.38,0.06,0.0
2218,small_world,uniform,2238004,100,300,0.03,3,0.45,0.1,50,0.04,1,0.73,0.37,0.07,0.0
2219,small_world,uniform,2239013,100,300,0.03,3,0.45,0.1,50,0.05,2,0.73,0.37,0.07,0.0
2220,small_world,uniform,2240022,100,300,0.03,3,0.45,0.1,50,0.06,2,0.74,0.41,0.08,0.0
2221,small_world,uniform,2241031,100,300,0.03,3,0.45,0.1,50,0.03,0,0.72,0.31,0.05,0.0
2222,small_world,uniform,2242040,100,300,0.03,3,0.45,0.1,50,0.08,3,0.76,0.47,0.14,0.0
2223,small_world,uniform,2243049,100,300,0.03,3,0.45,0.1,50,0.08,3,0.76,0.48,0.23,0.0
2224,small_world,uniform,2244058,100,300,0.03,3,0.45,0.1,50,0.03,0,0.75,0.38,0.08,0.0
2225,small_world,uniform,2245067,100,300,0.03,3,0.45,0.1,50,0.08,5,0.77,0.42,0.13,0.0
2226,small_world,uniform,2246076,100,300,0.03,3,0.45,0.1,50,0.04,1,0.73,0.33,0.07,0.0
2227,small_world,uniform,2247085,100,300,0.03,3,0.45,0.1,50,0.03,0,0.76,0.4,0.14,0.0
2228,small_world,uniform,2248094,100,300,0.03,3,0.45,0.1,50,0.03,0,0.75,0.37,0.07,0.0
2229,small_world,uniform,2249103,100,300,0.03,3,0.45,0.1,50,0.03,0,0.81,0.48,0.21,0.0
2230,small_world,uniform,2250112,100,300,0.03,3,0.45,0.1,50,0.03,0,0.76,0.35,0.12,0.0
2231,small_world,uniform,2251121,100,300,0.03,3,0.45,0.1,50,0.03,0,0.75,0.37,0.05,0.0
2232,small_world,uniform,2252130,100,300,0.03,3,0.45,0.1,50,0.03,0,0.73,0.36,0.09,0.0
2233,small_world,uniform,2253139,100,300,0.03,3,0.45,0.1,50,0.14,5,0.72,0.41,0.21,0.0
2234,small_world,uniform,2254148,100,300,0.03,3,0.45,0.1,50,0.03,0,0.76,0.38,0.1,0.0
2235,small_world,uniform,2255157,100,300,0.03,3,0.45,0.1,50,0.03,0,0.74,0.43,0.12,0.0
2236,small_world,uniform,2256166,100,300,0.03,3,0.45,0.1,50,0.06,2,0.74,0.37,0.07,0.0
2237,small_world,uniform,2257175,100,300,0.03,3,0.45,0.1,50,0.1,7,0.7,0.32,0.06,0.0
2238,small_world,uniform,2258184,100,300,0.03,3,0.45,0.1,50,0.04,1,0.77,0.42,0.11,0.0
2239,small_world,uniform,2259193,100,300,0.03,3,0.45,0.1,50,0.09,4,0.77,0.59,0.37,0.0
2240,small_world,uniform,2260202,100,300,0.03,3,0.45,0.1,50,0.03,0,0.76,0.47,0.15,0.0
2241,small_world,uniform,2261211,100,300,0.03,3,0.45,0.1,50,0.03,0,0.79,0.47,0.17,0.0
2242,small_world,uniform,2262220,100,300,0.03,3,0.45,0.1,50,0.03,0,0.75,0.43,0.05,0.0
2243,small_world,uniform,2263229,100,300,0.03,3,0.45,0.1,50,0.13,7,0.71,0.4,0.08,0.0
2244,small_world,uniform,2264238,100,300,0.03,3,0.45,0.1,50,0.03,0,0.73,0.41,0.07,0.0
2245,small_world,uniform,2265247,100,300,0.03,3,0.45,0.1,50,0.03,0,0.75,0.35,0.02,0.0
2246,small_world,uniform,2266256,100,300,0.03,3,0.45,0.1,50,0.03,0,0.79,0.57,0.32,0.0
2247,small_world,uniform,2267265,100,300,0.03,3,0.45,0.1,50,0.04,1,0.77,0.4,0.11,0.0
2248,small_world,uniform,2268274,100,300,0.03,3,0.45,0.1,50,0.03,0,0.76,0.44,0.15,0.0
2249,small_world,uniform,2269283,100,300,0.03,3,0.45,0.1,50,0.03,0,0.78,0.51,0.18,0.0
2250,small_world,uniform,2270292,100,300,0.03,3,0.45,0.1,50,0.03,0,0.76,0.41,0.07,0.0
2251,small_world,uniform,2271301,100,300,0.03,3,0.45,0.1,50,0.03,0,0.76,0.43,0.14,0.0
2252,small_world,uniform,2272310,100,300,0.03,3,0.45,0.1,50,0.03,0,0.72,0.32,0.05,0.0
2253,small_world,uniform,2273319,100,300,0.03,3,0.45,0.1,50,0.03,0,0.79,0.5,0.18,0.0
2254,small_world,uniform,2274328,100,300,0.03,3,0.45,0.1,50,0.03,0,0.74,0.4,0.14,0.0
2255,small_world,uniform,2275337,100,300,0.03,3,0.45,0.1,50,0.03,0,0.77,0.43,0.07,0.0
2256,small_world,uniform,2276346,100,300,0.03,3,0.45,0.1,50,0.03,0,0.73,0.27,0.02,0.0
2257,small_world,uniform,2277355,100,300,0.03,3,0.45,0.1,50,0.03,0,0.73,0.26,0.05,0.0
2258,small_world,uniform,2278364,100,300,0.03,3,0.45,0.1,50,0.09,4,0.73,0.35,0.09,0.0
2259,small_world,uniform,2279373,100,300,0.03,3,0.45,0.1,50,0.05,2,0.76,0.47,0.24,0.0
2260,small_world,uniform,2280382,100,300,0.03,3,0.45,0.1,50,0.07,3,0.77,0.52,0.19,0.0
2261,small_world,uniform,2281391,100,300,0.03,3,0.45,0.1,50,0.03,0,0.75,0.44,0.13,0.0
2262,small_world,uniform,2282400,100,300,0.03,3,0.45,0.1,50,0.06,3,0.83,0.53,0.2,0.0
2263,small_world,uniform,2283409,100,300,0.03,3,0.45,0.1,50,0.03,0,0.78,0.46,0.08,0.0
2264,small_world,uniform,2284418,100,300,0.03,3,0.45,0.1,50,0.03,0,0.74,0.26,0.01,0.0
2265,small_world,uniform,2285427,100,300,0.03,3,0.45,0.1,50,0.03,0,0.73,0.28,0.0,0.0
2266,small_world,uniform,2286436,100,300,0.03,3,0.45,0.1,50,0.09,4,0.74,0.41,0.11,0.0
2267,small_world,uniform,2287445,100,300,0.03,3,0.45,0.1,50,0.04,1,0.72,0.36,0.02,0.0
2268,small_world,uniform,2288454,100,300,0.03,3,0.45,0.1,50,0.04,1,0.7,0.29,0.03,0.0
2269,small_world,uniform,2289463,100,300,0.03,3,0.45,0.1,50,0.03,0,0.77,0.51,0.21,0.0
2270,small_world,uniform,2290472,100,300,0.03,3,0.45,0.1,50,0.03,0,0.73,0.46,0.16,0.0
2271,small_world,uniform,2291481,100,300,0.03,3,0.45,0.1,50,0.03,0,0.75,0.44,0.08,0.0
2272,small_world,uniform,2292490,100,300,0.03,3,0.45,0.1,50,0.18,9,0.68,0.26,0.0,0.0
2273,small_world,uniform,2293499,100,300,0.03,3,0.45,0.1,50,0.03,0,0.77,0.4,0.11,0.0
2274,small_world,uniform,2294508,100,300,0.03,3,0.45,0.1,50,0.03,0,0.74,0.39,0.11,0.0
2275,small_world,uniform,2295517,100,300,0.03,3,0.45,0.1,50,0.03,0,0.79,0.51,0.21,0.0
2276,small_world,uniform,2296526,100,300,0.03,3,0.45,0.1,50,0.03,0,0.73,0.37,0.04,0.0
2277,small_world,uniform,2297535,100,300,0.03,3,0.45,0.1,50,0.03,0,0.75,0.32,0.06,0.0
2278,small_world,uniform,2298544,100,300,0.03,3,0.45,0.1,50,0.03,0,0.74,0.46,0.18,0.0
2279,small_world,uniform,2299553,100,300,0.03,3,0.45,0.1,50,0.05,2,0.71,0.29,0.01,0.0
2280,small_world,uniform,2300562,100,300,0.03,3,0.45,0.1,50,0.03,0,0.77,0.34,0.06,0.0
2281,small_world,uniform,2301571,100,300,0.03,3,0.45,0.1,50,0.03,0,0.78,0.45,0.08,0.0
2282,small_world,uniform,2302580,100,300,0.03,3,0.45,0.1,50,0.03,0,0.8,0.35,0.03,0.0
2283,small_world,uniform,2303589,100,300,0.03,3,0.45,0.1,50,0.03,0,0.77,0.45,0.08,0.0
2284,small_world,uniform,2304598,100,300,0.03,3,0.45,0.1,50,0.03,0,0.72,0.44,0.22,0.0
2285,small_world,uniform,2305607,100,300,0.03,3,0.45,0.1,50,0.03,0,0.74,0.31,0.03,0.0
2286,small_world,uniform,2306616,100,300,0.03,3,0.45,0.1,50,0.03,0,0.72,0.35,0.04,0.0
2287,small_world,uniform,2307625,100,300,0.03,3,0.45,0.1,50,0.03,0,0.77,0.36,0.05,0.0
2288,small_world,uniform,2308634,100,300,0.03,3,0.45,0.1,50,0.03,0,0.74,0.4,0.08,0.0
2289,small_world,uniform,2309643,100,300,0.03,3,0.45,0.1,50,0.03,0,0.77,0.4,0.06,0.0
2290,small_world,uniform,2310652,100,300,0.03,3,0.45,0.1,50,0.05,1,0.69,0.27,0.04,0.0
2291,small_world,uniform,2311661,100,300,0.03,3,0.45,0.1,50,0.04,1,0.78,0.45,0.09,0.0
2292,small_world,uniform,2312670,100,300,0.03,3,0.45,0.1,50,0.04,1,0.77,0.38,0.1,0.0
2293,small_world,uniform,2313679,100,300,0.03,3,0.45,0.1,50,0.07,4,0.77,0.38,0.04,0.0
2294,small_world,uniform,2314688,100,300,0.03,3,0.45,0.1,50,0.03,0,0.76,0.47,0.12,0.0
2295,small_world,uniform,2315697,100,300,0.03,3,0.45,0.1,50,0.09,5,0.77,0.41,0.09,0.0
2296,small_world,uniform,2316706,100,300,0.03,3,0.45,0.1,50,0.03,0,0.78,0.43,0.08,0.0
2297,small_world,uniform,2317715,100,300,0.03,3,0.45,0.1,50,0.06,2,0.74,0.31,0.02,0.0
2298,small_world,uniform,2318724,100,300,0.03,3,0.45,0.1,50,0.03,0,0.74,0.35,0.12,0.0
2299,small_world,uniform,2319733,100,300,0.03,3,0.45,0.1,50,0.03,0,0.74,0.37,0.13,0.0
2300,small_world,uniform,2320742,100,300,0.03,3,0.45,0.1,50,0.09,5,0.7,0.22,0.02,0.0
2301,small_world,uniform,2321751,100,300,0.03,3,0.45,0.1,50,0.03,0,0.75,0.4,0.13,0.0
2302,small_world,uniform,2322760,100,300,0.03,3,0.45,0.1,50,0.03,0,0.75,0.49,0.16,0.0
2303,small_world,uniform,2323769,100,300,0.03,3,0.45,0.1,50,0.03,0,0.73,0.33,0.03,0.0
2304,small_world,uniform,2324778,100,300,0.03,3,0.45,0.1,50,0.03,0,0.76,0.41,0.08,0.0
2305,small_world,uniform,2325787,100,300,0.03,3,0.45,0.1,50,0.03,0,0.75,0.37,0.08,0.0
2306,small_world,uniform,2326796,100,300,0.03,3,0.45,0.1,50,0.03,0,0.73,0.32,0.04,0.0
2307,small_world,uniform,2327805,100,300,0.03,3,0.45,0.1,50,0.03,0,0.73,0.24,0.0,0.0
2308,small_world,uniform,2328814,100,300,0.03,3,0.45,0.1,50,0.04,1,0.7,0.33,0.03,0.0
2309,small_world,uniform,2329823,100,300,0.03,3,0.45,0.1,50,0.03,0,0.79,0.33,0.03,0.0
2310,small_world,uniform,2330832,100,300,0.03,3,0.45,0.1,50,0.03,0,0.74,0.38,0.03,0.0
2311,small_world,uniform,2331841,100,300,0.03,3,0.45,0.1,50,0.03,0,0.75,0.36,0.06,0.0
2312,small_world,uniform,2332850,100,300,0.03,3,0.45,0.1,50,0.03,0,0.74,0.27,0.0,0.0
2313,small_world,uniform,2333859,100,300,0.03,3,0.45,0.1,50,0.03,0,0.75,0.39,0.16,0.0
2314,small_world,uniform,2334868,100,300,0.03,3,0.45,0.1,50,0.03,0,0.73,0.35,0.05,0.0
2315,small_world,uniform,2335877,100,300,0.03,3,0.45,0.1,50,0.03,0,0.76,0.39,0.07,0.0
2316,small_world,uniform,2336886,100,300,0.03,3,0.45,0.1,50,0.03,0,0.75,0.43,0.13,0.0
2317,small_world,uniform,2337895,100,300,0.03,3,0.45,0.1,50,0.07,3,0.76,0.42,0.07,0.0
2318,small_world,uniform,2338904,100,300,0.03,3,0.45,0.1,50,0.03,0,0.77,0.46,0.11,0.0
2319,small_world,uniform,2339913,100,300,0.03,3,0.45,0.1,50,0.04,1,0.78,0.46,0.22,0.0
2320,small_world,uniform,2340922,100,300,0.03,3,0.45,0.1,50,0.16,8,0.67,0.41,0.16,0.0
2321,small_world,uniform,2341931,100,300,0.03,3,0.45,0.1,50,0.03,0,0.74,0.31,0.03,0.0
2322,small_world,uniform,2342940,100,300,0.03,3,0.45,0.1,50,0.03,0,0.8,0.38,0.1,0.0
2323,small_world,uniform,2343949,100,300,0.03,3,0.45,0.1,50,0.03,0,0.76,0.46,0.21,0.0
2324,small_world,uniform,2344958,100,300,0.03,3,0.45,0.1,50,0.03,0,0.75,0.43,0.14,0.0
2325,small_world,uniform,2345967,100,300,0.03,3,0.45,0.1,50,0.03,0,0.73,0.25,0.02,0.0
2326,small_world,uniform,2346976,100,300,0.03,3,0.45,0.1,50,0.03,0,0.74,0.42,0.2,0.0
2327,small_world,uniform,2347985,100,300,0.03,3,0.45,0.1,50,0.03,0,0.76,0.36,0.04,0.0
2328,small_world,uniform,2348994,100,300,0.03,3,0.45,0.1,50,0.06,3,0.78,0.53,0.28,0.0
2329,small_world,uniform,2350003,100,300,0.03,3,0.45,0.1,50,0.03,0,0.77,0.42,0.17,0.0
2330,small_world,uniform,2351012,100,300,0.03,3,0.45,0.1,50,0.03,0,0.77,0.41,0.07,0.0
2331,small_world,uniform,2352021,100,300,0.03,3,0.45,0.1,50,0.03,0,0.73,0.35,0.07,0.0
2332,small_world,uniform,2353030,100,300,0.03,3,0.45,0.1,50,0.03,0,0.79,0.45,0.2,0.0
2333,small_world,uniform,2354039,100,300,0.03,3,0.45,0.1,50,0.06,2,0.75,0.37,0.04,0.0
2334,small_world,uniform,2355048,100,300,0.03,3,0.45,0.1,50,0.03,0,0.77,0.38,0.06,0.0
2335,small_world,uniform,2356057,100,300,0.03,3,0.45,0.1,50,0.03,0,0.73,0.37,0.06,0.0
2336,small_world,uniform,2357066,100,300,0.03,3,0.45,0.1,50,0.05,2,0.75,0.36,0.09,0.0
2337,small_world,uniform,2358075,100,300,0.03,3,0.45,0.1,50,0.03,0,0.77,0.45,0.08,0.0
2338,small_world,uniform,2359084,100,300,0.03,3,0.45,0.1,50,0.03,0,0.8,0.43,0.14,0.0
2339,small_world,uniform,2360093,100,300,0.03,3,0.45,0.1,50,0.03,0,0.8,0.45,0.12,0.0
2340,small_world,uniform,2361102,100,300,0.03,3,0.45,0.1,50,0.04,1,0.73,0.34,0.06,0.0
2341,small_world,uniform,2362111,100,300,0.03,3,0.45,0.1,50,0.03,0,0.76,0.46,0.18,0.0
2342,small_world,uniform,2363120,100,300,0.03,3,0.45,0.1,50,0.08,3,0.72,0.36,0.14,0.0
2343,small_world,uniform,2364129,100,300,0.03,3,0.45,0.1,50,0.03,0,0.74,0.39,0.12,0.0
2344,small_world,uniform,2365138,100,300,0.03,3,0.45,0.1,50,0.03,0,0.77,0.51,0.2,0.0
2345,small_world,uniform,2366147,100,300,0.03,3,0.45,0.1,50,0.03,0,0.74,0.36,0.01,0.0
2346,small_world,uniform,2367156,100,300,0.03,3,0.45,0.1,50,0.03,0,0.75,0.35,0.07,0.0
2347,small_world,uniform,2368165,100,300,0.03,3,0.45,0.1,50,0.03,0,0.75,0.33,0.0,0.0
2348,small_world,uniform,2369174,100,300,0.03,3,0.45,0.1,50,0.03,0,0.75,0.41,0.07,0.0
2349,small_world,uniform,2370183,100,300,0.03,3,0.45,0.1,50,0.03,0,0.75,0.38,0.0,0.0
2350,small_world,uniform,2371192,100,300,0.03,3,0.45,0.1,50,0.03,0,0.73,0.29,0.02,0.0
2351,small_world,uniform,2372201,100,300,0.03,3,0.45,0.1,50,0.03,0,0.73,0.36,0.02,0.0
2352,small_world,uniform,2373210,100,300,0.03,3,0.45,0.1,50,0.03,0,0.73,0.28,0.02,0.0
2353,small_world,uniform,2374219,100,300,0.03,3,0.45,0.1,50,0.03,0,0.74,0.4,0.09,0.0
2354,small_world,uniform,2375228,100,300,0.03,3,0.45,0.1,50,0.18,8,0.63,0.28,0.02,0.0
2355,small_world,uniform,2376237,100,300,0.03,3,0.45,0.1,50,0.03,0,0.75,0.43,0.07,0.0
2356,small_world,uniform,2377246,100,300,0.03,3,0.45,0.1,50,0.04,1,0.72,0.27,0.02,0.0
2357,small_world,uniform,2378255,100,300,0.03,3,0.45,0.1,50,0.03,0,0.77,0.36,0.06,0.0
2358,small_world,uniform,2379264,100,300,0.03,3,0.45,0.1,50,0.1,4,0.64,0.3,0.12,0.0
2359,small_world,uniform,2380273,100,300,0.03,3,0.45,0.1,50,0.04,1,0.76,0.5,0.22,0.0
2360,small_world,uniform,2381282,100,300,0.03,3,0.45,0.1,50,0.03,0,0.74,0.38,0.08,0.0
2361,small_world,uniform,2382291,100,300,0.03,3,0.45,0.1,50,0.03,0,0.73,0.31,0.02,0.0
2362,small_world,uniform,2383300,100,300,0.03,3,0.45,0.1,50,0.11,4,0.73,0.37,0.12,0.0
2363,small_world,uniform,2384309,100,300,0.03,3,0.45,0.1,50,0.04,1,0.73,0.36,0.06,0.0
2364,small_world,uniform,2385318,100,300,0.03,3,0.45,0.1,50,0.03,0,0.73,0.24,0.02,0.0
2365,small_world,uniform,2386327,100,300,0.03,3,0.45,0.1,50,0.03,0,0.73,0.27,0.05,0.0
2366,small_world,uniform,2387336,100,300,0.03,3,0.45,0.1,50,0.03,0,0.74,0.39,0.17,0.0
2367,small_world,uniform,2388345,100,300,0.03,3,0.45,0.1,50,0.03,0,0.75,0.41,0.09,0.0
2368,small_world,uniform,2389354,100,300,0.03,3,0.45,0.1,50,0.03,0,0.75,0.38,0.12,0.0
2369,small_world,uniform,2390363,100,300,0.03,3,0.45,0.1,50,0.03,0,0.79,0.44,0.09,0.0
2370,small_world,uniform,2391372,100,300,0.03,3,0.45,0.1,50,0.03,0,0.75,0.35,0.09,0.0
2371,small_world,uniform,2392381,100,300,0.03,3,0.45,0.1,50,0.03,0,0.76,0.29,0.08,0.0
2372,small_world,uniform,2393390,100,300,0.03,3,0.45,0.1,50,0.03,0,0.75,0.44,0.07,0.0
2373,small_world,uniform,2394399,100,300,0.03,3,0.45,0.1,50,0.03,0,0.77,0.44,0.08,0.0
2374,small_world,uniform,2395408,100,300,0.03,3,0.45,0.1,50,0.03,0,0.74,0.39,0.13,0.0
2375,small_world,uniform,2396417,100,300,0.03,3,0.45,0.1,50,0.03,0,0.77,0.57,0.32,0.0
2376,small_world,uniform,2397426,100,300,0.03,3,0.45,0.1,50,0.03,0,0.75,0.35,0.02,0.0
2377,small_world,uniform,2398435,100,300,0.03,3,0.45,0.1,50,0.03,0,0.76,0.39,0.08,0.0
2378,small_world,uniform,2399444,100,300,0.03,3,0.45,0.1,50,0.06,3,0.75,0.36,0.14,0.0
2379,small_world,uniform,2400453,100,300,0.03,3,0.45,0.1,50,0.05,2,0.78,0.46,0.17,0.0
2380,small_world,uniform,2401462,100,300,0.03,3,0.45,0.1,50,0.08,3,0.75,0.36,0.01,0.0
2381,small_world,uniform,2402471,100,300,0.03,3,0.45,0.1,50,0.03,0,0.78,0.48,0.14,0.0
2382,small_world,uniform,2403480,100,300,0.03,3,0.45,0.1,50,0.03,0,0.8,0.53,0.3,0.0
2383,small_world,uniform,2404489,100,300,0.03,3,0.45,0.1,50,0.04,1,0.77,0.37,0.04,0.0
2384,small_world,uniform,2405498,100,300,0.03,3,0.45,0.1,50,0.03,0,0.72,0.28,0.01,0.0
2385,small_world,uniform,2406507,100,300,0.03,3,0.45,0.1,50,0.03,0,0.75,0.4,0.13,0.0
2386,small_world,uniform,2407516,100,300,0.03,3,0.45,0.1,50,0.03,0,0.8,0.49,0.16,0.0
2387,small_world,uniform,2408525,100,300,0.03,3,0.45,0.1,50,0.03,0,0.81,0.54,0.29,0.0
2388,small_world,uniform,2409534,100,300,0.03,3,0.45,0.1,50,0.06,2,0.74,0.33,0.03,0.0
2389,small_world,uniform,2410543,100,300,0.03,3,0.45,0.1,50,0.03,0,0.8,0.58,0.22,0.0
2390,small_world,uniform,2411552,100,300,0.03,3,0.45,0.1,50,0.03,0,0.75,0.34,0.03,0.0
2391,small_world,uniform,2412561,100,300,0.03,3,0.45,0.1,50,0.03,0,0.76,0.38,0.08,0.0
2392,small_world,uniform,2413570,100,300,0.03,3,0.45,0.1,50,0.03,0,0.76,0.44,0.08,0.0
2393,small_world,uniform,2414579,100,300,0.03,3,0.45,0.1,50,0.03,0,0.76,0.45,0.26,0.0
2394,small_world,uniform,2415588,100,300,0.03,3,0.45,0.1,50,0.03,0,0.81,0.53,0.17,0.0
2395,small_world,uniform,2416597,100,300,0.03,3,0.45,0.1,50,0.15,7,0.68,0.33,0.05,0.0
2396,small_world,uniform,2417606,100,300,0.03,3,0.45,0.1,50,0.07,3,0.69,0.33,0.04,0.0
2397,small_world,uniform,2418615,100,300,0.03,3,0.45,0.1,50,0.03,0,0.77,0.42,0.05,0.0
2398,small_world,uniform,2419624,100,300,0.03,3,0.45,0.1,50,0.03,0,0.75,0.42,0.15,0.0
2399,small_world,uniform,2420633,100,300,0.03,3,0.45,0.1,50,0.03,0,0.75,0.41,0.13,0.0
2400,small_world,uniform,2421642,100,300,0.03,3,0.45,0.1,50,0.04,1,0.77,0.58,0.25,0.0
2401,small_world,uniform,2422651,100,300,0.03,3,0.45,0.1,50,0.14,8,0.65,0.19,0.0,0.0
2402,small_world,uniform,2423660,100,300,0.03,3,0.45,0.1,50,0.06,2,0.84,0.62,0.26,0.0
2403,small_world,uniform,2424669,100,300,0.03,3,0.45,0.1,50,0.03,0,0.75,0.43,0.13,0.0
2404,small_world,uniform,2425678,100,300,0.03,3,0.45,0.1,50,0.03,0,0.79,0.41,0.08,0.0
2405,small_world,uniform,2426687,100,300,0.03,3,0.45,0.1,50,0.04,1,0.69,0.32,0.03,0.0
2406,small_world,uniform,2427696,100,300,0.03,3,0.45,0.1,50,0.03,0,0.76,0.37,0.1,0.0
2407,small_world,uniform,2428705,100,300,0.03,3,0.45,0.1,50,0.03,0,0.74,0.46,0.21,0.0
2408,small_world,uniform,2429714,100,300,0.03,3,0.45,0.1,50,0.07,4,0.72,0.4,0.12,0.0
2409,small_world,uniform,2430723,100,300,0.03,3,0.45,0.1,50,0.13,4,0.75,0.44,0.1,0.0
2410,small_world,uniform,2431732,100,300,0.03,3,0.45,0.1,50,0.04,1,0.73,0.33,0.05,0.0
2411,small_world,uniform,2432741,100,300,0.03,3,0.45,0.1,50,0.03,0,0.78,0.56,0.24,0.0
2412,small_world,uniform,2433750,100,300,0.03,3,0.45,0.1,50,0.13,8,0.77,0.54,0.23,0.0
2413,small_world,uniform,2434759,100,300,0.03,3,0.45,0.1,50,0.1,3,0.8,0.5,0.1,0.0
2414,small_world,uniform,2435768,100,300,0.03,3,0.45,0.1,50,0.03,0,0.78,0.35,0.03,0.0
2415,small_world,uniform,2436777,100,300,0.03,3,0.45,0.1,50,0.03,0,0.74,0.37,0.08,0.0
2416,small_world,uniform,2437786,100,300,0.03,3,0.45,0.1,50,0.03,0,0.76,0.47,0.15,0.0
2417,small_world,uniform,2438795,100,300,0.03,3,0.45,0.1,50,0.05,2,0.73,0.4,0.15,0.0
2418,small_world,uniform,2439804,100,300,0.03,3,0.45,0.1,50,0.03,0,0.8,0.54,0.19,0.0
2419,small_world,uniform,2440813,100,300,0.03,3,0.45,0.1,50,0.04,1,0.77,0.44,0.15,0.0
2420,small_world,uniform,2441822,100,300,0.03,3,0.45,0.1,50,0.03,0,0.74,0.3,0.03,0.0
2421,small_world,uniform,2442831,100,300,0.03,3,0.45,0.1,50,0.14,9,0.66,0.38,0.05,0.0
2422,small_world,uniform,2443840,100,300,0.03,3,0.45,0.1,50,0.03,0,0.76,0.33,0.04,0.0
2423,small_world,uniform,2444849,100,300,0.03,3,0.45,0.1,50,0.04,1,0.78,0.31,0.07,0.0
2424,small_world,uniform,2445858,100,300,0.03,3,0.45,0.1,50,0.03,0,0.73,0.29,0.06,0.0
2425,small_world,uniform,2446867,100,300,0.03,3,0.45,0.1,50,0.04,1,0.83,0.5,0.1,0.0
2426,small_world,uniform,2447876,100,300,0.03,3,0.45,0.1,50,0.03,0,0.74,0.37,0.06,0.0
2427,small_world,uniform,2448885,100,300,0.03,3,0.45,0.1,50,0.04,1,0.74,0.39,0.12,0.0
2428,small_world,uniform,2449894,100,300,0.03,3,0.45,0.1,50,0.14,8,0.72,0.35,0.09,0.0
2429,small_world,uniform,2450903,100,300,0.03,3,0.45,0.1,50,0.03,0,0.76,0.37,0.1,0.0
2430,small_world,uniform,2451912,100,300,0.03,3,0.45,0.1,50,0.03,0,0.75,0.41,0.14,0.0
2431,small_world,uniform,2452921,100,300,0.03,3,0.45,0.1,50,0.06,2,0.78,0.47,0.17,0.0
2432,small_world,uniform,2453930,100,300,0.03,3,0.45,0.1,50,0.06,2,0.78,0.52,0.22,0.0
2433,small_world,uniform,2454939,100,300,0.03,3,0.45,0.1,50,0.03,0,0.75,0.39,0.14,0.0
2434,small_world,uniform,2455948,100,300,0.03,3,0.45,0.1,50,0.03,0,0.74,0.36,0.04,0.0
2435,small_world,uniform,2456957,100,300,0.03,3,0.45,0.1,50,0.04,1,0.76,0.32,0.04,0.0
2436,small_world,uniform,2457966,100,300,0.03,3,0.45,0.1,50,0.03,0,0.79,0.39,0.09,0.0
2437,small_world,uniform,2458975,100,300,0.03,3,0.45,0.1,50,0.03,0,0.72,0.37,0.08,0.0
2438,small_world,uniform,2459984,100,300,0.03,3,0.45,0.1,50,0.03,0,0.76,0.43,0.05,0.0
2439,small_world,uniform,2460993,100,300,0.03,3,0.45,0.1,50,0.04,1,0.77,0.39,0.04,0.0
2440,small_world,uniform,2462002,100,300,0.03,3,0.45,0.1,50,0.03,0,0.76,0.41,0.05,0.0
2441,small_world,uniform,2463011,100,300,0.03,3,0.45,0.1,50,0.03,0,0.77,0.52,0.25,0.0
2442,small_world,uniform,2464020,100,300,0.03,3,0.45,0.1,50,0.03,0,0.77,0.52,0.26,0.0
2443,small_world,uniform,2465029,100,300,0.03,3,0.45,0.1,50,0.03,0,0.72,0.35,0.08,0.0
2444,small_world,uniform,2466038,100,300,0.03,3,0.45,0.1,50,0.03,0,0.75,0.46,0.2,0.0
2445,small_world,uniform,2467047,100,300,0.03,3,0.45,0.1,50,0.04,1,0.72,0.41,0.14,0.0
2446,small_world,uniform,2468056,100,300,0.03,3,0.45,0.1,50,0.03,0,0.74,0.35,0.02,0.0
2447,small_world,uniform,2469065,100,300,0.03,3,0.45,0.1,50,0.03,0,0.81,0.45,0.14,0.0
2448,small_world,uniform,2470074,100,300,0.03,3,0.45,0.1,50,0.03,0,0.75,0.33,0.07,0.0
2449,small_world,uniform,2471083,100,300,0.03,3,0.45,0.1,50,0.04,1,0.8,0.39,0.08,0.0
2450,small_world,uniform,2472092,100,300,0.03,3,0.45,0.1,50,0.04,1,0.74,0.38,0.09,0.0
2451,small_world,uniform,2473101,100,300,0.03,3,0.45,0.1,50,0.13,9,0.68,0.28,0.07,0.0
2452,small_world,uniform,2474110,100,300,0.03,3,0.45,0.1,50,0.04,1,0.79,0.51,0.1,0.0
2453,small_world,uniform,2475119,100,300,0.03,3,0.45,0.1,50,0.08,2,0.83,0.62,0.35,0.0
2454,small_world,uniform,2476128,100,300,0.03,3,0.45,0.1,50,0.03,0,0.72,0.32,0.06,0.0
2455,small_world,uniform,2477137,100,300,0.03,3,0.45,0.1,50,0.03,0,0.72,0.32,0.02,0.0
2456,small_world,uniform,2478146,100,300,0.03,3,0.45,0.1,50,0.03,0,0.75,0.43,0.13,0.0
2457,small_world,uniform,2479155,100,300,0.03,3,0.45,0.1,50,0.03,0,0.76,0.45,0.12,0.0
2458,small_world,uniform,2480164,100,300,0.03,3,0.45,0.1,50,0.03,0,0.76,0.48,0.22,0.0
2459,small_world,uniform,2481173,100,300,0.03,3,0.45,0.1,50,0.03,0,0.78,0.38,0.12,0.0
2460,small_world,uniform,2482182,100,300,0.03,3,0.45,0.1,50,0.06,3,0.78,0.43,0.1,0.0
2461,small_world,uniform,2483191,100,300,0.03,3,0.45,0.1,50,0.03,0,0.74,0.36,0.09,0.0
2462,small_world,uniform,2484200,100,300,0.03,3,0.45,0.1,50,0.04,1,0.79,0.45,0.1,0.0
2463,small_world,uniform,2485209,100,300,0.03,3,0.45,0.1,50,0.03,0,0.77,0.39,0.12,0.0
2464,small_world,uniform,2486218,100,300,0.03,3,0.45,0.1,50,0.03,0,0.73,0.26,0.03,0.0
2465,small_world,uniform,2487227,100,300,0.03,3,0.45,0.1,50,0.1,4,0.74,0.44,0.1,0.0
2466,small_world,uniform,2488236,100,300,0.03,3,0.45,0.1,50,0.03,0,0.77,0.47,0.14,0.0
2467,small_world,uniform,2489245,100,300,0.03,3,0.45,0.1,50,0.03,0,0.75,0.4,0.12,0.0
2468,small_world,uniform,2490254,100,300,0.03,3,0.45,0.1,50,0.03,0,0.74,0.33,0.03,0.0
2469,small_world,uniform,2491263,100,300,0.03,3,0.45,0.1,50,0.03,0,0.78,0.39,0.11,0.0
2470,small_world,uniform,2492272,100,300,0.03,3,0.45,0.1,50,0.03,0,0.75,0.33,0.07,0.0
2471,small_world,uniform,2493281,100,300,0.03,3,0.45,0.1,50,0.03,0,0.72,0.31,0.07,0.0
2472,small_world,uniform,2494290,100,300,0.03,3,0.45,0.1,50,0.03,0,0.74,0.37,0.03,0.0
2473,small_world,uniform,2495299,100,300,0.03,3,0.45,0.1,50,0.03,0,0.74,0.36,0.07,0.0
2474,small_world,uniform,2496308,100,300,0.03,3,0.45,0.1,50,0.06,2,0.84,0.54,0.16,0.0
2475,small_world,uniform,2497317,100,300,0.03,3,0.45,0.1,50,0.03,0,0.74,0.38,0.12,0.0
2476,small_world,uniform,2498326,100,300,0.03,3,0.45,0.1,50,0.03,0,0.73,0.39,0.05,0.0
2477,small_world,uniform,2499335,100,300,0.03,3,0.45,0.1,50,0.03,0,0.72,0.28,0.02,0.0
2478,small_world,uniform,2500344,100,300,0.03,3,0.45,0.1,50,0.08,4,0.69,0.26,0.0,0.0
2479,small_world,uniform,2501353,100,300,0.03,3,0.45,0.1,50,0.08,3,0.73,0.4,0.2,0.0
2480,small_world,uniform,2502362,100,300,0.03,3,0.45,0.1,50,0.07,2,0.81,0.49,0.05,0.0
2481,small_world,uniform,2503371,100,300,0.03,3,0.45,0.1,50,0.04,1,0.76,0.4,0.13,0.0
2482,small_world,uniform,2504380,100,300,0.03,3,0.45,0.1,50,0.03,0,0.76,0.39,0.06,0.0
2483,small_world,uniform,2505389,100,300,0.03,3,0.45,0.1,50,0.05,2,0.72,0.38,0.11,0.0
2484,small_world,uniform,2506398,100,300,0.03,3,0.45,0.1,50,0.03,0,0.71,0.25,0.0,0.0
2485,small_world,uniform,2507407,100,300,0.03,3,0.45,0.1,50,0.03,0,0.74,0.31,0.0,0.0
2486,small_world,uniform,2508416,100,300,0.03,3,0.45,0.1,50,0.03,0,0.74,0.31,0.04,0.0
2487,small_world,uniform,2509425,100,300,0.03,3,0.45,0.1,50,0.04,1,0.76,0.4,0.08,0.0
2488,small_world,uniform,2510434,100,300,0.03,3,0.45,0.1,50,0.04,1,0.73,0.32,0.09,0.0
2489,small_world,uniform,2511443,100,300,0.03,3,0.45,0.1,50,0.03,0,0.74,0.37,0.05,0.0
2490,small_world,uniform,2512452,100,300,0.03,3,0.45,0.1,50,0.04,1,0.73,0.34,0.08,0.0
2491,small_world,uniform,2513461,100,300,0.03,3,0.45,0.1,50,0.03,0,0.74,0.32,0.04,0.0
2492,small_world,uniform,2514470,100,300,0.03,3,0.45,0.1,50,0.1,4,0.72,0.29,0.01,0.0
2493,small_world,uniform,2515479,100,300,0.03,3,0.45,0.1,50,0.06,2,0.79,0.47,0.09,0.0
2494,small_world,uniform,2516488,100,300,0.03,3,0.45,0.1,50,0.03,0,0.79,0.46,0.1,0.0
2495,small_world,uniform,2517497,100,300,0.03,3,0.45,0.1,50,0.03,0,0.75,0.39,0.02,0.0
2496,small_world,uniform,2518506,100,300,0.03,3,0.45,0.1,50,0.03,0,0.73,0.27,0.01,0.0
2497,small_world,uniform,2519515,100,300,0.03,3,0.45,0.1,50,0.04,1,0.71,0.39,0.07,0.0
2498,small_world,uniform,2520524,100,300,0.03,3,0.45,0.1,50,0.03,0,0.74,0.36,0.08,0.0
2499,small_world,uniform,2521533,100,300,0.03,3,0.45,0.1,50,0.03,0,0.76,0.36,0.08,0.0
2500,small_world,uniform,2522542,100,300,0.03,3,0.45,0.1,50,0.04,1,0.73,0.38,0.08,0.0
2501,small_world,uniform,2523551,100,300,0.03,3,0.45,0.1,50,0.04,1,0.74,0.39,0.07,0.0
2502,small_world,uniform,2524560,100,300,0.03,3,0.45,0.1,50,0.03,0,0.79,0.42,0.14,0.0
2503,small_world,uniform,2525569,100,300,0.03,3,0.45,0.1,50,0.03,0,0.74,0.37,0.04,0.0
2504,small_world,uniform,2526578,100,300,0.03,3,0.45,0.1,50,0.03,0,0.73,0.35,0.11,0.0
2505,small_world,uniform,2527587,100,300,0.03,3,0.45,0.1,50,0.03,0,0.76,0.33,0.09,0.0
2506,small_world,uniform,2528596,100,300,0.03,3,0.45,0.1,50,0.03,0,0.76,0.49,0.11,0.0
2507,small_world,uniform,2529605,100,300,0.03,3,0.45,0.1,50,0.04,1,0.74,0.39,0.05,0.0
2508,small_world,uniform,2530614,100,300,0.03,3,0.45,0.1,50,0.15,6,0.68,0.22,0.0,0.0
2509,small_world,uniform,2531623,100,300,0.03,3,0.45,0.1,50,0.03,0,0.77,0.45,0.06,0.0
2510,small_world,uniform,2532632,100,300,0.03,3,0.45,0.1,50,0.03,0,0.77,0.51,0.13,0.0
2511,small_world,uniform,2533641,100,300,0.03,3,0.45,0.1,50,0.04,1,0.69,0.22,0.01,0.0
2512,small_world,uniform,2534650,100,300,0.03,3,0.45,0.1,50,0.03,0,0.76,0.43,0.13,0.0
2513,small_world,uniform,2535659,100,300,0.03,3,0.45,0.1,50,0.07,3,0.74,0.33,0.05,0.0
2514,small_world,uniform,2536668,100,300,0.03,3,0.45,0.1,50,0.03,0,0.76,0.4,0.06,0.0
2515,small_world,uniform,2537677,100,300,0.03,3,0.45,0.1,50,0.03,0,0.73,0.3,0.02,0.0
2516,small_world,uniform,2538686,100,300,0.03,3,0.45,0.1,50,0.03,0,0.74,0.35,0.03,0.0
2517,small_world,uniform,2539695,100,300,0.03,3,0.45,0.1,50,0.03,0,0.74,0.32,0.01,0.0
2518,small_world,uniform,2540704,100,300,0.03,3,0.45,0.1,50,0.05,1,0.77,0.51,0.24,0.0
2519,small_world,uniform,2541713,100,300,0.03,3,0.45,0.1,50,0.03,0,0.74,0.34,0.05,0.0
2520,small_world,uniform,2542722,100,300,0.03,3,0.45,0.1,50,0.03,0,0.79,0.44,0.08,0.0
2521,small_world,uniform,2543731,100,300,0.03,3,0.45,0.1,50,0.03,0,0.73,0.42,0.11,0.0
2522,small_world,uniform,2544740,100,300,0.03,3,0.45,0.1,50,0.08,3,0.77,0.49,0.05,0.0
2523,small_world,uniform,2545749,100,300,0.03,3,0.45,0.1,50,0.03,0,0.81,0.49,0.13,0.0
2524,small_world,uniform,2546758,100,300,0.03,3,0.45,0.1,50,0.03,0,0.75,0.48,0.16,0.0
2525,small_world,uniform,2547767,100,300,0.03,3,0.45,0.1,50,0.03,0,0.74,0.25,0.04,0.0
2526,small_world,uniform,2548776,100,300,0.03,3,0.45,0.1,50,0.03,0,0.77,0.45,0.07,0.0
2527,small_world,uniform,2549785,100,300,0.03,3,0.45,0.1,50,0.03,0,0.81,0.47,0.15,0.0
2528,small_world,uniform,2550794,100,300,0.03,3,0.45,0.1,50,0.03,0,0.79,0.53,0.18,0.0
2529,small_world,uniform,2551803,100,300,0.03,3,0.45,0.1,50,0.03,0,0.74,0.37,0.1,0.0
2530,small_world,uniform,2552812,100,300,0.03,3,0.45,0.1,50,0.03,0,0.76,0.38,0.07,0.0
2531,small_world,uniform,2553821,100,300,0.03,3,0.45,0.1,50,0.03,0,0.74,0.37,0.05,0.0
2532,small_world,uniform,2554830,100,300,0.03,3,0.45,0.1,50,0.03,0,0.76,0.43,0.14,0.0
2533,small_world,uniform,2555839,100,300,0.03,3,0.45,0.1,50,0.03,0,0.77,0.41,0.09,0.0
2534,small_world,uniform,2556848,100,300,0.03,3,0.45,0.1,50,0.08,3,0.72,0.38,0.06,0.0
2535,small_world,uniform,2557857,100,300,0.03,3,0.45,0.1,50,0.03,0,0.78,0.46,0.1,0.0
2536,small_world,uniform,2558866,100,300,0.03,3,0.45,0.1,50,0.03,0,0.74,0.4,0.11,0.0
2537,small_world,uniform,2559875,100,300,0.03,3,0.45,0.1,50,0.03,0,0.78,0.4,0.01,0.0
2538,small_world,uniform,2560884,100,300,0.03,3,0.45,0.1,50,0.04,1,0.74,0.42,0.14,0.0
2539,small_world,uniform,2561893,100,300,0.03,3,0.45,0.1,50,0.03,0,0.79,0.51,0.11,0.0
2540,small_world,uniform,2562902,100,300,0.03,3,0.45,0.1,50,0.03,0,0.74,0.31,0.01,0.0
2541,small_world,uniform,2563911,100,300,0.03,3,0.45,0.1,50,0.04,1,0.72,0.2,0.0,0.0
2542,small_world,uniform,2564920,100,300,0.03,3,0.45,0.1,50,0.03,0,0.75,0.39,0.06,0.0
2543,small_world,uniform,2565929,100,300,0.03,3,0.45,0.1,50,0.03,0,0.79,0.42,0.06,0.0
2544,small_world,uniform,2566938,100,300,0.03,3,0.45,0.1,50,0.03,0,0.75,0.39,0.18,0.0
2545,small_world,uniform,2567947,100,300,0.03,3,0.45,0.1,50,0.03,0,0.73,0.28,0.01,0.0
2546,small_world,uniform,2568956,100,300,0.03,3,0.45,0.1,50,0.03,0,0.75,0.44,0.14,0.0
2547,small_world,uniform,2569965,100,300,0.03,3,0.45,0.1,50,0.26,18,0.57,0.2,0.02,0.0
2548,small_world,uniform,2570974,100,300,0.03,3,0.45,0.1,50,0.03,0,0.73,0.39,0.1,0.0
2549,small_world,uniform,2571983,100,300,0.03,3,0.45,0.1,50,0.03,0,0.76,0.46,0.15,0.0
2550,small_world,uniform,2572992,100,300,0.03,3,0.45,0.1,50,0.03,0,0.73,0.29,0.07,0.0
2551,small_world,uniform,2574001,100,300,0.03,3,0.45,0.1,50,0.03,0,0.79,0.45,0.19,0.0
2552,small_world,uniform,2575010,100,300,0.03,3,0.45,0.1,50,0.03,0,0.74,0.36,0.08,0.0
2553,small_world,uniform,2576019,100,300,0.03,3,0.45,0.1,50,0.03,0,0.75,0.4,0.14,0.0
2554,small_world,uniform,2577028,100,300,0.03,3,0.45,0.1,50,0.03,0,0.77,0.47,0.08,0.0
2555,small_world,uniform,2578037,100,300,0.03,3,0.45,0.1,50,0.03,0,0.74,0.38,0.13,0.0
2556,small_world,uniform,2579046,100,300,0.03,3,0.45,0.1,50,0.09,5,0.75,0.4,0.05,0.0
2557,small_world,uniform,2580055,100,300,0.03,3,0.45,0.1,50,0.03,0,0.73,0.42,0.13,0.0
2558,small_world,uniform,2581064,100,300,0.03,3,0.45,0.1,50,0.03,0,0.74,0.32,0.09,0.0
2559,small_world,uniform,2582073,100,300,0.03,3,0.45,0.1,50,0.03,0,0.74,0.36,0.08,0.0
2560,small_world,uniform,2583082,100,300,0.03,3,0.45,0.1,50,0.03,0,0.73,0.34,0.02,0.0
2561,small_world,uniform,2584091,100,300,0.03,3,0.45,0.1,50,0.03,0,0.77,0.42,0.09,0.0
2562,small_world,uniform,2585100,100,300,0.03,3,0.45,0.1,50,0.03,0,0.75,0.44,0.19,0.0
2563,small_world,uniform,2586109,100,300,0.03,3,0.45,0.1,50,0.07,3,0.74,0.41,0.07,0.0
2564,small_world,uniform,2587118,100,300,0.03,3,0.45,0.1,50,0.04,1,0.74,0.39,0.04,0.0
2565,small_world,uniform,2588127,100,300,0.03,3,0.45,0.1,50,0.03,0,0.74,0.31,0.02,0.0
2566,small_world,uniform,2589136,100,300,0.03,3,0.45,0.1,50,0.03,0,0.75,0.4,0.05,0.0
2567,small_world,uniform,2590145,100,300,0.03,3,0.45,0.1,50,0.03,0,0.76,0.44,0.1,0.0
2568,small_world,uniform,2591154,100,300,0.03,3,0.45,0.1,50,0.03,0,0.83,0.58,0.29,0.0
2569,small_world,uniform,2592163,100,300,0.03,3,0.45,0.1,50,0.03,0,0.73,0.4,0.08,0.0
2570,small_world,uniform,2593172,100,300,0.03,3,0.45,0.1,50,0.03,0,0.75,0.39,0.02,0.0
2571,small_world,uniform,2594181,100,300,0.03,3,0.45,0.1,50,0.03,0,0.75,0.42,0.18,0.0
2572,small_world,uniform,2595190,100,300,0.03,3,0.45,0.1,50,0.03,0,0.74,0.38,0.07,0.0
2573,small_world,uniform,2596199,100,300,0.03,3,0.45,0.1,50,0.03,0,0.78,0.42,0.06,0.0
2574,small_world,uniform,2597208,100,300,0.03,3,0.45,0.1,50,0.04,1,0.73,0.33,0.06,0.0
2575,small_world,uniform,2598217,100,300,0.03,3,0.45,0.1,50,0.03,0,0.77,0.5,0.2,0.0
2576,small_world,uniform,2599226,100,300,0.03,3,0.45,0.1,50,0.03,0,0.75,0.29,0.01,0.0
2577,small_world,uniform,2600235,100,300,0.03,3,0.45,0.1,50,0.05,2,0.76,0.38,0.07,0.0
2578,small_world,uniform,2601244,100,300,0.03,3,0.45,0.1,50,0.03,0,0.76,0.39,0.11,0.0
2579,small_world,uniform,2602253,100,300,0.03,3,0.45,0.1,50,0.03,0,0.79,0.57,0.3,0.0
2580,small_world,uniform,2603262,100,300,0.03,3,0.45,0.1,50,0.04,1,0.73,0.4,0.07,0.0
2581,small_world,uniform,2604271,100,300,0.03,3,0.45,0.1,50,0.03,0,0.73,0.32,0.03,0.0
2582,small_world,uniform,2605280,100,300,0.03,3,0.45,0.1,50,0.03,0,0.8,0.44,0.1,0.0
2583,small_world,uniform,2606289,100,300,0.03,3,0.45,0.1,50,0.03,0,0.74,0.39,0.11,0.0
2584,small_world,uniform,2607298,100,300,0.03,3,0.45,0.1,50,0.03,0,0.74,0.38,0.1,0.0
2585,small_world,uniform,2608307,100,300,0.03,3,0.45,0.1,50,0.03,0,0.8,0.43,0.1,0.0
2586,small_world,uniform,2609316,100,300,0.03,3,0.45,0.1,50,0.03,0,0.79,0.4,0.08,0.0
2587,small_world,uniform,2610325,100,300,0.03,3,0.45,0.1,50,0.03,0,0.75,0.48,0.28,0.0
2588,small_world,uniform,2611334,100,300,0.03,3,0.45,0.1,50,0.03,0,0.74,0.27,0.02,0.0
2589,small_world,uniform,2612343,100,300,0.03,3,0.45,0.1,50,0.03,0,0.78,0.38,0.08,0.0
2590,small_world,uniform,2613352,100,300,0.03,3,0.45,0.1,50,0.03,0,0.76,0.43,0.2,0.0
2591,small_world,uniform,2614361,100,300,0.03,3,0.45,0.1,50,0.03,0,0.78,0.38,0.04,0.0
2592,small_world,uniform,2615370,100,300,0.03,3,0.45,0.1,50,0.04,1,0.78,0.48,0.19,0.0
2593,small_world,uniform,2616379,100,300,0.03,3,0.45,0.1,50,0.03,0,0.74,0.27,0.02,0.0
2594,small_world,uniform,2617388,100,300,0.03,3,0.45,0.1,50,0.03,0,0.79,0.4,0.05,0.0
2595,small_world,uniform,2618397,100,300,0.03,3,0.45,0.1,50,0.03,0,0.73,0.28,0.01,0.0
2596,small_world,uniform,2619406,100,300,0.03,3,0.45,0.1,50,0.03,0,0.77,0.41,0.13,0.0
2597,small_world,uniform,2620415,100,300,0.03,3,0.45,0.1,50,0.03,0,0.78,0.49,0.09,0.0
2598,small_world,uniform,2621424,100,300,0.03,3,0.45,0.1,50,0.04,1,0.77,0.51,0.16,0.0
2599,small_world,uniform,2622433,100,300,0.03,3,0.45,0.1,50,0.03,0,0.78,0.42,0.04,0.0
2600,small_world,uniform,2623442,100,300,0.03,3,0.45,0.1,50,0.03,0,0.74,0.35,0.13,0.0
2601,small_world,uniform,2624451,100,300,0.03,3,0.45,0.1,50,0.05,1,0.69,0.34,0.13,0.0
2602,small_world,uniform,2625460,100,300,0.03,3,0.45,0.1,50,0.04,1,0.74,0.44,0.1,0.0
2603,small_world,uniform,2626469,100,300,0.03,3,0.45,0.1,50,0.03,0,0.75,0.42,0.11,0.0
2604,small_world,uniform,2627478,100,300,0.03,3,0.45,0.1,50,0.03,0,0.74,0.43,0.09,0.0
2605,small_world,uniform,2628487,100,300,0.03,3,0.45,0.1,50,0.15,8,0.67,0.24,0.06,0.0
2606,small_world,uniform,2629496,100,300,0.03,3,0.45,0.1,50,0.04,1,0.73,0.34,0.03,0.0
2607,small_world,uniform,2630505,100,300,0.03,3,0.45,0.1,50,0.08,4,0.73,0.36,0.16,0.0
2608,small_world,uniform,2631514,100,300,0.03,3,0.45,0.1,50,0.04,1,0.7,0.34,0.09,0.0
2609,small_world,uniform,2632523,100,300,0.03,3,0.45,0.1,50,0.17,5,0.7,0.34,0.08,0.0
2610,small_world,uniform,2633532,100,300,0.03,3,0.45,0.1,50,0.03,0,0.83,0.58,0.27,0.0
2611,small_world,uniform,2634541,100,300,0.03,3,0.45,0.1,50,0.03,0,0.77,0.32,0.05,0.0
2612,small_world,uniform,2635550,100,300,0.03,3,0.45,0.1,50,0.03,0,0.73,0.24,0.02,0.0
2613,small_world,uniform,2636559,100,300,0.03,3,0.45,0.1,50,0.03,0,0.77,0.39,0.13,0.0
2614,small_world,uniform,2637568,100,300,0.03,3,0.45,0.1,50,0.05,2,0.74,0.31,0.06,0.0
2615,small_world,uniform,2638577,100,300,0.03,3,0.45,0.1,50,0.03,0,0.79,0.53,0.17,0.0
2616,small_world,uniform,2639586,100,300,0.03,3,0.45,0.1,50,0.04,1,0.73,0.3,0.02,0.0
2617,small_world,uniform,2640595,100,300,0.03,3,0.45,0.1,50,0.03,0,0.73,0.3,0.02,0.0
2618,small_world,uniform,2641604,100,300,0.03,3,0.45,0.1,50,0.03,0,0.73,0.34,0.08,0.0
2619,small_world,uniform,2642613,100,300,0.03,3,0.45,0.1,50,0.03,0,0.75,0.47,0.14,0.0
2620,small_world,uniform,2643622,100,300,0.03,3,0.45,0.1,50,0.04,1,0.76,0.47,0.15,0.0
2621,small_world,uniform,2644631,100,300,0.03,3,0.45,0.1,50,0.08,5,0.73,0.35,0.04,0.0
2622,small_world,uniform,2645640,100,300,0.03,3,0.45,0.1,50,0.07,3,0.82,0.51,0.21,0.0
2623,small_world,uniform,2646649,100,300,0.03,3,0.45,0.1,50,0.09,4,0.8,0.44,0.12,0.0
2624,small_world,uniform,2647658,100,300,0.03,3,0.45,0.1,50,0.18,8,0.63,0.21,0.01,0.0
2625,small_world,uniform,2648667,100,300,0.03,3,0.45,0.1,50,0.03,0,0.75,0.39,0.05,0.0
2626,small_world,uniform,2649676,100,300,0.03,3,0.45,0.1,50,0.03,0,0.78,0.45,0.08,0.0
2627,small_world,uniform,2650685,100,300,0.03,3,0.45,0.1,50,0.04,1,0.81,0.6,0.21,0.0
2628,small_world,uniform,2651694,100,300,0.03,3,0.45,0.1,50,0.03,0,0.79,0.6,0.26,0.0
2629,small_world,uniform,2652703,100,300,0.03,3,0.45,0.1,50,0.03,0,0.77,0.56,0.3,0.0
2630,small_world,uniform,2653712,100,300,0.03,3,0.45,0.1,50,0.03,0,0.75,0.38,0.05,0.0
2631,small_world,uniform,2654721,100,300,0.03,3,0.45,0.1,50,0.03,0,0.74,0.45,0.14,0.0
2632,small_world,uniform,2655730,100,300,0.03,3,0.45,0.1,50,0.04,1,0.73,0.34,0.05,0.0
2633,small_world,uniform,2656739,100,300,0.03,3,0.45,0.1,50,0.03,0,0.74,0.44,0.15,0.0
2634,small_world,uniform,2657748,100,300,0.03,3,0.45,0.1,50,0.05,2,0.8,0.57,0.32,0.0
2635,small_world,uniform,2658757,100,300,0.03,3,0.45,0.1,50,0.09,4,0.77,0.4,0.12,0.0
2636,small_world,uniform,2659766,100,300,0.03,3,0.45,0.1,50,0.03,0,0.74,0.35,0.02,0.0
2637,small_world,uniform,2660775,100,300,0.03,3,0.45,0.1,50,0.03,0,0.8,0.51,0.16,0.0
2638,small_world,uniform,2661784,100,300,0.03,3,0.45,0.1,50,0.05,2,0.79,0.47,0.11,0.0
2639,small_world,uniform,2662793,100,300,0.03,3,0.45,0.1,50,0.03,0,0.77,0.59,0.31,0.0
2640,small_world,uniform,2663802,100,300,0.03,3,0.45,0.1,50,0.05,1,0.75,0.4,0.14,0.0
2641,small_world,uniform,2664811,100,300,0.03,3,0.45,0.1,50,0.03,0,0.79,0.4,0.12,0.0
2642,small_world,uniform,2665820,100,300,0.03,3,0.45,0.1,50,0.03,0,0.75,0.43,0.11,0.0
2643,small_world,uniform,2666829,100,300,0.03,3,0.45,0.1,50,0.03,0,0.81,0.49,0.14,0.0
2644,small_world,uniform,2667838,100,300,0.03,3,0.45,0.1,50,0.03,0,0.82,0.5,0.2,0.0
2645,small_world,uniform,2668847,100,300,0.03,3,0.45,0.1,50,0.03,0,0.75,0.39,0.07,0.0
2646,small_world,uniform,2669856,100,300,0.03,3,0.45,0.1,50,0.04,1,0.73,0.35,0.07,0.0
2647,small_world,uniform,2670865,100,300,0.03,3,0.45,0.1,50,0.03,0,0.8,0.51,0.17,0.0
2648,small_world,uniform,2671874,100,300,0.03,3,0.45,0.1,50,0.05,2,0.77,0.47,0.2,0.0
2649,small_world,uniform,2672883,100,300,0.03,3,0.45,0.1,50,0.04,1,0.71,0.36,0.15,0.0
2650,small_world,uniform,2673892,100,300,0.03,3,0.45,0.1,50,0.03,0,0.74,0.38,0.07,0.0
2651,small_world,uniform,2674901,100,300,0.03,3,0.45,0.1,50,0.03,0,0.74,0.37,0.19,0.0
2652,small_world,uniform,2675910,100,300,0.03,3,0.45,0.1,50,0.09,4,0.83,0.67,0.5,0.0
2653,small_world,uniform,2676919,100,300,0.03,3,0.45,0.1,50,0.06,1,0.75,0.32,0.03,0.0
2654,small_world,uniform,2677928,100,300,0.03,3,0.45,0.1,50,0.03,0,0.81,0.53,0.27,0.0
2655,small_world,uniform,2678937,100,300,0.03,3,0.45,0.1,50,0.03,0,0.74,0.31,0.06,0.0
2656,small_world,uniform,2679946,100,300,0.03,3,0.45,0.1,50,0.03,0,0.76,0.4,0.08,0.0
2657,small_world,uniform,2680955,100,300,0.03,3,0.45,0.1,50,0.14,4,0.75,0.5,0.24,0.0
2658,small_world,uniform,2681964,100,300,0.03,3,0.45,0.1,50,0.03,0,0.8,0.49,0.15,0.0
2659,small_world,uniform,2682973,100,300,0.03,3,0.45,0.1,50,0.03,0,0.75,0.46,0.25,0.0
2660,small_world,uniform,2683982,100,300,0.03,3,0.45,0.1,50,0.06,3,0.76,0.39,0.1,0.0
2661,small_world,uniform,2684991,100,300,0.03,3,0.45,0.1,50,0.04,1,0.76,0.37,0.06,0.0
2662,small_world,uniform,2686000,100,300,0.03,3,0.45,0.1,50,0.03,0,0.75,0.33,0.08,0.0
2663,small_world,uniform,2687009,100,300,0.03,3,0.45,0.1,50,0.06,2,0.73,0.43,0.15,0.0
2664,small_world,uniform,2688018,100,300,0.03,3,0.45,0.1,50,0.03,0,0.76,0.29,0.04,0.0
2665,small_world,uniform,2689027,100,300,0.03,3,0.45,0.1,50,0.08,5,0.75,0.41,0.1,0.0
2666,small_world,uniform,2690036,100,300,0.03,3,0.45,0.1,50,0.03,0,0.72,0.33,0.08,0.0
2667,small_world,uniform,2691045,100,300,0.03,3,0.45,0.1,50,0.05,2,0.72,0.35,0.13,0.0
2668,small_world,uniform,2692054,100,300,0.03,3,0.45,0.1,50,0.03,0,0.79,0.5,0.21,0.0
2669,small_world,uniform,2693063,100,300,0.03,3,0.45,0.1,50,0.03,0,0.74,0.38,0.07,0.0
2670,small_world,uniform,2694072,100,300,0.03,3,0.45,0.1,50,0.03,0,0.71,0.29,0.04,0.0
2671,small_world,uniform,2695081,100,300,0.03,3,0.45,0.1,50,0.03,0,0.71,0.29,0.05,0.0
2672,small_world,uniform,2696090,100,300,0.03,3,0.45,0.1,50,0.03,0,0.74,0.42,0.21,0.0
2673,small_world,uniform,2697099,100,300,0.03,3,0.45,0.1,50,0.03,0,0.74,0.33,0.04,0.0
2674,small_world,uniform,2698108,100,300,0.03,3,0.45,0.1,50,0.07,4,0.73,0.33,0.09,0.0
2675,small_world,uniform,2699117,100,300,0.03,3,0.45,0.1,50,0.03,0,0.76,0.36,0.07,0.0
2676,small_world,uniform,2700126,100,300,0.03,3,0.45,0.1,50,0.06,3,0.78,0.53,0.27,0.0
2677,small_world,uniform,2701135,100,300,0.03,3,0.45,0.1,50,0.03,0,0.74,0.37,0.1,0.0
2678,small_world,uniform,2702144,100,300,0.03,3,0.45,0.1,50,0.03,0,0.76,0.31,0.03,0.0
2679,small_world,uniform,2703153,100,300,0.03,3,0.45,0.1,50,0.03,0,0.79,0.39,0.13,0.0
2680,small_world,uniform,2704162,100,300,0.03,3,0.45,0.1,50,0.03,0,0.76,0.33,0.09,0.0
2681,small_world,uniform,2705171,100,300,0.03,3,0.45,0.1,50,0.03,0,0.84,0.61,0.3,0.0
2682,small_world,uniform,2706180,100,300,0.03,3,0.45,0.1,50,0.03,0,0.79,0.38,0.06,0.0
2683,small_world,uniform,2707189,100,300,0.03,3,0.45,0.1,50,0.03,0,0.81,0.54,0.22,0.0
2684,small_world,uniform,2708198,100,300,0.03,3,0.45,0.1,50,0.03,0,0.73,0.32,0.03,0.0
2685,small_world,uniform,2709207,100,300,0.03,3,0.45,0.1,50,0.04,1,0.77,0.35,0.02,0.0
2686,small_world,uniform,2710216,100,300,0.03,3,0.45,0.1,50,0.03,0,0.73,0.35,0.07,0.0
2687,small_world,uniform,2711225,100,300,0.03,3,0.45,0.1,50,0.03,0,0.76,0.4,0.0,0.0
2688,small_world,uniform,2712234,100,300,0.03,3,0.45,0.1,50,0.03,0,0.85,0.62,0.34,0.0
2689,small_world,uniform,2713243,100,300,0.03,3,0.45,0.1,50,0.04,1,0.73,0.47,0.16,0.0
2690,small_world,uniform,2714252,100,300,0.03,3,0.45,0.1,50,0.05,2,0.72,0.32,0.05,0.0
2691,small_world,uniform,2715261,100,300,0.03,3,0.45,0.1,50,0.04,1,0.73,0.35,0.07,0.0
2692,small_world,uniform,2716270,100,300,0.03,3,0.45,0.1,50,0.03,0,0.75,0.36,0.1,0.0
2693,small_world,uniform,2717279,100,300,0.03,3,0.45,0.1,50,0.03,0,0.77,0.36,0.06,0.0
2694,small_world,uniform,2718288,100,300,0.03,3,0.45,0.1,50,0.07,3,0.78,0.46,0.09,0.0
2695,small_world,uniform,2719297,100,300,0.03,3,0.45,0.1,50,0.04,1,0.69,0.29,0.03,0.0
2696,small_world,uniform,2720306,100,300,0.03,3,0.45,0.1,50,0.06,3,0.75,0.48,0.24,0.0
2697,small_world,uniform,2721315,100,300,0.03,3,0.45,0.1,50,0.03,0,0.76,0.39,0.12,0.0
2698,small_world,uniform,2722324,100,300,0.03,3,0.45,0.1,50,0.03,0,0.73,0.38,0.04,0.0
2699,small_world,uniform,2723333,100,300,0.03,3,0.45,0.1,50,0.03,0,0.81,0.53,0.23,0.0
2700,small_world,uniform,2724342,100,300,0.03,3,0.45,0.1,50,0.04,1,0.78,0.5,0.14,0.0
2701,small_world,uniform,2725351,100,300,0.03,3,0.45,0.1,50,0.03,0,0.77,0.42,0.1,0.0
2702,small_world,uniform,2726360,100,300,0.03,3,0.45,0.1,50,0.03,0,0.79,0.41,0.07,0.0
2703,small_world,uniform,2727369,100,300,0.03,3,0.45,0.1,50,0.03,0,0.73,0.38,0.11,0.0
2704,small_world,uniform,2728378,100,300,0.03,3,0.45,0.1,50,0.03,0,0.71,0.27,0.01,0.0
2705,small_world,uniform,2729387,100,300,0.03,3,0.45,0.1,50,0.03,0,0.74,0.4,0.07,0.0
2706,small_world,uniform,2730396,100,300,0.03,3,0.45,0.1,50,0.03,0,0.74,0.37,0.1,0.0
2707,small_world,uniform,2731405,100,300,0.03,3,0.45,0.1,50,0.03,0,0.73,0.38,0.07,0.0
2708,small_world,uniform,2732414,100,300,0.03,3,0.45,0.1,50,0.03,0,0.74,0.38,0.1,0.0
2709,small_world,uniform,2733423,100,300,0.03,3,0.45,0.1,50,0.03,0,0.75,0.49,0.14,0.0
2710,small_world,uniform,2734432,100,300,0.03,3,0.45,0.1,50,0.03,0,0.74,0.34,0.06,0.0
2711,small_world,uniform,2735441,100,300,0.03,3,0.45,0.1,50,0.04,1,0.77,0.44,0.11,0.0
2712,small_world,uniform,2736450,100,300,0.03,3,0.45,0.1,50,0.11,4,0.7,0.37,0.09,0.0
2713,small_world,uniform,2737459,100,300,0.03,3,0.45,0.1,50,0.03,0,0.75,0.36,0.04,0.0
2714,small_world,uniform,2738468,100,300,0.03,3,0.45,0.1,50,0.06,1,0.83,0.52,0.18,0.0
2715,small_world,uniform,2739477,100,300,0.03,3,0.45,0.1,50,0.07,2,0.8,0.42,0.1,0.0
2716,small_world,uniform,2740486,100,300,0.03,3,0.45,0.1,50,0.03,0,0.73,0.3,0.04,0.0
2717,small_world,uniform,2741495,100,300,0.03,3,0.45,0.1,50,0.03,0,0.78,0.58,0.33,0.0
2718,small_world,uniform,2742504,100,300,0.03,3,0.45,0.1,50,0.03,0,0.73,0.32,0.06,0.0
2719,small_world,uniform,2743513,100,300,0.03,3,0.45,0.1,50,0.03,0,0.78,0.44,0.21,0.0
2720,small_world,uniform,2744522,100,300,0.03,3,0.45,0.1,50,0.03,0,0.73,0.39,0.09,0.0
2721,small_world,uniform,2745531,100,300,0.03,3,0.45,0.1,50,0.03,0,0.75,0.37,0.1,0.0
2722,small_world,uniform,2746540,100,300,0.03,3,0.45,0.1,50,0.03,0,0.79,0.47,0.14,0.0
2723,small_world,uniform,2747549,100,300,0.03,3,0.45,0.1,50,0.03,0,0.75,0.3,0.03,0.0
2724,small_world,uniform,2748558,100,300,0.03,3,0.45,0.1,50,0.03,0,0.8,0.59,0.26,0.0
2725,small_world,uniform,2749567,100,300,0.03,3,0.45,0.1,50,0.03,0,0.75,0.42,0.09,0.0
2726,small_world,uniform,2750576,100,300,0.03,3,0.45,0.1,50,0.04,1,0.71,0.35,0.05,0.0
2727,small_world,uniform,2751585,100,300,0.03,3,0.45,0.1,50,0.03,0,0.75,0.44,0.23,0.0
2728,small_world,uniform,2752594,100,300,0.03,3,0.45,0.1,50,0.08,4,0.72,0.34,0.07,0.0
2729,small_world,uniform,2753603,100,300,0.03,3,0.45,0.1,50,0.03,0,0.71,0.28,0.05,0.0
2730,small_world,uniform,2754612,100,300,0.03,3,0.45,0.1,50,0.04,1,0.7,0.29,0.01,0.0
2731,small_world,uniform,2755621,100,300,0.03,3,0.45,0.1,50,0.03,0,0.77,0.35,0.01,0.0
2732,small_world,uniform,2756630,100,300,0.03,3,0.45,0.1,50,0.03,0,0.75,0.36,0.01,0.0
2733,small_world,uniform,2757639,100,300,0.03,3,0.45,0.1,50,0.03,0,0.76,0.45,0.18,0.0
2734,small_world,uniform,2758648,100,300,0.03,3,0.45,0.1,50,0.03,0,0.72,0.28,0.02,0.0
2735,small_world,uniform,2759657,100,300,0.03,3,0.45,0.1,50,0.03,0,0.8,0.44,0.12,0.0
2736,small_world,uniform,2760666,100,300,0.03,3,0.45,0.1,50,0.04,1,0.76,0.33,0.03,0.0
2737,small_world,uniform,2761675,100,300,0.03,3,0.45,0.1,50,0.07,3,0.85,0.61,0.25,0.0
2738,small_world,uniform,2762684,100,300,0.03,3,0.45,0.1,50,0.03,0,0.74,0.4,0.08,0.0
2739,small_world,uniform,2763693,100,300,0.03,3,0.45,0.1,50,0.05,1,0.77,0.49,0.21,0.0
2740,small_world,uniform,2764702,100,300,0.03,3,0.45,0.1,50,0.03,0,0.75,0.35,0.09,0.0
2741,small_world,uniform,2765711,100,300,0.03,3,0.45,0.1,50,0.03,0,0.75,0.39,0.05,0.0
2742,small_world,uniform,2766720,100,300,0.03,3,0.45,0.1,50,0.03,0,0.74,0.39,0.17,0.0
2743,small_world,uniform,2767729,100,300,0.03,3,0.45,0.1,50,0.03,0,0.74,0.33,0.05,0.0
2744,small_world,uniform,2768738,100,300,0.03,3,0.45,0.1,50,0.03,0,0.79,0.48,0.09,0.0
2745,small_world,uniform,2769747,100,300,0.03,3,0.45,0.1,50,0.03,0,0.78,0.4,0.11,0.0
2746,small_world,uniform,2770756,100,300,0.03,3,0.45,0.1,50,0.03,0,0.74,0.38,0.06,0.0
2747,small_world,uniform,2771765,100,300,0.03,3,0.45,0.1,50,0.03,0,0.73,0.33,0.03,0.0
2748,small_world,uniform,2772774,100,300,0.03,3,0.45,0.1,50,0.03,0,0.77,0.44,0.14,0.0
2749,small_world,uniform,2773783,100,300,0.03,3,0.45,0.1,50,0.03,0,0.74,0.39,0.05,0.0
2750,small_world,uniform,2774792,100,300,0.03,3,0.45,0.1,50,0.04,1,0.72,0.35,0.07,0.0
2751,small_world,uniform,2775801,100,300,0.03,3,0.45,0.1,50,0.08,3,0.74,0.34,0.04,0.0
2752,small_world,uniform,2776810,100,300,0.03,3,0.45,0.1,50,0.13,5,0.64,0.25,0.02,0.0
2753,small_world,uniform,2777819,100,300,0.03,3,0.45,0.1,50,0.03,0,0.74,0.42,0.17,0.0
2754,small_world,uniform,2778828,100,300,0.03,3,0.45,0.1,50,0.03,0,0.73,0.35,0.15,0.0
2755,small_world,uniform,2779837,100,300,0.03,3,0.45,0.1,50,0.03,0,0.77,0.43,0.08,0.0
2756,small_world,uniform,2780846,100,300,0.03,3,0.45,0.1,50,0.05,2,0.75,0.38,0.12,0.0
2757,small_world,uniform,2781855,100,300,0.03,3,0.45,0.1,50,0.04,1,0.79,0.5,0.15,0.0
2758,small_world,uniform,2782864,100,300,0.03,3,0.45,0.1,50,0.03,0,0.75,0.41,0.1,0.0
2759,small_world,uniform,2783873,100,300,0.03,3,0.45,0.1,50,0.03,0,0.74,0.38,0.1,0.0
2760,small_world,uniform,2784882,100,300,0.03,3,0.45,0.1,50,0.07,3,0.8,0.51,0.19,0.0
2761,small_world,uniform,2785891,100,300,0.03,3,0.45,0.1,50,0.03,0,0.81,0.54,0.17,0.0
2762,small_world,uniform,2786900,100,300,0.03,3,0.45,0.1,50,0.03,0,0.79,0.44,0.1,0.0
2763,small_world,uniform,2787909,100,300,0.03,3,0.45,0.1,50,0.03,0,0.74,0.34,0.0,0.0
2764,small_world,uniform,2788918,100,300,0.03,3,0.45,0.1,50,0.04,1,0.77,0.36,0.05,0.0
2765,small_world,uniform,2789927,100,300,0.03,3,0.45,0.1,50,0.07,4,0.77,0.43,0.08,0.0
2766,small_world,uniform,2790936,100,300,0.03,3,0.45,0.1,50,0.04,1,0.74,0.35,0.08,0.0
2767,small_world,uniform,2791945,100,300,0.03,3,0.45,0.1,50,0.03,0,0.73,0.33,0.04,0.0
2768,small_world,uniform,2792954,100,300,0.03,3,0.45,0.1,50,0.03,0,0.8,0.51,0.15,0.0
2769,small_world,uniform,2793963,100,300,0.03,3,0.45,0.1,50,0.03,0,0.73,0.32,0.02,0.0
2770,small_world,uniform,2794972,100,300,0.03,3,0.45,0.1,50,0.04,1,0.74,0.43,0.16,0.0
2771,small_world,uniform,2795981,100,300,0.03,3,0.45,0.1,50,0.03,0,0.75,0.36,0.1,0.0
2772,small_world,uniform,2796990,100,300,0.03,3,0.45,0.1,50,0.03,0,0.75,0.46,0.24,0.0
2773,small_world,uniform,2797999,100,300,0.03,3,0.45,0.1,50,0.03,0,0.81,0.49,0.12,0.0
2774,small_world,uniform,2799008,100,300,0.03,3,0.45,0.1,50,0.03,0,0.74,0.32,0.02,0.0
2775,small_world,uniform,2800017,100,300,0.03,3,0.45,0.1,50,0.03,0,0.76,0.37,0.05,0.0
2776,small_world,uniform,2801026,100,300,0.03,3,0.45,0.1,50,0.03,0,0.73,0.23,0.0,0.0
2777,small_world,uniform,2802035,100,300,0.03,3,0.45,0.1,50,0.03,0,0.72,0.27,0.03,0.0
2778,small_world,uniform,2803044,100,300,0.03,3,0.45,0.1,50,0.03,0,0.81,0.52,0.1,0.0
2779,small_world,uniform,2804053,100,300,0.03,3,0.45,0.1,50,0.03,0,0.79,0.43,0.11,0.0
2780,small_world,uniform,2805062,100,300,0.03,3,0.45,0.1,50,0.03,0,0.79,0.36,0.06,0.0
2781,small_world,uniform,2806071,100,300,0.03,3,0.45,0.1,50,0.03,0,0.74,0.32,0.02,0.0
2782,small_world,uniform,2807080,100,300,0.03,3,0.45,0.1,50,0.03,0,0.76,0.48,0.2,0.0
2783,small_world,uniform,2808089,100,300,0.03,3,0.45,0.1,50,0.03,0,0.79,0.4,0.1,0.0
2784,small_world,uniform,2809098,100,300,0.03,3,0.45,0.1,50,0.03,0,0.74,0.45,0.18,0.0
2785,small_world,uniform,2810107,100,300,0.03,3,0.45,0.1,50,0.03,0,0.76,0.42,0.09,0.0
2786,small_world,uniform,2811116,100,300,0.03,3,0.45,0.1,50,0.03,0,0.77,0.35,0.01,0.0
2787,small_world,uniform,2812125,100,300,0.03,3,0.45,0.1,50,0.03,0,0.79,0.42,0.07,0.0
2788,small_world,uniform,2813134,100,300,0.03,3,0.45,0.1,50,0.17,11,0.71,0.37,0.1,0.0
2789,small_world,uniform,2814143,100,300,0.03,3,0.45,0.1,50,0.03,0,0.75,0.46,0.13,0.0
2790,small_world,uniform,2815152,100,300,0.03,3,0.45,0.1,50,0.03,0,0.73,0.42,0.11,0.0
2791,small_world,uniform,2816161,100,300,0.03,3,0.45,0.1,50,0.04,1,0.74,0.45,0.17,0.0
2792,small_world,uniform,2817170,100,300,0.03,3,0.45,0.1,50,0.07,4,0.75,0.37,0.03,0.0
2793,small_world,uniform,2818179,100,300,0.03,3,0.45,0.1,50,0.07,3,0.82,0.52,0.16,0.0
2794,small_world,uniform,2819188,100,300,0.03,3,0.45,0.1,50,0.03,0,0.77,0.48,0.11,0.0
2795,small_world,uniform,2820197,100,300,0.03,3,0.45,0.1,50,0.03,0,0.73,0.29,0.02,0.0
2796,small_world,uniform,2821206,100,300,0.03,3,0.45,0.1,50,0.07,3,0.72,0.3,0.01,0.0
2797,small_world,uniform,2822215,100,300,0.03,3,0.45,0.1,50,0.03,0,0.73,0.23,0.02,0.0
2798,small_world,uniform,2823224,100,300,0.03,3,0.45,0.1,50,0.03,0,0.74,0.37,0.09,0.0
2799,small_world,uniform,2824233,100,300,0.03,3,0.45,0.1,50,0.05,1,0.75,0.43,0.11,0.0
2800,small_world,uniform,2825242,100,300,0.03,3,0.45,0.1,50,0.03,0,0.72,0.32,0.01,0.0
2801,small_world,uniform,2826251,100,300,0.03,3,0.45,0.1,50,0.03,0,0.73,0.29,0.02,0.0
2802,small_world,uniform,2827260,100,300,0.03,3,0.45,0.1,50,0.03,0,0.73,0.25,0.01,0.0
2803,small_world,uniform,2828269,100,300,0.03,3,0.45,0.1,50,0.12,6,0.74,0.37,0.07,0.0
2804,small_world,uniform,2829278,100,300,0.03,3,0.45,0.1,50,0.03,0,0.79,0.49,0.12,0.0
2805,small_world,uniform,2830287,100,300,0.03,3,0.45,0.1,50,0.03,0,0.75,0.49,0.23,0.0
2806,small_world,uniform,2831296,100,300,0.03,3,0.45,0.1,50,0.03,0,0.74,0.35,0.06,0.0
2807,small_world,uniform,2832305,100,300,0.03,3,0.45,0.1,50,0.09,6,0.68,0.37,0.07,0.0
2808,small_world,uniform,2833314,100,300,0.03,3,0.45,0.1,50,0.03,0,0.75,0.32,0.01,0.0
2809,small_world,uniform,2834323,100,300,0.03,3,0.45,0.1,50,0.04,1,0.78,0.36,0.03,0.0
2810,small_world,uniform,2835332,100,300,0.03,3,0.45,0.1,50,0.04,1,0.72,0.37,0.04,0.0
2811,small_world,uniform,2836341,100,300,0.03,3,0.45,0.1,50,0.1,6,0.71,0.37,0.11,0.0
2812,small_world,uniform,2837350,100,300,0.03,3,0.45,0.1,50,0.03,0,0.74,0.26,0.03,0.0
2813,small_world,uniform,2838359,100,300,0.03,3,0.45,0.1,50,0.03,0,0.81,0.49,0.15,0.0
2814,small_world,uniform,2839368,100,300,0.03,3,0.45,0.1,50,0.03,0,0.75,0.28,0.02,0.0
2815,small_world,uniform,2840377,100,300,0.03,3,0.45,0.1,50,0.03,0,0.74,0.4,0.07,0.0
2816,small_world,uniform,2841386,100,300,0.03,3,0.45,0.1,50,0.03,0,0.75,0.37,0.07,0.0
2817,small_world,uniform,2842395,100,300,0.03,3,0.45,0.1,50,0.03,0,0.73,0.4,0.05,0.0
2818,small_world,uniform,2843404,100,300,0.03,3,0.45,0.1,50,0.06,3,0.79,0.41,0.09,0.0
2819,small_world,uniform,2844413,100,300,0.03,3,0.45,0.1,50,0.03,0,0.76,0.5,0.27,0.0
2820,small_world,uniform,2845422,100,300,0.03,3,0.45,0.1,50,0.11,6,0.71,0.39,0.02,0.0
2821,small_world,uniform,2846431,100,300,0.03,3,0.45,0.1,50,0.05,2,0.78,0.45,0.09,0.0
2822,small_world,uniform,2847440,100,300,0.03,3,0.45,0.1,50,0.03,0,0.74,0.41,0.08,0.0
2823,small_world,uniform,2848449,100,300,0.03,3,0.45,0.1,50,0.03,0,0.81,0.5,0.24,0.0
2824,small_world,uniform,2849458,100,300,0.03,3,0.45,0.1,50,0.03,0,0.76,0.5,0.27,0.0
2825,small_world,uniform,2850467,100,300,0.03,3,0.45,0.1,50,0.03,0,0.74,0.35,0.02,0.0
2826,small_world,uniform,2851476,100,300,0.03,3,0.45,0.1,50,0.03,0,0.75,0.44,0.09,0.0
2827,small_world,uniform,2852485,100,300,0.03,3,0.45,0.1,50,0.03,0,0.79,0.46,0.08,0.0
2828,small_world,uniform,2853494,100,300,0.03,3,0.45,0.1,50,0.03,0,0.78,0.48,0.14,0.0
2829,small_world,uniform,2854503,100,300,0.03,3,0.45,0.1,50,0.03,0,0.73,0.36,0.09,0.0
2830,small_world,uniform,2855512,100,300,0.03,3,0.45,0.1,50,0.06,2,0.72,0.35,0.13,0.0
2831,small_world,uniform,2856521,100,300,0.03,3,0.45,0.1,50,0.08,5,0.72,0.37,0.04,0.0
2832,small_world,uniform,2857530,100,300,0.03,3,0.45,0.1,50,0.06,3,0.75,0.39,0.11,0.0
2833,small_world,uniform,2858539,100,300,0.03,3,0.45,0.1,50,0.03,0,0.73,0.36,0.1,0.0
2834,small_world,uniform,2859548,100,300,0.03,3,0.45,0.1,50,0.06,3,0.78,0.43,0.09,0.0
2835,small_world,uniform,2860557,100,300,0.03,3,0.45,0.1,50,0.03,0,0.74,0.41,0.11,0.0
2836,small_world,uniform,2861566,100,300,0.03,3,0.45,0.1,50,0.03,0,0.79,0.37,0.07,0.0
2837,small_world,uniform,2862575,100,300,0.03,3,0.45,0.1,50,0.03,0,0.73,0.35,0.08,0.0
2838,small_world,uniform,2863584,100,300,0.03,3,0.45,0.1,50,0.03,0,0.73,0.44,0.1,0.0
2839,small_world,uniform,2864593,100,300,0.03,3,0.45,0.1,50,0.04,1,0.72,0.34,0.06,0.0
2840,small_world,uniform,2865602,100,300,0.03,3,0.45,0.1,50,0.03,0,0.77,0.52,0.17,0.0
2841,small_world,uniform,2866611,100,300,0.03,3,0.45,0.1,50,0.03,0,0.79,0.4,0.1,0.0
2842,small_world,uniform,2867620,100,300,0.03,3,0.45,0.1,50,0.03,0,0.75,0.43,0.07,0.0
2843,small_world,uniform,2868629,100,300,0.03,3,0.45,0.1,50,0.08,4,0.73,0.31,0.06,0.0
2844,small_world,uniform,2869638,100,300,0.03,3,0.45,0.1,50,0.03,0,0.74,0.39,0.08,0.0
2845,small_world,uniform,2870647,100,300,0.03,3,0.45,0.1,50,0.03,0,0.74,0.27,0.02,0.0
2846,small_world,uniform,2871656,100,300,0.03,3,0.45,0.1,50,0.03,0,0.79,0.49,0.09,0.0
2847,small_world,uniform,2872665,100,300,0.03,3,0.45,0.1,50,0.03,0,0.75,0.4,0.09,0.0
2848,small_world,uniform,2873674,100,300,0.03,3,0.45,0.1,50,0.03,0,0.74,0.27,0.05,0.0
2849,small_world,uniform,2874683,100,300,0.03,3,0.45,0.1,50,0.03,0,0.73,0.34,0.07,0.0
2850,small_world,uniform,2875692,100,300,0.03,3,0.45,0.1,50,0.03,0,0.79,0.42,0.07,0.0
2851,small_world,uniform,2876701,100,300,0.03,3,0.45,0.1,50,0.03,0,0.74,0.33,0.03,0.0
2852,small_world,uniform,2877710,100,300,0.03,3,0.45,0.1,50,0.06,3,0.72,0.41,0.06,0.0
2853,small_world,uniform,2878719,100,300,0.03,3,0.45,0.1,50,0.04,1,0.74,0.49,0.13,0.0
2854,small_world,uniform,2879728,100,300,0.03,3,0.45,0.1,50,0.06,3,0.73,0.27,0.01,0.0
2855,small_world,uniform,2880737,100,300,0.03,3,0.45,0.1,50,0.03,0,0.72,0.38,0.13,0.0
2856,small_world,uniform,2881746,100,300,0.03,3,0.45,0.1,50,0.12,4,0.78,0.53,0.25,0.0
2857,small_world,uniform,2882755,100,300,0.03,3,0.45,0.1,50,0.03,0,0.73,0.33,0.08,0.0
2858,small_world,uniform,2883764,100,300,0.03,3,0.45,0.1,50,0.03,0,0.77,0.39,0.01,0.0
2859,small_world,uniform,2884773,100,300,0.03,3,0.45,0.1,50,0.04,1,0.73,0.34,0.08,0.0
2860,small_world,uniform,2885782,100,300,0.03,3,0.45,0.1,50,0.04,1,0.74,0.35,0.07,0.0
2861,small_world,uniform,2886791,100,300,0.03,3,0.45,0.1,50,0.03,0,0.78,0.49,0.19,0.0
2862,small_world,uniform,2887800,100,300,0.03,3,0.45,0.1,50,0.04,1,0.77,0.35,0.06,0.0
2863,small_world,uniform,2888809,100,300,0.03,3,0.45,0.1,50,0.03,0,0.77,0.42,0.08,0.0
2864,small_world,uniform,2889818,100,300,0.03,3,0.45,0.1,50,0.04,1,0.75,0.42,0.05,0.0
2865,small_world,uniform,2890827,100,300,0.03,3,0.45,0.1,50,0.03,0,0.79,0.42,0.11,0.0
2866,small_world,uniform,2891836,100,300,0.03,3,0.45,0.1,50,0.03,0,0.77,0.44,0.1,0.0
2867,small_world,uniform,2892845,100,300,0.03,3,0.45,0.1,50,0.03,0,0.74,0.33,0.07,0.0
2868,small_world,uniform,2893854,100,300,0.03,3,0.45,0.1,50,0.03,0,0.75,0.42,0.19,0.0
2869,small_world,uniform,2894863,100,300,0.03,3,0.45,0.1,50,0.06,3,0.78,0.42,0.08,0.0
2870,small_world,uniform,2895872,100,300,0.03,3,0.45,0.1,50,0.03,0,0.75,0.43,0.15,0.0
2871,small_world,uniform,2896881,100,300,0.03,3,0.45,0.1,50,0.03,0,0.75,0.37,0.12,0.0
2872,small_world,uniform,2897890,100,300,0.03,3,0.45,0.1,50,0.03,0,0.75,0.44,0.1,0.0
2873,small_world,uniform,2898899,100,300,0.03,3,0.45,0.1,50,0.04,1,0.76,0.43,0.09,0.0
2874,small_world,uniform,2899908,100,300,0.03,3,0.45,0.1,50,0.12,5,0.65,0.27,0.05,0.0
2875,small_world,uniform,2900917,100,300,0.03,3,0.45,0.1,50,0.03,0,0.74,0.29,0.01,0.0
2876,small_world,uniform,2901926,100,300,0.03,3,0.45,0.1,50,0.03,0,0.78,0.52,0.2,0.0
2877,small_world,uniform,2902935,100,300,0.03,3,0.45,0.1,50,0.03,0,0.78,0.36,0.04,0.0
2878,small_world,uniform,2903944,100,300,0.03,3,0.45,0.1,50,0.03,0,0.77,0.29,0.02,0.0
2879,small_world,uniform,2904953,100,300,0.03,3,0.45,0.1,50,0.03,0,0.73,0.3,0.03,0.0
2880,small_world,uniform,2905962,100,300,0.03,3,0.45,0.1,50,0.03,0,0.79,0.46,0.12,0.0
2881,small_world,uniform,2906971,100,300,0.03,3,0.45,0.1,50,0.03,0,0.73,0.31,0.01,0.0
2882,small_world,uniform,2907980,100,300,0.03,3,0.45,0.1,50,0.03,0,0.79,0.49,0.15,0.0
2883,small_world,uniform,2908989,100,300,0.03,3,0.45,0.1,50,0.03,0,0.75,0.38,0.06,0.0
2884,small_world,uniform,2909998,100,300,0.03,3,0.45,0.1,50,0.06,2,0.75,0.36,0.1,0.0
2885,small_world,uniform,2911007,100,300,0.03,3,0.45,0.1,50,0.03,0,0.75,0.35,0.06,0.0
2886,small_world,uniform,2912016,100,300,0.03,3,0.45,0.1,50,0.04,1,0.75,0.48,0.18,0.0
2887,small_world,uniform,2913025,100,300,0.03,3,0.45,0.1,50,0.04,1,0.7,0.3,0.02,0.0
2888,small_world,uniform,2914034,100,300,0.03,3,0.45,0.1,50,0.03,0,0.75,0.43,0.11,0.0
2889,small_world,uniform,2915043,100,300,0.03,3,0.45,0.1,50,0.03,0,0.74,0.3,0.02,0.0
2890,small_world,uniform,2916052,100,300,0.03,3,0.45,0.1,50,0.04,1,0.73,0.3,0.07,0.0
2891,small_world,uniform,2917061,100,300,0.03,3,0.45,0.1,50,0.03,0,0.73,0.35,0.05,0.0
2892,small_world,uniform,2918070,100,300,0.03,3,0.45,0.1,50,0.12,7,0.63,0.24,0.03,0.0
2893,small_world,uniform,2919079,100,300,0.03,3,0.45,0.1,50,0.03,0,0.78,0.46,0.19,0.0
2894,small_world,uniform,2920088,100,300,0.03,3,0.45,0.1,50,0.03,0,0.79,0.58,0.32,0.0
2895,small_world,uniform,2921097,100,300,0.03,3,0.45,0.1,50,0.03,0,0.75,0.38,0.06,0.0
2896,small_world,uniform,2922106,100,300,0.03,3,0.45,0.1,50,0.03,0,0.73,0.3,0.02,0.0
2897,small_world,uniform,2923115,100,300,0.03,3,0.45,0.1,50,0.05,1,0.76,0.44,0.17,0.0
2898,small_world,uniform,2924124,100,300,0.03,3,0.45,0.1,50,0.03,0,0.74,0.31,0.02,0.0
2899,small_world,uniform,2925133,100,300,0.03,3,0.45,0.1,50,0.03,0,0.74,0.44,0.15,0.0
2900,small_world,uniform,2926142,100,300,0.03,3,0.45,0.1,50,0.03,0,0.76,0.43,0.12,0.0
2901,small_world,uniform,2927151,100,300,0.03,3,0.45,0.1,50,0.08,4,0.73,0.4,0.07,0.0
2902,small_world,uniform,2928160,100,300,0.03,3,0.45,0.1,50,0.03,0,0.74,0.3,0.01,0.0
2903,small_world,uniform,2929169,100,300,0.03,3,0.45,0.1,50,0.09,5,0.77,0.36,0.11,0.0
2904,small_world,uniform,2930178,100,300,0.03,3,0.45,0.1,50,0.03,0,0.76,0.4,0.05,0.0
2905,small_world,uniform,2931187,100,300,0.03,3,0.45,0.1,50,0.03,0,0.75,0.38,0.05,0.0
2906,small_world,uniform,2932196,100,300,0.03,3,0.45,0.1,50,0.03,0,0.73,0.4,0.18,0.0
2907,small_world,uniform,2933205,100,300,0.03,3,0.45,0.1,50,0.03,0,0.79,0.33,0.06,0.0
2908,small_world,uniform,2934214,100,300,0.03,3,0.45,0.1,50,0.03,0,0.74,0.34,0.05,0.0
2909,small_world,uniform,2935223,100,300,0.03,3,0.45,0.1,50,0.03,0,0.74,0.27,0.06,0.0
2910,small_world,uniform,2936232,100,300,0.03,3,0.45,0.1,50,0.04,1,0.71,0.34,0.04,0.0
2911,small_world,uniform,2937241,100,300,0.03,3,0.45,0.1,50,0.05,2,0.72,0.38,0.08,0.0
2912,small_world,uniform,2938250,100,300,0.03,3,0.45,0.1,50,0.08,5,0.77,0.48,0.13,0.0
2913,small_world,uniform,2939259,100,300,0.03,3,0.45,0.1,50,0.03,0,0.75,0.3,0.06,0.0
2914,small_world,uniform,2940268,100,300,0.03,3,0.45,0.1,50,0.03,0,0.76,0.38,0.04,0.0
2915,small_world,uniform,2941277,100,300,0.03,3,0.45,0.1,50,0.19,11,0.61,0.24,0.02,0.0
2916,small_world,uniform,2942286,100,300,0.03,3,0.45,0.1,50,0.03,0,0.75,0.49,0.19,0.0
2917,small_world,uniform,2943295,100,300,0.03,3,0.45,0.1,50,0.04,1,0.74,0.36,0.03,0.0
2918,small_world,uniform,2944304,100,300,0.03,3,0.45,0.1,50,0.03,0,0.76,0.46,0.14,0.0
2919,small_world,uniform,2945313,100,300,0.03,3,0.45,0.1,50,0.03,0,0.8,0.5,0.17,0.0
2920,small_world,uniform,2946322,100,300,0.03,3,0.45,0.1,50,0.03,0,0.76,0.37,0.05,0.0
2921,small_world,uniform,2947331,100,300,0.03,3,0.45,0.1,50,0.03,0,0.72,0.26,0.0,0.0
2922,small_world,uniform,2948340,100,300,0.03,3,0.45,0.1,50,0.04,1,0.79,0.47,0.2,0.0
2923,small_world,uniform,2949349,100,300,0.03,3,0.45,0.1,50,0.03,0,0.74,0.39,0.08,0.0
2924,small_world,uniform,2950358,100,300,0.03,3,0.45,0.1,50,0.03,0,0.74,0.42,0.13,0.0
2925,small_world,uniform,2951367,100,300,0.03,3,0.45,0.1,50,0.03,0,0.76,0.4,0.03,0.0
2926,small_world,uniform,2952376,100,300,0.03,3,0.45,0.1,50,0.03,0,0.74,0.27,0.01,0.0
2927,small_world,uniform,2953385,100,300,0.03,3,0.45,0.1,50,0.03,0,0.78,0.47,0.19,0.0
2928,small_world,uniform,2954394,100,300,0.03,3,0.45,0.1,50,0.03,0,0.81,0.53,0.16,0.0
2929,small_world,uniform,2955403,100,300,0.03,3,0.45,0.1,50,0.03,0,0.72,0.29,0.0,0.0
2930,small_world,uniform,2956412,100,300,0.03,3,0.45,0.1,50,0.03,0,0.74,0.27,0.01,0.0
2931,small_world,uniform,2957421,100,300,0.03,3,0.45,0.1,50,0.03,0,0.75,0.47,0.12,0.0
2932,small_world,uniform,2958430,100,300,0.03,3,0.45,0.1,50,0.03,0,0.76,0.3,0.02,0.0
2933,small_world,uniform,2959439,100,300,0.03,3,0.45,0.1,50,0.03,0,0.76,0.49,0.13,0.0
2934,small_world,uniform,2960448,100,300,0.03,3,0.45,0.1,50,0.04,1,0.76,0.34,0.12,0.0
2935,small_world,uniform,2961457,100,300,0.03,3,0.45,0.1,50,0.03,0,0.72,0.26,0.01,0.0
2936,small_world,uniform,2962466,100,300,0.03,3,0.45,0.1,50,0.03,0,0.74,0.4,0.09,0.0
2937,small_world,uniform,2963475,100,300,0.03,3,0.45,0.1,50,0.03,0,0.79,0.55,0.18,0.0
2938,small_world,uniform,2964484,100,300,0.03,3,0.45,0.1,50,0.05,2,0.75,0.39,0.05,0.0
2939,small_world,uniform,2965493,100,300,0.03,3,0.45,0.1,50,0.03,0,0.75,0.32,0.02,0.0
2940,small_world,uniform,2966502,100,300,0.03,3,0.45,0.1,50,0.03,0,0.81,0.48,0.16,0.0
2941,small_world,uniform,2967511,100,300,0.03,3,0.45,0.1,50,0.03,0,0.79,0.55,0.28,0.0
2942,small_world,uniform,2968520,100,300,0.03,3,0.45,0.1,50,0.03,0,0.77,0.44,0.19,0.0
2943,small_world,uniform,2969529,100,300,0.03,3,0.45,0.1,50,0.03,0,0.77,0.58,0.28,0.0
2944,small_world,uniform,2970538,100,300,0.03,3,0.45,0.1,50,0.03,0,0.75,0.52,0.34,0.0
2945,small_world,uniform,2971547,100,300,0.03,3,0.45,0.1,50,0.03,0,0.79,0.38,0.15,0.0
2946,small_world,uniform,2972556,100,300,0.03,3,0.45,0.1,50,0.04,1,0.76,0.45,0.18,0.0
2947,small_world,uniform,2973565,100,300,0.03,3,0.45,0.1,50,0.06,3,0.75,0.39,0.07,0.0
2948,small_world,uniform,2974574,100,300,0.03,3,0.45,0.1,50,0.03,0,0.73,0.31,0.03,0.0
2949,small_world,uniform,2975583,100,300,0.03,3,0.45,0.1,50,0.03,0,0.75,0.36,0.05,0.0
2950,small_world,uniform,2976592,100,300,0.03,3,0.45,0.1,50,0.04,1,0.79,0.48,0.23,0.0
2951,small_world,uniform,2977601,100,300,0.03,3,0.45,0.1,50,0.23,11,0.62,0.26,0.02,0.0
2952,small_world,uniform,2978610,100,300,0.03,3,0.45,0.1,50,0.06,3,0.76,0.33,0.01,0.0
2953,small_world,uniform,2979619,100,300,0.03,3,0.45,0.1,50,0.03,0,0.73,0.34,0.06,0.0
2954,small_world,uniform,2980628,100,300,0.03,3,0.45,0.1,50,0.03,0,0.74,0.27,0.01,0.0
2955,small_world,uniform,2981637,100,300,0.03,3,0.45,0.1,50,0.03,0,0.75,0.47,0.21,0.0
2956,small_world,uniform,2982646,100,300,0.03,3,0.45,0.1,50,0.03,0,0.75,0.43,0.07,0.0
2957,small_world,uniform,2983655,100,300,0.03,3,0.45,0.1,50,0.03,0,0.75,0.46,0.22,0.0
2958,small_world,uniform,2984664,100,300,0.03,3,0.45,0.1,50,0.03,0,0.76,0.38,0.14,0.0
2959,small_world,uniform,2985673,100,300,0.03,3,0.45,0.1,50,0.14,10,0.67,0.34,0.04,0.0
2960,small_world,uniform,2986682,100,300,0.03,3,0.45,0.1,50,0.15,8,0.65,0.27,0.11,0.0
2961,small_world,uniform,2987691,100,300,0.03,3,0.45,0.1,50,0.03,0,0.76,0.39,0.12,0.0
2962,small_world,uniform,2988700,100,300,0.03,3,0.45,0.1,50,0.03,0,0.74,0.34,0.08,0.0
2963,small_world,uniform,2989709,100,300,0.03,3,0.45,0.1,50,0.03,0,0.72,0.34,0.12,0.0
2964,small_world,uniform,2990718,100,300,0.03,3,0.45,0.1,50,0.03,0,0.72,0.29,0.1,0.0
2965,small_world,uniform,2991727,100,300,0.03,3,0.45,0.1,50,0.03,0,0.76,0.42,0.13,0.0
2966,small_world,uniform,2992736,100,300,0.03,3,0.45,0.1,50,0.03,0,0.74,0.41,0.11,0.0
2967,small_world,uniform,2993745,100,300,0.03,3,0.45,0.1,50,0.04,1,0.76,0.4,0.14,0.0
2968,small_world,uniform,2994754,100,300,0.03,3,0.45,0.1,50,0.04,1,0.8,0.44,0.09,0.0
2969,small_world,uniform,2995763,100,300,0.03,3,0.45,0.1,50,0.03,0,0.8,0.5,0.2,0.0
2970,small_world,uniform,2996772,100,300,0.03,3,0.45,0.1,50,0.03,0,0.87,0.61,0.28,0.0
2971,small_world,uniform,2997781,100,300,0.03,3,0.45,0.1,50,0.04,1,0.78,0.44,0.15,0.0
2972,small_world,uniform,2998790,100,300,0.03,3,0.45,0.1,50,0.03,0,0.76,0.44,0.15,0.0
2973,small_world,uniform,2999799,100,300,0.03,3,0.45,0.1,50,0.03,0,0.76,0.4,0.03,0.0
2974,small_world,uniform,3000808,100,300,0.03,3,0.45,0.1,50,0.03,0,0.74,0.29,0.07,0.0
2975,small_world,uniform,3001817,100,300,0.03,3,0.45,0.1,50,0.05,2,0.77,0.38,0.04,0.0
2976,small_world,uniform,3002826,100,300,0.03,3,0.45,0.1,50,0.04,1,0.73,0.23,0.02,0.0
2977,small_world,uniform,3003835,100,300,0.03,3,0.45,0.1,50,0.03,0,0.79,0.4,0.03,0.0
2978,small_world,uniform,3004844,100,300,0.03,3,0.45,0.1,50,0.03,0,0.73,0.35,0.07,0.0
2979,small_world,uniform,3005853,100,300,0.03,3,0.45,0.1,50,0.08,4,0.7,0.3,0.12,0.0
2980,small_world,uniform,3006862,100,300,0.03,3,0.45,0.1,50,0.17,11,0.67,0.36,0.07,0.0
2981,small_world,uniform,3007871,100,300,0.03,3,0.45,0.1,50,0.03,0,0.8,0.52,0.2,0.0
2982,small_world,uniform,3008880,100,300,0.03,3,0.45,0.1,50,0.03,0,0.78,0.52,0.16,0.0
2983,small_world,uniform,3009889,100,300,0.03,3,0.45,0.1,50,0.03,0,0.75,0.42,0.15,0.0
2984,small_world,uniform,3010898,100,300,0.03,3,0.45,0.1,50,0.03,0,0.75,0.46,0.11,0.0
2985,small_world,uniform,3011907,100,300,0.03,3,0.45,0.1,50,0.03,0,0.74,0.35,0.1,0.0
2986,small_world,uniform,3012916,100,300,0.03,3,0.45,0.1,50,0.04,1,0.74,0.39,0.12,0.0
2987,small_world,uniform,3013925,100,300,0.03,3,0.45,0.1,50,0.03,0,0.76,0.38,0.14,0.0
2988,small_world,uniform,3014934,100,300,0.03,3,0.45,0.1,50,0.07,4,0.76,0.5,0.15,0.0
2989,small_world,uniform,3015943,100,300,0.03,3,0.45,0.1,50,0.03,0,0.74,0.36,0.09,0.0
2990,small_world,uniform,3016952,100,300,0.03,3,0.45,0.1,50,0.03,0,0.76,0.3,0.02,0.0
2991,small_world,uniform,3017961,100,300,0.03,3,0.45,0.1,50,0.03,0,0.79,0.47,0.14,0.0
2992,small_world,uniform,3018970,100,300,0.03,3,0.45,0.1,50,0.03,0,0.76,0.47,0.14,0.0
2993,small_world,uniform,3019979,100,300,0.03,3,0.45,0.1,50,0.03,0,0.73,0.35,0.05,0.0
2994,small_world,uniform,3020988,100,300,0.03,3,0.45,0.1,50,0.04,1,0.78,0.46,0.1,0.0
2995,small_world,uniform,3021997,100,300,0.03,3,0.45,0.1,50,0.03,0,0.76,0.41,0.08,0.0
2996,small_world,uniform,3023006,100,300,0.03,3,0.45,0.1,50,0.03,0,0.73,0.41,0.17,0.0
2997,small_world,uniform,3024015,100,300,0.03,3,0.45,0.1,50,0.03,0,0.77,0.43,0.11,0.0
2998,small_world,uniform,3025024,100,300,0.03,3,0.45,0.1,50,0.03,0,0.75,0.39,0.02,0.0
2999,small_world,uniform,3026033,100,300,0.03,3,0.45,0.1,50,0.03,0,0.75,0.3,0.05,0.0
3000,small_world,uniform,3027042,100,300,0.03,3,0.45,0.1,50,0.03,0,0.76,0.43,0.13,0.0
3001,random,degree,3028051,100,258,0.03,3,0.45,0.1,50,0.03,0,0.6395348837209297,0.0581395348837209,0.0,0.0
3002,random,degree,3029060,100,263,0.03,3,0.45,0.1,50,0.05,1,0.5892018779342721,0.08920187793427226,0.0,0.0
3003,random,degree,3030069,100,231,0.03,3,0.45,0.1,50,0.03,0,0.6385281385281383,0.16017316017316013,0.0,0.0
3004,random,degree,3031078,100,234,0.03,3,0.45,0.1,50,0.07,2,0.6303418803418799,0.14529914529914523,0.014957264957264951,0.0
3005,random,degree,3032087,100,263,0.03,3,0.45,0.1,50,0.07,1,0.5969581749049427,0.11596958174904944,0.0038022813688212936,0.0
3006,random,degree,3033096,100,251,0.03,3,0.45,0.1,50,0.04,1,0.6791044776119403,0.21393034825870647,0.0024875621890547263,0.0
3007,random,degree,3034105,100,246,0.03,3,0.45,0.1,50,0.03,0,0.6524390243902437,0.17886178861788618,0.0060975609756097554,0.0
3008,random,degree,3035114,100,265,0.03,3,0.45,0.1,50,0.04,1,0.5488372093023258,0.04186046511627911,0.0,0.0
3009,random,degree,3036123,100,241,0.03,3,0.45,0.1,50,0.07,1,0.5933609958506225,0.1286307053941909,0.0,0.0
3010,random,degree,3037132,100,245,0.03,3,0.45,0.1,50,0.04,1,0.6326530612244902,0.13061224489795925,0.0,0.0
3011,random,degree,3038141,100,228,0.03,3,0.45,0.1,50,0.05,1,0.6622807017543857,0.15789473684210512,0.0,0.0
3012,random,degree,3039150,100,234,0.03,3,0.45,0.1,50,0.04,1,0.7038043478260869,0.22282608695652173,0.002717391304347826,0.0
3013,random,degree,3040159,100,251,0.03,3,0.45,0.1,50,0.09,3,0.5373134328358209,0.08706467661691543,0.0,0.0
3014,random,degree,3041168,100,248,0.03,3,0.45,0.1,50,0.03,0,0.6464646464646465,0.15656565656565657,0.0,0.0
3015,random,degree,3042177,100,271,0.03,3,0.45,0.1,50,0.04,1,0.6538461538461542,0.09502262443438916,0.0,0.0
3016,random,degree,3043186,100,259,0.03,3,0.45,0.1,50,0.09,1,0.561776061776062,0.09652509652509655,0.0,0.0
3017,random,degree,3044195,100,239,0.03,3,0.45,0.1,50,0.06,2,0.6213389121338913,0.1087866108786611,0.0,0.0
3018,random,degree,3045204,100,230,0.03,3,0.45,0.1,50,0.08,2,0.5152173913043478,0.10652173913043476,0.015217391304347825,0.0
3019,random,degree,3046213,100,246,0.03,3,0.45,0.1,50,0.06,1,0.6626016260162603,0.17886178861788624,0.006097560975609756,0.0
3020,random,degree,3047222,100,256,0.03,3,0.45,0.1,50,0.04,1,0.592233009708738,0.07766990291262138,0.0,0.0
3021,random,degree,3048231,100,252,0.03,3,0.45,0.1,50,0.06,1,0.625,0.10515873015873013,0.0,0.0
3022,random,degree,3049240,100,219,0.03,3,0.45,0.1,50,0.06,2,0.6324200913242012,0.18264840182648392,0.0091324200913242,0.0
3023,random,degree,3050249,100,250,0.03,3,0.45,0.1,50,0.05,1,0.6439999999999999,0.09799999999999999,0.002,0.0
3024,random,degree,3051258,100,288,0.03,3,0.45,0.1,50,0.03,0,0.5399159663865543,0.048319327731092446,0.0,0.0
3025,random,degree,3052267,100,248,0.03,3,0.45,0.1,50,0.07,2,0.6370967741935483,0.14717741935483866,0.004032258064516128,0.0
3026,random,degree,3053276,100,265,0.03,3,0.45,0.1,50,0.09,4,0.6162790697674416,0.09767441860465109,0.0,0.0
3027,random,degree,3054285,100,196,0.03,3,0.45,0.1,50,0.07,2,0.5308219178082192,0.10273972602739724,0.0,0.0
3028,random,degree,3055294,100,236,0.03,3,0.45,0.1,50,0.07,2,0.6290322580645163,0.14247311827956988,0.005376344086021505,0.0
3029,random,degree,3056303,100,248,0.03,3,0.45,0.1,50,0.1,3,0.5656565656565657,0.101010101010101,0.0,0.0
3030,random,degree,3057312,100,236,0.03,3,0.45,0.1,50,0.04,1,0.6559139784946235,0.19086021505376344,0.018817204301075263,0.0
3031,random,degree,3058321,100,237,0.03,3,0.45,0.1,50,0.04,1,0.6476793248945147,0.1518987341772152,0.0,0.0
3032,random,degree,3059330,100,237,0.03,3,0.45,0.1,50,0.03,0,0.6181434599156119,0.11814345991561183,0.0,0.0
3033,random,degree,3060339,100,269,0.03,3,0.45,0.1,50,0.05,1,0.5456621004566206,0.04566210045662096,0.0022831050228310484,0.0
3034,random,degree,3061348,100,210,0.03,3,0.45,0.1,50,0.07,1,0.6375,0.203125,0.003125,0.0
3035,random,degree,3062357,100,259,0.03,3,0.45,0.1,50,0.04,1,0.6042471042471041,0.08108108108108107,0.0,0.0
3036,random,degree,3063366,100,253,0.03,3,0.45,0.1,50,0.05,1,0.5788177339901477,0.09605911330049259,0.002463054187192118,0.0
3037,random,degree,3064375,100,238,0.03,3,0.45,0.1,50,0.09,3,0.5588235294117645,0.06932773109243696,0.0021008403361344533,0.0
3038,random,degree,3065384,100,240,0.03,3,0.45,0.1,50,0.05,1,0.6210526315789474,0.10000000000000002,0.0,0.0
3039,random,degree,3066393,100,229,0.03,3,0.45,0.1,50,0.05,1,0.6484716157205243,0.17030567685589515,0.008733624454148475,0.0
3040,random,degree,3067402,100,249,0.03,3,0.45,0.1,50,0.04,1,0.542713567839196,0.032663316582914555,0.0,0.0
3041,random,degree,3068411,100,249,0.03,3,0.45,0.1,50,0.05,1,0.6130653266331659,0.10804020100502507,0.0,0.0
3042,random,degree,3069420,100,236,0.03,3,0.45,0.1,50,0.06,2,0.599576271186441,0.0826271186440678,0.0021186440677966106,0.0
3043,random,degree,3070429,100,251,0.03,3,0.45,0.1,50,0.07,2,0.5522388059701495,0.06716417910447761,0.0,0.0
3044,random,degree,3071438,100,211,0.03,3,0.45,0.1,50,0.04,1,0.6327014218009477,0.2393364928909953,0.02369668246445497,0.0
3045,random,degree,3072447,100,235,0.03,3,0.45,0.1,50,0.05,1,0.6106382978723405,0.12978723404255316,0.0,0.0
3046,random,degree,3073456,100,249,0.03,3,0.45,0.1,50,0.04,1,0.6507537688442213,0.18090452261306533,0.0,0.0
3047,random,degree,3074465,100,248,0.03,3,0.45,0.1,50,0.05,1,0.6287878787878788,0.09595959595959595,0.0,0.0
3048,random,degree,3075474,100,239,0.03,3,0.45,0.1,50,0.07,2,0.6234309623430966,0.14016736401673638,0.0,0.0
3049,random,degree,3076483,100,262,0.03,3,0.45,0.1,50,0.07,2,0.589622641509434,0.07311320754716981,0.0,0.0
3050,random,degree,3077492,100,245,0.03,3,0.45,0.1,50,0.04,1,0.5653061224489799,0.1142857142857144,0.0,0.0
3051,random,degree,3078501,100,260,0.03,3,0.45,0.1,50,0.04,1,0.6523809523809522,0.11904761904761903,0.0,0.0
3052,random,degree,3079510,100,250,0.03,3,0.45,0.1,50,0.07,2,0.5800000000000004,0.12250000000000005,0.0025000000000000014,0.0
3053,random,degree,3080519,100,245,0.03,3,0.45,0.1,50,0.05,1,0.6938775510204084,0.15102040816326542,0.0,0.0
3054,random,degree,3081528,100,262,0.03,3,0.45,0.1,50,0.09,5,0.5636792452830188,0.08018867924528299,0.0,0.0
3055,random,degree,3082537,100,257,0.03,3,0.45,0.1,50,0.05,2,0.5836575875486378,0.06809338521400773,0.0,0.0
3056,random,degree,3083546,100,260,0.03,3,0.45,0.1,50,0.04,1,0.5904761904761904,0.04285714285714285,0.0,0.0
3057,random,degree,3084555,100,245,0.03,3,0.45,0.1,50,0.05,1,0.6282051282051277,0.13333333333333328,0.005128205128205127,0.0
3058,random,degree,3085564,100,251,0.03,3,0.45,0.1,50,0.08,2,0.5617529880478087,0.11354581673306773,0.0,0.0
3059,random,degree,3086573,100,264,0.03,3,0.45,0.1,50,0.05,2,0.5890151515151513,0.09848484848484844,0.0018939393939393933,0.0
3060,random,degree,3087582,100,233,0.03,3,0.45,0.1,50,0.04,1,0.6673819742489266,0.18454935622317592,0.008583690987124463,0.0
3061,random,degree,3088591,100,248,0.03,3,0.45,0.1,50,0.05,2,0.5967741935483875,0.09274193548387098,0.002016129032258065,0.0
3062,random,degree,3089600,100,245,0.03,3,0.45,0.1,50,0.03,0,0.6244897959183674,0.09795918367346937,0.0,0.0
3063,random,degree,3090609,100,261,0.03,3,0.45,0.1,50,0.09,2,0.523696682464455,0.08767772511848342,0.002369668246445498,0.0
3064,random,degree,3091618,100,255,0.03,3,0.45,0.1,50,0.1,3,0.570731707317073,0.046341463414634146,0.0,0.0
3065,random,degree,3092627,100,262,0.03,3,0.45,0.1,50,0.04,1,0.5683962264150944,0.0613207547169811,0.0,0.0
3066,random,degree,3093636,100,266,0.03,3,0.45,0.1,50,0.04,1,0.6574074074074074,0.15277777777777782,0.0046296296296296285,0.0
3067,random,degree,3094645,100,254,0.03,3,0.45,0.1,50,0.06,1,0.6274509803921569,0.17401960784313725,0.0,0.0
3068,random,degree,3095654,100,242,0.03,3,0.45,0.1,50,0.06,1,0.6536458333333334,0.13541666666666669,0.005208333333333332,0.0
3069,random,degree,3096663,100,265,0.03,3,0.45,0.1,50,0.05,2,0.6232558139534883,0.1186046511627907,0.0,0.0
3070,random,degree,3097672,100,262,0.03,3,0.45,0.1,50,0.04,1,0.6108490566037733,0.07783018867924524,0.0,0.0
3071,random,degree,3098681,100,276,0.03,3,0.45,0.1,50,0.08,2,0.6615044247787607,0.09513274336283183,0.0,0.0
3072,random,degree,3099690,100,243,0.03,3,0.45,0.1,50,0.09,1,0.6010362694300518,0.13212435233160622,0.0,0.0
3073,random,degree,3100699,100,244,0.03,3,0.45,0.1,50,0.07,1,0.5902061855670102,0.0876288659793814,0.0,0.0
3074,random,degree,3101708,100,254,0.03,3,0.45,0.1,50,0.04,1,0.6456692913385829,0.11220472440944881,0.0,0.0
3075,random,degree,3102717,100,263,0.03,3,0.45,0.1,50,0.06,2,0.5722433460076043,0.06653992395437262,0.0,0.0
3076,random,degree,3103726,100,228,0.03,3,0.45,0.1,50,0.07,2,0.587719298245614,0.15131578947368415,0.00219298245614035,0.0
3077,random,degree,3104735,100,244,0.03,3,0.45,0.1,50,0.06,2,0.615979381443299,0.0979381443298969,0.0,0.0
3078,random,degree,3105744,100,244,0.03,3,0.45,0.1,50,0.09,2,0.5245901639344263,0.059426229508196704,0.0,0.0
3079,random,degree,3106753,100,271,0.03,3,0.45,0.1,50,0.05,1,0.5497737556561082,0.049773755656108566,0.0,0.0
3080,random,degree,3107762,100,228,0.03,3,0.45,0.1,50,0.06,1,0.6067415730337076,0.1039325842696629,0.002808988764044944,0.0
3081,random,degree,3108771,100,237,0.03,3,0.45,0.1,50,0.05,1,0.6244725738396623,0.14556962025316453,0.010548523206751053,0.0
3082,random,degree,3109780,100,253,0.03,3,0.45,0.1,50,0.04,1,0.6166007905138338,0.1185770750988142,0.0019762845849802366,0.0
3083,random,degree,3110789,100,241,0.03,3,0.45,0.1,50,0.06,1,0.6078838174273861,0.1037344398340249,0.002074688796680498,0.0
3084,random,degree,3111798,100,232,0.03,3,0.45,0.1,50,0.05,1,0.6400862068965516,0.1637931034482758,0.004310344827586205,0.0
3085,random,degree,3112807,100,237,0.03,3,0.45,0.1,50,0.03,0,0.620320855614973,0.10427807486631013,0.0,0.0
3086,random,degree,3113816,100,276,0.03,3,0.45,0.1,50,0.04,1,0.6371681415929205,0.10619469026548668,0.0,0.0
3087,random,degree,3114825,100,220,0.03,3,0.45,0.1,50,0.06,1,0.6205882352941177,0.19411764705882353,0.020588235294117647,0.0
3088,random,degree,3115834,100,241,0.03,3,0.45,0.1,50,0.05,1,0.638743455497382,0.14397905759162294,0.0,0.0
3089,random,degree,3116843,100,255,0.03,3,0.45,0.1,50,0.07,2,0.5658536585365854,0.04878048780487805,0.0,0.0
3090,random,degree,3117852,100,241,0.03,3,0.45,0.1,50,0.05,1,0.6265560165975101,0.13070539419087127,0.004149377593360994,0.0
3091,random,degree,3118861,100,263,0.03,3,0.45,0.1,50,0.05,1,0.6387832699619771,0.09125475285171103,0.0,0.0
3092,random,degree,3119870,100,229,0.03,3,0.45,0.1,50,0.08,3,0.5982532751091705,0.08951965065502189,0.0,0.0
3093,random,degree,3120879,100,243,0.03,3,0.45,0.1,50,0.11,3,0.5452674897119345,0.037037037037037056,0.0,0.0
3094,random,degree,3121888,100,250,0.03,3,0.45,0.1,50,0.03,0,0.7040000000000002,0.15199999999999997,0.002,0.0
3095,random,degree,3122897,100,242,0.03,3,0.45,0.1,50,0.05,1,0.5911458333333336,0.13541666666666677,0.0026041666666666687,0.0
3096,random,degree,3123906,100,217,0.03,3,0.45,0.1,50,0.05,1,0.6152073732718898,0.19815668202764983,0.018433179723502308,0.0
3097,random,degree,3124915,100,200,0.03,3,0.45,0.1,50,0.05,1,0.6599999999999998,0.18750000000000006,0.010000000000000002,0.0
3098,random,degree,3125924,100,246,0.03,3,0.45,0.1,50,0.04,1,0.6077235772357721,0.15650406504065026,0.0,0.0
3099,random,degree,3126933,100,247,0.03,3,0.45,0.1,50,0.07,1,0.6437246963562753,0.16194331983805665,0.008097165991902832,0.0
3100,random,degree,3127942,100,252,0.03,3,0.45,0.1,50,0.04,1,0.6091269841269843,0.10515873015873013,0.005952380952380951,0.0
3101,random,degree,3128951,100,260,0.03,3,0.45,0.1,50,0.06,1,0.55,0.044230769230769226,0.0,0.0
3102,random,degree,3129960,100,261,0.03,3,0.45,0.1,50,0.05,1,0.5805687203791469,0.04976303317535548,0.0,0.0
3103,random,degree,3130969,100,273,0.03,3,0.45,0.1,50,0.04,1,0.6098654708520179,0.08071748878923767,0.0,0.0
3104,random,degree,3131978,100,260,0.03,3,0.45,0.1,50,0.04,1,0.5769230769230769,0.028846153846153848,0.0,0.0
3105,random,degree,3132987,100,257,0.03,3,0.45,0.1,50,0.05,1,0.6425120772946853,0.11594202898550719,0.0048309178743961316,0.0
3106,random,degree,3133996,100,289,0.03,3,0.45,0.1,50,0.03,0,0.6338912133891212,0.09623430962343096,0.0,0.0
3107,random,degree,3135005,100,232,0.03,3,0.45,0.1,50,0.05,1,0.6314655172413794,0.15948275862068964,0.0,0.0
3108,random,degree,3136014,100,257,0.03,3,0.45,0.1,50,0.08,2,0.5330739299610896,0.04669260700389106,0.0,0.0
3109,random,degree,3137023,100,259,0.03,3,0.45,0.1,50,0.09,2,0.5215311004784688,0.09090909090909093,0.0,0.0
3110,random,degree,3138032,100,267,0.03,3,0.45,0.1,50,0.06,2,0.6175115207373268,0.08986175115207369,0.0,0.0
3111,random,degree,3139041,100,254,0.03,3,0.45,0.1,50,0.07,1,0.5610236220472439,0.06889763779527555,0.001968503937007873,0.0
3112,random,degree,3140050,100,253,0.03,3,0.45,0.1,50,0.05,1,0.6428571428571429,0.12068965517241383,0.0,0.0
3113,random,degree,3141059,100,251,0.03,3,0.45,0.1,50,0.05,2,0.5995024875621888,0.10945273631840796,0.0,0.0
3114,random,degree,3142068,100,281,0.03,3,0.45,0.1,50,0.05,1,0.621212121212121,0.09740259740259735,0.0,0.0
3115,random,degree,3143077,100,238,0.03,3,0.45,0.1,50,0.06,1,0.5672268907563027,0.09453781512605042,0.004201680672268907,0.0
3116,random,degree,3144086,100,247,0.03,3,0.45,0.1,50,0.03,0,0.6370558375634516,0.1675126903553298,0.0,0.0
3117,random,degree,3145095,100,262,0.03,3,0.45,0.1,50,0.03,0,0.5864197530864198,0.04320987654320987,0.0,0.0
3118,random,degree,3146104,100,231,0.03,3,0.45,0.1,50,0.05,2,0.5572519083969468,0.06870229007633594,0.0,0.0
3119,random,degree,3147113,100,217,0.03,3,0.45,0.1,50,0.06,1,0.6167664670658682,0.20658682634730544,0.02095808383233534,0.0
3120,random,degree,3148122,100,232,0.03,3,0.45,0.1,50,0.1,3,0.5172413793103446,0.07112068965517239,0.0,0.0
3121,random,degree,3149131,100,240,0.03,3,0.45,0.1,50,0.05,1,0.6842105263157889,0.194736842105263,0.015789473684210516,0.0
3122,random,degree,3150140,100,224,0.03,3,0.45,0.1,50,0.06,1,0.6808035714285715,0.15848214285714285,0.0,0.0
3123,random,degree,3151149,100,269,0.03,3,0.45,0.1,50,0.05,2,0.6035502958579878,0.13017751479289938,0.0,0.0
3124,random,degree,3152158,100,240,0.03,3,0.45,0.1,50,0.05,1,0.645833333333333,0.13749999999999998,0.006249999999999998,0.0
3125,random,degree,3153167,100,270,0.03,3,0.45,0.1,50,0.07,3,0.5477272727272727,0.03863636363636363,0.0,0.0
3126,random,degree,3154176,100,244,0.03,3,0.45,0.1,50,0.06,2,0.5592783505154637,0.03608247422680412,0.0,0.0
3127,random,degree,3155185,100,236,0.03,3,0.45,0.1,50,0.1,2,0.5953389830508476,0.11016949152542375,0.004237288135593221,0.0
3128,random,degree,3156194,100,292,0.03,3,0.45,0.1,50,0.04,1,0.5755208333333333,0.03645833333333333,0.0,0.0
3129,random,degree,3157203,100,225,0.03,3,0.45,0.1,50,0.08,1,0.5800000000000003,0.08666666666666664,0.0,0.0
3130,random,degree,3158212,100,227,0.03,3,0.45,0.1,50,0.05,2,0.5330396475770931,0.10352422907488998,0.0,0.0
3131,random,degree,3159221,100,236,0.03,3,0.45,0.1,50,0.06,2,0.6424731182795699,0.09946236559139782,0.0,0.0
3132,random,degree,3160230,100,238,0.03,3,0.45,0.1,50,0.04,1,0.6382978723404255,0.13031914893617025,0.0053191489361702135,0.0
3133,random,degree,3161239,100,237,0.03,3,0.45,0.1,50,0.05,1,0.6069518716577539,0.14171122994652405,0.005347593582887701,0.0
3134,random,degree,3162248,100,258,0.03,3,0.45,0.1,50,0.03,0,0.6240310077519384,0.124031007751938,0.0,0.0
3135,random,degree,3163257,100,242,0.03,3,0.45,0.1,50,0.05,1,0.6280991735537191,0.13223140495867775,0.0,0.0
3136,random,degree,3164266,100,247,0.03,3,0.45,0.1,50,0.07,1,0.5761421319796953,0.09137055837563453,0.0,0.0
3137,random,degree,3165275,100,229,0.03,3,0.45,0.1,50,0.05,2,0.6564245810055865,0.16759776536312848,0.0,0.0
3138,random,degree,3166284,100,229,0.03,3,0.45,0.1,50,0.05,2,0.558659217877095,0.10055865921787707,0.0,0.0
3139,random,degree,3167293,100,236,0.03,3,0.45,0.1,50,0.05,1,0.6144067796610171,0.12500000000000006,0.0,0.0
3140,random,degree,3168302,100,243,0.03,3,0.45,0.1,50,0.03,0,0.6113989637305693,0.1347150259067357,0.007772020725388598,0.0
3141,random,degree,3169311,100,234,0.03,3,0.45,0.1,50,0.03,0,0.6548913043478259,0.14402173913043476,0.0,0.0
3142,random,degree,3170320,100,248,0.03,3,0.45,0.1,50,0.1,4,0.5580808080808082,0.10101010101010101,0.0025252525252525255,0.0
3143,random,degree,3171329,100,246,0.03,3,0.45,0.1,50,0.04,1,0.5447154471544717,0.06097560975609758,0.0,0.0
3144,random,degree,3172338,100,232,0.03,3,0.45,0.1,50,0.07,3,0.6465517241379314,0.1508620689655173,0.010775862068965521,0.0
3145,random,degree,3173347,100,238,0.03,3,0.45,0.1,50,0.03,0,0.63563829787234,0.10638297872340421,0.0,0.0
3146,random,degree,3174356,100,273,0.03,3,0.45,0.1,50,0.03,0,0.6278026905829595,0.08295964125560534,0.0,0.0
3147,random,degree,3175365,100,253,0.03,3,0.45,0.1,50,0.04,1,0.6551724137931032,0.16009852216748768,0.0,0.0
3148,random,degree,3176374,100,264,0.03,3,0.45,0.1,50,0.06,1,0.5724299065420559,0.03738317757009345,0.0,0.0
3149,random,degree,3177383,100,250,0.03,3,0.45,0.1,50,0.04,1,0.6459999999999998,0.09999999999999998,0.0019999999999999996,0.0
3150,random,degree,3178392,100,252,0.03,3,0.45,0.1,50,0.07,3,0.4851485148514857,0.05693069306930699,0.0,0.0
3151,random,degree,3179401,100,237,0.03,3,0.45,0.1,50,0.05,1,0.6540084388185655,0.16877637130801693,0.0063291139240506345,0.0
3152,random,degree,3180410,100,233,0.03,3,0.45,0.1,50,0.03,0,0.6759656652360515,0.1459227467811159,0.004291845493562232,0.0
3153,random,degree,3181419,100,252,0.03,3,0.45,0.1,50,0.09,2,0.4381188118811881,0.02722772277227722,0.0,0.0
3154,random,degree,3182428,100,248,0.03,3,0.45,0.1,50,0.08,2,0.6111111111111106,0.13131313131313127,0.0025252525252525246,0.0
3155,random,degree,3183437,100,258,0.03,3,0.45,0.1,50,0.04,1,0.569767441860465,0.1143410852713178,0.0,0.0
3156,random,degree,3184446,100,228,0.03,3,0.45,0.1,50,0.08,1,0.5898876404494383,0.11797752808988764,0.002808988764044944,0.0
3157,random,degree,3185455,100,269,0.03,3,0.45,0.1,50,0.03,0,0.6438356164383563,0.1027397260273973,0.0,0.0
3158,random,degree,3186464,100,239,0.03,3,0.45,0.1,50,0.04,1,0.6455026455026448,0.1455026455026454,0.0,0.0
3159,random,degree,3187473,100,264,0.03,3,0.45,0.1,50,0.06,3,0.518292682926829,0.04878048780487806,0.0,0.0
3160,random,degree,3188482,100,243,0.03,3,0.45,0.1,50,0.06,3,0.6139896373056992,0.12953367875647662,0.0,0.0
3161,random,degree,3189491,100,232,0.03,3,0.45,0.1,50,0.06,1,0.6098901098901099,0.09615384615384615,0.002747252747252747,0.0
3162,random,degree,3190500,100,246,0.03,3,0.45,0.1,50,0.06,1,0.6071428571428574,0.1301020408163265,0.0,0.0
3163,random,degree,3191509,100,241,0.03,3,0.45,0.1,50,0.03,0,0.6308900523560204,0.10471204188481671,0.007853403141361253,0.0
3164,random,degree,3192518,100,255,0.03,3,0.45,0.1,50,0.07,2,0.5878048780487808,0.075609756097561,0.0,0.0
3165,random,degree,3193527,100,228,0.03,3,0.45,0.1,50,0.06,2,0.6404494382022472,0.09550561797752809,0.0028089887640449437,0.0
3166,random,degree,3194536,100,222,0.03,3,0.45,0.1,50,0.03,0,0.6328828828828832,0.23648648648648665,0.024774774774774785,0.0
3167,random,degree,3195545,100,233,0.03,3,0.45,0.1,50,0.03,0,0.653005464480874,0.15300546448087435,0.010928961748633883,0.0
3168,random,degree,3196554,100,233,0.03,3,0.45,0.1,50,0.03,0,0.6147540983606555,0.2404371584699453,0.02732240437158469,0.0
3169,random,degree,3197563,100,237,0.03,3,0.45,0.1,50,0.05,1,0.6518987341772152,0.14767932489451477,0.002109704641350211,0.0
3170,random,degree,3198572,100,264,0.03,3,0.45,0.1,50,0.06,1,0.5630841121495329,0.11214953271028037,0.0,0.0
3171,random,degree,3199581,100,272,0.03,3,0.45,0.1,50,0.04,1,0.6103603603603602,0.08333333333333331,0.0,0.0
3172,random,degree,3200590,100,276,0.03,3,0.45,0.1,50,0.04,1,0.5996376811594201,0.08152173913043477,0.0,0.0
3173,random,degree,3201599,100,250,0.03,3,0.45,0.1,50,0.03,0,0.6179999999999999,0.12799999999999995,0.001999999999999999,0.0
3174,random,degree,3202608,100,256,0.03,3,0.45,0.1,50,0.05,1,0.6140776699029125,0.14563106796116507,0.002427184466019418,0.0
3175,random,degree,3203617,100,231,0.03,3,0.45,0.1,50,0.05,1,0.6471861471861474,0.1709956709956711,0.004329004329004331,0.0
3176,random,degree,3204626,100,233,0.03,3,0.45,0.1,50,0.09,2,0.5343347639484977,0.10085836909871239,0.0,0.0
3177,random,degree,3205635,100,267,0.03,3,0.45,0.1,50,0.05,1,0.5786516853932585,0.028089887640449437,0.0,0.0
3178,random,degree,3206644,100,270,0.03,3,0.45,0.1,50,0.04,1,0.6185185185185184,0.12222222222222223,0.001851851851851852,0.0
3179,random,degree,3207653,100,242,0.03,3,0.45,0.1,50,0.07,2,0.4791666666666664,0.05729166666666664,0.0,0.0
3180,random,degree,3208662,100,239,0.03,3,0.45,0.1,50,0.09,3,0.6401673640167361,0.1736401673640167,0.00627615062761506,0.0
3181,random,degree,3209671,100,234,0.03,3,0.45,0.1,50,0.07,3,0.5961538461538459,0.1346153846153846,0.0,0.0
3182,random,degree,3210680,100,250,0.03,3,0.45,0.1,50,0.03,0,0.5999999999999995,0.0725,0.0,0.0
3183,random,degree,3211689,100,243,0.03,3,0.45,0.1,50,0.06,1,0.6088082901554405,0.16839378238341968,0.0025906735751295338,0.0
3184,random,degree,3212698,100,259,0.03,3,0.45,0.1,50,0.06,2,0.6172248803827749,0.14354066985645933,0.002392344497607655,0.0
3185,random,degree,3213707,100,239,0.03,3,0.45,0.1,50,0.11,4,0.4259259259259258,0.044973544973544964,0.0,0.0
3186,random,degree,3214716,100,257,0.03,3,0.45,0.1,50,0.03,0,0.6731517509727629,0.19260700389105068,0.007782101167315179,0.0
3187,random,degree,3215725,100,242,0.03,3,0.45,0.1,50,0.07,1,0.5937499999999998,0.09895833333333333,0.002604166666666666,0.0
3188,random,degree,3216734,100,261,0.03,3,0.45,0.1,50,0.05,1,0.5521327014218014,0.09952606635071094,0.0,0.0
3189,random,degree,3217743,100,282,0.03,3,0.45,0.1,50,0.03,0,0.6810344827586208,0.08836206896551722,0.0,0.0
3190,random,degree,3218752,100,250,0.03,3,0.45,0.1,50,0.06,2,0.6050000000000001,0.085,0.0,0.0
3191,random,degree,3219761,100,266,0.03,3,0.45,0.1,50,0.05,1,0.6365740740740741,0.08796296296296298,0.0,0.0
3192,random,degree,3220770,100,254,0.03,3,0.45,0.1,50,0.06,2,0.5220588235294116,0.0980392156862745,0.0,0.0
3193,random,degree,3221779,100,258,0.03,3,0.45,0.1,50,0.04,1,0.6586538461538459,0.15624999999999997,0.0,0.0
3194,random,degree,3222788,100,268,0.03,3,0.45,0.1,50,0.03,0,0.6492537313432835,0.16417910447761186,0.018656716417910443,0.0
3195,random,degree,3223797,100,249,0.03,3,0.45,0.1,50,0.06,1,0.5929648241206036,0.07788944723618099,0.0,0.0
3196,random,degree,3224806,100,270,0.03,3,0.45,0.1,50,0.04,1,0.6499999999999999,0.11481481481481488,0.0018518518518518528,0.0
3197,random,degree,3225815,100,227,0.03,3,0.45,0.1,50,0.08,3,0.5264317180616741,0.09030837004405295,0.011013215859030846,0.0
3198,random,degree,3226824,100,239,0.03,3,0.45,0.1,50,0.05,1,0.6005291005291006,0.08994708994708993,0.0,0.0
3199,random,degree,3227833,100,221,0.03,3,0.45,0.1,50,0.07,1,0.5701357466063349,0.06787330316742081,0.0022624434389140274,0.0
3200,random,degree,3228842,100,250,0.03,3,0.45,0.1,50,0.05,1,0.6674999999999993,0.14249999999999988,0.0,0.0
3201,random,degree,3229851,100,244,0.03,3,0.45,0.1,50,0.07,1,0.6134020618556701,0.1314432989690723,0.0,0.0
3202,random,degree,3230860,100,259,0.03,3,0.45,0.1,50,0.04,1,0.6052631578947368,0.07894736842105265,0.0,0.0
3203,random,degree,3231869,100,245,0.03,3,0.45,0.1,50,0.04,1,0.683673469387755,0.15510204081632648,0.0,0.0
3204,random,degree,3232878,100,277,0.03,3,0.45,0.1,50,0.04,1,0.5903083700440531,0.08370044052863439,0.0,0.0
3205,random,degree,3233887,100,262,0.03,3,0.45,0.1,50,0.08,2,0.5648148148148147,0.10493827160493834,0.003086419753086421,0.0
3206,random,degree,3234896,100,245,0.03,3,0.45,0.1,50,0.06,2,0.6387755102040814,0.14489795918367343,0.0,0.0
3207,random,degree,3235905,100,258,0.03,3,0.45,0.1,50,0.05,2,0.6434108527131784,0.1686046511627907,0.0,0.0
3208,random,degree,3236914,100,242,0.03,3,0.45,0.1,50,0.08,3,0.537190082644628,0.10537190082644629,0.004132231404958678,0.0
3209,random,degree,3237923,100,276,0.03,3,0.45,0.1,50,0.04,1,0.6283185840707962,0.11946902654867247,0.0,0.0
3210,random,degree,3238932,100,248,0.03,3,0.45,0.1,50,0.06,1,0.5782828282828286,0.08838383838383834,0.002525252525252525,0.0
3211,random,degree,3239941,100,236,0.03,3,0.45,0.1,50,0.05,1,0.5645161290322581,0.10752688172043011,0.002688172043010753,0.0
3212,random,degree,3240950,100,249,0.03,3,0.45,0.1,50,0.03,0,0.6356783919597989,0.1407035175879397,0.0,0.0
3213,random,degree,3241959,100,236,0.03,3,0.45,0.1,50,0.07,1,0.6334745762711865,0.15042372881355934,0.0,0.0
3214,random,degree,3242968,100,251,0.03,3,0.45,0.1,50,0.05,1,0.5856573705179282,0.08964143426294821,0.0,0.0
3215,random,degree,3243977,100,226,0.03,3,0.45,0.1,50,0.06,1,0.6128318584070797,0.11504424778761062,0.004424778761061947,0.0
3216,random,degree,3244986,100,248,0.03,3,0.45,0.1,50,0.05,1,0.6287878787878786,0.13131313131313124,0.002525252525252524,0.0
3217,random,degree,3245995,100,246,0.03,3,0.45,0.1,50,0.04,1,0.6224489795918361,0.06632653061224485,0.0,0.0
3218,random,degree,3247004,100,252,0.03,3,0.45,0.1,50,0.05,2,0.553571428571429,0.06349206349206352,0.001984126984126985,0.0
3219,random,degree,3248013,100,247,0.03,3,0.45,0.1,50,0.05,1,0.5685279187817258,0.06852791878172586,0.0,0.0
3220,random,degree,3249022,100,240,0.03,3,0.45,0.1,50,0.06,1,0.5458333333333336,0.07291666666666666,0.0,0.0
3221,random,degree,3250031,100,255,0.03,3,0.45,0.1,50,0.03,0,0.5341463414634149,0.06829268292682925,0.0,0.0
3222,random,degree,3251040,100,250,0.03,3,0.45,0.1,50,0.08,2,0.5299999999999999,0.076,0.002,0.0
3223,random,degree,3252049,100,283,0.03,3,0.45,0.1,50,0.03,0,0.6330472103004292,0.08154506437768237,0.0,0.0
3224,random,degree,3253058,100,257,0.03,3,0.45,0.1,50,0.07,1,0.5603864734299514,0.05072463768115942,0.0,0.0
3225,random,degree,3254067,100,250,0.03,3,0.45,0.1,50,0.05,1,0.635,0.12,0.0,0.0
3226,random,degree,3255076,100,260,0.03,3,0.45,0.1,50,0.05,2,0.6166666666666664,0.1119047619047619,0.0,0.0
3227,random,degree,3256085,100,255,0.03,3,0.45,0.1,50,0.05,1,0.5024390243902447,0.0463414634146342,0.0,0.0
3228,random,degree,3257094,100,248,0.03,3,0.45,0.1,50,0.12,2,0.47222222222222243,0.058080808080808094,0.002525252525252526,0.0
3229,random,degree,3258103,100,260,0.03,3,0.45,0.1,50,0.08,3,0.561904761904762,0.06428571428571425,0.0,0.0
3230,random,degree,3259112,100,247,0.03,3,0.45,0.1,50,0.04,1,0.603238866396761,0.08906882591093113,0.0,0.0
3231,random,degree,3260121,100,269,0.03,3,0.45,0.1,50,0.07,1,0.7063197026022305,0.2769516728624537,0.0037174721189591107,0.0
3232,random,degree,3261130,100,257,0.03,3,0.45,0.1,50,0.07,3,0.555555555555555,0.11111111111111101,0.0,0.0
3233,random,degree,3262139,100,271,0.03,3,0.45,0.1,50,0.05,2,0.6217712177121771,0.08302583025830258,0.0,0.0
3234,random,degree,3263148,100,250,0.03,3,0.45,0.1,50,0.04,1,0.6299999999999999,0.16999999999999996,0.002499999999999999,0.0
3235,random,degree,3264157,100,244,0.03,3,0.45,0.1,50,0.08,2,0.5979381443298972,0.1340206185567011,0.0,0.0
3236,random,degree,3265166,100,256,0.03,3,0.45,0.1,50,0.03,0,0.6116504854368928,0.08737864077669896,0.0,0.0
3237,random,degree,3266175,100,259,0.03,3,0.45,0.1,50,0.07,1,0.562200956937799,0.07894736842105263,0.0,0.0
3238,random,degree,3267184,100,229,0.03,3,0.45,0.1,50,0.06,1,0.6506550218340608,0.13318777292576414,0.013100436681222702,0.004366812227074234
3239,random,degree,3268193,100,243,0.03,3,0.45,0.1,50,0.08,2,0.544041450777202,0.11139896373056991,0.002590673575129533,0.0
3240,random,degree,3269202,100,251,0.03,3,0.45,0.1,50,0.11,5,0.5398009950248757,0.062189054726368154,0.0,0.0
3241,random,degree,3270211,100,229,0.03,3,0.45,0.1,50,0.06,2,0.5977653631284916,0.13128491620111735,0.011173184357541903,0.0
3242,random,degree,3271220,100,254,0.03,3,0.45,0.1,50,0.1,2,0.5177165354330707,0.08464566929133863,0.0,0.0
3243,random,degree,3272229,100,266,0.03,3,0.45,0.1,50,0.04,1,0.5972222222222224,0.06018518518518517,0.0023148148148148147,0.0
3244,random,degree,3273238,100,246,0.03,3,0.45,0.1,50,0.04,1,0.5637755102040816,0.06377551020408162,0.0,0.0
3245,random,degree,3274247,100,256,0.03,3,0.45,0.1,50,0.04,1,0.5752427184466019,0.0849514563106796,0.0,0.0
3246,random,degree,3275256,100,237,0.03,3,0.45,0.1,50,0.05,1,0.6256684491978609,0.16844919786096263,0.0,0.0
3247,random,degree,3276265,100,251,0.03,3,0.45,0.1,50,0.05,1,0.5945273631840795,0.07711442786069651,0.0,0.0
3248,random,degree,3277274,100,249,0.03,3,0.45,0.1,50,0.04,1,0.6758793969849244,0.14824120603015076,0.007537688442211055,0.0
3249,random,degree,3278283,100,257,0.03,3,0.45,0.1,50,0.03,0,0.647859922178988,0.07392996108949419,0.0,0.0
3250,random,degree,3279292,100,257,0.03,3,0.45,0.1,50,0.05,1,0.6011673151750971,0.10311284046692604,0.003891050583657587,0.0
3251,random,degree,3280301,100,226,0.03,3,0.45,0.1,50,0.07,1,0.557522123893805,0.07522123893805309,0.004424778761061946,0.0
3252,random,degree,3281310,100,271,0.03,3,0.45,0.1,50,0.03,0,0.6402714932126699,0.1085972850678733,0.0,0.0
3253,random,degree,3282319,100,265,0.03,3,0.45,0.1,50,0.04,1,0.574418604651163,0.05581395348837212,0.0,0.0
3254,random,degree,3283328,100,246,0.03,3,0.45,0.1,50,0.06,2,0.5630081300813009,0.05691056910569107,0.0,0.0
3255,random,degree,3284337,100,255,0.03,3,0.45,0.1,50,0.04,1,0.5745098039215685,0.09999999999999999,0.0,0.0
3256,random,degree,3285346,100,276,0.03,3,0.45,0.1,50,0.07,2,0.5619469026548676,0.0553097345132744,0.0,0.0
3257,random,degree,3286355,100,232,0.03,3,0.45,0.1,50,0.03,0,0.6293103448275863,0.12715517241379323,0.00431034482758621,0.0
3258,random,degree,3287364,100,230,0.03,3,0.45,0.1,50,0.07,1,0.567391304347826,0.07826086956521741,0.0,0.0
3259,random,degree,3288373,100,233,0.03,3,0.45,0.1,50,0.05,1,0.6373390557939916,0.14806866952789702,0.004291845493562233,0.0
3260,random,degree,3289382,100,243,0.03,3,0.45,0.1,50,0.04,1,0.6399176954732513,0.15843621399176963,0.0020576131687242804,0.0
3261,random,degree,3290391,100,226,0.03,3,0.45,0.1,50,0.09,3,0.5730088495575221,0.12831858407079644,0.0,0.0
3262,random,degree,3291400,100,237,0.03,3,0.45,0.1,50,0.04,1,0.6181434599156116,0.15822784810126575,0.00421940928270042,0.0
3263,random,degree,3292409,100,247,0.03,3,0.45,0.1,50,0.05,1,0.6040609137055836,0.12436548223350248,0.005076142131979693,0.0
3264,random,degree,3293418,100,242,0.03,3,0.45,0.1,50,0.03,0,0.6528925619834713,0.13429752066115702,0.002066115702479339,0.0
3265,random,degree,3294427,100,234,0.03,3,0.45,0.1,50,0.04,1,0.6495726495726494,0.14102564102564097,0.002136752136752136,0.0
3266,random,degree,3295436,100,237,0.03,3,0.45,0.1,50,0.04,1,0.6390374331550798,0.1657754010695187,0.00802139037433155,0.0
3267,random,degree,3296445,100,250,0.03,3,0.45,0.1,50,0.07,2,0.5779999999999998,0.07399999999999998,0.0,0.0
3268,random,degree,3297454,100,248,0.03,3,0.45,0.1,50,0.04,1,0.6108870967741931,0.13709677419354843,0.0020161290322580653,0.0
3269,random,degree,3298463,100,230,0.03,3,0.45,0.1,50,0.05,1,0.6652173913043478,0.20217391304347823,0.006521739130434783,0.0
3270,random,degree,3299472,100,253,0.03,3,0.45,0.1,50,0.03,0,0.6620553359683792,0.10671936758893275,0.001976284584980236,0.0
3271,random,degree,3300481,100,244,0.03,3,0.45,0.1,50,0.05,1,0.6314432989690729,0.15206185567010322,0.0,0.0
3272,random,degree,3301490,100,278,0.03,3,0.45,0.1,50,0.07,1,0.5252808988764041,0.04213483146067413,0.0,0.0
3273,random,degree,3302499,100,291,0.03,3,0.45,0.1,50,0.06,1,0.570539419087137,0.039419087136929466,0.0,0.0
3274,random,degree,3303508,100,217,0.03,3,0.45,0.1,50,0.06,2,0.596774193548387,0.11751152073732714,0.004608294930875574,0.0
3275,random,degree,3304517,100,224,0.03,3,0.45,0.1,50,0.06,1,0.5632183908045979,0.07183908045977015,0.0,0.0
3276,random,degree,3305526,100,223,0.03,3,0.45,0.1,50,0.07,1,0.6031390134529153,0.12556053811659193,0.006726457399103139,0.0
3277,random,degree,3306535,100,240,0.03,3,0.45,0.1,50,0.07,2,0.5947368421052632,0.0842105263157895,0.002631578947368422,0.0
3278,random,degree,3307544,100,238,0.03,3,0.45,0.1,50,0.03,0,0.6701680672268912,0.23529411764705893,0.01260504201680673,0.0
3279,random,degree,3308553,100,260,0.03,3,0.45,0.1,50,0.05,1,0.6807692307692305,0.12692307692307683,0.0,0.0
3280,random,degree,3309562,100,270,0.03,3,0.45,0.1,50,0.07,1,0.5204545454545451,0.059090909090909055,0.0,0.0
3281,random,degree,3310571,100,263,0.03,3,0.45,0.1,50,0.06,1,0.627376425855513,0.09315589353612165,0.0,0.0
3282,random,degree,3311580,100,247,0.03,3,0.45,0.1,50,0.05,1,0.5607287449392713,0.09109311740890695,0.0,0.0
3283,random,degree,3312589,100,225,0.03,3,0.45,0.1,50,0.03,0,0.6999999999999995,0.1666666666666666,0.004444444444444443,0.0
3284,random,degree,3313598,100,247,0.03,3,0.45,0.1,50,0.03,0,0.5931174089068826,0.07287449392712547,0.0,0.0
3285,random,degree,3314607,100,264,0.03,3,0.45,0.1,50,0.05,1,0.553738317757009,0.03504672897196261,0.0,0.0
3286,random,degree,3315616,100,278,0.03,3,0.45,0.1,50,0.06,1,0.6798561151079139,0.14568345323741005,0.0017985611510791364,0.0
3287,random,degree,3316625,100,266,0.03,3,0.45,0.1,50,0.08,2,0.5277777777777778,0.05555555555555553,0.0023148148148148143,0.0
3288,random,degree,3317634,100,234,0.03,3,0.45,0.1,50,0.03,0,0.6346153846153845,0.12179487179487175,0.002136752136752136,0.0
3289,random,degree,3318643,100,248,0.03,3,0.45,0.1,50,0.04,1,0.6270161290322579,0.14314516129032245,0.00604838709677419,0.0
3290,random,degree,3319652,100,266,0.03,3,0.45,0.1,50,0.07,2,0.5324074074074077,0.030092592592592605,0.0,0.0
3291,random,degree,3320661,100,220,0.03,3,0.45,0.1,50,0.04,1,0.668181818181818,0.19090909090909092,0.0022727272727272726,0.0
3292,random,degree,3321670,100,264,0.03,3,0.45,0.1,50,0.03,0,0.6261682242990657,0.11214953271028043,0.0,0.0
3293,random,degree,3322679,100,257,0.03,3,0.45,0.1,50,0.04,1,0.565217391304348,0.04830917874396135,0.0,0.0
3294,random,degree,3323688,100,234,0.03,3,0.45,0.1,50,0.08,1,0.623931623931624,0.10042735042735043,0.0,0.0
3295,random,degree,3324697,100,234,0.03,3,0.45,0.1,50,0.07,2,0.6196581196581199,0.09401709401709409,0.0,0.0
3296,random,degree,3325706,100,252,0.03,3,0.45,0.1,50,0.07,1,0.48762376237623783,0.034653465346534656,0.0,0.0
3297,random,degree,3326715,100,258,0.03,3,0.45,0.1,50,0.06,1,0.6129807692307697,0.12500000000000006,0.0,0.0
3298,random,degree,3327724,100,252,0.03,3,0.45,0.1,50,0.07,2,0.5544554455445546,0.08168316831683163,0.0,0.0
3299,random,degree,3328733,100,231,0.03,3,0.45,0.1,50,0.06,1,0.6546961325966849,0.11602209944751377,0.0,0.0
3300,random,degree,3329742,100,228,0.03,3,0.45,0.1,50,0.06,1,0.5767543859649122,0.07236842105263153,0.0,0.0
3301,random,degree,3330751,100,243,0.03,3,0.45,0.1,50,0.06,2,0.6604938271604939,0.19341563786008237,0.00411522633744856,0.0
3302,random,degree,3331760,100,248,0.03,3,0.45,0.1,50,0.04,1,0.6464646464646465,0.12373737373737374,0.0025252525252525255,0.0
3303,random,degree,3332769,100,231,0.03,3,0.45,0.1,50,0.05,1,0.6341991341991341,0.11471861471861468,0.002164502164502164,0.0
3304,random,degree,3333778,100,244,0.03,3,0.45,0.1,50,0.03,0,0.5922131147540984,0.11065573770491798,0.0,0.0
3305,random,degree,3334787,100,255,0.03,3,0.45,0.1,50,0.05,1,0.541176470588235,0.06470588235294118,0.0019607843137254906,0.0
3306,random,degree,3335796,100,251,0.03,3,0.45,0.1,50,0.09,3,0.4825870646766165,0.03482587064676615,0.0,0.0
3307,random,degree,3336805,100,228,0.03,3,0.45,0.1,50,0.06,1,0.6513157894736837,0.1907894736842106,0.008771929824561406,0.0
3308,random,degree,3337814,100,262,0.03,3,0.45,0.1,50,0.08,3,0.4622641509433959,0.04009433962264148,0.0,0.0
3309,random,degree,3338823,100,218,0.03,3,0.45,0.1,50,0.05,1,0.6536697247706421,0.2110091743119266,0.009174311926605505,0.0
3310,random,degree,3339832,100,266,0.03,3,0.45,0.1,50,0.05,1,0.5996240601503753,0.10526315789473684,0.0018796992481203004,0.0
3311,random,degree,3340841,100,240,0.03,3,0.45,0.1,50,0.06,1,0.5684210526315788,0.09736842105263158,0.0,0.0
3312,random,degree,3341850,100,258,0.03,3,0.45,0.1,50,0.05,1,0.6453488372093025,0.11240310077519378,0.0,0.0
3313,random,degree,3342859,100,267,0.03,3,0.45,0.1,50,0.04,1,0.6013824884792625,0.08525345622119813,0.0,0.0
3314,random,degree,3343868,100,229,0.03,3,0.45,0.1,50,0.07,2,0.6229050279329609,0.16201117318435754,0.0,0.0
3315,random,degree,3344877,100,235,0.03,3,0.45,0.1,50,0.07,2,0.5837837837837834,0.09459459459459461,0.0,0.0
3316,random,degree,3345886,100,260,0.03,3,0.45,0.1,50,0.04,1,0.6173076923076926,0.09038461538461544,0.0038461538461538485,0.0
3317,random,degree,3346895,100,235,0.03,3,0.45,0.1,50,0.05,1,0.5459459459459456,0.06216216216216215,0.0,0.0
3318,random,degree,3347904,100,236,0.03,3,0.45,0.1,50,0.08,1,0.5698924731182796,0.07795698924731183,0.0,0.0
3319,random,degree,3348913,100,262,0.03,3,0.45,0.1,50,0.06,1,0.5992366412213743,0.16030534351145034,0.013358778625954203,0.0
3320,random,degree,3349922,100,256,0.03,3,0.45,0.1,50,0.1,3,0.5488281249999996,0.07226562499999996,0.0,0.0
3321,random,degree,3350931,100,257,0.03,3,0.45,0.1,50,0.07,1,0.5856031128404666,0.08365758754863815,0.0,0.0
3322,random,degree,3351940,100,247,0.03,3,0.45,0.1,50,0.07,2,0.5355329949238579,0.09898477157360407,0.0,0.0
3323,random,degree,3352949,100,255,0.03,3,0.45,0.1,50,0.06,1,0.5294117647058821,0.07254901960784318,0.001960784313725491,0.0
3324,random,degree,3353958,100,248,0.03,3,0.45,0.1,50,0.09,1,0.6653225806451617,0.1854838709677419,0.0,0.0
3325,random,degree,3354967,100,240,0.03,3,0.45,0.1,50,0.06,1,0.6020833333333332,0.09583333333333327,0.0,0.0
3326,random,degree,3355976,100,218,0.03,3,0.45,0.1,50,0.05,1,0.6055045871559632,0.15366972477064206,0.0,0.0
3327,random,degree,3356985,100,256,0.03,3,0.45,0.1,50,0.03,0,0.6237864077669903,0.10436893203883493,0.0024271844660194177,0.0
3328,random,degree,3357994,100,252,0.03,3,0.45,0.1,50,0.03,0,0.5915841584158417,0.07425742574257424,0.002475247524752475,0.0
3329,random,degree,3359003,100,274,0.03,3,0.45,0.1,50,0.05,1,0.5237226277372266,0.0529197080291971,0.0,0.0
3330,random,degree,3360012,100,238,0.03,3,0.45,0.1,50,0.07,2,0.6428571428571426,0.18067226890756286,0.006302521008403356,0.0
3331,random,degree,3361021,100,236,0.03,3,0.45,0.1,50,0.03,0,0.6504237288135593,0.19067796610169488,0.006355932203389829,0.0
3332,random,degree,3362030,100,245,0.03,3,0.45,0.1,50,0.05,2,0.6102040816326527,0.10612244897959186,0.0,0.0
3333,random,degree,3363039,100,252,0.03,3,0.45,0.1,50,0.04,1,0.5816831683168318,0.05940594059405944,0.0,0.0
3334,random,degree,3364048,100,258,0.03,3,0.45,0.1,50,0.03,0,0.6322115384615381,0.09615384615384616,0.0,0.0
3335,random,degree,3365057,100,245,0.03,3,0.45,0.1,50,0.05,1,0.6755102040816329,0.17346938775510212,0.004081632653061226,0.0
3336,random,degree,3366066,100,241,0.03,3,0.45,0.1,50,0.04,1,0.56282722513089,0.09162303664921466,0.0,0.0
3337,random,degree,3367075,100,231,0.03,3,0.45,0.1,50,0.05,1,0.5386740331491713,0.08287292817679563,0.0,0.0
3338,random,degree,3368084,100,248,0.03,3,0.45,0.1,50,0.05,1,0.639112903225806,0.1633064516129032,0.0,0.0
3339,random,degree,3369093,100,246,0.03,3,0.45,0.1,50,0.06,1,0.5995934959349594,0.13617886178861785,0.0040650406504065045,0.0
3340,random,degree,3370102,100,246,0.03,3,0.45,0.1,50,0.06,2,0.5306122448979592,0.05612244897959182,0.0,0.0
3341,random,degree,3371111,100,224,0.03,3,0.45,0.1,50,0.04,1,0.6651785714285713,0.24107142857142858,0.026785714285714284,0.0
3342,random,degree,3372120,100,229,0.03,3,0.45,0.1,50,0.05,1,0.6484716157205238,0.08515283842794757,0.004366812227074235,0.0
3343,random,degree,3373129,100,267,0.03,3,0.45,0.1,50,0.08,2,0.54147465437788,0.05069124423963132,0.0,0.0
3344,random,degree,3374138,100,255,0.03,3,0.45,0.1,50,0.04,1,0.5941176470588236,0.10196078431372552,0.0,0.0
3345,random,degree,3375147,100,243,0.03,3,0.45,0.1,50,0.04,1,0.5864197530864195,0.11934156378600827,0.006172839506172841,0.0
3346,random,degree,3376156,100,236,0.03,3,0.45,0.1,50,0.04,1,0.6207627118644067,0.15889830508474578,0.012711864406779662,0.0
3347,random,degree,3377165,100,237,0.03,3,0.45,0.1,50,0.05,1,0.6160337552742614,0.11814345991561183,0.004219409282700421,0.0
3348,random,degree,3378174,100,217,0.03,3,0.45,0.1,50,0.05,1,0.6566820276497695,0.15207373271889404,0.018433179723502308,0.0
3349,random,degree,3379183,100,263,0.03,3,0.45,0.1,50,0.06,1,0.593896713615023,0.1173708920187793,0.0,0.0
3350,random,degree,3380192,100,267,0.03,3,0.45,0.1,50,0.06,2,0.5786516853932582,0.07677902621722843,0.007490636704119848,0.0
3351,random,degree,3381201,100,229,0.03,3,0.45,0.1,50,0.14,3,0.44759825327510927,0.050218340611353704,0.0,0.0
3352,random,degree,3382210,100,264,0.03,3,0.45,0.1,50,0.04,1,0.6331775700934583,0.10981308411214952,0.0,0.0
3353,random,degree,3383219,100,219,0.03,3,0.45,0.1,50,0.06,2,0.5913242009132424,0.1689497716894978,0.0022831050228310514,0.0
3354,random,degree,3384228,100,241,0.03,3,0.45,0.1,50,0.05,1,0.6037344398340246,0.10788381742738587,0.0020746887966804975,0.0
3355,random,degree,3385237,100,253,0.03,3,0.45,0.1,50,0.04,1,0.6106719367588935,0.07114624505928853,0.0,0.0
3356,random,degree,3386246,100,242,0.03,3,0.45,0.1,50,0.08,2,0.5729166666666664,0.09114583333333336,0.0,0.0
3357,random,degree,3387255,100,256,0.03,3,0.45,0.1,50,0.1,3,0.5332031250000004,0.07421875000000004,0.003906250000000003,0.0
3358,random,degree,3388264,100,257,0.03,3,0.45,0.1,50,0.1,3,0.5953307392996113,0.1108949416342413,0.0,0.0
3359,random,degree,3389273,100,241,0.03,3,0.45,0.1,50,0.1,2,0.5850622406639007,0.09543568464730293,0.002074688796680499,0.0
3360,random,degree,3390282,100,243,0.03,3,0.45,0.1,50,0.05,2,0.6217616580310878,0.08808290155440412,0.0,0.0
3361,random,degree,3391291,100,244,0.03,3,0.45,0.1,50,0.06,2,0.5902061855670103,0.10051546391752574,0.0,0.0
3362,random,degree,3392300,100,258,0.03,3,0.45,0.1,50,0.04,1,0.5949612403100777,0.08720930232558143,0.0019379844961240318,0.0
3363,random,degree,3393309,100,251,0.03,3,0.45,0.1,50,0.03,0,0.7213930348258707,0.21393034825870647,0.014925373134328358,0.0
3364,random,degree,3394318,100,247,0.03,3,0.45,0.1,50,0.04,1,0.6376518218623481,0.12145748987854249,0.0020242914979757085,0.0
3365,random,degree,3395327,100,239,0.03,3,0.45,0.1,50,0.05,1,0.6694560669456068,0.13389121338912138,0.008368200836820086,0.0
3366,random,degree,3396336,100,228,0.03,3,0.45,0.1,50,0.04,1,0.7039473684210524,0.19078947368421056,0.002192982456140351,0.0
3367,random,degree,3397345,100,266,0.03,3,0.45,0.1,50,0.06,2,0.5717592592592594,0.06018518518518518,0.0,0.0
3368,random,degree,3398354,100,254,0.03,3,0.45,0.1,50,0.05,1,0.6456692913385825,0.09645669291338581,0.0,0.0
3369,random,degree,3399363,100,279,0.03,3,0.45,0.1,50,0.05,2,0.5611353711790393,0.03493449781659388,0.0,0.0
3370,random,degree,3400372,100,240,0.03,3,0.45,0.1,50,0.07,1,0.5958333333333338,0.07291666666666666,0.0020833333333333333,0.0
3371,random,degree,3401381,100,235,0.03,3,0.45,0.1,50,0.07,2,0.5595744680851065,0.0872340425531915,0.0,0.0
3372,random,degree,3402390,100,254,0.03,3,0.45,0.1,50,0.03,0,0.5295275590551184,0.059055118110236234,0.0,0.0
3373,random,degree,3403399,100,242,0.03,3,0.45,0.1,50,0.07,2,0.6302083333333335,0.09635416666666666,0.0,0.0
3374,random,degree,3404408,100,275,0.03,3,0.45,0.1,50,0.03,0,0.5999999999999999,0.10666666666666669,0.0,0.0
3375,random,degree,3405417,100,263,0.03,3,0.45,0.1,50,0.05,2,0.5093896713615024,0.046948356807511735,0.0,0.0
3376,random,degree,3406426,100,230,0.03,3,0.45,0.1,50,0.06,1,0.6555555555555557,0.15833333333333338,0.0,0.0
3377,random,degree,3407435,100,239,0.03,3,0.45,0.1,50,0.06,2,0.5564853556485355,0.09623430962343091,0.00627615062761506,0.0
3378,random,degree,3408444,100,257,0.03,3,0.45,0.1,50,0.07,3,0.538647342995169,0.08454106280193234,0.0,0.0
3379,random,degree,3409453,100,246,0.03,3,0.45,0.1,50,0.06,1,0.58130081300813,0.06707317073170731,0.0,0.0
3380,random,degree,3410462,100,228,0.03,3,0.45,0.1,50,0.07,3,0.5657894736842106,0.12061403508771922,0.0043859649122807,0.0
3381,random,degree,3411471,100,226,0.03,3,0.45,0.1,50,0.06,1,0.6238938053097348,0.1305309734513274,0.004424778761061947,0.0
3382,random,degree,3412480,100,242,0.03,3,0.45,0.1,50,0.08,2,0.5702479338842974,0.09504132231404956,0.0020661157024793385,0.0
3383,random,degree,3413489,100,232,0.03,3,0.45,0.1,50,0.06,2,0.5387931034482758,0.06465517241379308,0.0,0.0
3384,random,degree,3414498,100,236,0.03,3,0.45,0.1,50,0.04,1,0.6059322033898304,0.13771186440677954,0.0021186440677966093,0.0
3385,random,degree,3415507,100,262,0.03,3,0.45,0.1,50,0.03,0,0.5471698113207545,0.0589622641509434,0.0,0.0
3386,random,degree,3416516,100,229,0.03,3,0.45,0.1,50,0.04,1,0.6033519553072623,0.10335195530726257,0.0,0.0
3387,random,degree,3417525,100,242,0.03,3,0.45,0.1,50,0.03,0,0.6536458333333335,0.18750000000000003,0.007812500000000002,0.0
3388,random,degree,3418534,100,254,0.03,3,0.45,0.1,50,0.05,1,0.6476377952755903,0.139763779527559,0.0019685039370078736,0.0
3389,random,degree,3419543,100,257,0.03,3,0.45,0.1,50,0.05,1,0.5990338164251205,0.14009661835748788,0.0,0.0
3390,random,degree,3420552,100,256,0.03,3,0.45,0.1,50,0.03,0,0.6601941747572809,0.12135922330097078,0.002427184466019416,0.0
3391,random,degree,3421561,100,220,0.03,3,0.45,0.1,50,0.03,0,0.6454545454545458,0.20454545454545467,0.009090909090909096,0.0
3392,random,degree,3422570,100,233,0.03,3,0.45,0.1,50,0.05,1,0.6366120218579231,0.2103825136612022,0.01912568306010929,0.0
3393,random,degree,3423579,100,272,0.03,3,0.45,0.1,50,0.04,1,0.5630630630630634,0.04504504504504506,0.0,0.0
3394,random,degree,3424588,100,217,0.03,3,0.45,0.1,50,0.06,2,0.6474654377880183,0.22580645161290305,0.018433179723502294,0.0
3395,random,degree,3425597,100,240,0.03,3,0.45,0.1,50,0.05,1,0.5789473684210532,0.11578947368421069,0.0,0.0
3396,random,degree,3426606,100,222,0.03,3,0.45,0.1,50,0.06,1,0.6036036036036033,0.14414414414414406,0.002252252252252251,0.0
3397,random,degree,3427615,100,252,0.03,3,0.45,0.1,50,0.04,1,0.6782178217821783,0.11386138613861387,0.0,0.0
3398,random,degree,3428624,100,241,0.03,3,0.45,0.1,50,0.06,2,0.6256544502617801,0.09947643979057592,0.0,0.0
3399,random,degree,3429633,100,261,0.03,3,0.45,0.1,50,0.04,1,0.6374407582938384,0.08056872037914689,0.0,0.0
3400,random,degree,3430642,100,221,0.03,3,0.45,0.1,50,0.06,1,0.7058823529411763,0.20814479638009045,0.00904977375565611,0.0
3401,random,degree,3431651,100,239,0.03,3,0.45,0.1,50,0.07,2,0.610878661087866,0.14644351464435157,0.0,0.0
3402,random,degree,3432660,100,251,0.03,3,0.45,0.1,50,0.1,3,0.5522388059701497,0.06467661691542297,0.0,0.0
3403,random,degree,3433669,100,222,0.03,3,0.45,0.1,50,0.05,1,0.5552325581395352,0.08430232558139536,0.0,0.0
3404,random,degree,3434678,100,230,0.03,3,0.45,0.1,50,0.06,1,0.5555555555555557,0.07499999999999998,0.0,0.0
3405,random,degree,3435687,100,244,0.03,3,0.45,0.1,50,0.04,1,0.6700819672131146,0.151639344262295,0.010245901639344262,0.004098360655737704
3406,random,degree,3436696,100,257,0.03,3,0.45,0.1,50,0.05,1,0.6225680933852139,0.12840466926070038,0.0019455252918287934,0.0
3407,random,degree,3437705,100,253,0.03,3,0.45,0.1,50,0.06,1,0.5911330049261082,0.10344827586206892,0.0,0.0
3408,random,degree,3438714,100,246,0.03,3,0.45,0.1,50,0.04,1,0.5650406504065036,0.07113821138211383,0.004065040650406505,0.0
3409,random,degree,3439723,100,251,0.03,3,0.45,0.1,50,0.05,2,0.5671641791044774,0.049751243781094516,0.0,0.0
3410,random,degree,3440732,100,276,0.03,3,0.45,0.1,50,0.07,2,0.5625000000000002,0.05113636363636368,0.0,0.0
3411,random,degree,3441741,100,249,0.03,3,0.45,0.1,50,0.03,0,0.6445783132530121,0.12248995983935738,0.006024096385542166,0.0
3412,random,degree,3442750,100,258,0.03,3,0.45,0.1,50,0.05,1,0.5673076923076925,0.10576923076923075,0.0,0.0
3413,random,degree,3443759,100,233,0.03,3,0.45,0.1,50,0.12,3,0.5136612021857926,0.05737704918032787,0.0,0.0
3414,random,degree,3444768,100,256,0.03,3,0.45,0.1,50,0.05,1,0.5533980582524276,0.07281553398058252,0.0,0.0
3415,random,degree,3445777,100,231,0.03,3,0.45,0.1,50,0.05,1,0.6270718232044196,0.17955801104972377,0.0,0.0
3416,random,degree,3446786,100,270,0.03,3,0.45,0.1,50,0.06,1,0.6166666666666664,0.09629629629629627,0.0,0.0
3417,random,degree,3447795,100,257,0.03,3,0.45,0.1,50,0.05,1,0.5724637681159416,0.0893719806763284,0.0024154589371980658,0.0
3418,random,degree,3448804,100,248,0.03,3,0.45,0.1,50,0.06,1,0.5353535353535357,0.08080808080808084,0.005050505050505053,0.0
3419,random,degree,3449813,100,262,0.03,3,0.45,0.1,50,0.04,1,0.6132075471698115,0.07783018867924531,0.0,0.0
3420,random,degree,3450822,100,266,0.03,3,0.45,0.1,50,0.04,1,0.5370370370370369,0.06481481481481478,0.0,0.0
3421,random,degree,3451831,100,262,0.03,3,0.45,0.1,50,0.07,2,0.599236641221374,0.10877862595419847,0.0038167938931297713,0.0
3422,random,degree,3452840,100,272,0.03,3,0.45,0.1,50,0.04,1,0.5743243243243243,0.09684684684684684,0.0,0.0
3423,random,degree,3453849,100,244,0.03,3,0.45,0.1,50,0.05,2,0.6004098360655735,0.12909836065573768,0.006147540983606556,0.0
3424,random,degree,3454858,100,250,0.03,3,0.45,0.1,50,0.05,1,0.5880000000000001,0.098,0.002,0.0
3425,random,degree,3455867,100,245,0.03,3,0.45,0.1,50,0.07,2,0.6538461538461539,0.1358974358974359,0.0,0.0
3426,random,degree,3456876,100,218,0.03,3,0.45,0.1,50,0.04,1,0.6815476190476191,0.2767857142857143,0.011904761904761902,0.0
3427,random,degree,3457885,100,244,0.03,3,0.45,0.1,50,0.06,2,0.6082474226804124,0.1391752577319587,0.007731958762886596,0.0
3428,random,degree,3458894,100,257,0.03,3,0.45,0.1,50,0.04,1,0.6496815286624202,0.11783439490445854,0.0,0.0
3429,random,degree,3459903,100,227,0.03,3,0.45,0.1,50,0.08,2,0.5395480225988701,0.10734463276836158,0.005649717514124294,0.0
3430,random,degree,3460912,100,223,0.03,3,0.45,0.1,50,0.11,3,0.5780346820809249,0.12716763005780354,0.0,0.0
3431,random,degree,3461921,100,257,0.03,3,0.45,0.1,50,0.04,1,0.601449275362319,0.03140096618357488,0.0,0.0
3432,random,degree,3462930,100,246,0.03,3,0.45,0.1,50,0.05,1,0.5510204081632653,0.07908163265306123,0.005102040816326531,0.0
3433,random,degree,3463939,100,241,0.03,3,0.45,0.1,50,0.03,0,0.6224066390041493,0.09958506224066392,0.0,0.0
3434,random,degree,3464948,100,271,0.03,3,0.45,0.1,50,0.04,1,0.6070110701107015,0.09409594095940962,0.0036900369003690053,0.0
3435,random,degree,3465957,100,229,0.03,3,0.45,0.1,50,0.06,1,0.6089385474860336,0.16201117318435754,0.0,0.0
3436,random,degree,3466966,100,233,0.03,3,0.45,0.1,50,0.08,1,0.5737704918032782,0.11475409836065575,0.0,0.0
3437,random,degree,3467975,100,256,0.03,3,0.45,0.1,50,0.06,1,0.5558252427184461,0.05582524271844655,0.0,0.0
3438,random,degree,3468984,100,262,0.03,3,0.45,0.1,50,0.05,1,0.5471698113207545,0.03537735849056602,0.0,0.0
3439,random,degree,3469993,100,253,0.03,3,0.45,0.1,50,0.04,1,0.5492610837438422,0.08620689655172409,0.0,0.0
3440,random,degree,3471002,100,250,0.03,3,0.45,0.1,50,0.05,1,0.6100000000000001,0.11250000000000002,0.0,0.0
3441,random,degree,3472011,100,281,0.03,3,0.45,0.1,50,0.06,2,0.5887445887445893,0.04545454545454548,0.0,0.0
3442,random,degree,3473020,100,255,0.03,3,0.45,0.1,50,0.05,1,0.6333333333333329,0.11764705882352941,0.0,0.0
3443,random,degree,3474029,100,276,0.03,3,0.45,0.1,50,0.04,1,0.5752212389380532,0.08628318584070796,0.0,0.0
3444,random,degree,3475038,100,244,0.03,3,0.45,0.1,50,0.04,1,0.6127049180327873,0.08401639344262299,0.0020491803278688534,0.0
3445,random,degree,3476047,100,231,0.03,3,0.45,0.1,50,0.09,3,0.574585635359116,0.11602209944751378,0.0,0.0
3446,random,degree,3477056,100,240,0.03,3,0.45,0.1,50,0.07,1,0.6078947368421052,0.12631578947368413,0.0,0.0
3447,random,degree,3478065,100,246,0.03,3,0.45,0.1,50,0.05,1,0.6045918367346936,0.14030612244897953,0.0,0.0
3448,random,degree,3479074,100,261,0.03,3,0.45,0.1,50,0.04,1,0.611111111111111,0.08620689655172419,0.0,0.0
3449,random,degree,3480083,100,221,0.03,3,0.45,0.1,50,0.03,0,0.649321266968326,0.18099547511312214,0.0022624434389140274,0.0
3450,random,degree,3481092,100,258,0.03,3,0.45,0.1,50,0.04,1,0.6129807692307693,0.10096153846153842,0.0,0.0
3451,random,degree,3482101,100,257,0.03,3,0.45,0.1,50,0.09,2,0.5428015564202331,0.07198443579766535,0.0,0.0
3452,random,degree,3483110,100,271,0.03,3,0.45,0.1,50,0.04,1,0.5859728506787327,0.06561085972850678,0.0,0.0
3453,random,degree,3484119,100,250,0.03,3,0.45,0.1,50,0.11,4,0.4525,0.0175,0.0,0.0
3454,random,degree,3485128,100,242,0.03,3,0.45,0.1,50,0.05,1,0.5416666666666666,0.09635416666666664,0.0,0.0
3455,random,degree,3486137,100,259,0.03,3,0.45,0.1,50,0.05,2,0.6602870813397129,0.09569377990430622,0.0,0.0
3456,random,degree,3487146,100,223,0.03,3,0.45,0.1,50,0.05,1,0.5717488789237671,0.11434977578475346,0.0022421524663677147,0.0
3457,random,degree,3488155,100,248,0.03,3,0.45,0.1,50,0.08,2,0.6209677419354839,0.10080645161290322,0.0,0.0
3458,random,degree,3489164,100,244,0.03,3,0.45,0.1,50,0.04,1,0.5942622950819677,0.10860655737704923,0.0,0.0
3459,random,degree,3490173,100,242,0.03,3,0.45,0.1,50,0.05,1,0.5859375000000002,0.08854166666666669,0.0,0.0
3460,random,degree,3491182,100,256,0.03,3,0.45,0.1,50,0.06,1,0.5410156250000003,0.03906250000000003,0.0,0.0
3461,random,degree,3492191,100,254,0.03,3,0.45,0.1,50,0.07,1,0.5196078431372548,0.05392156862745096,0.0,0.0
3462,random,degree,3493200,100,259,0.03,3,0.45,0.1,50,0.06,1,0.6351351351351351,0.14671814671814665,0.0019305019305019305,0.0
3463,random,degree,3494209,100,248,0.03,3,0.45,0.1,50,0.03,0,0.5685483870967741,0.09879032258064512,0.006048387096774191,0.0
3464,random,degree,3495218,100,245,0.03,3,0.45,0.1,50,0.03,0,0.623076923076923,0.10000000000000002,0.0,0.0
3465,random,degree,3496227,100,239,0.03,3,0.45,0.1,50,0.04,1,0.6569037656903767,0.19246861924686187,0.0,0.0
3466,random,degree,3497236,100,233,0.03,3,0.45,0.1,50,0.03,0,0.6065573770491804,0.09836065573770492,0.0,0.0
3467,random,degree,3498245,100,235,0.03,3,0.45,0.1,50,0.04,1,0.6216216216216216,0.05675675675675677,0.0,0.0
3468,random,degree,3499254,100,241,0.03,3,0.45,0.1,50,0.06,2,0.6203319502074688,0.13070539419087138,0.006224066390041494,0.0
3469,random,degree,3500263,100,247,0.03,3,0.45,0.1,50,0.04,1,0.6142131979695431,0.1852791878172588,0.0025380710659898467,0.0
3470,random,degree,3501272,100,247,0.03,3,0.45,0.1,50,0.09,2,0.5507614213197969,0.05837563451776649,0.0,0.0
3471,random,degree,3502281,100,246,0.03,3,0.45,0.1,50,0.04,1,0.5589430894308942,0.06707317073170735,0.0,0.0
3472,random,degree,3503290,100,238,0.03,3,0.45,0.1,50,0.08,2,0.5840336134453782,0.13025210084033606,0.0,0.0
3473,random,degree,3504299,100,259,0.03,3,0.45,0.1,50,0.06,1,0.552123552123552,0.06756756756756761,0.0,0.0
3474,random,degree,3505308,100,268,0.03,3,0.45,0.1,50,0.06,2,0.5466417910447761,0.035447761194029856,0.0,0.0
3475,random,degree,3506317,100,224,0.03,3,0.45,0.1,50,0.04,1,0.6724137931034483,0.20402298850574713,0.0,0.0
3476,random,degree,3507326,100,224,0.03,3,0.45,0.1,50,0.06,1,0.5660919540229883,0.07183908045977008,0.0,0.0
3477,random,degree,3508335,100,262,0.03,3,0.45,0.1,50,0.09,5,0.5229007633587784,0.05534351145038167,0.0019083969465648854,0.0
3478,random,degree,3509344,100,270,0.03,3,0.45,0.1,50,0.06,2,0.4558823529411764,0.020588235294117647,0.0,0.0
3479,random,degree,3510353,100,257,0.03,3,0.45,0.1,50,0.05,1,0.5483091787439611,0.07971014492753618,0.0,0.0
3480,random,degree,3511362,100,255,0.03,3,0.45,0.1,50,0.05,2,0.6064516129032258,0.10967741935483871,0.0,0.0
3481,random,degree,3512371,100,250,0.03,3,0.45,0.1,50,0.03,0,0.6319999999999999,0.11199999999999993,0.0,0.0
3482,random,degree,3513380,100,260,0.03,3,0.45,0.1,50,0.05,1,0.5809523809523809,0.06428571428571425,0.0,0.0
3483,random,degree,3514389,100,259,0.03,3,0.45,0.1,50,0.04,1,0.6148325358851676,0.11961722488038284,0.0,0.0
3484,random,degree,3515398,100,236,0.03,3,0.45,0.1,50,0.05,1,0.5403225806451617,0.07795698924731186,0.0,0.0
3485,random,degree,3516407,100,270,0.03,3,0.45,0.1,50,0.06,1,0.5840909090909091,0.07045454545454545,0.0022727272727272726,0.0
3486,random,degree,3517416,100,260,0.03,3,0.45,0.1,50,0.06,1,0.6019230769230767,0.08653846153846156,0.0,0.0
3487,random,degree,3518425,100,254,0.03,3,0.45,0.1,50,0.05,2,0.5710784313725491,0.07843137254901957,0.0,0.0
3488,random,degree,3519434,100,248,0.03,3,0.45,0.1,50,0.05,1,0.6108870967741933,0.060483870967741896,0.0,0.0
3489,random,degree,3520443,100,246,0.03,3,0.45,0.1,50,0.06,1,0.6505102040816325,0.17091836734693866,0.0,0.0
3490,random,degree,3521452,100,253,0.03,3,0.45,0.1,50,0.06,2,0.5711462450592889,0.11264822134387349,0.0,0.0
3491,random,degree,3522461,100,255,0.03,3,0.45,0.1,50,0.06,2,0.5024390243902438,0.024390243902439022,0.0,0.0
3492,random,degree,3523470,100,240,0.03,3,0.45,0.1,50,0.06,1,0.5973684210526309,0.08421052631578943,0.00526315789473684,0.0
3493,random,degree,3524479,100,241,0.03,3,0.45,0.1,50,0.03,0,0.6576763485477183,0.14522821576763492,0.0,0.0
3494,random,degree,3525488,100,279,0.03,3,0.45,0.1,50,0.04,1,0.552401746724891,0.039301310043668124,0.0,0.0
3495,random,degree,3526497,100,257,0.03,3,0.45,0.1,50,0.07,2,0.5914396887159533,0.10116731517509733,0.0,0.0
3496,random,degree,3527506,100,211,0.03,3,0.45,0.1,50,0.07,1,0.663507109004739,0.27251184834123227,0.007109004739336493,0.0
3497,random,degree,3528515,100,231,0.03,3,0.45,0.1,50,0.06,2,0.591160220994475,0.09944751381215469,0.0,0.0
3498,random,degree,3529524,100,263,0.03,3,0.45,0.1,50,0.08,3,0.49619771863117895,0.039923954372623596,0.0,0.0
3499,random,degree,3530533,100,222,0.03,3,0.45,0.1,50,0.04,1,0.677927927927928,0.2747747747747749,0.009009009009009014,0.0
3500,random,degree,3531542,100,234,0.03,3,0.45,0.1,50,0.06,1,0.6239316239316238,0.11324786324786325,0.0,0.0
3501,random,degree,3532551,100,258,0.03,3,0.45,0.1,50,0.04,1,0.5697674418604651,0.0949612403100775,0.0,0.0
3502,random,degree,3533560,100,234,0.03,3,0.45,0.1,50,0.04,1,0.6688034188034186,0.14957264957264954,0.004273504273504274,0.0
3503,random,degree,3534569,100,256,0.03,3,0.45,0.1,50,0.04,1,0.6165048543689325,0.09951456310679617,0.0,0.0
3504,random,degree,3535578,100,270,0.03,3,0.45,0.1,50,0.04,1,0.6022727272727273,0.1272727272727272,0.0,0.0
3505,random,degree,3536587,100,240,0.03,3,0.45,0.1,50,0.04,1,0.6526315789473682,0.1289473684210526,0.0,0.0
3506,random,degree,3537596,100,253,0.03,3,0.45,0.1,50,0.04,1,0.642292490118577,0.06521739130434784,0.001976284584980237,0.0
3507,random,degree,3538605,100,233,0.03,3,0.45,0.1,50,0.06,1,0.6051502145922745,0.09227467811158792,0.0,0.0
3508,random,degree,3539614,100,247,0.03,3,0.45,0.1,50,0.04,1,0.6598984771573604,0.1370558375634518,0.0,0.0
3509,random,degree,3540623,100,223,0.03,3,0.45,0.1,50,0.04,1,0.6098654708520178,0.1524663677130045,0.006726457399103139,0.0
3510,random,degree,3541632,100,265,0.03,3,0.45,0.1,50,0.04,1,0.641860465116279,0.1465116279069767,0.0,0.0
3511,random,degree,3542641,100,259,0.03,3,0.45,0.1,50,0.04,1,0.6315789473684216,0.06459330143540674,0.0,0.0
3512,random,degree,3543650,100,209,0.03,3,0.45,0.1,50,0.06,1,0.6363636363636362,0.145933014354067,0.004784688995215312,0.0
3513,random,degree,3544659,100,218,0.03,3,0.45,0.1,50,0.03,0,0.6696428571428573,0.16071428571428573,0.0,0.0
3514,random,degree,3545668,100,244,0.03,3,0.45,0.1,50,0.06,2,0.61340206185567,0.11340206185567009,0.0,0.0
3515,random,degree,3546677,100,256,0.03,3,0.45,0.1,50,0.05,1,0.5339805825242716,0.08495145631067957,0.002427184466019417,0.0
3516,random,degree,3547686,100,249,0.03,3,0.45,0.1,50,0.05,1,0.6084337349397592,0.08835341365461849,0.0,0.0
3517,random,degree,3548695,100,248,0.03,3,0.45,0.1,50,0.06,1,0.5927419354838712,0.058467741935483875,0.00403225806451613,0.0
3518,random,degree,3549704,100,271,0.03,3,0.45,0.1,50,0.04,1,0.6176470588235293,0.10407239819004527,0.0,0.0
3519,random,degree,3550713,100,246,0.03,3,0.45,0.1,50,0.04,1,0.6275510204081627,0.1377551020408163,0.002551020408163265,0.0
3520,random,degree,3551722,100,269,0.03,3,0.45,0.1,50,0.04,1,0.6712328767123289,0.09360730593607305,0.0,0.0
3521,random,degree,3552731,100,256,0.03,3,0.45,0.1,50,0.05,1,0.6185897435897434,0.11538461538461542,0.0,0.0
3522,random,degree,3553740,100,232,0.03,3,0.45,0.1,50,0.03,0,0.5686813186813193,0.11263736263736278,0.002747252747252751,0.0
3523,random,degree,3554749,100,246,0.03,3,0.45,0.1,50,0.05,1,0.673469387755102,0.1683673469387755,0.0,0.0
3524,random,degree,3555758,100,246,0.03,3,0.45,0.1,50,0.05,1,0.6403061224489794,0.11989795918367346,0.0,0.0
3525,random,degree,3556767,100,254,0.03,3,0.45,0.1,50,0.04,1,0.5984251968503935,0.10039370078740155,0.0,0.0
3526,random,degree,3557776,100,239,0.03,3,0.45,0.1,50,0.08,2,0.5925925925925926,0.08994708994708991,0.0026455026455026445,0.0
3527,random,degree,3558785,100,255,0.03,3,0.45,0.1,50,0.06,1,0.6450980392156865,0.10588235294117654,0.0,0.0
3528,random,degree,3559794,100,257,0.03,3,0.45,0.1,50,0.06,2,0.5817120622568093,0.09727626459143966,0.0,0.0
3529,random,degree,3560803,100,241,0.03,3,0.45,0.1,50,0.03,0,0.6141078838174273,0.1224066390041493,0.01037344398340249,0.0
3530,random,degree,3561812,100,243,0.03,3,0.45,0.1,50,0.04,1,0.5673575129533678,0.08290155440414504,0.0,0.0
3531,random,degree,3562821,100,242,0.03,3,0.45,0.1,50,0.05,1,0.5598958333333334,0.09895833333333331,0.0,0.0
3532,random,degree,3563830,100,261,0.03,3,0.45,0.1,50,0.04,1,0.6436781609195406,0.1494252873563219,0.0019157088122605372,0.0
3533,random,degree,3564839,100,240,0.03,3,0.45,0.1,50,0.07,3,0.5750000000000002,0.10625000000000002,0.0,0.0
3534,random,degree,3565848,100,243,0.03,3,0.45,0.1,50,0.06,1,0.6139896373056997,0.12435233160621761,0.0,0.0
3535,random,degree,3566857,100,251,0.03,3,0.45,0.1,50,0.04,1,0.6268656716417911,0.1442786069651742,0.0,0.0
3536,random,degree,3567866,100,262,0.03,3,0.45,0.1,50,0.04,1,0.6155660377358488,0.09669811320754712,0.0,0.0
3537,random,degree,3568875,100,246,0.03,3,0.45,0.1,50,0.07,1,0.5731707317073169,0.10569105691056911,0.006097560975609756,0.0
3538,random,degree,3569884,100,247,0.03,3,0.45,0.1,50,0.07,1,0.6072874493927126,0.1497975708502024,0.0020242914979757085,0.0
3539,random,degree,3570893,100,274,0.03,3,0.45,0.1,50,0.04,1,0.5143678160919541,0.028735632183908046,0.0,0.0
3540,random,degree,3571902,100,232,0.03,3,0.45,0.1,50,0.07,2,0.5948275862068964,0.08836206896551725,0.0,0.0
3541,random,degree,3572911,100,256,0.03,3,0.45,0.1,50,0.06,2,0.6116504854368929,0.16019417475728157,0.0,0.0
3542,random,degree,3573920,100,241,0.03,3,0.45,0.1,50,0.1,3,0.5746887966804979,0.07468879668049792,0.0,0.0
3543,random,degree,3574929,100,203,0.03,3,0.45,0.1,50,0.07,1,0.650326797385621,0.17320261437908502,0.006535947712418304,0.0
3544,random,degree,3575938,100,234,0.03,3,0.45,0.1,50,0.12,4,0.5491452991452992,0.10897435897435898,0.00641025641025641,0.0
3545,random,degree,3576947,100,246,0.03,3,0.45,0.1,50,0.04,1,0.5331632653061222,0.08418367346938774,0.0,0.0
3546,random,degree,3577956,100,235,0.03,3,0.45,0.1,50,0.07,2,0.5891891891891892,0.06216216216216215,0.0,0.0
3547,random,degree,3578965,100,233,0.03,3,0.45,0.1,50,0.08,2,0.5622317596566524,0.10515021459227467,0.0021459227467811154,0.0
3548,random,degree,3579974,100,241,0.03,3,0.45,0.1,50,0.08,2,0.5477178423236513,0.05809128630705397,0.0,0.0
3549,random,degree,3580983,100,244,0.03,3,0.45,0.1,50,0.03,0,0.6229508196721311,0.1024590163934426,0.002049180327868852,0.0
3550,random,degree,3581992,100,250,0.03,3,0.45,0.1,50,0.04,1,0.6699999999999999,0.14599999999999996,0.003999999999999998,0.0
3551,random,degree,3583001,100,242,0.03,3,0.45,0.1,50,0.08,2,0.6171875,0.18229166666666666,0.0,0.0
3552,random,degree,3584010,100,256,0.03,3,0.45,0.1,50,0.04,1,0.6152343749999997,0.08203124999999999,0.0,0.0
3553,random,degree,3585019,100,238,0.03,3,0.45,0.1,50,0.06,2,0.5930851063829786,0.11170212765957448,0.0,0.0
3554,random,degree,3586028,100,249,0.03,3,0.45,0.1,50,0.06,3,0.6306532663316581,0.09045226130653265,0.0,0.0
3555,random,degree,3587037,100,232,0.03,3,0.45,0.1,50,0.04,1,0.6043956043956041,0.14835164835164835,0.0,0.0
3556,random,degree,3588046,100,264,0.03,3,0.45,0.1,50,0.04,1,0.5841121495327101,0.07943925233644857,0.0,0.0
3557,random,degree,3589055,100,233,0.03,3,0.45,0.1,50,0.05,1,0.6223175965665236,0.10085836909871247,0.0021459227467811167,0.0
3558,random,degree,3590064,100,270,0.03,3,0.45,0.1,50,0.07,2,0.5136363636363641,0.040909090909090944,0.0,0.0
3559,random,degree,3591073,100,262,0.03,3,0.45,0.1,50,0.06,2,0.6132075471698112,0.08726415094339622,0.0,0.0
3560,random,degree,3592082,100,262,0.03,3,0.45,0.1,50,0.03,0,0.7251908396946561,0.17938931297709926,0.007633587786259542,0.0
3561,random,degree,3593091,100,239,0.03,3,0.45,0.1,50,0.05,1,0.6380753138075314,0.15899581589958162,0.0020920502092050216,0.0
3562,random,degree,3594100,100,238,0.03,3,0.45,0.1,50,0.12,3,0.5462184873949582,0.04621848739495799,0.0,0.0
3563,random,degree,3595109,100,256,0.03,3,0.45,0.1,50,0.05,1,0.6286407766990292,0.1213592233009709,0.0,0.0
3564,random,degree,3596118,100,250,0.03,3,0.45,0.1,50,0.06,1,0.6340000000000001,0.18,0.0,0.0
3565,random,degree,3597127,100,243,0.03,3,0.45,0.1,50,0.07,1,0.6028806584362141,0.09670781893004111,0.004115226337448558,0.0
3566,random,degree,3598136,100,252,0.03,3,0.45,0.1,50,0.06,1,0.6150793650793651,0.11706349206349204,0.0,0.0
3567,random,degree,3599145,100,230,0.03,3,0.45,0.1,50,0.05,1,0.6239130434782609,0.16304347826086962,0.008695652173913045,0.0
3568,random,degree,3600154,100,243,0.03,3,0.45,0.1,50,0.03,0,0.60082304526749,0.11728395061728399,0.0,0.0
3569,random,degree,3601163,100,276,0.03,3,0.45,0.1,50,0.06,2,0.528761061946903,0.017699115044247794,0.0,0.0
3570,random,degree,3602172,100,239,0.03,3,0.45,0.1,50,0.05,1,0.5962343096234307,0.16317991631799159,0.004184100418410041,0.0
3571,random,degree,3603181,100,277,0.03,3,0.45,0.1,50,0.04,1,0.5286343612334804,0.05726872246696037,0.0,0.0
3572,random,degree,3604190,100,224,0.03,3,0.45,0.1,50,0.03,0,0.6763392857142856,0.20089285714285707,0.015624999999999993,0.0
3573,random,degree,3605199,100,240,0.03,3,0.45,0.1,50,0.06,1,0.5894736842105261,0.08421052631578946,0.0,0.0
3574,random,degree,3606208,100,254,0.03,3,0.45,0.1,50,0.03,0,0.6446078431372547,0.15686274509803919,0.0,0.0
3575,random,degree,3607217,100,277,0.03,3,0.45,0.1,50,0.06,1,0.5704845814977975,0.12555066079295146,0.0,0.0
3576,random,degree,3608226,100,266,0.03,3,0.45,0.1,50,0.06,1,0.5578703703703701,0.06249999999999996,0.0,0.0
3577,random,degree,3609235,100,224,0.03,3,0.45,0.1,50,0.05,1,0.5775862068965519,0.06034482758620693,0.0,0.0
3578,random,degree,3610244,100,238,0.03,3,0.45,0.1,50,0.09,2,0.5777310924369746,0.10084033613445381,0.0021008403361344546,0.0
3579,random,degree,3611253,100,251,0.03,3,0.45,0.1,50,0.06,1,0.5621890547263679,0.07213930348258701,0.0,0.0
3580,random,degree,3612262,100,262,0.03,3,0.45,0.1,50,0.03,0,0.6679389312977101,0.07824427480916028,0.003816793893129771,0.0
3581,random,degree,3613271,100,242,0.03,3,0.45,0.1,50,0.07,1,0.6302083333333337,0.18489583333333343,0.0,0.0
3582,random,degree,3614280,100,248,0.03,3,0.45,0.1,50,0.05,1,0.6464646464646467,0.16161616161616169,0.0,0.0
3583,random,degree,3615289,100,227,0.03,3,0.45,0.1,50,0.08,1,0.528248587570621,0.07062146892655365,0.0,0.0
3584,random,degree,3616298,100,245,0.03,3,0.45,0.1,50,0.05,1,0.5820512820512823,0.1256410256410257,0.00512820512820513,0.0
3585,random,degree,3617307,100,232,0.03,3,0.45,0.1,50,0.09,1,0.5366379310344827,0.08189655172413793,0.004310344827586207,0.0
3586,random,degree,3618316,100,249,0.03,3,0.45,0.1,50,0.07,1,0.5963855421686747,0.04819277108433735,0.0,0.0
3587,random,degree,3619325,100,252,0.03,3,0.45,0.1,50,0.06,1,0.5972222222222223,0.10912698412698413,0.0,0.0
3588,random,degree,3620334,100,254,0.03,3,0.45,0.1,50,0.04,1,0.6732283464566928,0.11417322834645671,0.0,0.0
3589,random,degree,3621343,100,263,0.03,3,0.45,0.1,50,0.08,2,0.5774647887323938,0.11032863849765252,0.0,0.0
3590,random,degree,3622352,100,211,0.03,3,0.45,0.1,50,0.08,2,0.5971563981042657,0.1137440758293839,0.0,0.0
3591,random,degree,3623361,100,253,0.03,3,0.45,0.1,50,0.04,1,0.634387351778656,0.1343873517786561,0.0,0.0
3592,random,degree,3624370,100,239,0.03,3,0.45,0.1,50,0.04,1,0.6464435146443517,0.20083682008368192,0.006276150627615062,0.0
3593,random,degree,3625379,100,257,0.03,3,0.45,0.1,50,0.06,2,0.5894941634241246,0.08949416342412451,0.0,0.0
3594,random,degree,3626388,100,233,0.03,3,0.45,0.1,50,0.05,2,0.6716738197424894,0.1587982832618026,0.004291845493562232,0.0
3595,random,degree,3627397,100,228,0.03,3,0.45,0.1,50,0.04,1,0.6425438596491228,0.1425438596491227,0.0021929824561403503,0.0
3596,random,degree,3628406,100,275,0.03,3,0.45,0.1,50,0.04,1,0.6088888888888888,0.08444444444444439,0.0,0.0
3597,random,degree,3629415,100,264,0.03,3,0.45,0.1,50,0.04,1,0.5607476635514017,0.044392523364485965,0.0,0.0
3598,random,degree,3630424,100,248,0.03,3,0.45,0.1,50,0.05,2,0.5665322580645159,0.07661290322580643,0.006048387096774192,0.0
3599,random,degree,3631433,100,269,0.03,3,0.45,0.1,50,0.05,1,0.6319702602230486,0.11710037174721188,0.0,0.0
3600,random,degree,3632442,100,244,0.03,3,0.45,0.1,50,0.05,1,0.5635245901639345,0.09836065573770496,0.0,0.0
3601,random,degree,3633451,100,277,0.03,3,0.45,0.1,50,0.08,2,0.517621145374449,0.011013215859030832,0.0,0.0
3602,random,degree,3634460,100,255,0.03,3,0.45,0.1,50,0.05,1,0.5804878048780489,0.05853658536585366,0.0,0.0
3603,random,degree,3635469,100,265,0.03,3,0.45,0.1,50,0.07,2,0.551162790697674,0.06511627906976741,0.0,0.0
3604,random,degree,3636478,100,245,0.03,3,0.45,0.1,50,0.06,1,0.6102564102564103,0.08205128205128202,0.0,0.0
3605,random,degree,3637487,100,248,0.03,3,0.45,0.1,50,0.06,3,0.5227272727272722,0.09848484848484837,0.0,0.0
3606,random,degree,3638496,100,261,0.03,3,0.45,0.1,50,0.05,1,0.6469194312796208,0.1018957345971564,0.0,0.0
3607,random,degree,3639505,100,241,0.03,3,0.45,0.1,50,0.04,1,0.6348547717842327,0.12033195020746894,0.0020746887966804984,0.0
3608,random,degree,3640514,100,265,0.03,3,0.45,0.1,50,0.03,0,0.6279069767441863,0.10232558139534888,0.0,0.0
3609,random,degree,3641523,100,260,0.03,3,0.45,0.1,50,0.05,1,0.5261904761904763,0.04523809523809524,0.0,0.0
3610,random,degree,3642532,100,262,0.03,3,0.45,0.1,50,0.05,1,0.6412213740458015,0.08778625954198467,0.0,0.0
3611,random,degree,3643541,100,254,0.03,3,0.45,0.1,50,0.07,2,0.6127450980392156,0.15686274509803927,0.0,0.0
3612,random,degree,3644550,100,273,0.03,3,0.45,0.1,50,0.05,1,0.4573991031390134,0.03811659192825111,0.0,0.0
3613,random,degree,3645559,100,232,0.03,3,0.45,0.1,50,0.06,1,0.6675824175824177,0.16483516483516494,0.0,0.0
3614,random,degree,3646568,100,249,0.03,3,0.45,0.1,50,0.09,3,0.5522088353413659,0.058232931726907626,0.0,0.0
3615,random,degree,3647577,100,252,0.03,3,0.45,0.1,50,0.07,1,0.5841584158415839,0.06683168316831681,0.0,0.0
3616,random,degree,3648586,100,250,0.03,3,0.45,0.1,50,0.07,2,0.6024999999999997,0.08500000000000002,0.0,0.0
3617,random,degree,3649595,100,236,0.03,3,0.45,0.1,50,0.04,1,0.6236559139784945,0.13440860215053768,0.0,0.0
3618,random,degree,3650604,100,246,0.03,3,0.45,0.1,50,0.06,2,0.6479591836734693,0.13775510204081629,0.0,0.0
3619,random,degree,3651613,100,229,0.03,3,0.45,0.1,50,0.1,1,0.5530726256983238,0.11173184357541896,0.0,0.0
3620,random,degree,3652622,100,243,0.03,3,0.45,0.1,50,0.04,1,0.5843621399176955,0.06378600823045265,0.0,0.0
3621,random,degree,3653631,100,241,0.03,3,0.45,0.1,50,0.1,2,0.48952879581151826,0.06020942408376961,0.0,0.0
3622,random,degree,3654640,100,246,0.03,3,0.45,0.1,50,0.04,1,0.6836734693877551,0.21428571428571427,0.007653061224489795,0.0
3623,random,degree,3655649,100,224,0.03,3,0.45,0.1,50,0.08,3,0.5982142857142856,0.14732142857142858,0.004464285714285713,0.0
3624,random,degree,3656658,100,271,0.03,3,0.45,0.1,50,0.06,1,0.5774907749077495,0.06088560885608858,0.0,0.0
3625,random,degree,3657667,100,246,0.03,3,0.45,0.1,50,0.13,4,0.46341463414634165,0.05894308943089435,0.0020325203252032535,0.0
3626,random,degree,3658676,100,264,0.03,3,0.45,0.1,50,0.03,0,0.5794392523364489,0.08644859813084112,0.0,0.0
3627,random,degree,3659685,100,259,0.03,3,0.45,0.1,50,0.09,2,0.5406698564593301,0.03349282296650717,0.0,0.0
3628,random,degree,3660694,100,255,0.03,3,0.45,0.1,50,0.05,1,0.6951219512195119,0.17073170731707313,0.0,0.0
3629,random,degree,3661703,100,260,0.03,3,0.45,0.1,50,0.06,2,0.5714285714285711,0.035714285714285705,0.0,0.0
3630,random,degree,3662712,100,236,0.03,3,0.45,0.1,50,0.12,2,0.4915254237288134,0.07203389830508475,0.00211864406779661,0.0
3631,random,degree,3663721,100,267,0.03,3,0.45,0.1,50,0.08,2,0.4700460829493089,0.020737327188940093,0.0,0.0
3632,random,degree,3664730,100,248,0.03,3,0.45,0.1,50,0.07,2,0.5732323232323233,0.09343434343434344,0.0,0.0
3633,random,degree,3665739,100,231,0.03,3,0.45,0.1,50,0.09,2,0.5476190476190479,0.09740259740259746,0.0,0.0
3634,random,degree,3666748,100,267,0.03,3,0.45,0.1,50,0.06,2,0.6235955056179778,0.08801498127340825,0.003745318352059927,0.0
3635,random,degree,3667757,100,261,0.03,3,0.45,0.1,50,0.03,0,0.6302681992337164,0.12260536398467431,0.0,0.0
3636,random,degree,3668766,100,298,0.03,3,0.45,0.1,50,0.04,1,0.6526845637583893,0.1040268456375839,0.0,0.0
3637,random,degree,3669775,100,245,0.03,3,0.45,0.1,50,0.06,1,0.644897959183674,0.15714285714285722,0.0,0.0
3638,random,degree,3670784,100,233,0.03,3,0.45,0.1,50,0.04,1,0.5922746781115881,0.09442060085836912,0.004291845493562233,0.0
3639,random,degree,3671793,100,240,0.03,3,0.45,0.1,50,0.06,1,0.6104166666666666,0.09375000000000001,0.0,0.0
3640,random,degree,3672802,100,240,0.03,3,0.45,0.1,50,0.08,2,0.5354166666666668,0.08333333333333341,0.0,0.0
3641,random,degree,3673811,100,280,0.03,3,0.45,0.1,50,0.04,1,0.5739130434782608,0.030434782608695674,0.0,0.0
3642,random,degree,3674820,100,252,0.03,3,0.45,0.1,50,0.04,1,0.5915841584158414,0.11138613861386139,0.002475247524752475,0.0
3643,random,degree,3675829,100,232,0.03,3,0.45,0.1,50,0.06,2,0.5818965517241378,0.09913793103448275,0.004310344827586207,0.0
3644,random,degree,3676838,100,244,0.03,3,0.45,0.1,50,0.04,1,0.5927835051546386,0.13402061855670094,0.0025773195876288646,0.0
3645,random,degree,3677847,100,261,0.03,3,0.45,0.1,50,0.08,2,0.5402843601895734,0.0663507109004739,0.0023696682464454965,0.0
3646,random,degree,3678856,100,247,0.03,3,0.45,0.1,50,0.05,1,0.5532994923857876,0.04314720812182748,0.0,0.0
3647,random,degree,3679865,100,259,0.03,3,0.45,0.1,50,0.05,1,0.6076555023923447,0.0813397129186603,0.0,0.0
3648,random,degree,3680874,100,213,0.03,3,0.45,0.1,50,0.1,2,0.5516431924882632,0.08920187793427233,0.004694835680751175,0.0
3649,random,degree,3681883,100,256,0.03,3,0.45,0.1,50,0.04,1,0.5922330097087376,0.11893203883495136,0.0,0.0
3650,random,degree,3682892,100,258,0.03,3,0.45,0.1,50,0.05,1,0.5360576923076928,0.07451923076923087,0.0,0.0
3651,random,degree,3683901,100,238,0.03,3,0.45,0.1,50,0.05,1,0.6037234042553191,0.10638297872340426,0.002659574468085106,0.0
3652,random,degree,3684910,100,240,0.03,3,0.45,0.1,50,0.08,2,0.6342105263157892,0.12631578947368421,0.0,0.0
3653,random,degree,3685919,100,229,0.03,3,0.45,0.1,50,0.06,1,0.5917030567685592,0.16375545851528386,0.013100436681222707,0.0
3654,random,degree,3686928,100,270,0.03,3,0.45,0.1,50,0.04,1,0.5954545454545455,0.1068181818181818,0.002272727272727272,0.0
3655,random,degree,3687937,100,223,0.03,3,0.45,0.1,50,0.07,2,0.6255605381165921,0.18385650224215253,0.01121076233183857,0.0
3656,random,degree,3688946,100,260,0.03,3,0.45,0.1,50,0.05,1,0.5333333333333333,0.07142857142857147,0.0,0.0
3657,random,degree,3689955,100,259,0.03,3,0.45,0.1,50,0.08,2,0.4904306220095689,0.08133971291866023,0.0,0.0
3658,random,degree,3690964,100,242,0.03,3,0.45,0.1,50,0.09,2,0.590909090909091,0.08471074380165289,0.0,0.0
3659,random,degree,3691973,100,257,0.03,3,0.45,0.1,50,0.04,1,0.6789883268482491,0.1361867704280156,0.0,0.0
3660,random,degree,3692982,100,231,0.03,3,0.45,0.1,50,0.1,2,0.5055248618784531,0.0828729281767956,0.0,0.0
3661,random,degree,3693991,100,246,0.03,3,0.45,0.1,50,0.04,1,0.5582191780821919,0.06164383561643832,0.0,0.0
3662,random,degree,3695000,100,277,0.03,3,0.45,0.1,50,0.06,2,0.5169491525423731,0.042372881355932215,0.0,0.0
3663,random,degree,3696009,100,268,0.03,3,0.45,0.1,50,0.03,0,0.6513761467889908,0.11467889908256886,0.0,0.0
3664,random,degree,3697018,100,235,0.03,3,0.45,0.1,50,0.03,0,0.62972972972973,0.12432432432432439,0.0,0.0
3665,random,degree,3698027,100,249,0.03,3,0.45,0.1,50,0.05,1,0.5678391959798996,0.13316582914572864,0.0,0.0
3666,random,degree,3699036,100,261,0.03,3,0.45,0.1,50,0.07,3,0.571090047393365,0.05924170616113745,0.0,0.0
3667,random,degree,3700045,100,246,0.03,3,0.45,0.1,50,0.05,2,0.6727642276422762,0.1727642276422763,0.010162601626016255,0.0
3668,random,degree,3701054,100,246,0.03,3,0.45,0.1,50,0.04,1,0.6504065040650402,0.1443089430894307,0.0,0.0
3669,random,degree,3702063,100,254,0.03,3,0.45,0.1,50,0.04,1,0.5980392156862744,0.09558823529411764,0.0024509803921568623,0.0
3670,random,degree,3703072,100,225,0.03,3,0.45,0.1,50,0.15,6,0.47714285714285715,0.0914285714285714,0.0028571428571428563,0.0
3671,random,degree,3704081,100,260,0.03,3,0.45,0.1,50,0.07,2,0.594230769230769,0.12115384615384615,0.001923076923076923,0.0
3672,random,degree,3705090,100,247,0.03,3,0.45,0.1,50,0.05,1,0.5964467005076142,0.09898477157360407,0.0,0.0
3673,random,degree,3706099,100,235,0.03,3,0.45,0.1,50,0.1,5,0.551351351351351,0.07297297297297296,0.0,0.0
3674,random,degree,3707108,100,272,0.03,3,0.45,0.1,50,0.08,2,0.5990990990990993,0.09234234234234244,0.0,0.0
3675,random,degree,3708117,100,243,0.03,3,0.45,0.1,50,0.07,2,0.4790209790209789,0.10489510489510485,0.0,0.0
3676,random,degree,3709126,100,222,0.03,3,0.45,0.1,50,0.05,1,0.5968468468468467,0.16441441441441437,0.006756756756756755,0.0
3677,random,degree,3710135,100,257,0.03,3,0.45,0.1,50,0.05,1,0.5286624203821654,0.07006369426751595,0.0031847133757961785,0.0
3678,random,degree,3711144,100,256,0.03,3,0.45,0.1,50,0.04,1,0.6328125000000001,0.09765625000000001,0.0,0.0
3679,random,degree,3712153,100,261,0.03,3,0.45,0.1,50,0.04,1,0.6180124223602482,0.07142857142857147,0.0,0.0
3680,random,degree,3713162,100,239,0.03,3,0.45,0.1,50,0.05,1,0.6004184100418408,0.07740585774058573,0.00209205020920502,0.0
3681,random,degree,3714171,100,232,0.03,3,0.45,0.1,50,0.03,0,0.6443965517241375,0.12284482758620681,0.002155172413793102,0.0
3682,random,degree,3715180,100,263,0.03,3,0.45,0.1,50,0.05,1,0.5586854460093896,0.10798122065727697,0.0,0.0
3683,random,degree,3716189,100,240,0.03,3,0.45,0.1,50,0.06,3,0.6131578947368425,0.1157894736842105,0.002631578947368421,0.0
3684,random,degree,3717198,100,278,0.03,3,0.45,0.1,50,0.06,1,0.5328947368421054,0.07236842105263158,0.0,0.0
3685,random,degree,3718207,100,250,0.03,3,0.45,0.1,50,0.07,2,0.5275000000000001,0.04749999999999999,0.0,0.0
3686,random,degree,3719216,100,261,0.03,3,0.45,0.1,50,0.06,2,0.5555555555555554,0.08812260536398467,0.003831417624521073,0.0
3687,random,degree,3720225,100,234,0.03,3,0.45,0.1,50,0.04,1,0.6548913043478256,0.1467391304347826,0.002717391304347826,0.0
3688,random,degree,3721234,100,245,0.03,3,0.45,0.1,50,0.03,0,0.6632653061224489,0.21428571428571436,0.012244897959183678,0.0
3689,random,degree,3722243,100,276,0.03,3,0.45,0.1,50,0.04,1,0.6039823008849556,0.055309734513274325,0.0,0.0
3690,random,degree,3723252,100,243,0.03,3,0.45,0.1,50,0.07,3,0.5647668393782381,0.13212435233160622,0.0025906735751295338,0.0
3691,random,degree,3724261,100,224,0.03,3,0.45,0.1,50,0.05,1,0.5535714285714285,0.14285714285714277,0.008928571428571426,0.0
3692,random,degree,3725270,100,267,0.03,3,0.45,0.1,50,0.07,2,0.5622119815668204,0.05760368663594471,0.002304147465437788,0.0
3693,random,degree,3726279,100,242,0.03,3,0.45,0.1,50,0.04,1,0.5847107438016527,0.08264462809917354,0.0,0.0
3694,random,degree,3727288,100,231,0.03,3,0.45,0.1,50,0.06,2,0.6212121212121213,0.10822510822510822,0.0021645021645021654,0.0
3695,random,degree,3728297,100,240,0.03,3,0.45,0.1,50,0.05,1,0.6289473684210526,0.07894736842105263,0.0,0.0
3696,random,degree,3729306,100,249,0.03,3,0.45,0.1,50,0.04,1,0.565326633165829,0.04020100502512563,0.0,0.0
3697,random,degree,3730315,100,240,0.03,3,0.45,0.1,50,0.06,2,0.6210526315789475,0.14210526315789476,0.0,0.0
3698,random,degree,3731324,100,229,0.03,3,0.45,0.1,50,0.03,0,0.6927374301675978,0.18156424581005587,0.002793296089385475,0.0
3699,random,degree,3732333,100,274,0.03,3,0.45,0.1,50,0.03,0,0.5937500000000004,0.13839285714285723,0.0022321428571428583,0.0
3700,random,degree,3733342,100,230,0.03,3,0.45,0.1,50,0.03,0,0.5777777777777774,0.11666666666666663,0.005555555555555553,0.0
3701,random,degree,3734351,100,260,0.03,3,0.45,0.1,50,0.07,1,0.5711538461538463,0.07692307692307696,0.0019230769230769243,0.0
3702,random,degree,3735360,100,240,0.03,3,0.45,0.1,50,0.04,1,0.6763157894736845,0.168421052631579,0.002631578947368422,0.0
3703,random,degree,3736369,100,262,0.03,3,0.45,0.1,50,0.03,0,0.6526717557251906,0.12022900763358775,0.007633587786259541,0.0
3704,random,degree,3737378,100,226,0.03,3,0.45,0.1,50,0.07,1,0.584070796460177,0.1504424778761062,0.01106194690265487,0.0
3705,random,degree,3738387,100,238,0.03,3,0.45,0.1,50,0.05,1,0.5664893617021279,0.05053191489361705,0.0,0.0
3706,random,degree,3739396,100,228,0.03,3,0.45,0.1,50,0.05,1,0.6228070175438599,0.1425438596491228,0.004385964912280702,0.0
3707,random,degree,3740405,100,278,0.03,3,0.45,0.1,50,0.04,1,0.598314606741573,0.0758426966292135,0.0,0.0
3708,random,degree,3741414,100,274,0.03,3,0.45,0.1,50,0.07,3,0.529017857142857,0.06473214285714285,0.0,0.0
3709,random,degree,3742423,100,267,0.03,3,0.45,0.1,50,0.03,0,0.5898617511520734,0.07373271889400915,0.0,0.0
3710,random,degree,3743432,100,243,0.03,3,0.45,0.1,50,0.05,1,0.6502057613168721,0.1378600823045267,0.010288065843621397,0.0
3711,random,degree,3744441,100,262,0.03,3,0.45,0.1,50,0.04,1,0.6335877862595419,0.10305343511450388,0.0,0.0
3712,random,degree,3745450,100,234,0.03,3,0.45,0.1,50,0.07,1,0.6153846153846155,0.12393162393162399,0.002136752136752138,0.0
3713,random,degree,3746459,100,253,0.03,3,0.45,0.1,50,0.1,4,0.5671936758893281,0.06126482213438736,0.0,0.0
3714,random,degree,3747468,100,261,0.03,3,0.45,0.1,50,0.04,1,0.6066350710900474,0.11611374407582936,0.0071090047393364926,0.0
3715,random,degree,3748477,100,245,0.03,3,0.45,0.1,50,0.06,2,0.5230769230769231,0.051282051282051266,0.0,0.0
3716,random,degree,3749486,100,253,0.03,3,0.45,0.1,50,0.03,0,0.6561264822134384,0.21936758893280636,0.00592885375494071,0.0
3717,random,degree,3750495,100,253,0.03,3,0.45,0.1,50,0.04,1,0.6428571428571426,0.10837438423645321,0.002463054187192118,0.0
3718,random,degree,3751504,100,236,0.03,3,0.45,0.1,50,0.06,1,0.5826271186440678,0.046610169491525404,0.0,0.0
3719,random,degree,3752513,100,244,0.03,3,0.45,0.1,50,0.03,0,0.6454918032786885,0.11885245901639334,0.0,0.0
3720,random,degree,3753522,100,211,0.03,3,0.45,0.1,50,0.05,1,0.6374407582938386,0.18009478672985782,0.002369668246445498,0.0
3721,random,degree,3754531,100,247,0.03,3,0.45,0.1,50,0.13,4,0.37309644670050757,0.0076142131979695426,0.0,0.0
3722,random,degree,3755540,100,245,0.03,3,0.45,0.1,50,0.07,2,0.6510204081632653,0.16122448979591833,0.002040816326530612,0.0
3723,random,degree,3756549,100,225,0.03,3,0.45,0.1,50,0.11,5,0.4866666666666669,0.07333333333333335,0.0022222222222222227,0.0
3724,random,degree,3757558,100,235,0.03,3,0.45,0.1,50,0.04,1,0.6595744680851063,0.1595744680851064,0.0,0.0
3725,random,degree,3758567,100,257,0.03,3,0.45,0.1,50,0.06,2,0.541062801932367,0.03381642512077293,0.0,0.0
3726,random,degree,3759576,100,250,0.03,3,0.45,0.1,50,0.1,2,0.5,0.024999999999999998,0.0,0.0
3727,random,degree,3760585,100,264,0.03,3,0.45,0.1,50,0.12,2,0.42990654205607487,0.03037383177570094,0.0,0.0
3728,random,degree,3761594,100,219,0.03,3,0.45,0.1,50,0.05,1,0.618343195266272,0.08875739644970417,0.0,0.0
3729,random,degree,3762603,100,243,0.03,3,0.45,0.1,50,0.05,1,0.6424870466321241,0.15025906735751293,0.007772020725388598,0.0
3730,random,degree,3763612,100,262,0.03,3,0.45,0.1,50,0.05,1,0.523584905660378,0.07547169811320764,0.0,0.0
3731,random,degree,3764621,100,234,0.03,3,0.45,0.1,50,0.04,1,0.5978260869565213,0.09510869565217389,0.0,0.0
3732,random,degree,3765630,100,242,0.03,3,0.45,0.1,50,0.04,1,0.580578512396694,0.0847107438016529,0.004132231404958679,0.0
3733,random,degree,3766639,100,233,0.03,3,0.45,0.1,50,0.05,1,0.6394849785407728,0.16738197424892703,0.0,0.0
3734,random,degree,3767648,100,256,0.03,3,0.45,0.1,50,0.08,1,0.5461165048543692,0.050970873786407765,0.0024271844660194177,0.0
3735,random,degree,3768657,100,262,0.03,3,0.45,0.1,50,0.05,2,0.5849056603773581,0.08490566037735849,0.0,0.0
3736,random,degree,3769666,100,247,0.03,3,0.45,0.1,50,0.04,1,0.6234817813765187,0.11538461538461543,0.0,0.0
3737,random,degree,3770675,100,221,0.03,3,0.45,0.1,50,0.04,1,0.6923076923076923,0.21719457013574664,0.004524886877828056,0.0
3738,random,degree,3771684,100,231,0.03,3,0.45,0.1,50,0.06,1,0.607734806629834,0.07182320441988949,0.0,0.0
3739,random,degree,3772693,100,264,0.03,3,0.45,0.1,50,0.07,2,0.5909090909090906,0.09848484848484844,0.0,0.0
3740,random,degree,3773702,100,237,0.03,3,0.45,0.1,50,0.1,2,0.4812834224598934,0.0828877005347594,0.0026737967914438514,0.0
3741,random,degree,3774711,100,260,0.03,3,0.45,0.1,50,0.07,1,0.6047619047619045,0.09285714285714286,0.0,0.0
3742,random,degree,3775720,100,240,0.03,3,0.45,0.1,50,0.03,0,0.6526315789473682,0.176315789473684,0.005263157894736838,0.0
3743,random,degree,3776729,100,254,0.03,3,0.45,0.1,50,0.03,0,0.6544117647058822,0.14460784313725486,0.0,0.0
3744,random,degree,3777738,100,259,0.03,3,0.45,0.1,50,0.04,1,0.6028708133971286,0.1435406698564592,0.002392344497607654,0.0
3745,random,degree,3778747,100,255,0.03,3,0.45,0.1,50,0.09,3,0.5780487804878047,0.06585365853658537,0.0,0.0
3746,random,degree,3779756,100,247,0.03,3,0.45,0.1,50,0.05,1,0.6190476190476191,0.14625850340136054,0.0,0.0
3747,random,degree,3780765,100,239,0.03,3,0.45,0.1,50,0.06,2,0.6004184100418407,0.14853556485355626,0.002092050209205019,0.0
3748,random,degree,3781774,100,234,0.03,3,0.45,0.1,50,0.13,3,0.4782608695652176,0.0625,0.0,0.0
3749,random,degree,3782783,100,260,0.03,3,0.45,0.1,50,0.04,1,0.6333333333333335,0.08809523809523813,0.002380952380952382,0.0
3750,random,degree,3783792,100,251,0.03,3,0.45,0.1,50,0.06,2,0.5099502487562191,0.027363184079601983,0.0,0.0
3751,random,degree,3784801,100,231,0.03,3,0.45,0.1,50,0.09,2,0.5966850828729282,0.09116022099447513,0.0,0.0
3752,random,degree,3785810,100,254,0.03,3,0.45,0.1,50,0.03,0,0.6259842519685042,0.05511811023622048,0.0,0.0
3753,random,degree,3786819,100,243,0.03,3,0.45,0.1,50,0.04,1,0.5051813471502589,0.05181347150259065,0.0,0.0
3754,random,degree,3787828,100,221,0.03,3,0.45,0.1,50,0.06,1,0.5847953216374265,0.10818713450292397,0.0,0.0
3755,random,degree,3788837,100,277,0.03,3,0.45,0.1,50,0.07,1,0.5974729241877254,0.0974729241877256,0.0,0.0
3756,random,degree,3789846,100,218,0.03,3,0.45,0.1,50,0.05,1,0.5714285714285716,0.119047619047619,0.0,0.0
3757,random,degree,3790855,100,232,0.03,3,0.45,0.1,50,0.04,1,0.5862068965517244,0.08189655172413796,0.006465517241379313,0.0
3758,random,degree,3791864,100,239,0.03,3,0.45,0.1,50,0.04,1,0.6931216931216927,0.14814814814814808,0.010582010582010578,0.0
3759,random,degree,3792873,100,268,0.03,3,0.45,0.1,50,0.05,2,0.555045871559633,0.05045871559633027,0.004587155963302752,0.0
3760,random,degree,3793882,100,232,0.03,3,0.45,0.1,50,0.09,2,0.53021978021978,0.07417582417582412,0.005494505494505491,0.0
3761,random,degree,3794891,100,230,0.03,3,0.45,0.1,50,0.03,0,0.6222222222222219,0.15000000000000002,0.005555555555555557,0.0
3762,random,degree,3795900,100,246,0.03,3,0.45,0.1,50,0.03,0,0.6505102040816326,0.14030612244897964,0.0,0.0
3763,random,degree,3796909,100,250,0.03,3,0.45,0.1,50,0.06,1,0.5874999999999999,0.09999999999999999,0.0,0.0
3764,random,degree,3797918,100,257,0.03,3,0.45,0.1,50,0.04,1,0.6242038216560513,0.07324840764331217,0.0,0.0
3765,random,degree,3798927,100,280,0.03,3,0.45,0.1,50,0.05,1,0.6086956521739132,0.056521739130434796,0.0,0.0
3766,random,degree,3799936,100,260,0.03,3,0.45,0.1,50,0.05,1,0.5809523809523809,0.06904761904761902,0.0,0.0
3767,random,degree,3800945,100,244,0.03,3,0.45,0.1,50,0.08,3,0.6829896907216493,0.2577319587628867,0.005154639175257732,0.0
3768,random,degree,3801954,100,231,0.03,3,0.45,0.1,50,0.05,1,0.6558441558441555,0.12987012987012977,0.0,0.0
3769,random,degree,3802963,100,242,0.03,3,0.45,0.1,50,0.05,1,0.6822916666666666,0.1875,0.0026041666666666665,0.0
3770,random,degree,3803972,100,255,0.03,3,0.45,0.1,50,0.05,2,0.6414634146341464,0.1048780487804878,0.004878048780487804,0.0
3771,random,degree,3804981,100,265,0.03,3,0.45,0.1,50,0.1,1,0.5930232558139531,0.0930232558139534,0.0,0.0
3772,random,degree,3805990,100,238,0.03,3,0.45,0.1,50,0.04,1,0.6994680851063824,0.1941489361702127,0.007978723404255315,0.0
3773,random,degree,3806999,100,255,0.03,3,0.45,0.1,50,0.03,0,0.7039215686274511,0.19019607843137262,0.017647058823529422,0.0
3774,random,degree,3808008,100,242,0.03,3,0.45,0.1,50,0.04,1,0.6119791666666664,0.044270833333333315,0.0,0.0
3775,random,degree,3809017,100,244,0.03,3,0.45,0.1,50,0.05,1,0.5798969072164947,0.15463917525773185,0.005154639175257728,0.0
3776,random,degree,3810026,100,248,0.03,3,0.45,0.1,50,0.03,0,0.5967741935483871,0.1028225806451613,0.004032258064516129,0.0
3777,random,degree,3811035,100,244,0.03,3,0.45,0.1,50,0.04,1,0.618556701030928,0.09536082474226806,0.0,0.0
3778,random,degree,3812044,100,236,0.03,3,0.45,0.1,50,0.07,2,0.5806451612903223,0.06720430107526881,0.0,0.0
3779,random,degree,3813053,100,271,0.03,3,0.45,0.1,50,0.03,0,0.6402214022140221,0.10332103321033209,0.0,0.0
3780,random,degree,3814062,100,259,0.03,3,0.45,0.1,50,0.05,1,0.631274131274131,0.11003861003861001,0.0019305019305019305,0.0
3781,random,degree,3815071,100,230,0.03,3,0.45,0.1,50,0.06,1,0.5913043478260867,0.1326086956521738,0.0021739130434782596,0.0
3782,random,degree,3816080,100,281,0.03,3,0.45,0.1,50,0.05,1,0.5887445887445881,0.07142857142857138,0.0,0.0
3783,random,degree,3817089,100,262,0.03,3,0.45,0.1,50,0.03,0,0.5801886792452832,0.1014150943396227,0.00943396226415095,0.0
3784,random,degree,3818098,100,243,0.03,3,0.45,0.1,50,0.09,2,0.5207253886010362,0.06476683937823834,0.0,0.0
3785,random,degree,3819107,100,239,0.03,3,0.45,0.1,50,0.1,2,0.5052910052910055,0.026455026455026457,0.0,0.0
3786,random,degree,3820116,100,242,0.03,3,0.45,0.1,50,0.03,0,0.6484375,0.12760416666666666,0.0,0.0
3787,random,degree,3821125,100,270,0.03,3,0.45,0.1,50,0.03,0,0.6037037037037034,0.05555555555555554,0.0,0.0
3788,random,degree,3822134,100,249,0.03,3,0.45,0.1,50,0.03,0,0.5653266331658291,0.07286432160804017,0.0,0.0
3789,random,degree,3823143,100,244,0.03,3,0.45,0.1,50,0.05,1,0.6844262295081968,0.17622950819672137,0.0,0.0
3790,random,degree,3824152,100,241,0.03,3,0.45,0.1,50,0.05,1,0.5643153526970952,0.0767634854771784,0.0,0.0
3791,random,degree,3825161,100,239,0.03,3,0.45,0.1,50,0.06,2,0.470899470899471,0.04497354497354496,0.0,0.0
3792,random,degree,3826170,100,227,0.03,3,0.45,0.1,50,0.06,1,0.6581920903954802,0.1327683615819209,0.0,0.0
3793,random,degree,3827179,100,227,0.03,3,0.45,0.1,50,0.06,2,0.6035242290748901,0.16740088105726877,0.006607929515418503,0.0
3794,random,degree,3828188,100,269,0.03,3,0.45,0.1,50,0.04,1,0.6232876712328764,0.0821917808219178,0.0,0.0
3795,random,degree,3829197,100,255,0.03,3,0.45,0.1,50,0.03,0,0.6470588235294115,0.11568627450980389,0.003921568627450979,0.0
3796,random,degree,3830206,100,274,0.03,3,0.45,0.1,50,0.04,1,0.591240875912409,0.060218978102189784,0.0,0.0
3797,random,degree,3831215,100,247,0.03,3,0.45,0.1,50,0.04,1,0.6243654822335025,0.11928934010152281,0.0,0.0
3798,random,degree,3832224,100,240,0.03,3,0.45,0.1,50,0.05,1,0.585416666666667,0.10833333333333349,0.002083333333333336,0.0
3799,random,degree,3833233,100,228,0.03,3,0.45,0.1,50,0.03,0,0.6666666666666667,0.2061403508771931,0.006578947368421054,0.0
3800,random,degree,3834242,100,271,0.03,3,0.45,0.1,50,0.05,1,0.5977859778597788,0.09594095940959411,0.0,0.0
3801,random,degree,3835251,100,230,0.03,3,0.45,0.1,50,0.06,1,0.6166666666666666,0.08611111111111111,0.0,0.0
3802,random,degree,3836260,100,255,0.03,3,0.45,0.1,50,0.07,2,0.5829268292682925,0.10731707317073168,0.0,0.0
3803,random,degree,3837269,100,243,0.03,3,0.45,0.1,50,0.05,1,0.5829015544041453,0.06994818652849741,0.0,0.0
3804,random,degree,3838278,100,270,0.03,3,0.45,0.1,50,0.03,0,0.6227272727272729,0.13181818181818178,0.0,0.0
3805,random,degree,3839287,100,243,0.03,3,0.45,0.1,50,0.06,2,0.623456790123457,0.10493827160493831,0.0020576131687242804,0.0
3806,random,degree,3840296,100,271,0.03,3,0.45,0.1,50,0.05,1,0.52046783625731,0.06432748538011696,0.0,0.0
3807,random,degree,3841305,100,206,0.03,3,0.45,0.1,50,0.07,1,0.6359223300970875,0.17718446601941737,0.012135922330097082,0.0
3808,random,degree,3842314,100,260,0.03,3,0.45,0.1,50,0.04,1,0.6404761904761904,0.1,0.0,0.0
3809,random,degree,3843323,100,255,0.03,3,0.45,0.1,50,0.05,1,0.5585365853658539,0.043902439024390255,0.0,0.0
3810,random,degree,3844332,100,208,0.03,3,0.45,0.1,50,0.05,1,0.6730769230769227,0.26201923076923067,0.019230769230769225,0.0
3811,random,degree,3845341,100,248,0.03,3,0.45,0.1,50,0.05,1,0.5732323232323232,0.0681818181818182,0.0,0.0
3812,random,degree,3846350,100,239,0.03,3,0.45,0.1,50,0.06,1,0.6164021164021164,0.13227513227513227,0.00529100529100529,0.0
3813,random,degree,3847359,100,246,0.03,3,0.45,0.1,50,0.05,1,0.6117886178861788,0.11178861788617879,0.008130081300813006,0.0
3814,random,degree,3848368,100,248,0.03,3,0.45,0.1,50,0.05,1,0.6209677419354835,0.13104838709677408,0.004032258064516126,0.0
3815,random,degree,3849377,100,253,0.03,3,0.45,0.1,50,0.04,1,0.5731225296442685,0.10474308300395255,0.0,0.0
3816,random,degree,3850386,100,241,0.03,3,0.45,0.1,50,0.09,4,0.5366492146596857,0.09947643979057592,0.0,0.0
3817,random,degree,3851395,100,256,0.03,3,0.45,0.1,50,0.06,1,0.5728155339805826,0.055825242718446584,0.0,0.0
3818,random,degree,3852404,100,214,0.03,3,0.45,0.1,50,0.04,1,0.6822429906542056,0.1425233644859813,0.011682242990654205,0.004672897196261682
3819,random,degree,3853413,100,236,0.03,3,0.45,0.1,50,0.07,2,0.5833333333333334,0.0779569892473118,0.0,0.0
3820,random,degree,3854422,100,253,0.03,3,0.45,0.1,50,0.03,0,0.6561264822134384,0.14031620553359672,0.0,0.0
3821,random,degree,3855431,100,244,0.03,3,0.45,0.1,50,0.03,0,0.6340206185567009,0.10051546391752579,0.0,0.0
3822,random,degree,3856440,100,235,0.03,3,0.45,0.1,50,0.16,3,0.4957446808510638,0.06808510638297872,0.0,0.0
3823,random,degree,3857449,100,235,0.03,3,0.45,0.1,50,0.08,3,0.5212765957446804,0.02765957446808509,0.0,0.0
3824,random,degree,3858458,100,260,0.03,3,0.45,0.1,50,0.12,7,0.4380952380952379,0.030952380952380943,0.0,0.0
3825,random,degree,3859467,100,245,0.03,3,0.45,0.1,50,0.07,1,0.6061224489795914,0.08979591836734692,0.006122448979591834,0.0
3826,random,degree,3860476,100,246,0.03,3,0.45,0.1,50,0.03,0,0.6443089430894311,0.12804878048780483,0.0020325203252032514,0.0
3827,random,degree,3861485,100,245,0.03,3,0.45,0.1,50,0.05,1,0.5857142857142859,0.05714285714285716,0.0,0.0
3828,random,degree,3862494,100,267,0.03,3,0.45,0.1,50,0.06,2,0.5990783410138251,0.08064516129032262,0.0,0.0
3829,random,degree,3863503,100,262,0.03,3,0.45,0.1,50,0.07,2,0.6014150943396228,0.0919811320754717,0.002358490566037736,0.0
3830,random,degree,3864512,100,255,0.03,3,0.45,0.1,50,0.05,1,0.565853658536585,0.07073170731707312,0.0,0.0
3831,random,degree,3865521,100,210,0.03,3,0.45,0.1,50,0.07,2,0.5214285714285716,0.03571428571428571,0.0,0.0
3832,random,degree,3866530,100,242,0.03,3,0.45,0.1,50,0.08,1,0.6095041322314048,0.10537190082644621,0.004132231404958676,0.0
3833,random,degree,3867539,100,226,0.03,3,0.45,0.1,50,0.07,1,0.5707964601769915,0.1393805309734515,0.02433628318584073,0.0
3834,random,degree,3868548,100,276,0.03,3,0.45,0.1,50,0.05,1,0.6150442477876105,0.09955752212389382,0.0,0.0
3835,random,degree,3869557,100,228,0.03,3,0.45,0.1,50,0.07,2,0.6376404494382019,0.196629213483146,0.014044943820224712,0.0
3836,random,degree,3870566,100,250,0.03,3,0.45,0.1,50,0.08,2,0.5840000000000001,0.13,0.0020000000000000005,0.0
3837,random,degree,3871575,100,228,0.03,3,0.45,0.1,50,0.08,2,0.668859649122807,0.20614035087719298,0.008771929824561405,0.0
3838,random,degree,3872584,100,231,0.03,3,0.45,0.1,50,0.03,0,0.6574585635359116,0.16022099447513813,0.0027624309392265192,0.0
3839,random,degree,3873593,100,280,0.03,3,0.45,0.1,50,0.06,2,0.48695652173913023,0.008695652173913038,0.0,0.0
3840,random,degree,3874602,100,241,0.03,3,0.45,0.1,50,0.05,1,0.6073298429319374,0.1047120418848168,0.005235602094240839,0.0
3841,random,degree,3875611,100,240,0.03,3,0.45,0.1,50,0.09,2,0.49210526315789455,0.07105263157894735,0.0,0.0
3842,random,degree,3876620,100,241,0.03,3,0.45,0.1,50,0.1,3,0.5942408376963348,0.10209424083769629,0.0,0.0
3843,random,degree,3877629,100,266,0.03,3,0.45,0.1,50,0.05,1,0.5949074074074073,0.09259259259259256,0.0046296296296296285,0.0
3844,random,degree,3878638,100,236,0.03,3,0.45,0.1,50,0.05,1,0.6801075268817204,0.20698924731182797,0.005376344086021504,0.0
3845,random,degree,3879647,100,235,0.03,3,0.45,0.1,50,0.04,1,0.5851063829787233,0.08510638297872347,0.0,0.0
3846,random,degree,3880656,100,253,0.03,3,0.45,0.1,50,0.07,2,0.5541871921182265,0.0714285714285714,0.0,0.0
3847,random,degree,3881665,100,245,0.03,3,0.45,0.1,50,0.08,1,0.5512820512820512,0.03076923076923077,0.005128205128205128,0.0
3848,random,degree,3882674,100,257,0.03,3,0.45,0.1,50,0.09,2,0.5019455252918289,0.0700389105058366,0.0,0.0
3849,random,degree,3883683,100,255,0.03,3,0.45,0.1,50,0.06,1,0.5560975609756096,0.036585365853658534,0.0,0.0
3850,random,degree,3884692,100,237,0.03,3,0.45,0.1,50,0.06,2,0.590717299578059,0.11392405063291136,0.0021097046413502104,0.0
3851,random,degree,3885701,100,238,0.03,3,0.45,0.1,50,0.04,1,0.5585106382978722,0.055851063829787224,0.0,0.0
3852,random,degree,3886710,100,252,0.03,3,0.45,0.1,50,0.06,1,0.48267326732673277,0.0396039603960396,0.0,0.0
3853,random,degree,3887719,100,270,0.03,3,0.45,0.1,50,0.05,1,0.5685185185185189,0.03333333333333336,0.0,0.0
3854,random,degree,3888728,100,228,0.03,3,0.45,0.1,50,0.05,1,0.6644736842105268,0.17105263157894737,0.008771929824561403,0.0
3855,random,degree,3889737,100,260,0.03,3,0.45,0.1,50,0.05,1,0.6428571428571431,0.13571428571428573,0.0023809523809523816,0.0
3856,random,degree,3890746,100,252,0.03,3,0.45,0.1,50,0.06,2,0.5594059405940593,0.061881188118811915,0.0,0.0
3857,random,degree,3891755,100,222,0.03,3,0.45,0.1,50,0.03,0,0.59009009009009,0.16666666666666652,0.0,0.0
3858,random,degree,3892764,100,270,0.03,3,0.45,0.1,50,0.03,0,0.6477272727272728,0.16136363636363635,0.0022727272727272726,0.0
3859,random,degree,3893773,100,240,0.03,3,0.45,0.1,50,0.05,1,0.6026315789473685,0.09999999999999992,0.0,0.0
3860,random,degree,3894782,100,233,0.03,3,0.45,0.1,50,0.05,1,0.5772532188841204,0.0751072961373391,0.004291845493562234,0.004291845493562234
3861,random,degree,3895791,100,239,0.03,3,0.45,0.1,50,0.03,0,0.6987447698744771,0.21129707112970716,0.0062761506276150635,0.0
3862,random,degree,3896800,100,244,0.03,3,0.45,0.1,50,0.05,1,0.6288659793814433,0.15206185567010314,0.0,0.0
3863,random,degree,3897809,100,230,0.03,3,0.45,0.1,50,0.05,2,0.626086956521739,0.12608695652173912,0.010869565217391304,0.0
3864,random,degree,3898818,100,247,0.03,3,0.45,0.1,50,0.06,2,0.6153846153846154,0.10728744939271252,0.0,0.0
3865,random,degree,3899827,100,220,0.03,3,0.45,0.1,50,0.08,3,0.6588235294117647,0.2411764705882353,0.01764705882352941,0.0
3866,random,degree,3900836,100,269,0.03,3,0.45,0.1,50,0.04,1,0.5591715976331357,0.07692307692307691,0.0,0.0
3867,random,degree,3901845,100,234,0.03,3,0.45,0.1,50,0.09,2,0.5434782608695652,0.08695652173913045,0.002717391304347826,0.0
3868,random,degree,3902854,100,237,0.03,3,0.45,0.1,50,0.06,1,0.6203208556149727,0.15240641711229938,0.0026737967914438492,0.0
3869,random,degree,3903863,100,241,0.03,3,0.45,0.1,50,0.04,1,0.6618257261410787,0.13692946058091285,0.0,0.0
3870,random,degree,3904872,100,225,0.03,3,0.45,0.1,50,0.05,1,0.6114285714285715,0.13714285714285718,0.0,0.0
3871,random,degree,3905881,100,247,0.03,3,0.45,0.1,50,0.07,2,0.6192893401015229,0.11421319796954317,0.0,0.0
3872,random,degree,3906890,100,264,0.03,3,0.45,0.1,50,0.06,2,0.6448598130841126,0.11682242990654208,0.007009345794392526,0.0
3873,random,degree,3907899,100,246,0.03,3,0.45,0.1,50,0.06,1,0.5243902439024386,0.03861788617886177,0.0,0.0
3874,random,degree,3908908,100,280,0.03,3,0.45,0.1,50,0.03,0,0.591304347826087,0.05869565217391304,0.0,0.0
3875,random,degree,3909917,100,275,0.03,3,0.45,0.1,50,0.11,2,0.48545454545454547,0.045454545454545456,0.005454545454545455,0.0
3876,random,degree,3910926,100,255,0.03,3,0.45,0.1,50,0.07,1,0.6313725490196083,0.1235294117647059,0.00392156862745098,0.0
3877,random,degree,3911935,100,249,0.03,3,0.45,0.1,50,0.04,1,0.6677852348993288,0.14429530201342283,0.0,0.0
3878,random,degree,3912944,100,230,0.03,3,0.45,0.1,50,0.05,1,0.6388888888888888,0.1638888888888889,0.0,0.0
3879,random,degree,3913953,100,266,0.03,3,0.45,0.1,50,0.06,1,0.6319444444444446,0.11805555555555558,0.0023148148148148156,0.0
3880,random,degree,3914962,100,236,0.03,3,0.45,0.1,50,0.04,1,0.6075268817204298,0.1317204301075268,0.0,0.0
3881,random,degree,3915971,100,257,0.03,3,0.45,0.1,50,0.06,1,0.5724637681159421,0.03140096618357487,0.0,0.0
3882,random,degree,3916980,100,258,0.03,3,0.45,0.1,50,0.03,0,0.5639534883720925,0.07170542635658914,0.0,0.0
3883,random,degree,3917989,100,216,0.03,3,0.45,0.1,50,0.07,2,0.6666666666666669,0.24305555555555547,0.023148148148148143,0.0
3884,random,degree,3918998,100,239,0.03,3,0.45,0.1,50,0.07,2,0.5502092050209206,0.09414225941422595,0.0020920502092050207,0.0
3885,random,degree,3920007,100,249,0.03,3,0.45,0.1,50,0.06,1,0.5452261306532662,0.05025125628140701,0.0,0.0
3886,random,degree,3921016,100,253,0.03,3,0.45,0.1,50,0.04,1,0.6521739130434783,0.1264822134387352,0.0,0.0
3887,random,degree,3922025,100,269,0.03,3,0.45,0.1,50,0.06,1,0.5525114155251138,0.10730593607305934,0.0,0.0
3888,random,degree,3923034,100,213,0.03,3,0.45,0.1,50,0.06,1,0.5674846625766866,0.11656441717791402,0.0,0.0
3889,random,degree,3924043,100,265,0.03,3,0.45,0.1,50,0.06,1,0.6186046511627908,0.09069767441860467,0.0,0.0
3890,random,degree,3925052,100,263,0.03,3,0.45,0.1,50,0.06,2,0.6102661596958174,0.07984790874524715,0.0,0.0
3891,random,degree,3926061,100,241,0.03,3,0.45,0.1,50,0.04,1,0.6804979253112035,0.23236514522821577,0.014522821576763486,0.0
3892,random,degree,3927070,100,262,0.03,3,0.45,0.1,50,0.05,2,0.6068702290076334,0.11068702290076332,0.007633587786259541,0.0
3893,random,degree,3928079,100,245,0.03,3,0.45,0.1,50,0.03,0,0.6333333333333333,0.1358974358974359,0.002564102564102564,0.0
3894,random,degree,3929088,100,231,0.03,3,0.45,0.1,50,0.05,2,0.6277056277056277,0.1731601731601733,0.0043290043290043325,0.0
3895,random,degree,3930097,100,243,0.03,3,0.45,0.1,50,0.04,1,0.5518134715025906,0.08549222797927461,0.0,0.0
3896,random,degree,3931106,100,255,0.03,3,0.45,0.1,50,0.07,2,0.5097560975609756,0.08292682926829265,0.0,0.0
3897,random,degree,3932115,100,240,0.03,3,0.45,0.1,50,0.05,1,0.6052631578947368,0.12368421052631577,0.0026315789473684214,0.0
3898,random,degree,3933124,100,259,0.03,3,0.45,0.1,50,0.06,1,0.6315789473684209,0.1435406698564593,0.0,0.0
3899,random,degree,3934133,100,253,0.03,3,0.45,0.1,50,0.08,2,0.5869565217391306,0.14031620553359683,0.003952569169960473,0.0
3900,random,degree,3935142,100,219,0.03,3,0.45,0.1,50,0.04,1,0.6392694063926943,0.1917808219178083,0.004566210045662102,0.0
3901,random,degree,3936151,100,243,0.03,3,0.45,0.1,50,0.05,1,0.6088082901554407,0.08549222797927464,0.0,0.0
3902,random,degree,3937160,100,233,0.03,3,0.45,0.1,50,0.05,1,0.6030042918454939,0.12017167381974253,0.008583690987124467,0.0
3903,random,degree,3938169,100,242,0.03,3,0.45,0.1,50,0.09,2,0.6119791666666666,0.10677083333333333,0.0,0.0
3904,random,degree,3939178,100,247,0.03,3,0.45,0.1,50,0.07,1,0.5728744939271255,0.08299595141700404,0.0,0.0
3905,random,degree,3940187,100,269,0.03,3,0.45,0.1,50,0.06,2,0.6686390532544376,0.15088757396449703,0.0,0.0
3906,random,degree,3941196,100,216,0.03,3,0.45,0.1,50,0.08,2,0.6018518518518516,0.1597222222222222,0.002314814814814815,0.0
3907,random,degree,3942205,100,253,0.03,3,0.45,0.1,50,0.03,0,0.6231527093596061,0.19211822660098532,0.0049261083743842365,0.0
3908,random,degree,3943214,100,277,0.03,3,0.45,0.1,50,0.03,0,0.5903954802259882,0.10451977401129946,0.0,0.0
3909,random,degree,3944223,100,259,0.03,3,0.45,0.1,50,0.04,1,0.5463320463320464,0.10424710424710432,0.0038610038610038633,0.0
3910,random,degree,3945232,100,279,0.03,3,0.45,0.1,50,0.07,1,0.5720524017467247,0.04148471615720524,0.0021834061135371182,0.0
3911,random,degree,3946241,100,239,0.03,3,0.45,0.1,50,0.04,1,0.6485355648535566,0.12343096234309617,0.0,0.0
3912,random,degree,3947250,100,259,0.03,3,0.45,0.1,50,0.03,0,0.6061776061776062,0.10038610038610041,0.0019305019305019308,0.0
3913,random,degree,3948259,100,272,0.03,3,0.45,0.1,50,0.06,2,0.5585585585585587,0.051801801801801814,0.0,0.0
3914,random,degree,3949268,100,262,0.03,3,0.45,0.1,50,0.04,1,0.6641221374045801,0.1259541984732824,0.0,0.0
3915,random,degree,3950277,100,242,0.03,3,0.45,0.1,50,0.03,0,0.7239583333333334,0.28645833333333337,0.013020833333333337,0.0
3916,random,degree,3951286,100,245,0.03,3,0.45,0.1,50,0.04,1,0.6591836734693876,0.10612244897959185,0.01020408163265306,0.0
3917,random,degree,3952295,100,249,0.03,3,0.45,0.1,50,0.09,3,0.5702811244979924,0.058232931726907654,0.0,0.0
3918,random,degree,3953304,100,238,0.03,3,0.45,0.1,50,0.04,1,0.6090425531914891,0.11170212765957438,0.0,0.0
3919,random,degree,3954313,100,264,0.03,3,0.45,0.1,50,0.04,1,0.6495327102803736,0.15887850467289716,0.002336448598130841,0.0
3920,random,degree,3955322,100,241,0.03,3,0.45,0.1,50,0.04,1,0.6327800829875517,0.15975103734439833,0.0,0.0
3921,random,degree,3956331,100,251,0.03,3,0.45,0.1,50,0.05,1,0.6494023904382474,0.09163346613545817,0.0,0.0
3922,random,degree,3957340,100,270,0.03,3,0.45,0.1,50,0.05,1,0.5863636363636366,0.10681818181818185,0.0022727272727272735,0.0
3923,random,degree,3958349,100,251,0.03,3,0.45,0.1,50,0.04,1,0.599601593625498,0.1155378486055777,0.001992031872509961,0.0
3924,random,degree,3959358,100,264,0.03,3,0.45,0.1,50,0.04,1,0.6051401869158878,0.11448598130841121,0.0,0.0
3925,random,degree,3960367,100,261,0.03,3,0.45,0.1,50,0.05,1,0.559006211180124,0.09627329192546584,0.0,0.0
3926,random,degree,3961376,100,281,0.03,3,0.45,0.1,50,0.06,1,0.5960854092526691,0.056939501779359435,0.0,0.0
3927,random,degree,3962385,100,246,0.03,3,0.45,0.1,50,0.06,1,0.619918699186992,0.13821138211382117,0.0020325203252032522,0.0
3928,random,degree,3963394,100,270,0.03,3,0.45,0.1,50,0.06,1,0.6590909090909094,0.1590909090909092,0.0,0.0
3929,random,degree,3964403,100,238,0.03,3,0.45,0.1,50,0.08,3,0.555851063829787,0.10904255319148926,0.0,0.0
3930,random,degree,3965412,100,246,0.03,3,0.45,0.1,50,0.06,1,0.581632653061224,0.09183673469387751,0.0,0.0
3931,random,degree,3966421,100,265,0.03,3,0.45,0.1,50,0.07,3,0.6162790697674416,0.1093023255813953,0.0,0.0
3932,random,degree,3967430,100,272,0.03,3,0.45,0.1,50,0.05,1,0.5923423423423422,0.07882882882882876,0.0,0.0
3933,random,degree,3968439,100,267,0.03,3,0.45,0.1,50,0.05,1,0.6290322580645163,0.15207373271889396,0.0,0.0
3934,random,degree,3969448,100,259,0.03,3,0.45,0.1,50,0.05,1,0.6100386100386103,0.1254826254826255,0.0,0.0
3935,random,degree,3970457,100,228,0.03,3,0.45,0.1,50,0.06,1,0.6337719298245619,0.14254385964912283,0.0,0.0
3936,random,degree,3971466,100,231,0.03,3,0.45,0.1,50,0.06,1,0.5359116022099446,0.10773480662983421,0.0027624309392265192,0.0
3937,random,degree,3972475,100,254,0.03,3,0.45,0.1,50,0.04,1,0.5866141732283466,0.08464566929133858,0.0,0.0
3938,random,degree,3973484,100,235,0.03,3,0.45,0.1,50,0.07,2,0.5594594594594592,0.08648648648648648,0.0,0.0
3939,random,degree,3974493,100,251,0.03,3,0.45,0.1,50,0.05,1,0.6553784860557768,0.1235059760956175,0.0,0.0
3940,random,degree,3975502,100,212,0.03,3,0.45,0.1,50,0.03,0,0.6698113207547169,0.18396226415094338,0.01179245283018868,0.0047169811320754715
3941,random,degree,3976511,100,236,0.03,3,0.45,0.1,50,0.05,2,0.5720338983050848,0.06355932203389832,0.0,0.0
3942,random,degree,3977520,100,249,0.03,3,0.45,0.1,50,0.04,1,0.5883534136546186,0.11044176706827312,0.0020080321285140565,0.0
3943,random,degree,3978529,100,271,0.03,3,0.45,0.1,50,0.04,1,0.588235294117647,0.04977375565610858,0.0,0.0
3944,random,degree,3979538,100,253,0.03,3,0.45,0.1,50,0.04,1,0.6330049261083743,0.11576354679802954,0.0,0.0
3945,random,degree,3980547,100,241,0.03,3,0.45,0.1,50,0.08,2,0.6016597510373444,0.13485477178423244,0.0,0.0
3946,random,degree,3981556,100,213,0.03,3,0.45,0.1,50,0.05,1,0.5915492957746483,0.13380281690140844,0.004694835680751175,0.0
3947,random,degree,3982565,100,229,0.03,3,0.45,0.1,50,0.07,2,0.5218340611353709,0.08951965065502177,0.0,0.0
3948,random,degree,3983574,100,272,0.03,3,0.45,0.1,50,0.04,1,0.6636029411764706,0.14338235294117638,0.0018382352941176466,0.0
3949,random,degree,3984583,100,284,0.03,3,0.45,0.1,50,0.03,0,0.6232394366197185,0.08098591549295776,0.0,0.0
3950,random,degree,3985592,100,241,0.03,3,0.45,0.1,50,0.05,1,0.599476439790576,0.10994764397905758,0.0,0.0
3951,random,degree,3986601,100,271,0.03,3,0.45,0.1,50,0.04,1,0.590643274853801,0.08771929824561407,0.0,0.0
3952,random,degree,3987610,100,235,0.03,3,0.45,0.1,50,0.04,1,0.6574468085106381,0.2063829787234042,0.014893617021276595,0.0
3953,random,degree,3988619,100,251,0.03,3,0.45,0.1,50,0.09,1,0.609452736318408,0.1119402985074627,0.0,0.0
3954,random,degree,3989628,100,244,0.03,3,0.45,0.1,50,0.03,0,0.6331967213114755,0.13114754098360654,0.0020491803278688526,0.0
3955,random,degree,3990637,100,245,0.03,3,0.45,0.1,50,0.04,1,0.6183673469387755,0.06938775510204082,0.0020408163265306124,0.0
3956,random,degree,3991646,100,219,0.03,3,0.45,0.1,50,0.04,1,0.6598173515981732,0.1963470319634701,0.0,0.0
3957,random,degree,3992655,100,255,0.03,3,0.45,0.1,50,0.07,1,0.6146341463414635,0.10731707317073169,0.0024390243902439024,0.0
3958,random,degree,3993664,100,221,0.03,3,0.45,0.1,50,0.06,1,0.6493212669683259,0.19004524886877833,0.0067873303167420825,0.0
3959,random,degree,3994673,100,248,0.03,3,0.45,0.1,50,0.1,3,0.5806451612903225,0.1310483870967742,0.012096774193548387,0.0
3960,random,degree,3995682,100,254,0.03,3,0.45,0.1,50,0.1,3,0.5171568627450983,0.0588235294117647,0.0,0.0
3961,random,degree,3996691,100,258,0.03,3,0.45,0.1,50,0.05,1,0.6033653846153846,0.05528846153846154,0.0,0.0
3962,random,degree,3997700,100,267,0.03,3,0.45,0.1,50,0.05,1,0.5944700460829491,0.048387096774193526,0.0,0.0
3963,random,degree,3998709,100,270,0.03,3,0.45,0.1,50,0.03,0,0.6022727272727273,0.0954545454545455,0.0,0.0
3964,random,degree,3999718,100,236,0.03,3,0.45,0.1,50,0.03,0,0.5860215053763437,0.11559139784946236,0.0026881720430107525,0.0
3965,random,degree,4000727,100,247,0.03,3,0.45,0.1,50,0.09,2,0.49492385786802007,0.05837563451776648,0.0,0.0
3966,random,degree,4001736,100,239,0.03,3,0.45,0.1,50,0.07,2,0.5291005291005292,0.06084656084656083,0.0,0.0
3967,random,degree,4002745,100,250,0.03,3,0.45,0.1,50,0.05,1,0.5719999999999996,0.078,0.0,0.0
3968,random,degree,4003754,100,253,0.03,3,0.45,0.1,50,0.05,1,0.5830039525691698,0.06719367588932804,0.0059288537549407085,0.0
3969,random,degree,4004763,100,265,0.03,3,0.45,0.1,50,0.04,1,0.6209302325581394,0.11860465116279069,0.0,0.0
3970,random,degree,4005772,100,249,0.03,3,0.45,0.1,50,0.03,0,0.6180904522613063,0.10050251256281406,0.0,0.0
3971,random,degree,4006781,100,255,0.03,3,0.45,0.1,50,0.09,2,0.5450980392156863,0.0784313725490196,0.0,0.0
3972,random,degree,4007790,100,238,0.03,3,0.45,0.1,50,0.04,1,0.6260504201680672,0.1260504201680672,0.0,0.0
3973,random,degree,4008799,100,259,0.03,3,0.45,0.1,50,0.08,3,0.5765550239234448,0.11483253588516741,0.0,0.0
3974,random,degree,4009808,100,246,0.03,3,0.45,0.1,50,0.03,0,0.6428571428571427,0.11734693877551018,0.002551020408163265,0.0
3975,random,degree,4010817,100,253,0.03,3,0.45,0.1,50,0.09,3,0.5123152709359605,0.06157635467980293,0.002463054187192118,0.0
3976,random,degree,4011826,100,273,0.03,3,0.45,0.1,50,0.04,1,0.5750915750915757,0.08058608058608067,0.0,0.0
3977,random,degree,4012835,100,245,0.03,3,0.45,0.1,50,0.04,1,0.6183673469387754,0.042857142857142844,0.002040816326530612,0.0
3978,random,degree,4013844,100,280,0.03,3,0.45,0.1,50,0.03,0,0.6543478260869565,0.11304347826086958,0.0,0.0
3979,random,degree,4014853,100,250,0.03,3,0.45,0.1,50,0.04,1,0.5674999999999999,0.05000000000000001,0.0,0.0
3980,random,degree,4015862,100,247,0.03,3,0.45,0.1,50,0.07,2,0.5837563451776648,0.07614213197969537,0.0,0.0
3981,random,degree,4016871,100,247,0.03,3,0.45,0.1,50,0.04,1,0.6174089068825908,0.0991902834008097,0.0,0.0
3982,random,degree,4017880,100,270,0.03,3,0.45,0.1,50,0.03,0,0.6074074074074074,0.07592592592592597,0.0,0.0
3983,random,degree,4018889,100,253,0.03,3,0.45,0.1,50,0.05,1,0.6231527093596065,0.08620689655172417,0.0,0.0
3984,random,degree,4019898,100,230,0.03,3,0.45,0.1,50,0.04,1,0.7138888888888889,0.20277777777777778,0.0027777777777777775,0.0
3985,random,degree,4020907,100,258,0.03,3,0.45,0.1,50,0.04,1,0.5930232558139532,0.08527131782945734,0.0019379844961240308,0.0
3986,random,degree,4021916,100,249,0.03,3,0.45,0.1,50,0.06,1,0.5522088353413651,0.0542168674698795,0.0020080321285140556,0.0
3987,random,degree,4022925,100,250,0.03,3,0.45,0.1,50,0.06,1,0.6100000000000001,0.1275,0.0,0.0
3988,random,degree,4023934,100,234,0.03,3,0.45,0.1,50,0.06,2,0.6032608695652176,0.11956521739130441,0.0,0.0
3989,random,degree,4024943,100,248,0.03,3,0.45,0.1,50,0.04,1,0.6287878787878786,0.12626262626262627,0.0,0.0
3990,random,degree,4025952,100,287,0.03,3,0.45,0.1,50,0.03,0,0.5641711229946526,0.05614973262032087,0.0,0.0
3991,random,degree,4026961,100,273,0.03,3,0.45,0.1,50,0.06,1,0.5829596412556054,0.05156950672645739,0.0,0.0
3992,random,degree,4027970,100,248,0.03,3,0.45,0.1,50,0.07,1,0.6540404040404039,0.15404040404040403,0.0,0.0
3993,random,degree,4028979,100,235,0.03,3,0.45,0.1,50,0.06,1,0.5872340425531913,0.09361702127659577,0.00425531914893617,0.0
3994,random,degree,4029988,100,244,0.03,3,0.45,0.1,50,0.04,1,0.7061855670103093,0.22164948453608246,0.01288659793814433,0.0
3995,random,degree,4030997,100,245,0.03,3,0.45,0.1,50,0.05,1,0.6489795918367347,0.14489795918367349,0.004081632653061224,0.0
3996,random,degree,4032006,100,249,0.03,3,0.45,0.1,50,0.06,1,0.6285140562248996,0.1265060240963856,0.00602409638554217,0.0
3997,random,degree,4033015,100,247,0.03,3,0.45,0.1,50,0.05,1,0.5862944162436551,0.0888324873096447,0.0,0.0
3998,random,degree,4034024,100,259,0.03,3,0.45,0.1,50,0.03,0,0.5622009569377989,0.08133971291866024,0.0,0.0
3999,random,degree,4035033,100,271,0.03,3,0.45,0.1,50,0.04,1,0.5950226244343891,0.06334841628959274,0.0,0.0
4000,random,degree,4036042,100,236,0.03,3,0.45,0.1,50,0.08,2,0.6250000000000001,0.12711864406779663,0.004237288135593221,0.0
4001,scale_free,degree,4037051,100,291,0.03,3,0.45,0.1,50,0.08,2,0.17375886524822715,0.0,0.0,0.0
4002,scale_free,degree,4038060,100,291,0.03,3,0.45,0.1,50,0.15,3,0.11702127659574466,0.0,0.0,0.0
4003,scale_free,degree,4039069,100,291,0.03,3,0.45,0.1,50,0.1,2,0.17539267015706803,0.0026178010471204164,0.0,0.0
4004,scale_free,degree,4040078,100,291,0.03,3,0.45,0.1,50,0.08,1,0.22406639004149412,0.0,0.0,0.0
4005,scale_free,degree,4041087,100,291,0.03,3,0.45,0.1,50,0.15,3,0.1418439716312058,0.0,0.0,0.0
4006,scale_free,degree,4042096,100,291,0.03,3,0.45,0.1,50,0.11,1,0.10992907801418461,0.0,0.0,0.0
4007,scale_free,degree,4043105,100,291,0.03,3,0.45,0.1,50,0.1,1,0.2531120331950215,0.0,0.0,0.0
4008,scale_free,degree,4044114,100,291,0.03,3,0.45,0.1,50,0.19,5,0.08156028368794331,0.0,0.0,0.0
4009,scale_free,degree,4045123,100,291,0.03,3,0.45,0.1,50,0.19,4,0.09574468085106373,0.0,0.0,0.0
4010,scale_free,degree,4046132,100,291,0.03,3,0.45,0.1,50,0.08,1,0.2588652482269504,0.0035460992907801444,0.0,0.0
4011,scale_free,degree,4047141,100,291,0.03,3,0.45,0.1,50,0.13,2,0.08156028368794327,0.0,0.0,0.0
4012,scale_free,degree,4048150,100,291,0.03,3,0.45,0.1,50,0.17,3,0.12411347517730502,0.0,0.0,0.0
4013,scale_free,degree,4049159,100,291,0.03,3,0.45,0.1,50,0.17,2,0.17842323651452285,0.0,0.0,0.0
4014,scale_free,degree,4050168,100,291,0.03,3,0.45,0.1,50,0.08,1,0.27304964539007104,0.003546099290780145,0.0,0.0
4015,scale_free,degree,4051177,100,291,0.03,3,0.45,0.1,50,0.21,4,0.11410788381742727,0.0,0.0,0.0
4016,scale_free,degree,4052186,100,291,0.03,3,0.45,0.1,50,0.09,2,0.19087136929460577,0.004149377593360993,0.0,0.0
4017,scale_free,degree,4053195,100,291,0.03,3,0.45,0.1,50,0.15,6,0.10283687943262418,0.0,0.0,0.0
4018,scale_free,degree,4054204,100,291,0.03,3,0.45,0.1,50,0.13,2,0.09219858156028357,0.0,0.0,0.0
4019,scale_free,degree,4055213,100,291,0.03,3,0.45,0.1,50,0.06,1,0.20921985815602845,0.0,0.0,0.0
4020,scale_free,degree,4056222,100,291,0.03,3,0.45,0.1,50,0.15,4,0.07801418439716302,0.0,0.0,0.0
4021,scale_free,degree,4057231,100,291,0.03,3,0.45,0.1,50,0.19,3,0.06737588652482267,0.0,0.0,0.0
4022,scale_free,degree,4058240,100,291,0.03,3,0.45,0.1,50,0.06,1,0.16312056737588662,0.0,0.0,0.0
4023,scale_free,degree,4059249,100,291,0.03,3,0.45,0.1,50,0.1,3,0.1666666666666667,0.0,0.0,0.0
4024,scale_free,degree,4060258,100,291,0.03,3,0.45,0.1,50,0.21,4,0.06737588652482275,0.0,0.0,0.0
4025,scale_free,degree,4061267,100,291,0.03,3,0.45,0.1,50,0.07,1,0.20921985815602856,0.0,0.0,0.0
4026,scale_free,degree,4062276,100,291,0.03,3,0.45,0.1,50,0.06,1,0.21276595744680873,0.0,0.0,0.0
4027,scale_free,degree,4063285,100,291,0.03,3,0.45,0.1,50,0.12,2,0.21276595744680835,0.0,0.0,0.0
4028,scale_free,degree,4064294,100,291,0.03,3,0.45,0.1,50,0.16,3,0.07446808510638293,0.0,0.0,0.0
4029,scale_free,degree,4065303,100,291,0.03,3,0.45,0.1,50,0.08,2,0.22695035460992913,0.0,0.0,0.0
4030,scale_free,degree,4066312,100,291,0.03,3,0.45,0.1,50,0.21,4,0.1544502617801045,0.0,0.0,0.0
4031,scale_free,degree,4067321,100,291,0.03,3,0.45,0.1,50,0.1,3,0.2163120567375888,0.003546099290780143,0.0,0.0
4032,scale_free,degree,4068330,100,291,0.03,3,0.45,0.1,50,0.25,7,0.049645390070922044,0.0,0.0,0.0
4033,scale_free,degree,4069339,100,291,0.03,3,0.45,0.1,50,0.07,2,0.263485477178424,0.0,0.0,0.0
4034,scale_free,degree,4070348,100,291,0.03,3,0.45,0.1,50,0.1,2,0.17730496453900718,0.0,0.0,0.0
4035,scale_free,degree,4071357,100,291,0.03,3,0.45,0.1,50,0.09,1,0.14539007092198586,0.0,0.0,0.0
4036,scale_free,degree,4072366,100,291,0.03,3,0.45,0.1,50,0.09,2,0.12056737588652498,0.0,0.0,0.0
4037,scale_free,degree,4073375,100,291,0.03,3,0.45,0.1,50,0.14,3,0.10638297872340408,0.0,0.0,0.0
4038,scale_free,degree,4074384,100,291,0.03,3,0.45,0.1,50,0.08,2,0.18085106382978736,0.0,0.0,0.0
4039,scale_free,degree,4075393,100,291,0.03,3,0.45,0.1,50,0.11,2,0.18439716312056748,0.0,0.0,0.0
4040,scale_free,degree,4076402,100,291,0.03,3,0.45,0.1,50,0.1,2,0.1808510638297874,0.0,0.0,0.0
4041,scale_free,degree,4077411,100,291,0.03,3,0.45,0.1,50,0.1,2,0.24066390041493835,0.0,0.0,0.0
4042,scale_free,degree,4078420,100,291,0.03,3,0.45,0.1,50,0.12,2,0.2510373443983401,0.004149377593360991,0.0,0.0
4043,scale_free,degree,4079429,100,291,0.03,3,0.45,0.1,50,0.14,3,0.13612565445026162,0.0,0.0,0.0
4044,scale_free,degree,4080438,100,291,0.03,3,0.45,0.1,50,0.11,2,0.18439716312056723,0.0035460992907801396,0.0,0.0
4045,scale_free,degree,4081447,100,291,0.03,3,0.45,0.1,50,0.08,1,0.21784232365145212,0.016597510373443983,0.0,0.0
4046,scale_free,degree,4082456,100,291,0.03,3,0.45,0.1,50,0.05,1,0.26950354609929145,0.0035460992907801496,0.0,0.0
4047,scale_free,degree,4083465,100,291,0.03,3,0.45,0.1,50,0.16,2,0.18049792531120304,0.0,0.0,0.0
4048,scale_free,degree,4084474,100,291,0.03,3,0.45,0.1,50,0.19,5,0.24273858921161856,0.004149377593360999,0.0,0.0
4049,scale_free,degree,4085483,100,291,0.03,3,0.45,0.1,50,0.14,3,0.1453900709219858,0.0,0.0,0.0
4050,scale_free,degree,4086492,100,291,0.03,3,0.45,0.1,50,0.06,1,0.3112033195020745,0.004149377593360994,0.0,0.0
4051,scale_free,degree,4087501,100,291,0.03,3,0.45,0.1,50,0.09,1,0.1418439716312058,0.0,0.0,0.0
4052,scale_free,degree,4088510,100,291,0.03,3,0.45,0.1,50,0.05,1,0.30496453900709225,0.0,0.0,0.0
4053,scale_free,degree,4089519,100,291,0.03,3,0.45,0.1,50,0.12,3,0.10992907801418425,0.0,0.0,0.0
4054,scale_free,degree,4090528,100,291,0.03,3,0.45,0.1,50,0.15,2,0.17012448132780106,0.0,0.0,0.0
4055,scale_free,degree,4091537,100,291,0.03,3,0.45,0.1,50,0.17,2,0.09929078014184407,0.0,0.0,0.0
4056,scale_free,degree,4092546,100,291,0.03,3,0.45,0.1,50,0.39,9,0.021276595744680837,0.0,0.0,0.0
4057,scale_free,degree,4093555,100,291,0.03,3,0.45,0.1,50,0.09,1,0.29668049792531165,0.0,0.0,0.0
4058,scale_free,degree,4094564,100,291,0.03,3,0.45,0.1,50,0.11,2,0.18794326241134746,0.0,0.0,0.0
4059,scale_free,degree,4095573,100,291,0.03,3,0.45,0.1,50,0.14,2,0.17730496453900693,0.0,0.0,0.0
4060,scale_free,degree,4096582,100,291,0.03,3,0.45,0.1,50,0.14,2,0.08865248226950355,0.0035460992907801418,0.0,0.0
4061,scale_free,degree,4097591,100,291,0.03,3,0.45,0.1,50,0.14,2,0.22774869109947643,0.0,0.0,0.0
4062,scale_free,degree,4098600,100,291,0.03,3,0.45,0.1,50,0.13,3,0.1702127659574467,0.0,0.0,0.0
4063,scale_free,degree,4099609,100,291,0.03,3,0.45,0.1,50,0.12,3,0.23404255319148953,0.0035460992907801452,0.0,0.0
4064,scale_free,degree,4100618,100,291,0.03,3,0.45,0.1,50,0.16,4,0.074468085106383,0.0,0.0,0.0
4065,scale_free,degree,4101627,100,291,0.03,3,0.45,0.1,50,0.29,8,0.0709219858156029,0.0,0.0,0.0
4066,scale_free,degree,4102636,100,291,0.03,3,0.45,0.1,50,0.1,2,0.1063829787234042,0.0,0.0,0.0
4067,scale_free,degree,4103645,100,291,0.03,3,0.45,0.1,50,0.14,2,0.13120567375886513,0.0,0.0,0.0
4068,scale_free,degree,4104654,100,291,0.03,3,0.45,0.1,50,0.13,3,0.1489361702127661,0.0,0.0,0.0
4069,scale_free,degree,4105663,100,291,0.03,3,0.45,0.1,50,0.13,2,0.10638297872340441,0.0,0.0,0.0
4070,scale_free,degree,4106672,100,291,0.03,3,0.45,0.1,50,0.13,2,0.14539007092198594,0.0,0.0,0.0
4071,scale_free,degree,4107681,100,291,0.03,3,0.45,0.1,50,0.13,3,0.15957446808510647,0.0,0.0,0.0
4072,scale_free,degree,4108690,100,291,0.03,3,0.45,0.1,50,0.14,2,0.18085106382978736,0.0,0.0,0.0
4073,scale_free,degree,4109699,100,291,0.03,3,0.45,0.1,50,0.12,3,0.0992907801418441,0.0,0.0,0.0
4074,scale_free,degree,4110708,100,291,0.03,3,0.45,0.1,50,0.06,1,0.18794326241134768,0.0,0.0,0.0
4075,scale_free,degree,4111717,100,291,0.03,3,0.45,0.1,50,0.2,4,0.07092198581560294,0.0,0.0,0.0
4076,scale_free,degree,4112726,100,291,0.03,3,0.45,0.1,50,0.1,2,0.3298755186721985,0.0,0.0,0.0
4077,scale_free,degree,4113735,100,291,0.03,3,0.45,0.1,50,0.09,3,0.1382978723404257,0.0,0.0,0.0
4078,scale_free,degree,4114744,100,291,0.03,3,0.45,0.1,50,0.09,1,0.2517730496453902,0.0,0.0,0.0
4079,scale_free,degree,4115753,100,291,0.03,3,0.45,0.1,50,0.18,4,0.035460992907801435,0.0,0.0,0.0
4080,scale_free,degree,4116762,100,291,0.03,3,0.45,0.1,50,0.12,2,0.141843971631206,0.0,0.0,0.0
4081,scale_free,degree,4117771,100,291,0.03,3,0.45,0.1,50,0.14,2,0.1382978723404257,0.0,0.0,0.0
4082,scale_free,degree,4118780,100,291,0.03,3,0.45,0.1,50,0.1,1,0.1418439716312058,0.0,0.0,0.0
4083,scale_free,degree,4119789,100,291,0.03,3,0.45,0.1,50,0.06,2,0.1879432624113478,0.0,0.0,0.0
4084,scale_free,degree,4120798,100,291,0.03,3,0.45,0.1,50,0.12,2,0.13350785340314156,0.0,0.0,0.0
4085,scale_free,degree,4121807,100,291,0.03,3,0.45,0.1,50,0.08,1,0.12765957446808524,0.0,0.0,0.0
4086,scale_free,degree,4122816,100,291,0.03,3,0.45,0.1,50,0.15,2,0.10992907801418425,0.0,0.0,0.0
4087,scale_free,degree,4123825,100,291,0.03,3,0.45,0.1,50,0.2,3,0.06020942408376972,0.0,0.0,0.0
4088,scale_free,degree,4124834,100,291,0.03,3,0.45,0.1,50,0.06,2,0.17730496453900707,0.0,0.0,0.0
4089,scale_free,degree,4125843,100,291,0.03,3,0.45,0.1,50,0.15,2,0.10638297872340426,0.0,0.0,0.0
4090,scale_free,degree,4126852,100,291,0.03,3,0.45,0.1,50,0.21,2,0.06028368794326242,0.0,0.0,0.0
4091,scale_free,degree,4127861,100,291,0.03,3,0.45,0.1,50,0.13,2,0.1312056737588652,0.0,0.0,0.0
4092,scale_free,degree,4128870,100,291,0.03,3,0.45,0.1,50,0.12,3,0.09929078014184405,0.0,0.0,0.0
4093,scale_free,degree,4129879,100,291,0.03,3,0.45,0.1,50,0.1,4,0.11347517730496451,0.0,0.0,0.0
4094,scale_free,degree,4130888,100,291,0.03,3,0.45,0.1,50,0.12,2,0.10638297872340435,0.0,0.0,0.0
4095,scale_free,degree,4131897,100,291,0.03,3,0.45,0.1,50,0.07,2,0.21631205673758833,0.0,0.0,0.0
4096,scale_free,degree,4132906,100,291,0.03,3,0.45,0.1,50,0.12,2,0.12056737588652487,0.0,0.0,0.0
4097,scale_free,degree,4133915,100,291,0.03,3,0.45,0.1,50,0.07,1,0.22251308900523573,0.0,0.0,0.0
4098,scale_free,degree,4134924,100,291,0.03,3,0.45,0.1,50,0.08,1,0.17730496453900724,0.0,0.0,0.0
4099,scale_free,degree,4135933,100,291,0.03,3,0.45,0.1,50,0.16,3,0.1576763485477179,0.0,0.0,0.0
4100,scale_free,degree,4136942,100,291,0.03,3,0.45,0.1,50,0.11,2,0.11347517730496448,0.003546099290780141,0.0,0.0
4101,scale_free,degree,4137951,100,291,0.03,3,0.45,0.1,50,0.12,2,0.14730290456431563,0.0,0.0,0.0
4102,scale_free,degree,4138960,100,291,0.03,3,0.45,0.1,50,0.07,1,0.12411347517730513,0.0,0.0,0.0
4103,scale_free,degree,4139969,100,291,0.03,3,0.45,0.1,50,0.1,1,0.11702127659574489,0.0,0.0,0.0
4104,scale_free,degree,4140978,100,291,0.03,3,0.45,0.1,50,0.1,3,0.25726141078838255,0.0,0.0,0.0
4105,scale_free,degree,4141987,100,291,0.03,3,0.45,0.1,50,0.15,3,0.11702127659574456,0.0,0.0,0.0
4106,scale_free,degree,4142996,100,291,0.03,3,0.45,0.1,50,0.1,2,0.12765957446808507,0.0,0.0,0.0
4107,scale_free,degree,4144005,100,291,0.03,3,0.45,0.1,50,0.06,2,0.1879432624113478,0.0,0.0,0.0
4108,scale_free,degree,4145014,100,291,0.03,3,0.45,0.1,50,0.21,3,0.09574468085106398,0.0,0.0,0.0
4109,scale_free,degree,4146023,100,291,0.03,3,0.45,0.1,50,0.24,6,0.074468085106383,0.0,0.0,0.0
4110,scale_free,degree,4147032,100,291,0.03,3,0.45,0.1,50,0.04,1,0.27748691099476447,0.0026178010471204194,0.0,0.0
4111,scale_free,degree,4148041,100,291,0.03,3,0.45,0.1,50,0.22,4,0.053191489361702225,0.0,0.0,0.0
4112,scale_free,degree,4149050,100,291,0.03,3,0.45,0.1,50,0.14,2,0.14184397163120557,0.0,0.0,0.0
4113,scale_free,degree,4150059,100,291,0.03,3,0.45,0.1,50,0.06,1,0.1631205673758867,0.0,0.0,0.0
4114,scale_free,degree,4151068,100,291,0.03,3,0.45,0.1,50,0.11,3,0.10283687943262422,0.0,0.0,0.0
4115,scale_free,degree,4152077,100,291,0.03,3,0.45,0.1,50,0.21,5,0.07092198581560291,0.0,0.0,0.0
4116,scale_free,degree,4153086,100,291,0.03,3,0.45,0.1,50,0.1,2,0.18794326241134784,0.0,0.0,0.0
4117,scale_free,degree,4154095,100,291,0.03,3,0.45,0.1,50,0.24,8,0.09424083769633472,0.0,0.0,0.0
4118,scale_free,degree,4155104,100,291,0.03,3,0.45,0.1,50,0.13,2,0.15602836879432594,0.007092198581560271,0.0,0.0
4119,scale_free,degree,4156113,100,291,0.03,3,0.45,0.1,50,0.2,6,0.1623036649214662,0.0,0.0,0.0
4120,scale_free,degree,4157122,100,291,0.03,3,0.45,0.1,50,0.13,1,0.177304964539007,0.0,0.0,0.0
4121,scale_free,degree,4158131,100,291,0.03,3,0.45,0.1,50,0.1,2,0.13829787234042565,0.0,0.0,0.0
4122,scale_free,degree,4159140,100,291,0.03,3,0.45,0.1,50,0.13,2,0.19109947643978994,0.0,0.0,0.0
4123,scale_free,degree,4160149,100,291,0.03,3,0.45,0.1,50,0.14,2,0.07801418439716315,0.0,0.0,0.0
4124,scale_free,degree,4161158,100,291,0.03,3,0.45,0.1,50,0.12,2,0.12411347517730516,0.0,0.0,0.0
4125,scale_free,degree,4162167,100,291,0.03,3,0.45,0.1,50,0.17,4,0.09574468085106377,0.0,0.0,0.0
4126,scale_free,degree,4163176,100,291,0.03,3,0.45,0.1,50,0.17,3,0.13829787234042573,0.0,0.0,0.0
4127,scale_free,degree,4164185,100,291,0.03,3,0.45,0.1,50,0.09,3,0.2697095435684649,0.0,0.0,0.0
4128,scale_free,degree,4165194,100,291,0.03,3,0.45,0.1,50,0.23,5,0.06382978723404248,0.0,0.0,0.0
4129,scale_free,degree,4166203,100,291,0.03,3,0.45,0.1,50,0.09,1,0.1702127659574468,0.0,0.0,0.0
4130,scale_free,degree,4167212,100,291,0.03,3,0.45,0.1,50,0.12,2,0.08510638297872337,0.0,0.0,0.0
4131,scale_free,degree,4168221,100,291,0.03,3,0.45,0.1,50,0.13,2,0.1134751773049646,0.0,0.0,0.0
4132,scale_free,degree,4169230,100,291,0.03,3,0.45,0.1,50,0.09,3,0.13829787234042556,0.0,0.0,0.0
4133,scale_free,degree,4170239,100,291,0.03,3,0.45,0.1,50,0.11,5,0.13120567375886533,0.0,0.0,0.0
4134,scale_free,degree,4171248,100,291,0.03,3,0.45,0.1,50,0.13,1,0.17730496453900724,0.0,0.0,0.0
4135,scale_free,degree,4172257,100,291,0.03,3,0.45,0.1,50,0.23,5,0.10992907801418449,0.0,0.0,0.0
4136,scale_free,degree,4173266,100,291,0.03,3,0.45,0.1,50,0.16,4,0.07092198581560272,0.0,0.0,0.0
4137,scale_free,degree,4174275,100,291,0.03,3,0.45,0.1,50,0.14,2,0.06382978723404252,0.0,0.0,0.0
4138,scale_free,degree,4175284,100,291,0.03,3,0.45,0.1,50,0.12,3,0.16230366492146567,0.0026178010471204147,0.0,0.0
4139,scale_free,degree,4176293,100,291,0.03,3,0.45,0.1,50,0.13,4,0.08865248226950341,0.0,0.0,0.0
4140,scale_free,degree,4177302,100,291,0.03,3,0.45,0.1,50,0.13,3,0.1382978723404258,0.0,0.0,0.0
4141,scale_free,degree,4178311,100,291,0.03,3,0.45,0.1,50,0.11,2,0.2068062827225125,0.0,0.0,0.0
4142,scale_free,degree,4179320,100,291,0.03,3,0.45,0.1,50,0.1,1,0.1418439716312058,0.0,0.0,0.0
4143,scale_free,degree,4180329,100,291,0.03,3,0.45,0.1,50,0.21,6,0.060283687943262346,0.0,0.0,0.0
4144,scale_free,degree,4181338,100,291,0.03,3,0.45,0.1,50,0.13,2,0.17021276595744672,0.0,0.0,0.0
4145,scale_free,degree,4182347,100,291,0.03,3,0.45,0.1,50,0.1,1,0.13829787234042565,0.0,0.0,0.0
4146,scale_free,degree,4183356,100,291,0.03,3,0.45,0.1,50,0.14,4,0.14893617021276595,0.0,0.0,0.0
4147,scale_free,degree,4184365,100,291,0.03,3,0.45,0.1,50,0.06,1,0.1666666666666669,0.0,0.0,0.0
4148,scale_free,degree,4185374,100,291,0.03,3,0.45,0.1,50,0.11,2,0.10283687943262422,0.0,0.0,0.0
4149,scale_free,degree,4186383,100,291,0.03,3,0.45,0.1,50,0.08,2,0.12056737588652475,0.0,0.0,0.0
4150,scale_free,degree,4187392,100,291,0.03,3,0.45,0.1,50,0.1,3,0.11702127659574475,0.0,0.0,0.0
4151,scale_free,degree,4188401,100,291,0.03,3,0.45,0.1,50,0.19,3,0.0992907801418439,0.0,0.0,0.0
4152,scale_free,degree,4189410,100,291,0.03,3,0.45,0.1,50,0.07,2,0.1702127659574467,0.0070921985815602835,0.0,0.0
4153,scale_free,degree,4190419,100,291,0.03,3,0.45,0.1,50,0.07,2,0.16312056737588657,0.0,0.0,0.0
4154,scale_free,degree,4191428,100,291,0.03,3,0.45,0.1,50,0.09,1,0.09574468085106384,0.0,0.0,0.0
4155,scale_free,degree,4192437,100,291,0.03,3,0.45,0.1,50,0.09,2,0.11347517730496468,0.0,0.0,0.0
4156,scale_free,degree,4193446,100,291,0.03,3,0.45,0.1,50,0.14,2,0.10638297872340433,0.0,0.0,0.0
4157,scale_free,degree,4194455,100,291,0.03,3,0.45,0.1,50,0.18,2,0.05673758865248222,0.0,0.0,0.0
4158,scale_free,degree,4195464,100,291,0.03,3,0.45,0.1,50,0.08,2,0.19503546099290808,0.0,0.0,0.0
4159,scale_free,degree,4196473,100,291,0.03,3,0.45,0.1,50,0.1,2,0.11702127659574459,0.0,0.0,0.0
4160,scale_free,degree,4197482,100,291,0.03,3,0.45,0.1,50,0.08,1,0.22774869109947596,0.0,0.0,0.0
4161,scale_free,degree,4198491,100,291,0.03,3,0.45,0.1,50,0.08,2,0.15602836879432636,0.0,0.0,0.0
4162,scale_free,degree,4199500,100,291,0.03,3,0.45,0.1,50,0.23,3,0.13089005235602097,0.0026178010471204207,0.0,0.0
4163,scale_free,degree,4200509,100,291,0.03,3,0.45,0.1,50,0.13,3,0.18085106382978744,0.0070921985815602905,0.0,0.0
4164,scale_free,degree,4201518,100,291,0.03,3,0.45,0.1,50,0.11,2,0.2565445026178013,0.005235602094240836,0.0,0.0
4165,scale_free,degree,4202527,100,291,0.03,3,0.45,0.1,50,0.1,3,0.1134751773049646,0.0,0.0,0.0
4166,scale_free,degree,4203536,100,291,0.03,3,0.45,0.1,50,0.08,2,0.28368794326241137,0.003546099290780145,0.0,0.0
4167,scale_free,degree,4204545,100,291,0.03,3,0.45,0.1,50,0.3,10,0.06737588652482282,0.0,0.0,0.0
4168,scale_free,degree,4205554,100,291,0.03,3,0.45,0.1,50,0.08,1,0.15602836879432608,0.0,0.0,0.0
4169,scale_free,degree,4206563,100,291,0.03,3,0.45,0.1,50,0.09,1,0.1666666666666668,0.0,0.0,0.0
4170,scale_free,degree,4207572,100,291,0.03,3,0.45,0.1,50,0.17,3,0.16312056737588632,0.0,0.0,0.0
4171,scale_free,degree,4208581,100,291,0.03,3,0.45,0.1,50,0.23,3,0.09929078014184409,0.0,0.0,0.0
4172,scale_free,degree,4209590,100,291,0.03,3,0.45,0.1,50,0.08,2,0.21631205673758921,0.007092198581560301,0.0,0.0
4173,scale_free,degree,4210599,100,291,0.03,3,0.45,0.1,50,0.13,3,0.18062827225130906,0.0,0.0,0.0
4174,scale_free,degree,4211608,100,291,0.03,3,0.45,0.1,50,0.09,1,0.10283687943262423,0.0,0.0,0.0
4175,scale_free,degree,4212617,100,291,0.03,3,0.45,0.1,50,0.04,1,0.20921985815602837,0.0,0.0,0.0
4176,scale_free,degree,4213626,100,291,0.03,3,0.45,0.1,50,0.09,2,0.08865248226950363,0.0,0.0,0.0
4177,scale_free,degree,4214635,100,291,0.03,3,0.45,0.1,50,0.12,3,0.12411347517730494,0.003546099290780141,0.0,0.0
4178,scale_free,degree,4215644,100,291,0.03,3,0.45,0.1,50,0.07,1,0.1560283687943264,0.0035460992907801452,0.0,0.0
4179,scale_free,degree,4216653,100,291,0.03,3,0.45,0.1,50,0.16,4,0.10283687943262425,0.0,0.0,0.0
4180,scale_free,degree,4217662,100,291,0.03,3,0.45,0.1,50,0.19,6,0.14893617021276592,0.0,0.0,0.0
4181,scale_free,degree,4218671,100,291,0.03,3,0.45,0.1,50,0.09,2,0.14539007092198594,0.0,0.0,0.0
4182,scale_free,degree,4219680,100,291,0.03,3,0.45,0.1,50,0.17,3,0.14539007092198564,0.0,0.0,0.0
4183,scale_free,degree,4220689,100,291,0.03,3,0.45,0.1,50,0.2,4,0.1347517730496454,0.0,0.0,0.0
4184,scale_free,degree,4221698,100,291,0.03,3,0.45,0.1,50,0.15,4,0.13350785340314164,0.0026178010471204225,0.0,0.0
4185,scale_free,degree,4222707,100,291,0.03,3,0.45,0.1,50,0.15,4,0.17015706806282757,0.005235602094240849,0.0,0.0
4186,scale_free,degree,4223716,100,291,0.03,3,0.45,0.1,50,0.13,4,0.23651452282157728,0.0,0.0,0.0
4187,scale_free,degree,4224725,100,291,0.03,3,0.45,0.1,50,0.08,2,0.15248226950354632,0.0,0.0,0.0
4188,scale_free,degree,4225734,100,291,0.03,3,0.45,0.1,50,0.14,7,0.10283687943262404,0.0,0.0,0.0
4189,scale_free,degree,4226743,100,291,0.03,3,0.45,0.1,50,0.15,3,0.10992907801418461,0.0,0.0,0.0
4190,scale_free,degree,4227752,100,291,0.03,3,0.45,0.1,50,0.08,2,0.1524822695035463,0.0,0.0,0.0
4191,scale_free,degree,4228761,100,291,0.03,3,0.45,0.1,50,0.13,2,0.09574468085106384,0.0,0.0,0.0
4192,scale_free,degree,4229770,100,291,0.03,3,0.45,0.1,50,0.12,2,0.17730496453900724,0.0,0.0,0.0
4193,scale_free,degree,4230779,100,291,0.03,3,0.45,0.1,50,0.28,4,0.09929078014184406,0.0,0.0,0.0
4194,scale_free,degree,4231788,100,291,0.03,3,0.45,0.1,50,0.16,4,0.10283687943262405,0.0,0.0,0.0
4195,scale_free,degree,4232797,100,291,0.03,3,0.45,0.1,50,0.22,5,0.08510638297872346,0.0,0.0,0.0
4196,scale_free,degree,4233806,100,291,0.03,3,0.45,0.1,50,0.1,2,0.09929078014184407,0.0,0.0,0.0
4197,scale_free,degree,4234815,100,291,0.03,3,0.45,0.1,50,0.1,3,0.15957446808510656,0.0,0.0,0.0
4198,scale_free,degree,4235824,100,291,0.03,3,0.45,0.1,50,0.19,7,0.04609929078014179,0.0,0.0,0.0
4199,scale_free,degree,4236833,100,291,0.03,3,0.45,0.1,50,0.17,3,0.08865248226950359,0.0,0.0,0.0
4200,scale_free,degree,4237842,100,291,0.03,3,0.45,0.1,50,0.11,3,0.13475177304964556,0.0,0.0,0.0
4201,scale_free,degree,4238851,100,291,0.03,3,0.45,0.1,50,0.07,2,0.15248226950354607,0.0,0.0,0.0
4202,scale_free,degree,4239860,100,291,0.03,3,0.45,0.1,50,0.15,2,0.27385892116182625,0.0,0.0,0.0
4203,scale_free,degree,4240869,100,291,0.03,3,0.45,0.1,50,0.06,1,0.09574468085106387,0.0,0.0,0.0
4204,scale_free,degree,4241878,100,291,0.03,3,0.45,0.1,50,0.11,3,0.1595744680851064,0.0,0.0,0.0
4205,scale_free,degree,4242887,100,291,0.03,3,0.45,0.1,50,0.09,2,0.1063829787234041,0.0,0.0,0.0
4206,scale_free,degree,4243896,100,291,0.03,3,0.45,0.1,50,0.17,4,0.17375886524822717,0.0035460992907801465,0.0,0.0
4207,scale_free,degree,4244905,100,291,0.03,3,0.45,0.1,50,0.17,3,0.24481327800829905,0.0,0.0,0.0
4208,scale_free,degree,4245914,100,291,0.03,3,0.45,0.1,50,0.1,2,0.18879668049792533,0.0,0.0,0.0
4209,scale_free,degree,4246923,100,291,0.03,3,0.45,0.1,50,0.16,3,0.0709219858156029,0.0,0.0,0.0
4210,scale_free,degree,4247932,100,291,0.03,3,0.45,0.1,50,0.1,3,0.18085106382978744,0.003546099290780146,0.0,0.0
4211,scale_free,degree,4248941,100,291,0.03,3,0.45,0.1,50,0.07,2,0.24869109947643983,0.0026178010471204203,0.0,0.0
4212,scale_free,degree,4249950,100,291,0.03,3,0.45,0.1,50,0.23,5,0.08865248226950355,0.0,0.0,0.0
4213,scale_free,degree,4250959,100,291,0.03,3,0.45,0.1,50,0.13,3,0.09219858156028377,0.0,0.0,0.0
4214,scale_free,degree,4251968,100,291,0.03,3,0.45,0.1,50,0.15,3,0.16666666666666696,0.0,0.0,0.0
4215,scale_free,degree,4252977,100,291,0.03,3,0.45,0.1,50,0.17,4,0.04255319148936167,0.0,0.0,0.0
4216,scale_free,degree,4253986,100,291,0.03,3,0.45,0.1,50,0.09,1,0.25177304964538966,0.0,0.0,0.0
4217,scale_free,degree,4254995,100,291,0.03,3,0.45,0.1,50,0.14,4,0.10638297872340428,0.0,0.0,0.0
4218,scale_free,degree,4256004,100,291,0.03,3,0.45,0.1,50,0.06,2,0.145390070921986,0.0,0.0,0.0
4219,scale_free,degree,4257013,100,291,0.03,3,0.45,0.1,50,0.05,1,0.11702127659574472,0.0,0.0,0.0
4220,scale_free,degree,4258022,100,291,0.03,3,0.45,0.1,50,0.1,1,0.21631205673758896,0.0,0.0,0.0
4221,scale_free,degree,4259031,100,291,0.03,3,0.45,0.1,50,0.08,1,0.15248226950354624,0.0,0.0,0.0
4222,scale_free,degree,4260040,100,291,0.03,3,0.45,0.1,50,0.13,2,0.23036649214659707,0.0,0.0,0.0
4223,scale_free,degree,4261049,100,291,0.03,3,0.45,0.1,50,0.06,2,0.1560283687943264,0.0,0.0,0.0
4224,scale_free,degree,4262058,100,291,0.03,3,0.45,0.1,50,0.16,2,0.14539007092198608,0.0035460992907801483,0.0,0.0
4225,scale_free,degree,4263067,100,291,0.03,3,0.45,0.1,50,0.13,2,0.1595744680851065,0.0,0.0,0.0
4226,scale_free,degree,4264076,100,291,0.03,3,0.45,0.1,50,0.11,2,0.15602836879432627,0.0,0.0,0.0
4227,scale_free,degree,4265085,100,291,0.03,3,0.45,0.1,50,0.16,3,0.11518324607329826,0.0,0.0,0.0
4228,scale_free,degree,4266094,100,291,0.03,3,0.45,0.1,50,0.19,6,0.15602836879432613,0.0,0.0,0.0
4229,scale_free,degree,4267103,100,291,0.03,3,0.45,0.1,50,0.25,4,0.03546099290780144,0.0,0.0,0.0
4230,scale_free,degree,4268112,100,291,0.03,3,0.45,0.1,50,0.06,1,0.12765957446808524,0.0,0.0,0.0
4231,scale_free,degree,4269121,100,291,0.03,3,0.45,0.1,50,0.11,2,0.08510638297872328,0.0,0.0,0.0
4232,scale_free,degree,4270130,100,291,0.03,3,0.45,0.1,50,0.13,4,0.15602836879432627,0.0,0.0,0.0
4233,scale_free,degree,4271139,100,291,0.03,3,0.45,0.1,50,0.2,3,0.06382978723404262,0.0,0.0,0.0
4234,scale_free,degree,4272148,100,291,0.03,3,0.45,0.1,50,0.1,2,0.23404255319148912,0.00709219858156028,0.0,0.0
4235,scale_free,degree,4273157,100,291,0.03,3,0.45,0.1,50,0.1,3,0.22513089005235618,0.002617801047120422,0.0,0.0
4236,scale_free,degree,4274166,100,291,0.03,3,0.45,0.1,50,0.14,2,0.06737588652482279,0.0,0.0,0.0
4237,scale_free,degree,4275175,100,291,0.03,3,0.45,0.1,50,0.13,2,0.19633507853403154,0.0,0.0,0.0
4238,scale_free,degree,4276184,100,291,0.03,3,0.45,0.1,50,0.1,2,0.15957446808510642,0.0,0.0,0.0
4239,scale_free,degree,4277193,100,291,0.03,3,0.45,0.1,50,0.13,5,0.21204188481675454,0.0,0.0,0.0
4240,scale_free,degree,4278202,100,291,0.03,3,0.45,0.1,50,0.15,2,0.10638297872340416,0.0,0.0,0.0
4241,scale_free,degree,4279211,100,291,0.03,3,0.45,0.1,50,0.13,2,0.24481327800829905,0.0,0.0,0.0
4242,scale_free,degree,4280220,100,291,0.03,3,0.45,0.1,50,0.15,3,0.13070539419087157,0.0,0.0,0.0
4243,scale_free,degree,4281229,100,291,0.03,3,0.45,0.1,50,0.23,5,0.13089005235602078,0.0,0.0,0.0
4244,scale_free,degree,4282238,100,291,0.03,3,0.45,0.1,50,0.21,6,0.056737588652482344,0.0,0.0,0.0
4245,scale_free,degree,4283247,100,291,0.03,3,0.45,0.1,50,0.07,1,0.24113475177304947,0.0,0.0,0.0
4246,scale_free,degree,4284256,100,291,0.03,3,0.45,0.1,50,0.15,2,0.1576763485477182,0.0,0.0,0.0
4247,scale_free,degree,4285265,100,291,0.03,3,0.45,0.1,50,0.09,2,0.2553191489361703,0.0,0.0,0.0
4248,scale_free,degree,4286274,100,291,0.03,3,0.45,0.1,50,0.11,2,0.15248226950354601,0.0,0.0,0.0
4249,scale_free,degree,4287283,100,291,0.03,3,0.45,0.1,50,0.09,2,0.18794326241134773,0.0,0.0,0.0
4250,scale_free,degree,4288292,100,291,0.03,3,0.45,0.1,50,0.19,2,0.14659685863874386,0.0,0.0,0.0
4251,scale_free,degree,4289301,100,291,0.03,3,0.45,0.1,50,0.12,3,0.17730496453900738,0.0,0.0,0.0
4252,scale_free,degree,4290310,100,291,0.03,3,0.45,0.1,50,0.12,2,0.11702127659574468,0.0,0.0,0.0
4253,scale_free,degree,4291319,100,291,0.03,3,0.45,0.1,50,0.11,1,0.1737588652482271,0.0,0.0,0.0
4254,scale_free,degree,4292328,100,291,0.03,3,0.45,0.1,50,0.12,2,0.2565445026178013,0.0,0.0,0.0
4255,scale_free,degree,4293337,100,291,0.03,3,0.45,0.1,50,0.28,7,0.08156028368794342,0.0,0.0,0.0
4256,scale_free,degree,4294346,100,291,0.03,3,0.45,0.1,50,0.08,2,0.2056737588652485,0.0,0.0,0.0
4257,scale_free,degree,4295355,100,291,0.03,3,0.45,0.1,50,0.11,2,0.23758865248226946,0.0,0.0,0.0
4258,scale_free,degree,4296364,100,291,0.03,3,0.45,0.1,50,0.19,4,0.07446808510638302,0.0,0.0,0.0
4259,scale_free,degree,4297373,100,291,0.03,3,0.45,0.1,50,0.1,2,0.09219858156028356,0.0,0.0,0.0
4260,scale_free,degree,4298382,100,291,0.03,3,0.45,0.1,50,0.09,2,0.19858156028368837,0.0,0.0,0.0
4261,scale_free,degree,4299391,100,291,0.03,3,0.45,0.1,50,0.17,6,0.1879432624113476,0.01418439716312057,0.0,0.0
4262,scale_free,degree,4300400,100,291,0.03,3,0.45,0.1,50,0.09,2,0.23236514522821594,0.0,0.0,0.0
4263,scale_free,degree,4301409,100,291,0.03,3,0.45,0.1,50,0.1,2,0.14184397163120552,0.0,0.0,0.0
4264,scale_free,degree,4302418,100,291,0.03,3,0.45,0.1,50,0.12,2,0.25103734439834,0.0,0.0,0.0
4265,scale_free,degree,4303427,100,291,0.03,3,0.45,0.1,50,0.15,2,0.21204188481675415,0.0,0.0,0.0
4266,scale_free,degree,4304436,100,291,0.03,3,0.45,0.1,50,0.24,3,0.11702127659574482,0.0,0.0,0.0
4267,scale_free,degree,4305445,100,291,0.03,3,0.45,0.1,50,0.13,2,0.1524822695035459,0.0,0.0,0.0
4268,scale_free,degree,4306454,100,291,0.03,3,0.45,0.1,50,0.14,2,0.12411347517730503,0.0,0.0,0.0
4269,scale_free,degree,4307463,100,291,0.03,3,0.45,0.1,50,0.05,1,0.28368794326241165,0.0035460992907801444,0.0,0.0
4270,scale_free,degree,4308472,100,291,0.03,3,0.45,0.1,50,0.17,3,0.10283687943262405,0.0,0.0,0.0
4271,scale_free,degree,4309481,100,291,0.03,3,0.45,0.1,50,0.08,1,0.22695035460992935,0.003546099290780144,0.0,0.0
4272,scale_free,degree,4310490,100,291,0.03,3,0.45,0.1,50,0.13,3,0.14184397163120585,0.0,0.0,0.0
4273,scale_free,degree,4311499,100,291,0.03,3,0.45,0.1,50,0.13,2,0.07446808510638303,0.0,0.0,0.0
4274,scale_free,degree,4312508,100,291,0.03,3,0.45,0.1,50,0.15,3,0.19148936170212785,0.0,0.0,0.0
4275,scale_free,degree,4313517,100,291,0.03,3,0.45,0.1,50,0.07,1,0.2021276595744683,0.0035460992907801435,0.0,0.0
4276,scale_free,degree,4314526,100,291,0.03,3,0.45,0.1,50,0.09,3,0.14184397163120555,0.0,0.0,0.0
4277,scale_free,degree,4315535,100,291,0.03,3,0.45,0.1,50,0.1,4,0.18439716312056734,0.0,0.0,0.0
4278,scale_free,degree,4316544,100,291,0.03,3,0.45,0.1,50,0.12,4,0.0886524822695037,0.0,0.0,0.0
4279,scale_free,degree,4317553,100,291,0.03,3,0.45,0.1,50,0.18,5,0.08865248226950365,0.0,0.0,0.0
4280,scale_free,degree,4318562,100,291,0.03,3,0.45,0.1,50,0.1,2,0.12765957446808524,0.0,0.0,0.0
4281,scale_free,degree,4319571,100,291,0.03,3,0.45,0.1,50,0.05,1,0.24468085106382992,0.0,0.0,0.0
4282,scale_free,degree,4320580,100,291,0.03,3,0.45,0.1,50,0.17,3,0.13612565445026198,0.005235602094240846,0.0,0.0
4283,scale_free,degree,4321589,100,291,0.03,3,0.45,0.1,50,0.08,3,0.21276595744680868,0.0,0.0,0.0
4284,scale_free,degree,4322598,100,291,0.03,3,0.45,0.1,50,0.1,2,0.145390070921986,0.0,0.0,0.0
4285,scale_free,degree,4323607,100,291,0.03,3,0.45,0.1,50,0.19,5,0.12765957446808524,0.0,0.0,0.0
4286,scale_free,degree,4324616,100,291,0.03,3,0.45,0.1,50,0.1,3,0.24896265560165975,0.0,0.0,0.0
4287,scale_free,degree,4325625,100,291,0.03,3,0.45,0.1,50,0.07,1,0.28795811518324615,0.007853403141361265,0.0,0.0
4288,scale_free,degree,4326634,100,291,0.03,3,0.45,0.1,50,0.08,2,0.12056737588652475,0.0,0.0,0.0
4289,scale_free,degree,4327643,100,291,0.03,3,0.45,0.1,50,0.22,5,0.056737588652482324,0.0,0.0,0.0
4290,scale_free,degree,4328652,100,291,0.03,3,0.45,0.1,50,0.09,3,0.12056737588652491,0.0,0.0,0.0
4291,scale_free,degree,4329661,100,291,0.03,3,0.45,0.1,50,0.05,1,0.13829787234042576,0.003546099290780147,0.0,0.0
4292,scale_free,degree,4330670,100,291,0.03,3,0.45,0.1,50,0.26,4,0.0912863070539419,0.0,0.0,0.0
4293,scale_free,degree,4331679,100,291,0.03,3,0.45,0.1,50,0.12,1,0.22513089005235623,0.0,0.0,0.0
4294,scale_free,degree,4332688,100,291,0.03,3,0.45,0.1,50,0.08,1,0.18085106382978747,0.0035460992907801457,0.0,0.0
4295,scale_free,degree,4333697,100,291,0.03,3,0.45,0.1,50,0.1,1,0.0921985815602836,0.0035460992907801396,0.0,0.0
4296,scale_free,degree,4334706,100,291,0.03,3,0.45,0.1,50,0.12,2,0.09574468085106379,0.0,0.0,0.0
4297,scale_free,degree,4335715,100,291,0.03,3,0.45,0.1,50,0.09,3,0.1205673758865249,0.0,0.0,0.0
4298,scale_free,degree,4336724,100,291,0.03,3,0.45,0.1,50,0.06,1,0.177304964539007,0.0,0.0,0.0
4299,scale_free,degree,4337733,100,291,0.03,3,0.45,0.1,50,0.17,4,0.15968586387434555,0.0,0.0,0.0
4300,scale_free,degree,4338742,100,291,0.03,3,0.45,0.1,50,0.16,5,0.1524822695035463,0.0,0.0,0.0
4301,scale_free,degree,4339751,100,291,0.03,3,0.45,0.1,50,0.14,2,0.12765957446808496,0.0,0.0,0.0
4302,scale_free,degree,4340760,100,291,0.03,3,0.45,0.1,50,0.05,1,0.1879432624113478,0.0,0.0,0.0
4303,scale_free,degree,4341769,100,291,0.03,3,0.45,0.1,50,0.18,4,0.05319148936170218,0.0,0.0,0.0
4304,scale_free,degree,4342778,100,291,0.03,3,0.45,0.1,50,0.1,1,0.1702127659574468,0.0,0.0,0.0
4305,scale_free,degree,4343787,100,291,0.03,3,0.45,0.1,50,0.14,2,0.15248226950354632,0.0,0.0,0.0
4306,scale_free,degree,4344796,100,291,0.03,3,0.45,0.1,50,0.1,2,0.14539007092198594,0.0,0.0,0.0
4307,scale_free,degree,4345805,100,291,0.03,3,0.45,0.1,50,0.09,1,0.14893617021276617,0.0,0.0,0.0
4308,scale_free,degree,4346814,100,291,0.03,3,0.45,0.1,50,0.25,6,0.06382978723404263,0.0,0.0,0.0
4309,scale_free,degree,4347823,100,291,0.03,3,0.45,0.1,50,0.08,1,0.20212765957446832,0.0,0.0,0.0
4310,scale_free,degree,4348832,100,291,0.03,3,0.45,0.1,50,0.13,2,0.2883817427385898,0.004149377593361002,0.0,0.0
4311,scale_free,degree,4349841,100,291,0.03,3,0.45,0.1,50,0.19,4,0.13120567375886527,0.0,0.0,0.0
4312,scale_free,degree,4350850,100,291,0.03,3,0.45,0.1,50,0.16,3,0.10992907801418447,0.0,0.0,0.0
4313,scale_free,degree,4351859,100,291,0.03,3,0.45,0.1,50,0.11,2,0.18586387434555007,0.0,0.0,0.0
4314,scale_free,degree,4352868,100,291,0.03,3,0.45,0.1,50,0.12,2,0.17730496453900732,0.0,0.0,0.0
4315,scale_free,degree,4353877,100,291,0.03,3,0.45,0.1,50,0.11,3,0.08156028368794331,0.0,0.0,0.0
4316,scale_free,degree,4354886,100,291,0.03,3,0.45,0.1,50,0.16,2,0.12411347517730498,0.0,0.0,0.0
4317,scale_free,degree,4355895,100,291,0.03,3,0.45,0.1,50,0.14,2,0.1382978723404256,0.0,0.0,0.0
4318,scale_free,degree,4356904,100,291,0.03,3,0.45,0.1,50,0.11,2,0.2448132780082995,0.0,0.0,0.0
4319,scale_free,degree,4357913,100,291,0.03,3,0.45,0.1,50,0.11,2,0.20567375886524847,0.0,0.0,0.0
4320,scale_free,degree,4358922,100,291,0.03,3,0.45,0.1,50,0.14,5,0.13829787234042568,0.0,0.0,0.0
4321,scale_free,degree,4359931,100,291,0.03,3,0.45,0.1,50,0.07,1,0.195035460992908,0.0,0.0,0.0
4322,scale_free,degree,4360940,100,291,0.03,3,0.45,0.1,50,0.09,3,0.16312056737588673,0.0,0.0,0.0
4323,scale_free,degree,4361949,100,291,0.03,3,0.45,0.1,50,0.11,1,0.1910994764397901,0.0,0.0,0.0
4324,scale_free,degree,4362958,100,291,0.03,3,0.45,0.1,50,0.33,9,0.03546099290780143,0.0,0.0,0.0
4325,scale_free,degree,4363967,100,291,0.03,3,0.45,0.1,50,0.12,2,0.10638297872340441,0.0,0.0,0.0
4326,scale_free,degree,4364976,100,291,0.03,3,0.45,0.1,50,0.19,4,0.049645390070921974,0.0,0.0,0.0
4327,scale_free,degree,4365985,100,291,0.03,3,0.45,0.1,50,0.11,4,0.17021276595744697,0.0,0.0,0.0
4328,scale_free,degree,4366994,100,291,0.03,3,0.45,0.1,50,0.13,2,0.17012448132780056,0.0,0.0,0.0
4329,scale_free,degree,4368003,100,291,0.03,3,0.45,0.1,50,0.08,2,0.19503546099290764,0.0,0.0,0.0
4330,scale_free,degree,4369012,100,291,0.03,3,0.45,0.1,50,0.09,3,0.14893617021276614,0.0,0.0,0.0
4331,scale_free,degree,4370021,100,291,0.03,3,0.45,0.1,50,0.15,4,0.1312056737588654,0.0,0.0,0.0
4332,scale_free,degree,4371030,100,291,0.03,3,0.45,0.1,50,0.12,4,0.2697095435684644,0.008298755186721985,0.0,0.0
4333,scale_free,degree,4372039,100,291,0.03,3,0.45,0.1,50,0.11,1,0.10992907801418453,0.0,0.0,0.0
4334,scale_free,degree,4373048,100,291,0.03,3,0.45,0.1,50,0.07,1,0.11347517730496451,0.0,0.0,0.0
4335,scale_free,degree,4374057,100,291,0.03,3,0.45,0.1,50,0.16,3,0.1230366492146595,0.0,0.0,0.0
4336,scale_free,degree,4375066,100,291,0.03,3,0.45,0.1,50,0.11,2,0.11347517730496462,0.0,0.0,0.0
4337,scale_free,degree,4376075,100,291,0.03,3,0.45,0.1,50,0.1,2,0.1773049645390073,0.007092198581560291,0.0,0.0
4338,scale_free,degree,4377084,100,291,0.03,3,0.45,0.1,50,0.08,1,0.10992907801418443,0.0,0.0,0.0
4339,scale_free,degree,4378093,100,291,0.03,3,0.45,0.1,50,0.07,1,0.13475177304964545,0.0,0.0,0.0
4340,scale_free,degree,4379102,100,291,0.03,3,0.45,0.1,50,0.17,2,0.09219858156028356,0.0,0.0,0.0
4341,scale_free,degree,4380111,100,291,0.03,3,0.45,0.1,50,0.16,2,0.0815602836879433,0.0,0.0,0.0
4342,scale_free,degree,4381120,100,291,0.03,3,0.45,0.1,50,0.1,3,0.1347517730496454,0.0,0.0,0.0
4343,scale_free,degree,4382129,100,291,0.03,3,0.45,0.1,50,0.13,5,0.20212765957446785,0.0,0.0,0.0
4344,scale_free,degree,4383138,100,291,0.03,3,0.45,0.1,50,0.09,1,0.29842931937172684,0.0026178010471204134,0.0,0.0
4345,scale_free,degree,4384147,100,291,0.03,3,0.45,0.1,50,0.13,2,0.1241134751773048,0.0,0.0,0.0
4346,scale_free,degree,4385156,100,291,0.03,3,0.45,0.1,50,0.24,7,0.06028368794326239,0.0,0.0,0.0
4347,scale_free,degree,4386165,100,291,0.03,3,0.45,0.1,50,0.1,3,0.12411347517730509,0.0,0.0,0.0
4348,scale_free,degree,4387174,100,291,0.03,3,0.45,0.1,50,0.1,1,0.18794326241134732,0.0,0.0,0.0
4349,scale_free,degree,4388183,100,291,0.03,3,0.45,0.1,50,0.13,2,0.10638297872340437,0.0,0.0,0.0
4350,scale_free,degree,4389192,100,291,0.03,3,0.45,0.1,50,0.15,2,0.10992907801418461,0.0,0.0,0.0
4351,scale_free,degree,4390201,100,291,0.03,3,0.45,0.1,50,0.08,1,0.11347517730496469,0.0,0.0,0.0
4352,scale_free,degree,4391210,100,291,0.03,3,0.45,0.1,50,0.13,2,0.09219858156028377,0.0,0.0,0.0
4353,scale_free,degree,4392219,100,291,0.03,3,0.45,0.1,50,0.1,3,0.19148936170212796,0.0,0.0,0.0
4354,scale_free,degree,4393228,100,291,0.03,3,0.45,0.1,50,0.2,4,0.08156028368794326,0.0,0.0,0.0
4355,scale_free,degree,4394237,100,291,0.03,3,0.45,0.1,50,0.16,4,0.1701244813278008,0.0,0.0,0.0
4356,scale_free,degree,4395246,100,291,0.03,3,0.45,0.1,50,0.11,2,0.21276595744680873,0.0,0.0,0.0
4357,scale_free,degree,4396255,100,291,0.03,3,0.45,0.1,50,0.18,5,0.06737588652482272,0.0,0.0,0.0
4358,scale_free,degree,4397264,100,291,0.03,3,0.45,0.1,50,0.1,2,0.15602836879432602,0.0,0.0,0.0
4359,scale_free,degree,4398273,100,291,0.03,3,0.45,0.1,50,0.31,7,0.05319148936170212,0.0,0.0,0.0
4360,scale_free,degree,4399282,100,291,0.03,3,0.45,0.1,50,0.16,4,0.12056737588652491,0.0,0.0,0.0
4361,scale_free,degree,4400291,100,291,0.03,3,0.45,0.1,50,0.13,4,0.13829787234042562,0.0,0.0,0.0
4362,scale_free,degree,4401300,100,291,0.03,3,0.45,0.1,50,0.1,2,0.046099290780141806,0.0,0.0,0.0
4363,scale_free,degree,4402309,100,291,0.03,3,0.45,0.1,50,0.09,1,0.24468085106383003,0.0,0.0,0.0
4364,scale_free,degree,4403318,100,291,0.03,3,0.45,0.1,50,0.09,2,0.14893617021276587,0.003546099290780141,0.0,0.0
4365,scale_free,degree,4404327,100,291,0.03,3,0.45,0.1,50,0.07,2,0.18439716312056725,0.0070921985815602835,0.0,0.0
4366,scale_free,degree,4405336,100,291,0.03,3,0.45,0.1,50,0.07,1,0.23049645390070905,0.007092198581560281,0.0,0.0
4367,scale_free,degree,4406345,100,291,0.03,3,0.45,0.1,50,0.14,2,0.1970954356846476,0.0,0.0,0.0
4368,scale_free,degree,4407354,100,291,0.03,3,0.45,0.1,50,0.17,4,0.18085106382978727,0.0,0.0,0.0
4369,scale_free,degree,4408363,100,291,0.03,3,0.45,0.1,50,0.19,3,0.16312056737588668,0.0,0.0,0.0
4370,scale_free,degree,4409372,100,291,0.03,3,0.45,0.1,50,0.23,6,0.10992907801418457,0.0,0.0,0.0
4371,scale_free,degree,4410381,100,291,0.03,3,0.45,0.1,50,0.14,3,0.19371727748691128,0.0,0.0,0.0
4372,scale_free,degree,4411390,100,291,0.03,3,0.45,0.1,50,0.12,3,0.15248226950354626,0.0,0.0,0.0
4373,scale_free,degree,4412399,100,291,0.03,3,0.45,0.1,50,0.14,2,0.2056737588652483,0.003546099290780144,0.0,0.0
4374,scale_free,degree,4413408,100,291,0.03,3,0.45,0.1,50,0.08,2,0.1489361702127662,0.0,0.0,0.0
4375,scale_free,degree,4414417,100,291,0.03,3,0.45,0.1,50,0.21,2,0.08510638297872328,0.0,0.0,0.0
4376,scale_free,degree,4415426,100,291,0.03,3,0.45,0.1,50,0.09,2,0.13475177304964542,0.0,0.0,0.0
4377,scale_free,degree,4416435,100,291,0.03,3,0.45,0.1,50,0.12,3,0.24896265560166045,0.0,0.0,0.0
4378,scale_free,degree,4417444,100,291,0.03,3,0.45,0.1,50,0.09,1,0.14184397163120555,0.0,0.0,0.0
4379,scale_free,degree,4418453,100,291,0.03,3,0.45,0.1,50,0.06,1,0.21631205673758863,0.0035460992907801435,0.0,0.0
4380,scale_free,degree,4419462,100,291,0.03,3,0.45,0.1,50,0.15,3,0.22199170124481324,0.0,0.0,0.0
4381,scale_free,degree,4420471,100,291,0.03,3,0.45,0.1,50,0.15,4,0.1806282722513086,0.0,0.0,0.0
4382,scale_free,degree,4421480,100,291,0.03,3,0.45,0.1,50,0.14,3,0.13120567375886522,0.0,0.0,0.0
4383,scale_free,degree,4422489,100,291,0.03,3,0.45,0.1,50,0.21,4,0.12411347517730516,0.0,0.0,0.0
4384,scale_free,degree,4423498,100,291,0.03,3,0.45,0.1,50,0.16,3,0.15957446808510645,0.0,0.0,0.0
4385,scale_free,degree,4424507,100,291,0.03,3,0.45,0.1,50,0.2,4,0.13350785340314084,0.0,0.0,0.0
4386,scale_free,degree,4425516,100,291,0.03,3,0.45,0.1,50,0.42,6,0.014184397163120555,0.0,0.0,0.0
4387,scale_free,degree,4426525,100,291,0.03,3,0.45,0.1,50,0.1,3,0.1702127659574469,0.0,0.0,0.0
4388,scale_free,degree,4427534,100,291,0.03,3,0.45,0.1,50,0.13,4,0.16312056737588648,0.0035460992907801426,0.0,0.0
4389,scale_free,degree,4428543,100,291,0.03,3,0.45,0.1,50,0.55,17,0.007092198581560281,0.0,0.0,0.0
4390,scale_free,degree,4429552,100,291,0.03,3,0.45,0.1,50,0.12,2,0.1631205673758867,0.0035460992907801465,0.0,0.0
4391,scale_free,degree,4430561,100,291,0.03,3,0.45,0.1,50,0.15,4,0.13070539419087157,0.0,0.0,0.0
4392,scale_free,degree,4431570,100,291,0.03,3,0.45,0.1,50,0.08,3,0.2198581560283686,0.00354609929078014,0.0,0.0
4393,scale_free,degree,4432579,100,291,0.03,3,0.45,0.1,50,0.16,3,0.10638297872340433,0.0,0.0,0.0
4394,scale_free,degree,4433588,100,291,0.03,3,0.45,0.1,50,0.06,1,0.19503546099290775,0.0,0.0,0.0
4395,scale_free,degree,4434597,100,291,0.03,3,0.45,0.1,50,0.14,2,0.25177304964539027,0.003546099290780146,0.0,0.0
4396,scale_free,degree,4435606,100,291,0.03,3,0.45,0.1,50,0.15,4,0.13120567375886535,0.0,0.0,0.0
4397,scale_free,degree,4436615,100,291,0.03,3,0.45,0.1,50,0.14,2,0.10638297872340446,0.0,0.0,0.0
4398,scale_free,degree,4437624,100,291,0.03,3,0.45,0.1,50,0.16,2,0.10638297872340433,0.0,0.0,0.0
4399,scale_free,degree,4438633,100,291,0.03,3,0.45,0.1,50,0.15,2,0.13475177304964545,0.0,0.0,0.0
4400,scale_free,degree,4439642,100,291,0.03,3,0.45,0.1,50,0.11,3,0.08510638297872344,0.0,0.0,0.0
4401,scale_free,degree,4440651,100,291,0.03,3,0.45,0.1,50,0.13,3,0.2304964539007092,0.0,0.0,0.0
4402,scale_free,degree,4441660,100,291,0.03,3,0.45,0.1,50,0.09,2,0.13475177304964564,0.0,0.0,0.0
4403,scale_free,degree,4442669,100,291,0.03,3,0.45,0.1,50,0.18,6,0.1028368794326241,0.0,0.0,0.0
4404,scale_free,degree,4443678,100,291,0.03,3,0.45,0.1,50,0.14,1,0.07446808510638304,0.0,0.0,0.0
4405,scale_free,degree,4444687,100,291,0.03,3,0.45,0.1,50,0.1,2,0.13120567375886538,0.0,0.0,0.0
4406,scale_free,degree,4445696,100,291,0.03,3,0.45,0.1,50,0.2,5,0.07092198581560291,0.0,0.0,0.0
4407,scale_free,degree,4446705,100,291,0.03,3,0.45,0.1,50,0.05,1,0.14539007092198572,0.0,0.0,0.0
4408,scale_free,degree,4447714,100,291,0.03,3,0.45,0.1,50,0.12,1,0.1170212765957448,0.0,0.0,0.0
4409,scale_free,degree,4448723,100,291,0.03,3,0.45,0.1,50,0.12,3,0.29057591623036594,0.007853403141361244,0.0,0.0
4410,scale_free,degree,4449732,100,291,0.03,3,0.45,0.1,50,0.15,6,0.10283687943262422,0.0,0.0,0.0
4411,scale_free,degree,4450741,100,291,0.03,3,0.45,0.1,50,0.37,6,0.08638743455497395,0.0,0.0,0.0
4412,scale_free,degree,4451750,100,291,0.03,3,0.45,0.1,50,0.1,1,0.22340425531914868,0.010638297872340417,0.0,0.0
4413,scale_free,degree,4452759,100,291,0.03,3,0.45,0.1,50,0.11,2,0.0957446808510639,0.0,0.0,0.0
4414,scale_free,degree,4453768,100,291,0.03,3,0.45,0.1,50,0.12,2,0.18794326241134776,0.0,0.0,0.0
4415,scale_free,degree,4454777,100,291,0.03,3,0.45,0.1,50,0.11,4,0.06737588652482276,0.0,0.0,0.0
4416,scale_free,degree,4455786,100,291,0.03,3,0.45,0.1,50,0.12,2,0.11702127659574478,0.0070921985815602905,0.0,0.0
4417,scale_free,degree,4456795,100,291,0.03,3,0.45,0.1,50,0.14,2,0.19148936170212788,0.0,0.0,0.0
4418,scale_free,degree,4457804,100,291,0.03,3,0.45,0.1,50,0.07,2,0.15602836879432638,0.0,0.0,0.0
4419,scale_free,degree,4458813,100,291,0.03,3,0.45,0.1,50,0.17,3,0.1276595744680851,0.0,0.0,0.0
4420,scale_free,degree,4459822,100,291,0.03,3,0.45,0.1,50,0.07,2,0.2411347517730493,0.0,0.0,0.0
4421,scale_free,degree,4460831,100,291,0.03,3,0.45,0.1,50,0.05,1,0.20212765957446824,0.0,0.0,0.0
4422,scale_free,degree,4461840,100,291,0.03,3,0.45,0.1,50,0.14,5,0.08156028368794334,0.0,0.0,0.0
4423,scale_free,degree,4462849,100,291,0.03,3,0.45,0.1,50,0.17,3,0.15957446808510664,0.0,0.0,0.0
4424,scale_free,degree,4463858,100,291,0.03,3,0.45,0.1,50,0.14,2,0.10992907801418454,0.0,0.0,0.0
4425,scale_free,degree,4464867,100,291,0.03,3,0.45,0.1,50,0.23,4,0.14522821576763506,0.0,0.0,0.0
4426,scale_free,degree,4465876,100,291,0.03,3,0.45,0.1,50,0.06,2,0.21985815602836917,0.0,0.0,0.0
4427,scale_free,degree,4466885,100,291,0.03,3,0.45,0.1,50,0.14,3,0.1312056737588655,0.0,0.0,0.0
4428,scale_free,degree,4467894,100,291,0.03,3,0.45,0.1,50,0.11,2,0.23821989528795828,0.0026178010471204216,0.0,0.0
4429,scale_free,degree,4468903,100,291,0.03,3,0.45,0.1,50,0.1,2,0.16312056737588637,0.0,0.0,0.0
4430,scale_free,degree,4469912,100,291,0.03,3,0.45,0.1,50,0.1,2,0.15602836879432636,0.0,0.0,0.0
4431,scale_free,degree,4470921,100,291,0.03,3,0.45,0.1,50,0.12,3,0.16666666666666657,0.0,0.0,0.0
4432,scale_free,degree,4471930,100,291,0.03,3,0.45,0.1,50,0.16,4,0.12056737588652491,0.0,0.0,0.0
4433,scale_free,degree,4472939,100,291,0.03,3,0.45,0.1,50,0.11,2,0.14539007092198594,0.0,0.0,0.0
4434,scale_free,degree,4473948,100,291,0.03,3,0.45,0.1,50,0.15,3,0.09574468085106393,0.0,0.0,0.0
4435,scale_free,degree,4474957,100,291,0.03,3,0.45,0.1,50,0.06,1,0.21631205673758894,0.0,0.0,0.0
4436,scale_free,degree,4475966,100,291,0.03,3,0.45,0.1,50,0.07,1,0.18085106382978702,0.0035460992907801374,0.0,0.0
4437,scale_free,degree,4476975,100,291,0.03,3,0.45,0.1,50,0.27,6,0.03546099290780141,0.0,0.0,0.0
4438,scale_free,degree,4477984,100,291,0.03,3,0.45,0.1,50,0.07,1,0.22695035460992927,0.01418439716312058,0.0,0.0
4439,scale_free,degree,4478993,100,291,0.03,3,0.45,0.1,50,0.25,6,0.024822695035460977,0.0,0.0,0.0
4440,scale_free,degree,4480002,100,291,0.03,3,0.45,0.1,50,0.12,2,0.19858156028368773,0.0,0.0,0.0
4441,scale_free,degree,4481011,100,291,0.03,3,0.45,0.1,50,0.07,1,0.09574468085106384,0.0,0.0,0.0
4442,scale_free,degree,4482020,100,291,0.03,3,0.45,0.1,50,0.09,2,0.19148936170212755,0.0,0.0,0.0
4443,scale_free,degree,4483029,100,291,0.03,3,0.45,0.1,50,0.11,3,0.06737588652482278,0.0,0.0,0.0
4444,scale_free,degree,4484038,100,291,0.03,3,0.45,0.1,50,0.11,3,0.08865248226950359,0.0,0.0,0.0
4445,scale_free,degree,4485047,100,291,0.03,3,0.45,0.1,50,0.08,3,0.15602836879432647,0.0,0.0,0.0
4446,scale_free,degree,4486056,100,291,0.03,3,0.45,0.1,50,0.27,6,0.05319148936170218,0.0,0.0,0.0
4447,scale_free,degree,4487065,100,291,0.03,3,0.45,0.1,50,0.07,2,0.20567375886524855,0.003546099290780147,0.0,0.0
4448,scale_free,degree,4488074,100,291,0.03,3,0.45,0.1,50,0.09,2,0.2157676348547718,0.0,0.0,0.0
4449,scale_free,degree,4489083,100,291,0.03,3,0.45,0.1,50,0.16,2,0.0638297872340426,0.0,0.0,0.0
4450,scale_free,degree,4490092,100,291,0.03,3,0.45,0.1,50,0.24,4,0.0425531914893617,0.0,0.0,0.0
4451,scale_free,degree,4491101,100,291,0.03,3,0.45,0.1,50,0.16,3,0.24481327800829875,0.0,0.0,0.0
4452,scale_free,degree,4492110,100,291,0.03,3,0.45,0.1,50,0.14,2,0.09574468085106386,0.0,0.0,0.0
4453,scale_free,degree,4493119,100,291,0.03,3,0.45,0.1,50,0.18,3,0.07092198581560279,0.0,0.0,0.0
4454,scale_free,degree,4494128,100,291,0.03,3,0.45,0.1,50,0.23,4,0.1390041493775936,0.0,0.0,0.0
4455,scale_free,degree,4495137,100,291,0.03,3,0.45,0.1,50,0.06,1,0.14539007092198608,0.0,0.0,0.0
4456,scale_free,degree,4496146,100,291,0.03,3,0.45,0.1,50,0.08,1,0.20567375886524789,0.0,0.0,0.0
4457,scale_free,degree,4497155,100,291,0.03,3,0.45,0.1,50,0.11,1,0.1887966804979252,0.0,0.0,0.0
4458,scale_free,degree,4498164,100,291,0.03,3,0.45,0.1,50,0.13,2,0.18794326241134768,0.0,0.0,0.0
4459,scale_free,degree,4499173,100,291,0.03,3,0.45,0.1,50,0.14,2,0.22695035460992896,0.007092198581560282,0.0,0.0
4460,scale_free,degree,4500182,100,291,0.03,3,0.45,0.1,50,0.11,4,0.10992907801418429,0.0,0.0,0.0
4461,scale_free,degree,4501191,100,291,0.03,3,0.45,0.1,50,0.13,2,0.12411347517730485,0.0,0.0,0.0
4462,scale_free,degree,4502200,100,291,0.03,3,0.45,0.1,50,0.18,3,0.17015706806282743,0.0,0.0,0.0
4463,scale_free,degree,4503209,100,291,0.03,3,0.45,0.1,50,0.12,2,0.1702127659574468,0.0,0.0,0.0
4464,scale_free,degree,4504218,100,291,0.03,3,0.45,0.1,50,0.16,4,0.12765957446808524,0.0,0.0,0.0
4465,scale_free,degree,4505227,100,291,0.03,3,0.45,0.1,50,0.38,9,0.03900709219858154,0.0,0.0,0.0
4466,scale_free,degree,4506236,100,291,0.03,3,0.45,0.1,50,0.17,4,0.06028368794326244,0.0,0.0,0.0
4467,scale_free,degree,4507245,100,291,0.03,3,0.45,0.1,50,1.0,29,0.0,0.0,0.0,0.0
4468,scale_free,degree,4508254,100,291,0.03,3,0.45,0.1,50,0.1,3,0.26595744680851086,0.0035460992907801465,0.0,0.0
4469,scale_free,degree,4509263,100,291,0.03,3,0.45,0.1,50,0.13,2,0.18439716312056773,0.0,0.0,0.0
4470,scale_free,degree,4510272,100,291,0.03,3,0.45,0.1,50,0.05,2,0.1595744680851064,0.0,0.0,0.0
4471,scale_free,degree,4511281,100,291,0.03,3,0.45,0.1,50,0.11,1,0.2282157676348553,0.0,0.0,0.0
4472,scale_free,degree,4512290,100,291,0.03,3,0.45,0.1,50,0.06,1,0.1773049645390073,0.0,0.0,0.0
4473,scale_free,degree,4513299,100,291,0.03,3,0.45,0.1,50,0.23,6,0.09219858156028374,0.0,0.0,0.0
4474,scale_free,degree,4514308,100,291,0.03,3,0.45,0.1,50,0.17,5,0.16666666666666682,0.0,0.0,0.0
4475,scale_free,degree,4515317,100,291,0.03,3,0.45,0.1,50,0.09,3,0.17021276595744717,0.0,0.0,0.0
4476,scale_free,degree,4516326,100,291,0.03,3,0.45,0.1,50,0.25,4,0.14921465968586356,0.0,0.0,0.0
4477,scale_free,degree,4517335,100,291,0.03,3,0.45,0.1,50,0.07,1,0.1241134751773049,0.0,0.0,0.0
4478,scale_free,degree,4518344,100,291,0.03,3,0.45,0.1,50,0.09,2,0.15602836879432613,0.0,0.0,0.0
4479,scale_free,degree,4519353,100,291,0.03,3,0.45,0.1,50,0.13,2,0.0992907801418441,0.0,0.0,0.0
4480,scale_free,degree,4520362,100,291,0.03,3,0.45,0.1,50,0.22,4,0.07801418439716315,0.0,0.0,0.0
4481,scale_free,degree,4521371,100,291,0.03,3,0.45,0.1,50,0.12,3,0.13120567375886535,0.0,0.0,0.0
4482,scale_free,degree,4522380,100,291,0.03,3,0.45,0.1,50,0.17,2,0.2199170124481331,0.010373443983402498,0.0,0.0
4483,scale_free,degree,4523389,100,291,0.03,3,0.45,0.1,50,0.1,2,0.24896265560165964,0.0,0.0,0.0
4484,scale_free,degree,4524398,100,291,0.03,3,0.45,0.1,50,1.0,14,0.0,0.0,0.0,0.0
4485,scale_free,degree,4525407,100,291,0.03,3,0.45,0.1,50,0.11,2,0.12765957446808512,0.0,0.0,0.0
4486,scale_free,degree,4526416,100,291,0.03,3,0.45,0.1,50,0.13,2,0.1937172774869111,0.0,0.0,0.0
4487,scale_free,degree,4527425,100,291,0.03,3,0.45,0.1,50,0.08,1,0.15602836879432622,0.0,0.0,0.0
4488,scale_free,degree,4528434,100,291,0.03,3,0.45,0.1,50,0.11,2,0.21465968586387502,0.002617801047120425,0.0,0.0
4489,scale_free,degree,4529443,100,291,0.03,3,0.45,0.1,50,0.1,2,0.19148936170212777,0.0,0.0,0.0
4490,scale_free,degree,4530452,100,291,0.03,3,0.45,0.1,50,0.11,1,0.1170212765957446,0.0,0.0,0.0
4491,scale_free,degree,4531461,100,291,0.03,3,0.45,0.1,50,0.14,2,0.08865248226950347,0.0,0.0,0.0
4492,scale_free,degree,4532470,100,291,0.03,3,0.45,0.1,50,0.08,1,0.13120567375886524,0.0,0.0,0.0
4493,scale_free,degree,4533479,100,291,0.03,3,0.45,0.1,50,0.05,1,0.20212765957446807,0.0,0.0,0.0
4494,scale_free,degree,4534488,100,291,0.03,3,0.45,0.1,50,0.18,3,0.13485477178423244,0.0,0.0,0.0
4495,scale_free,degree,4535497,100,291,0.03,3,0.45,0.1,50,0.11,3,0.15602836879432638,0.0035460992907801435,0.0,0.0
4496,scale_free,degree,4536506,100,291,0.03,3,0.45,0.1,50,0.24,3,0.0995850622406638,0.0,0.0,0.0
4497,scale_free,degree,4537515,100,291,0.03,3,0.45,0.1,50,0.07,1,0.2774869109947638,0.0052356020942408285,0.0,0.0
4498,scale_free,degree,4538524,100,291,0.03,3,0.45,0.1,50,0.12,3,0.10992907801418453,0.0,0.0,0.0
4499,scale_free,degree,4539533,100,291,0.03,3,0.45,0.1,50,0.11,2,0.08865248226950341,0.0,0.0,0.0
4500,scale_free,degree,4540542,100,291,0.03,3,0.45,0.1,50,0.15,3,0.08156028368794321,0.0,0.0,0.0
4501,scale_free,degree,4541551,100,291,0.03,3,0.45,0.1,50,0.13,2,0.14184397163120563,0.0,0.0,0.0
4502,scale_free,degree,4542560,100,291,0.03,3,0.45,0.1,50,0.09,2,0.09929078014184382,0.0,0.0,0.0
4503,scale_free,degree,4543569,100,291,0.03,3,0.45,0.1,50,0.14,2,0.11702127659574477,0.0,0.0,0.0
4504,scale_free,degree,4544578,100,291,0.03,3,0.45,0.1,50,1.0,18,0.0,0.0,0.0,0.0
4505,scale_free,degree,4545587,100,291,0.03,3,0.45,0.1,50,0.14,2,0.23651452282157712,0.0,0.0,0.0
4506,scale_free,degree,4546596,100,291,0.03,3,0.45,0.1,50,0.05,1,0.2482269503546097,0.0,0.0,0.0
4507,scale_free,degree,4547605,100,291,0.03,3,0.45,0.1,50,0.21,4,0.11347517730496468,0.0,0.0,0.0
4508,scale_free,degree,4548614,100,291,0.03,3,0.45,0.1,50,0.05,1,0.2234042553191491,0.0,0.0,0.0
4509,scale_free,degree,4549623,100,291,0.03,3,0.45,0.1,50,0.15,4,0.11347517730496463,0.0,0.0,0.0
4510,scale_free,degree,4550632,100,291,0.03,3,0.45,0.1,50,0.17,3,0.05319148936170218,0.0,0.0,0.0
4511,scale_free,degree,4551641,100,291,0.03,3,0.45,0.1,50,0.13,3,0.12411347517730485,0.0,0.0,0.0
4512,scale_free,degree,4552650,100,291,0.03,3,0.45,0.1,50,0.1,2,0.07446808510638303,0.0,0.0,0.0
4513,scale_free,degree,4553659,100,291,0.03,3,0.45,0.1,50,0.12,3,0.1276595744680852,0.0,0.0,0.0
4514,scale_free,degree,4554668,100,291,0.03,3,0.45,0.1,50,0.19,5,0.06382978723404259,0.0,0.0,0.0
4515,scale_free,degree,4555677,100,291,0.03,3,0.45,0.1,50,0.13,3,0.11702127659574452,0.0,0.0,0.0
4516,scale_free,degree,4556686,100,291,0.03,3,0.45,0.1,50,0.12,2,0.2510373443983408,0.0,0.0,0.0
4517,scale_free,degree,4557695,100,291,0.03,3,0.45,0.1,50,0.07,1,0.24113475177304963,0.010638297872340429,0.0,0.0
4518,scale_free,degree,4558704,100,291,0.03,3,0.45,0.1,50,0.13,3,0.17021276595744692,0.0,0.0,0.0
4519,scale_free,degree,4559713,100,291,0.03,3,0.45,0.1,50,0.15,3,0.10283687943262411,0.0,0.0,0.0
4520,scale_free,degree,4560722,100,291,0.03,3,0.45,0.1,50,0.16,4,0.09574468085106395,0.0,0.0,0.0
4521,scale_free,degree,4561731,100,291,0.03,3,0.45,0.1,50,0.08,2,0.17375886524822695,0.0,0.0,0.0
4522,scale_free,degree,4562740,100,291,0.03,3,0.45,0.1,50,0.16,4,0.14184397163120577,0.0,0.0,0.0
4523,scale_free,degree,4563749,100,291,0.03,3,0.45,0.1,50,0.17,4,0.17539267015706825,0.0,0.0,0.0
4524,scale_free,degree,4564758,100,291,0.03,3,0.45,0.1,50,0.08,3,0.13120567375886516,0.0,0.0,0.0
4525,scale_free,degree,4565767,100,291,0.03,3,0.45,0.1,50,0.13,2,0.10283687943262419,0.0,0.0,0.0
4526,scale_free,degree,4566776,100,291,0.03,3,0.45,0.1,50,0.1,2,0.2304964539007096,0.0,0.0,0.0
4527,scale_free,degree,4567785,100,291,0.03,3,0.45,0.1,50,0.09,2,0.12056737588652505,0.0,0.0,0.0
4528,scale_free,degree,4568794,100,291,0.03,3,0.45,0.1,50,0.11,4,0.18794326241134754,0.0,0.0,0.0
4529,scale_free,degree,4569803,100,291,0.03,3,0.45,0.1,50,0.16,2,0.17277486910994802,0.0,0.0,0.0
4530,scale_free,degree,4570812,100,291,0.03,3,0.45,0.1,50,0.18,5,0.11702127659574461,0.0,0.0,0.0
4531,scale_free,degree,4571821,100,291,0.03,3,0.45,0.1,50,0.18,3,0.12056737588652479,0.0,0.0,0.0
4532,scale_free,degree,4572830,100,291,0.03,3,0.45,0.1,50,0.16,3,0.12056737588652498,0.0,0.0,0.0
4533,scale_free,degree,4573839,100,291,0.03,3,0.45,0.1,50,0.09,2,0.18794326241134773,0.0070921985815602905,0.0,0.0
4534,scale_free,degree,4574848,100,291,0.03,3,0.45,0.1,50,0.09,2,0.07446808510638298,0.0,0.0,0.0
4535,scale_free,degree,4575857,100,291,0.03,3,0.45,0.1,50,0.17,2,0.0921985815602838,0.003546099290780145,0.0,0.0
4536,scale_free,degree,4576866,100,291,0.03,3,0.45,0.1,50,0.07,2,0.223404255319149,0.0,0.0,0.0
4537,scale_free,degree,4577875,100,291,0.03,3,0.45,0.1,50,0.14,3,0.1666666666666667,0.0,0.0,0.0
4538,scale_free,degree,4578884,100,291,0.03,3,0.45,0.1,50,0.17,5,0.1560283687943264,0.0,0.0,0.0
4539,scale_free,degree,4579893,100,291,0.03,3,0.45,0.1,50,0.14,4,0.12827225130890077,0.0,0.0,0.0
4540,scale_free,degree,4580902,100,291,0.03,3,0.45,0.1,50,0.24,3,0.0709219858156029,0.0,0.0,0.0
4541,scale_free,degree,4581911,100,291,0.03,3,0.45,0.1,50,0.1,1,0.17021276595744703,0.0,0.0,0.0
4542,scale_free,degree,4582920,100,291,0.03,3,0.45,0.1,50,0.17,2,0.14659685863874375,0.0,0.0,0.0
4543,scale_free,degree,4583929,100,291,0.03,3,0.45,0.1,50,0.14,3,0.1205673758865247,0.0,0.0,0.0
4544,scale_free,degree,4584938,100,291,0.03,3,0.45,0.1,50,0.16,4,0.1631205673758869,0.0,0.0,0.0
4545,scale_free,degree,4585947,100,291,0.03,3,0.45,0.1,50,0.11,1,0.13475177304964536,0.0,0.0,0.0
4546,scale_free,degree,4586956,100,291,0.03,3,0.45,0.1,50,0.18,3,0.07446808510638303,0.0,0.0,0.0
4547,scale_free,degree,4587965,100,291,0.03,3,0.45,0.1,50,0.07,1,0.15183246073298404,0.0,0.0,0.0
4548,scale_free,degree,4588974,100,291,0.03,3,0.45,0.1,50,0.11,1,0.21631205673758838,0.003546099290780138,0.0,0.0
4549,scale_free,degree,4589983,100,291,0.03,3,0.45,0.1,50,0.06,1,0.262411347517731,0.0,0.0,0.0
4550,scale_free,degree,4590992,100,291,0.03,3,0.45,0.1,50,0.15,2,0.20567375886524814,0.0035460992907801413,0.0,0.0
4551,scale_free,degree,4592001,100,291,0.03,3,0.45,0.1,50,0.15,4,0.1347517730496452,0.003546099290780136,0.0,0.0
4552,scale_free,degree,4593010,100,291,0.03,3,0.45,0.1,50,0.07,1,0.2634854771784228,0.006224066390041486,0.0,0.0
4553,scale_free,degree,4594019,100,291,0.03,3,0.45,0.1,50,0.07,1,0.1737588652482268,0.0,0.0,0.0
4554,scale_free,degree,4595028,100,291,0.03,3,0.45,0.1,50,0.13,2,0.08156028368794321,0.0,0.0,0.0
4555,scale_free,degree,4596037,100,291,0.03,3,0.45,0.1,50,0.07,1,0.2659574468085111,0.0,0.0,0.0
4556,scale_free,degree,4597046,100,291,0.03,3,0.45,0.1,50,0.1,2,0.191489361702128,0.003546099290780148,0.0,0.0
4557,scale_free,degree,4598055,100,291,0.03,3,0.45,0.1,50,0.09,2,0.26241134751773054,0.0035460992907801444,0.0,0.0
4558,scale_free,degree,4599064,100,291,0.03,3,0.45,0.1,50,1.0,18,0.0,0.0,0.0,0.0
4559,scale_free,degree,4600073,100,291,0.03,3,0.45,0.1,50,0.1,3,0.23049645390070933,0.0,0.0,0.0
4560,scale_free,degree,4601082,100,291,0.03,3,0.45,0.1,50,0.27,7,0.06382978723404246,0.0,0.0,0.0
4561,scale_free,degree,4602091,100,291,0.03,3,0.45,0.1,50,0.11,2,0.13120567375886538,0.0,0.0,0.0
4562,scale_free,degree,4603100,100,291,0.03,3,0.45,0.1,50,0.16,3,0.1410788381742737,0.0,0.0,0.0
4563,scale_free,degree,4604109,100,291,0.03,3,0.45,0.1,50,0.11,2,0.1843971631205675,0.0035460992907801465,0.0,0.0
4564,scale_free,degree,4605118,100,291,0.03,3,0.45,0.1,50,0.05,1,0.1808510638297873,0.0035460992907801444,0.0,0.0
4565,scale_free,degree,4606127,100,291,0.03,3,0.45,0.1,50,0.16,3,0.07092198581560287,0.0,0.0,0.0
4566,scale_free,degree,4607136,100,291,0.03,3,0.45,0.1,50,0.07,2,0.14893617021276614,0.0,0.0,0.0
4567,scale_free,degree,4608145,100,291,0.03,3,0.45,0.1,50,0.17,5,0.10283687943262436,0.0,0.0,0.0
4568,scale_free,degree,4609154,100,291,0.03,3,0.45,0.1,50,0.3,6,0.06382978723404263,0.0,0.0,0.0
4569,scale_free,degree,4610163,100,291,0.03,3,0.45,0.1,50,0.44,12,0.024822695035460956,0.0,0.0,0.0
4570,scale_free,degree,4611172,100,291,0.03,3,0.45,0.1,50,0.08,3,0.07801418439716308,0.0,0.0,0.0
4571,scale_free,degree,4612181,100,291,0.03,3,0.45,0.1,50,0.18,4,0.13475177304964567,0.007092198581560297,0.0,0.0
4572,scale_free,degree,4613190,100,291,0.03,3,0.45,0.1,50,0.11,4,0.20921985815602814,0.0,0.0,0.0
4573,scale_free,degree,4614199,100,291,0.03,3,0.45,0.1,50,0.18,2,0.0531914893617021,0.0,0.0,0.0
4574,scale_free,degree,4615208,100,291,0.03,3,0.45,0.1,50,0.25,5,0.0319148936170213,0.0,0.0,0.0
4575,scale_free,degree,4616217,100,291,0.03,3,0.45,0.1,50,0.1,4,0.1382978723404256,0.0,0.0,0.0
4576,scale_free,degree,4617226,100,291,0.03,3,0.45,0.1,50,0.09,1,0.12056737588652502,0.0,0.0,0.0
4577,scale_free,degree,4618235,100,291,0.03,3,0.45,0.1,50,0.35,10,0.04964539007092204,0.0,0.0,0.0
4578,scale_free,degree,4619244,100,291,0.03,3,0.45,0.1,50,0.12,2,0.1631205673758866,0.0035460992907801435,0.0,0.0
4579,scale_free,degree,4620253,100,291,0.03,3,0.45,0.1,50,0.11,2,0.10992907801418429,0.0,0.0,0.0
4580,scale_free,degree,4621262,100,291,0.03,3,0.45,0.1,50,0.13,2,0.21204188481675407,0.0026178010471204216,0.0,0.0
4581,scale_free,degree,4622271,100,291,0.03,3,0.45,0.1,50,0.17,4,0.10638297872340427,0.0,0.0,0.0
4582,scale_free,degree,4623280,100,291,0.03,3,0.45,0.1,50,0.11,2,0.2021276595744682,0.003546099290780144,0.0,0.0
4583,scale_free,degree,4624289,100,291,0.03,3,0.45,0.1,50,0.11,2,0.08865248226950342,0.0,0.0,0.0
4584,scale_free,degree,4625298,100,291,0.03,3,0.45,0.1,50,0.12,2,0.12411347517730484,0.0,0.0,0.0
4585,scale_free,degree,4626307,100,291,0.03,3,0.45,0.1,50,0.08,2,0.20567375886524802,0.0,0.0,0.0
4586,scale_free,degree,4627316,100,291,0.03,3,0.45,0.1,50,0.07,1,0.2163120567375888,0.003546099290780146,0.0,0.0
4587,scale_free,degree,4628325,100,291,0.03,3,0.45,0.1,50,0.11,2,0.14893617021276587,0.0,0.0,0.0
4588,scale_free,degree,4629334,100,291,0.03,3,0.45,0.1,50,0.22,4,0.04964539007092194,0.0,0.0,0.0
4589,scale_free,degree,4630343,100,291,0.03,3,0.45,0.1,50,0.17,5,0.08865248226950345,0.0,0.0,0.0
4590,scale_free,degree,4631352,100,291,0.03,3,0.45,0.1,50,0.13,6,0.19503546099290794,0.0,0.0,0.0
4591,scale_free,degree,4632361,100,291,0.03,3,0.45,0.1,50,0.16,4,0.08510638297872339,0.0,0.0,0.0
4592,scale_free,degree,4633370,100,291,0.03,3,0.45,0.1,50,0.1,1,0.22774869109947643,0.0,0.0,0.0
4593,scale_free,degree,4634379,100,291,0.03,3,0.45,0.1,50,0.11,1,0.2765957446808513,0.0,0.0,0.0
4594,scale_free,degree,4635388,100,291,0.03,3,0.45,0.1,50,0.17,3,0.11702127659574452,0.0,0.0,0.0
4595,scale_free,degree,4636397,100,291,0.03,3,0.45,0.1,50,0.13,3,0.20418848167539277,0.0,0.0,0.0
4596,scale_free,degree,4637406,100,291,0.03,3,0.45,0.1,50,0.15,3,0.14184397163120577,0.0,0.0,0.0
4597,scale_free,degree,4638415,100,291,0.03,3,0.45,0.1,50,0.17,3,0.05673758865248223,0.0,0.0,0.0
4598,scale_free,degree,4639424,100,291,0.03,3,0.45,0.1,50,0.08,1,0.1489361702127661,0.0,0.0,0.0
4599,scale_free,degree,4640433,100,291,0.03,3,0.45,0.1,50,0.13,3,0.17015706806282688,0.0,0.0,0.0
4600,scale_free,degree,4641442,100,291,0.03,3,0.45,0.1,50,0.04,1,0.21631205673758883,0.0,0.0,0.0
4601,scale_free,degree,4642451,100,291,0.03,3,0.45,0.1,50,0.22,4,0.09219858156028381,0.0,0.0,0.0
4602,scale_free,degree,4643460,100,291,0.03,3,0.45,0.1,50,0.11,2,0.195035460992908,0.0,0.0,0.0
4603,scale_free,degree,4644469,100,291,0.03,3,0.45,0.1,50,0.15,2,0.08156028368794341,0.0,0.0,0.0
4604,scale_free,degree,4645478,100,291,0.03,3,0.45,0.1,50,0.15,4,0.1347517730496453,0.0,0.0,0.0
4605,scale_free,degree,4646487,100,291,0.03,3,0.45,0.1,50,1.0,15,0.0,0.0,0.0,0.0
4606,scale_free,degree,4647496,100,291,0.03,3,0.45,0.1,50,0.21,4,0.06382978723404258,0.0,0.0,0.0
4607,scale_free,degree,4648505,100,291,0.03,3,0.45,0.1,50,0.06,1,0.2624113475177306,0.003546099290780145,0.0,0.0
4608,scale_free,degree,4649514,100,291,0.03,3,0.45,0.1,50,0.13,2,0.1063829787234042,0.0,0.0,0.0
4609,scale_free,degree,4650523,100,291,0.03,3,0.45,0.1,50,0.15,3,0.1028368794326242,0.0,0.0,0.0
4610,scale_free,degree,4651532,100,291,0.03,3,0.45,0.1,50,0.09,1,0.2269503546099292,0.003546099290780147,0.0,0.0
4611,scale_free,degree,4652541,100,291,0.03,3,0.45,0.1,50,0.07,2,0.17021276595744708,0.0,0.0,0.0
4612,scale_free,degree,4653550,100,291,0.03,3,0.45,0.1,50,0.04,1,0.25130890052355964,0.0,0.0,0.0
4613,scale_free,degree,4654559,100,291,0.03,3,0.45,0.1,50,1.0,19,0.0,0.0,0.0,0.0
4614,scale_free,degree,4655568,100,291,0.03,3,0.45,0.1,50,0.07,2,0.15957446808510625,0.0,0.0,0.0
4615,scale_free,degree,4656577,100,291,0.03,3,0.45,0.1,50,0.12,2,0.08510638297872329,0.0,0.0,0.0
4616,scale_free,degree,4657586,100,291,0.03,3,0.45,0.1,50,0.09,1,0.3120567375886526,0.010638297872340437,0.0,0.0
4617,scale_free,degree,4658595,100,291,0.03,3,0.45,0.1,50,0.12,3,0.13475177304964564,0.0,0.0,0.0
4618,scale_free,degree,4659604,100,291,0.03,3,0.45,0.1,50,0.08,2,0.30497925311203344,0.018672199170124495,0.0,0.0
4619,scale_free,degree,4660613,100,291,0.03,3,0.45,0.1,50,0.24,9,0.08156028368794328,0.0,0.0,0.0
4620,scale_free,degree,4661622,100,291,0.03,3,0.45,0.1,50,0.12,3,0.2251308900523563,0.0,0.0,0.0
4621,scale_free,degree,4662631,100,291,0.03,3,0.45,0.1,50,0.27,4,0.04255319148936173,0.0,0.0,0.0
4622,scale_free,degree,4663640,100,291,0.03,3,0.45,0.1,50,0.11,3,0.1418439716312056,0.0,0.0,0.0
4623,scale_free,degree,4664649,100,291,0.03,3,0.45,0.1,50,0.11,1,0.13120567375886502,0.0,0.0,0.0
4624,scale_free,degree,4665658,100,291,0.03,3,0.45,0.1,50,0.09,2,0.1276595744680851,0.0,0.0,0.0
4625,scale_free,degree,4666667,100,291,0.03,3,0.45,0.1,50,0.11,2,0.17375886524822703,0.0,0.0,0.0
4626,scale_free,degree,4667676,100,291,0.03,3,0.45,0.1,50,0.23,3,0.12863070539419094,0.0,0.0,0.0
4627,scale_free,degree,4668685,100,291,0.03,3,0.45,0.1,50,0.14,2,0.1418439716312057,0.0,0.0,0.0
4628,scale_free,degree,4669694,100,291,0.03,3,0.45,0.1,50,0.19,3,0.10992907801418449,0.0,0.0,0.0
4629,scale_free,degree,4670703,100,291,0.03,3,0.45,0.1,50,0.18,6,0.05673758865248218,0.0,0.0,0.0
4630,scale_free,degree,4671712,100,291,0.03,3,0.45,0.1,50,0.18,4,0.13829787234042565,0.0,0.0,0.0
4631,scale_free,degree,4672721,100,291,0.03,3,0.45,0.1,50,0.13,4,0.12411347517730513,0.0,0.0,0.0
4632,scale_free,degree,4673730,100,291,0.03,3,0.45,0.1,50,0.04,1,0.17375886524822712,0.0,0.0,0.0
4633,scale_free,degree,4674739,100,291,0.03,3,0.45,0.1,50,0.14,4,0.06382978723404248,0.0,0.0,0.0
4634,scale_free,degree,4675748,100,291,0.03,3,0.45,0.1,50,0.2,4,0.07446808510638295,0.0,0.0,0.0
4635,scale_free,degree,4676757,100,291,0.03,3,0.45,0.1,50,0.18,3,0.08510638297872328,0.0,0.0,0.0
4636,scale_free,degree,4677766,100,291,0.03,3,0.45,0.1,50,0.12,2,0.14539007092198566,0.0,0.0,0.0
4637,scale_free,degree,4678775,100,291,0.03,3,0.45,0.1,50,0.07,2,0.23049645390070903,0.0,0.0,0.0
4638,scale_free,degree,4679784,100,291,0.03,3,0.45,0.1,50,0.14,2,0.1524822695035462,0.0,0.0,0.0
4639,scale_free,degree,4680793,100,291,0.03,3,0.45,0.1,50,0.1,2,0.13829787234042573,0.0,0.0,0.0
4640,scale_free,degree,4681802,100,291,0.03,3,0.45,0.1,50,0.05,1,0.22695035460992918,0.007092198581560287,0.0,0.0
4641,scale_free,degree,4682811,100,291,0.03,3,0.45,0.1,50,0.13,1,0.07801418439716318,0.0,0.0,0.0
4642,scale_free,degree,4683820,100,291,0.03,3,0.45,0.1,50,0.16,2,0.10283687943262425,0.0,0.0,0.0
4643,scale_free,degree,4684829,100,291,0.03,3,0.45,0.1,50,0.14,3,0.14539007092198597,0.0070921985815602905,0.0,0.0
4644,scale_free,degree,4685838,100,291,0.03,3,0.45,0.1,50,0.13,1,0.06737588652482276,0.0,0.0,0.0
4645,scale_free,degree,4686847,100,291,0.03,3,0.45,0.1,50,0.15,2,0.18848167539266966,0.0,0.0,0.0
4646,scale_free,degree,4687856,100,291,0.03,3,0.45,0.1,50,0.09,2,0.18439716312056756,0.0,0.0,0.0
4647,scale_free,degree,4688865,100,291,0.03,3,0.45,0.1,50,0.11,3,0.17730496453900693,0.0,0.0,0.0
4648,scale_free,degree,4689874,100,291,0.03,3,0.45,0.1,50,0.1,2,0.11702127659574468,0.0,0.0,0.0
4649,scale_free,degree,4690883,100,291,0.03,3,0.45,0.1,50,0.17,4,0.09574468085106387,0.0,0.0,0.0
4650,scale_free,degree,4691892,100,291,0.03,3,0.45,0.1,50,0.14,2,0.12765957446808524,0.0,0.0,0.0
4651,scale_free,degree,4692901,100,291,0.03,3,0.45,0.1,50,0.1,2,0.16312056737588648,0.003546099290780143,0.0,0.0
4652,scale_free,degree,4693910,100,291,0.03,3,0.45,0.1,50,0.12,1,0.17021276595744692,0.0035460992907801457,0.0,0.0
4653,scale_free,degree,4694919,100,291,0.03,3,0.45,0.1,50,0.13,3,0.14539007092198594,0.0,0.0,0.0
4654,scale_free,degree,4695928,100,291,0.03,3,0.45,0.1,50,0.13,1,0.17375886524822712,0.0,0.0,0.0
4655,scale_free,degree,4696937,100,291,0.03,3,0.45,0.1,50,0.08,1,0.15248226950354618,0.0,0.0,0.0
4656,scale_free,degree,4697946,100,291,0.03,3,0.45,0.1,50,0.07,3,0.15602836879432605,0.0,0.0,0.0
4657,scale_free,degree,4698955,100,291,0.03,3,0.45,0.1,50,0.2,5,0.1230366492146599,0.0,0.0,0.0
4658,scale_free,degree,4699964,100,291,0.03,3,0.45,0.1,50,0.15,4,0.08156028368794321,0.0,0.0,0.0
4659,scale_free,degree,4700973,100,291,0.03,3,0.45,0.1,50,0.09,1,0.12411347517730519,0.0,0.0,0.0
4660,scale_free,degree,4701982,100,291,0.03,3,0.45,0.1,50,0.11,3,0.22821576763485507,0.0,0.0,0.0
4661,scale_free,degree,4702991,100,291,0.03,3,0.45,0.1,50,0.13,2,0.16182572614107857,0.0,0.0,0.0
4662,scale_free,degree,4704000,100,291,0.03,3,0.45,0.1,50,0.11,2,0.12056737588652493,0.0,0.0,0.0
4663,scale_free,degree,4705009,100,291,0.03,3,0.45,0.1,50,0.1,3,0.12411347517730512,0.0,0.0,0.0
4664,scale_free,degree,4706018,100,291,0.03,3,0.45,0.1,50,0.12,1,0.1773049645390073,0.0,0.0,0.0
4665,scale_free,degree,4707027,100,291,0.03,3,0.45,0.1,50,0.1,3,0.17021276595744667,0.0,0.0,0.0
4666,scale_free,degree,4708036,100,291,0.03,3,0.45,0.1,50,0.07,1,0.12765957446808512,0.0,0.0,0.0
4667,scale_free,degree,4709045,100,291,0.03,3,0.45,0.1,50,0.22,7,0.07801418439716323,0.0,0.0,0.0
4668,scale_free,degree,4710054,100,291,0.03,3,0.45,0.1,50,0.06,1,0.17021276595744664,0.0035460992907801405,0.0,0.0
4669,scale_free,degree,4711063,100,291,0.03,3,0.45,0.1,50,1.0,17,0.0,0.0,0.0,0.0
4670,scale_free,degree,4712072,100,291,0.03,3,0.45,0.1,50,0.15,3,0.09219858156028375,0.0,0.0,0.0
4671,scale_free,degree,4713081,100,291,0.03,3,0.45,0.1,50,0.1,3,0.14893617021276595,0.0,0.0,0.0
4672,scale_free,degree,4714090,100,291,0.03,3,0.45,0.1,50,0.09,2,0.21276595744680857,0.0,0.0,0.0
4673,scale_free,degree,4715099,100,291,0.03,3,0.45,0.1,50,0.09,1,0.23758865248226982,0.0,0.0,0.0
4674,scale_free,degree,4716108,100,291,0.03,3,0.45,0.1,50,0.14,4,0.08510638297872346,0.0,0.0,0.0
4675,scale_free,degree,4717117,100,291,0.03,3,0.45,0.1,50,0.14,2,0.10283687943262411,0.0,0.0,0.0
4676,scale_free,degree,4718126,100,291,0.03,3,0.45,0.1,50,0.14,2,0.1560283687943264,0.0035460992907801452,0.0,0.0
4677,scale_free,degree,4719135,100,291,0.03,3,0.45,0.1,50,0.11,1,0.10992907801418439,0.0,0.0,0.0
4678,scale_free,degree,4720144,100,291,0.03,3,0.45,0.1,50,0.11,1,0.1347517730496455,0.0,0.0,0.0
4679,scale_free,degree,4721153,100,291,0.03,3,0.45,0.1,50,0.14,2,0.074468085106383,0.0,0.0,0.0
4680,scale_free,degree,4722162,100,291,0.03,3,0.45,0.1,50,0.13,3,0.14921465968586411,0.0,0.0,0.0
4681,scale_free,degree,4723171,100,291,0.03,3,0.45,0.1,50,0.1,4,0.12411347517730502,0.0,0.0,0.0
4682,scale_free,degree,4724180,100,291,0.03,3,0.45,0.1,50,0.23,4,0.1721991701244813,0.0,0.0,0.0
4683,scale_free,degree,4725189,100,291,0.03,3,0.45,0.1,50,0.11,5,0.13829787234042581,0.0,0.0,0.0
4684,scale_free,degree,4726198,100,291,0.03,3,0.45,0.1,50,0.14,4,0.1970954356846476,0.004149377593360999,0.0,0.0
4685,scale_free,degree,4727207,100,291,0.03,3,0.45,0.1,50,0.11,2,0.09574468085106382,0.0,0.0,0.0
4686,scale_free,degree,4728216,100,291,0.03,3,0.45,0.1,50,0.17,2,0.14539007092198575,0.0,0.0,0.0
4687,scale_free,degree,4729225,100,291,0.03,3,0.45,0.1,50,0.11,3,0.1702127659574466,0.0,0.0,0.0
4688,scale_free,degree,4730234,100,291,0.03,3,0.45,0.1,50,0.09,2,0.22251308900523578,0.0,0.0,0.0
4689,scale_free,degree,4731243,100,291,0.03,3,0.45,0.1,50,0.16,2,0.11702127659574466,0.0,0.0,0.0
4690,scale_free,degree,4732252,100,291,0.03,3,0.45,0.1,50,0.19,4,0.06028368794326233,0.0,0.0,0.0
4691,scale_free,degree,4733261,100,291,0.03,3,0.45,0.1,50,0.09,4,0.1382978723404254,0.0,0.0,0.0
4692,scale_free,degree,4734270,100,291,0.03,3,0.45,0.1,50,0.29,5,0.0531914893617021,0.0,0.0,0.0
4693,scale_free,degree,4735279,100,291,0.03,3,0.45,0.1,50,0.12,3,0.15248226950354618,0.0,0.0,0.0
4694,scale_free,degree,4736288,100,291,0.03,3,0.45,0.1,50,0.17,6,0.0851063829787234,0.0,0.0,0.0
4695,scale_free,degree,4737297,100,291,0.03,3,0.45,0.1,50,0.17,3,0.13120567375886538,0.0,0.0,0.0
4696,scale_free,degree,4738306,100,291,0.03,3,0.45,0.1,50,0.11,3,0.15602836879432636,0.0,0.0,0.0
4697,scale_free,degree,4739315,100,291,0.03,3,0.45,0.1,50,0.1,2,0.1666666666666667,0.0,0.0,0.0
4698,scale_free,degree,4740324,100,291,0.03,3,0.45,0.1,50,0.05,1,0.2092198581560285,0.0,0.0,0.0
4699,scale_free,degree,4741333,100,291,0.03,3,0.45,0.1,50,0.12,3,0.10992907801418436,0.0,0.0,0.0
4700,scale_free,degree,4742342,100,291,0.03,3,0.45,0.1,50,0.24,4,0.017730496453900717,0.0,0.0,0.0
4701,scale_free,degree,4743351,100,291,0.03,3,0.45,0.1,50,0.09,2,0.2092198581560286,0.0,0.0,0.0
4702,scale_free,degree,4744360,100,291,0.03,3,0.45,0.1,50,0.07,1,0.12411347517730509,0.0,0.0,0.0
4703,scale_free,degree,4745369,100,291,0.03,3,0.45,0.1,50,0.1,3,0.13475177304964553,0.0,0.0,0.0
4704,scale_free,degree,4746378,100,291,0.03,3,0.45,0.1,50,0.16,2,0.24468085106382936,0.0,0.0,0.0
4705,scale_free,degree,4747387,100,291,0.03,3,0.45,0.1,50,0.19,5,0.0921985815602838,0.0,0.0,0.0
4706,scale_free,degree,4748396,100,291,0.03,3,0.45,0.1,50,0.17,4,0.08865248226950359,0.0,0.0,0.0
4707,scale_free,degree,4749405,100,291,0.03,3,0.45,0.1,50,0.09,1,0.15248226950354601,0.0,0.0,0.0
4708,scale_free,degree,4750414,100,291,0.03,3,0.45,0.1,50,0.09,2,0.13829787234042562,0.0,0.0,0.0
4709,scale_free,degree,4751423,100,291,0.03,3,0.45,0.1,50,0.3,9,0.04255319148936176,0.0,0.0,0.0
4710,scale_free,degree,4752432,100,291,0.03,3,0.45,0.1,50,0.07,1,0.21727748691099483,0.0026178010471204203,0.0,0.0
4711,scale_free,degree,4753441,100,291,0.03,3,0.45,0.1,50,0.27,6,0.03191489361702126,0.0,0.0,0.0
4712,scale_free,degree,4754450,100,291,0.03,3,0.45,0.1,50,0.27,8,0.046099290780141876,0.0,0.0,0.0
4713,scale_free,degree,4755459,100,291,0.03,3,0.45,0.1,50,0.21,4,0.03191489361702123,0.0,0.0,0.0
4714,scale_free,degree,4756468,100,291,0.03,3,0.45,0.1,50,0.06,1,0.17730496453900715,0.0,0.0,0.0
4715,scale_free,degree,4757477,100,291,0.03,3,0.45,0.1,50,0.09,2,0.14184397163120585,0.0,0.0,0.0
4716,scale_free,degree,4758486,100,291,0.03,3,0.45,0.1,50,0.1,3,0.1985815602836881,0.0,0.0,0.0
4717,scale_free,degree,4759495,100,291,0.03,3,0.45,0.1,50,0.15,3,0.13120567375886544,0.0,0.0,0.0
4718,scale_free,degree,4760504,100,291,0.03,3,0.45,0.1,50,0.08,1,0.1347517730496455,0.0,0.0,0.0
4719,scale_free,degree,4761513,100,291,0.03,3,0.45,0.1,50,0.14,2,0.2883817427385893,0.004149377593360998,0.0,0.0
4720,scale_free,degree,4762522,100,291,0.03,3,0.45,0.1,50,0.11,2,0.20212765957446788,0.0,0.0,0.0
4721,scale_free,degree,4763531,100,291,0.03,3,0.45,0.1,50,0.11,3,0.20157068062827266,0.0,0.0,0.0
4722,scale_free,degree,4764540,100,291,0.03,3,0.45,0.1,50,0.39,13,0.0549738219895289,0.0,0.0,0.0
4723,scale_free,degree,4765549,100,291,0.03,3,0.45,0.1,50,0.07,1,0.14539007092198591,0.0,0.0,0.0
4724,scale_free,degree,4766558,100,291,0.03,3,0.45,0.1,50,0.2,4,0.17012448132780106,0.0,0.0,0.0
4725,scale_free,degree,4767567,100,291,0.03,3,0.45,0.1,50,0.1,2,0.13829787234042556,0.0,0.0,0.0
4726,scale_free,degree,4768576,100,291,0.03,3,0.45,0.1,50,0.11,3,0.13475177304964556,0.0,0.0,0.0
4727,scale_free,degree,4769585,100,291,0.03,3,0.45,0.1,50,0.08,2,0.20212765957446824,0.0,0.0,0.0
4728,scale_free,degree,4770594,100,291,0.03,3,0.45,0.1,50,0.2,6,0.12565445026177988,0.0,0.0,0.0
4729,scale_free,degree,4771603,100,291,0.03,3,0.45,0.1,50,0.09,2,0.19503546099290756,0.0,0.0,0.0
4730,scale_free,degree,4772612,100,291,0.03,3,0.45,0.1,50,0.08,1,0.26141078838174236,0.0041493775933609915,0.0,0.0
4731,scale_free,degree,4773621,100,291,0.03,3,0.45,0.1,50,0.07,1,0.23651452282157695,0.0,0.0,0.0
4732,scale_free,degree,4774630,100,291,0.03,3,0.45,0.1,50,0.15,3,0.18794326241134768,0.0,0.0,0.0
4733,scale_free,degree,4775639,100,291,0.03,3,0.45,0.1,50,0.14,3,0.23404255319148956,0.0,0.0,0.0
4734,scale_free,degree,4776648,100,291,0.03,3,0.45,0.1,50,0.11,2,0.21631205673758871,0.0,0.0,0.0
4735,scale_free,degree,4777657,100,291,0.03,3,0.45,0.1,50,0.09,1,0.2408376963350788,0.00785340314136126,0.0,0.0
4736,scale_free,degree,4778666,100,291,0.03,3,0.45,0.1,50,0.14,1,0.11702127659574467,0.0,0.0,0.0
4737,scale_free,degree,4779675,100,291,0.03,3,0.45,0.1,50,0.14,3,0.12411347517730509,0.0,0.0,0.0
4738,scale_free,degree,4780684,100,291,0.03,3,0.45,0.1,50,0.08,2,0.15957446808510659,0.0,0.0,0.0
4739,scale_free,degree,4781693,100,291,0.03,3,0.45,0.1,50,0.08,2,0.1489361702127658,0.0,0.0,0.0
4740,scale_free,degree,4782702,100,291,0.03,3,0.45,0.1,50,0.1,2,0.14730290456431536,0.0,0.0,0.0
4741,scale_free,degree,4783711,100,291,0.03,3,0.45,0.1,50,0.1,2,0.17539267015706825,0.0,0.0,0.0
4742,scale_free,degree,4784720,100,291,0.03,3,0.45,0.1,50,0.16,5,0.12411347517730496,0.0,0.0,0.0
4743,scale_free,degree,4785729,100,291,0.03,3,0.45,0.1,50,0.19,7,0.07801418439716305,0.0,0.0,0.0
4744,scale_free,degree,4786738,100,291,0.03,3,0.45,0.1,50,0.16,5,0.0602836879432625,0.0,0.0,0.0
4745,scale_free,degree,4787747,100,291,0.03,3,0.45,0.1,50,0.12,3,0.13829787234042581,0.0,0.0,0.0
4746,scale_free,degree,4788756,100,291,0.03,3,0.45,0.1,50,0.14,2,0.13829787234042543,0.0,0.0,0.0
4747,scale_free,degree,4789765,100,291,0.03,3,0.45,0.1,50,0.15,3,0.07092198581560279,0.0,0.0,0.0
4748,scale_free,degree,4790774,100,291,0.03,3,0.45,0.1,50,0.08,1,0.20921985815602848,0.0,0.0,0.0
4749,scale_free,degree,4791783,100,291,0.03,3,0.45,0.1,50,0.19,3,0.05319148936170213,0.0,0.0,0.0
4750,scale_free,degree,4792792,100,291,0.03,3,0.45,0.1,50,0.16,4,0.102836879432624,0.0,0.0,0.0
4751,scale_free,degree,4793801,100,291,0.03,3,0.45,0.1,50,0.19,3,0.10638297872340431,0.0,0.0,0.0
4752,scale_free,degree,4794810,100,291,0.03,3,0.45,0.1,50,0.05,1,0.2801047120418846,0.0,0.0,0.0
4753,scale_free,degree,4795819,100,291,0.03,3,0.45,0.1,50,0.12,5,0.10992907801418453,0.0,0.0,0.0
4754,scale_free,degree,4796828,100,291,0.03,3,0.45,0.1,50,0.13,3,0.14397905759162255,0.0,0.0,0.0
4755,scale_free,degree,4797837,100,291,0.03,3,0.45,0.1,50,0.16,4,0.1099290780141843,0.0,0.0,0.0
4756,scale_free,degree,4798846,100,291,0.03,3,0.45,0.1,50,0.18,3,0.127659574468085,0.0,0.0,0.0
4757,scale_free,degree,4799855,100,291,0.03,3,0.45,0.1,50,0.07,1,0.19858156028368795,0.0,0.0,0.0
4758,scale_free,degree,4800864,100,291,0.03,3,0.45,0.1,50,0.12,2,0.19503546099290808,0.0,0.0,0.0
4759,scale_free,degree,4801873,100,291,0.03,3,0.45,0.1,50,0.07,2,0.1702127659574469,0.0,0.0,0.0
4760,scale_free,degree,4802882,100,291,0.03,3,0.45,0.1,50,0.19,5,0.06737588652482272,0.0,0.0,0.0
4761,scale_free,degree,4803891,100,291,0.03,3,0.45,0.1,50,0.08,2,0.2234042553191488,0.0,0.0,0.0
4762,scale_free,degree,4804900,100,291,0.03,3,0.45,0.1,50,0.07,1,0.177304964539007,0.0,0.0,0.0
4763,scale_free,degree,4805909,100,291,0.03,3,0.45,0.1,50,0.28,3,0.04609929078014183,0.0,0.0,0.0
4764,scale_free,degree,4806918,100,291,0.03,3,0.45,0.1,50,0.1,1,0.13089005235602091,0.0,0.0,0.0
4765,scale_free,degree,4807927,100,291,0.03,3,0.45,0.1,50,0.11,3,0.1489361702127658,0.0035460992907801383,0.0,0.0
4766,scale_free,degree,4808936,100,291,0.03,3,0.45,0.1,50,0.06,2,0.14539007092198572,0.0,0.0,0.0
4767,scale_free,degree,4809945,100,291,0.03,3,0.45,0.1,50,0.08,3,0.20567375886524847,0.0,0.0,0.0
4768,scale_free,degree,4810954,100,291,0.03,3,0.45,0.1,50,0.1,1,0.1347517730496456,0.0,0.0,0.0
4769,scale_free,degree,4811963,100,291,0.03,3,0.45,0.1,50,0.15,4,0.09929078014184381,0.0,0.0,0.0
4770,scale_free,degree,4812972,100,291,0.03,3,0.45,0.1,50,0.09,1,0.1631205673758864,0.0,0.0,0.0
4771,scale_free,degree,4813981,100,291,0.03,3,0.45,0.1,50,0.12,2,0.06028368794326239,0.0,0.0,0.0
4772,scale_free,degree,4814990,100,291,0.03,3,0.45,0.1,50,0.11,3,0.14893617021276623,0.0,0.0,0.0
4773,scale_free,degree,4815999,100,291,0.03,3,0.45,0.1,50,0.09,1,0.22340425531914895,0.0,0.0,0.0
4774,scale_free,degree,4817008,100,291,0.03,3,0.45,0.1,50,0.1,1,0.07446808510638286,0.0,0.0,0.0
4775,scale_free,degree,4818017,100,291,0.03,3,0.45,0.1,50,0.19,4,0.08156028368794327,0.0,0.0,0.0
4776,scale_free,degree,4819026,100,291,0.03,3,0.45,0.1,50,0.07,1,0.24822695035460987,0.003546099290780143,0.0,0.0
4777,scale_free,degree,4820035,100,291,0.03,3,0.45,0.1,50,0.08,2,0.09929078014184402,0.0,0.0,0.0
4778,scale_free,degree,4821044,100,291,0.03,3,0.45,0.1,50,0.26,8,0.06382978723404262,0.0,0.0,0.0
4779,scale_free,degree,4822053,100,291,0.03,3,0.45,0.1,50,0.1,1,0.15602836879432638,0.0,0.0,0.0
4780,scale_free,degree,4823062,100,291,0.03,3,0.45,0.1,50,0.11,3,0.12411347517730506,0.0,0.0,0.0
4781,scale_free,degree,4824071,100,291,0.03,3,0.45,0.1,50,0.13,2,0.12765957446808524,0.0,0.0,0.0
4782,scale_free,degree,4825080,100,291,0.03,3,0.45,0.1,50,0.07,1,0.14539007092198586,0.0,0.0,0.0
4783,scale_free,degree,4826089,100,291,0.03,3,0.45,0.1,50,0.06,2,0.16312056737588668,0.0,0.0,0.0
4784,scale_free,degree,4827098,100,291,0.03,3,0.45,0.1,50,0.09,3,0.2905759162303658,0.002617801047120415,0.0,0.0
4785,scale_free,degree,4828107,100,291,0.03,3,0.45,0.1,50,0.12,3,0.12056737588652472,0.0,0.0,0.0
4786,scale_free,degree,4829116,100,291,0.03,3,0.45,0.1,50,0.07,1,0.21204188481675346,0.0,0.0,0.0
4787,scale_free,degree,4830125,100,291,0.03,3,0.45,0.1,50,0.11,3,0.12056737588652497,0.0,0.0,0.0
4788,scale_free,degree,4831134,100,291,0.03,3,0.45,0.1,50,0.17,3,0.12765957446808499,0.0,0.0,0.0
4789,scale_free,degree,4832143,100,291,0.03,3,0.45,0.1,50,0.07,1,0.1418439716312059,0.0,0.0,0.0
4790,scale_free,degree,4833152,100,291,0.03,3,0.45,0.1,50,0.24,7,0.10283687943262426,0.0,0.0,0.0
4791,scale_free,degree,4834161,100,291,0.03,3,0.45,0.1,50,0.08,1,0.15248226950354615,0.0,0.0,0.0
4792,scale_free,degree,4835170,100,291,0.03,3,0.45,0.1,50,0.14,2,0.1347517730496455,0.0,0.0,0.0
4793,scale_free,degree,4836179,100,291,0.03,3,0.45,0.1,50,0.15,2,0.08510638297872335,0.0,0.0,0.0
4794,scale_free,degree,4837188,100,291,0.03,3,0.45,0.1,50,0.1,3,0.2624113475177305,0.0,0.0,0.0
4795,scale_free,degree,4838197,100,291,0.03,3,0.45,0.1,50,0.04,1,0.2482269503546098,0.0035460992907801413,0.0,0.0
4796,scale_free,degree,4839206,100,291,0.03,3,0.45,0.1,50,0.11,3,0.18085106382978713,0.0,0.0,0.0
4797,scale_free,degree,4840215,100,291,0.03,3,0.45,0.1,50,0.14,3,0.1134751773049646,0.0,0.0,0.0
4798,scale_free,degree,4841224,100,291,0.03,3,0.45,0.1,50,0.08,2,0.1312056737588653,0.0,0.0,0.0
4799,scale_free,degree,4842233,100,291,0.03,3,0.45,0.1,50,0.13,3,0.12411347517730505,0.0,0.0,0.0
4800,scale_free,degree,4843242,100,291,0.03,3,0.45,0.1,50,0.17,3,0.039007092198581554,0.0,0.0,0.0
4801,scale_free,degree,4844251,100,291,0.03,3,0.45,0.1,50,0.25,4,0.06382978723404262,0.0,0.0,0.0
4802,scale_free,degree,4845260,100,291,0.03,3,0.45,0.1,50,0.22,4,0.05319148936170218,0.0,0.0,0.0
4803,scale_free,degree,4846269,100,291,0.03,3,0.45,0.1,50,0.13,2,0.07092198581560288,0.0,0.0,0.0
4804,scale_free,degree,4847278,100,291,0.03,3,0.45,0.1,50,0.08,1,0.2021276595744685,0.0035460992907801487,0.0,0.0
4805,scale_free,degree,4848287,100,291,0.03,3,0.45,0.1,50,0.13,2,0.10638297872340412,0.0035460992907801374,0.0,0.0
4806,scale_free,degree,4849296,100,291,0.03,3,0.45,0.1,50,0.13,1,0.2033195020746887,0.0,0.0,0.0
4807,scale_free,degree,4850305,100,291,0.03,3,0.45,0.1,50,0.11,3,0.10283687943262405,0.0,0.0,0.0
4808,scale_free,degree,4851314,100,291,0.03,3,0.45,0.1,50,0.15,3,0.18794326241134737,0.0,0.0,0.0
4809,scale_free,degree,4852323,100,291,0.03,3,0.45,0.1,50,0.27,5,0.05319148936170217,0.0,0.0,0.0
4810,scale_free,degree,4853332,100,291,0.03,3,0.45,0.1,50,0.05,1,0.2092198581560285,0.010638297872340434,0.0,0.0
4811,scale_free,degree,4854341,100,291,0.03,3,0.45,0.1,50,0.15,4,0.11347517730496438,0.0,0.0,0.0
4812,scale_free,degree,4855350,100,291,0.03,3,0.45,0.1,50,0.05,1,0.24113475177304997,0.010638297872340436,0.0,0.0
4813,scale_free,degree,4856359,100,291,0.03,3,0.45,0.1,50,0.48,9,0.0035460992907801465,0.0,0.0,0.0
4814,scale_free,degree,4857368,100,291,0.03,3,0.45,0.1,50,0.15,2,0.11702127659574481,0.0,0.0,0.0
4815,scale_free,degree,4858377,100,291,0.03,3,0.45,0.1,50,0.07,1,0.2198581560283691,0.003546099290780146,0.0,0.0
4816,scale_free,degree,4859386,100,291,0.03,3,0.45,0.1,50,0.08,2,0.19633507853403154,0.0,0.0,0.0
4817,scale_free,degree,4860395,100,291,0.03,3,0.45,0.1,50,0.07,1,0.20921985815602823,0.0,0.0,0.0
4818,scale_free,degree,4861404,100,291,0.03,3,0.45,0.1,50,0.17,5,0.08865248226950363,0.0,0.0,0.0
4819,scale_free,degree,4862413,100,291,0.03,3,0.45,0.1,50,0.31,8,0.03546099290780145,0.0,0.0,0.0
4820,scale_free,degree,4863422,100,291,0.03,3,0.45,0.1,50,0.12,2,0.1347517730496453,0.0,0.0,0.0
4821,scale_free,degree,4864431,100,291,0.03,3,0.45,0.1,50,0.15,6,0.14921465968586411,0.002617801047120422,0.0,0.0
4822,scale_free,degree,4865440,100,291,0.03,3,0.45,0.1,50,0.08,2,0.24066390041493801,0.004149377593361001,0.0,0.0
4823,scale_free,degree,4866449,100,291,0.03,3,0.45,0.1,50,0.16,4,0.09929078014184378,0.0,0.0,0.0
4824,scale_free,degree,4867458,100,291,0.03,3,0.45,0.1,50,0.13,2,0.2021276595744679,0.0,0.0,0.0
4825,scale_free,degree,4868467,100,291,0.03,3,0.45,0.1,50,0.08,1,0.3340248962655601,0.008298755186721993,0.0,0.0
4826,scale_free,degree,4869476,100,291,0.03,3,0.45,0.1,50,0.09,1,0.1808510638297874,0.0,0.0,0.0
4827,scale_free,degree,4870485,100,291,0.03,3,0.45,0.1,50,0.16,3,0.1028368794326242,0.0,0.0,0.0
4828,scale_free,degree,4871494,100,291,0.03,3,0.45,0.1,50,0.11,3,0.13475177304964517,0.0,0.0,0.0
4829,scale_free,degree,4872503,100,291,0.03,3,0.45,0.1,50,0.08,3,0.1347517730496453,0.0,0.0,0.0
4830,scale_free,degree,4873512,100,291,0.03,3,0.45,0.1,50,0.27,7,0.06737588652482276,0.0,0.0,0.0
4831,scale_free,degree,4874521,100,291,0.03,3,0.45,0.1,50,0.17,4,0.07446808510638304,0.0,0.0,0.0
4832,scale_free,degree,4875530,100,291,0.03,3,0.45,0.1,50,0.14,4,0.16312056737588673,0.0,0.0,0.0
4833,scale_free,degree,4876539,100,291,0.03,3,0.45,0.1,50,0.08,2,0.26763485477178506,0.0,0.0,0.0
4834,scale_free,degree,4877548,100,291,0.03,3,0.45,0.1,50,0.12,1,0.12411347517730503,0.0,0.0,0.0
4835,scale_free,degree,4878557,100,291,0.03,3,0.45,0.1,50,0.13,3,0.20212765957446843,0.0,0.0,0.0
4836,scale_free,degree,4879566,100,291,0.03,3,0.45,0.1,50,0.37,10,0.024822695035461,0.0,0.0,0.0
4837,scale_free,degree,4880575,100,291,0.03,3,0.45,0.1,50,0.17,3,0.2012448132780088,0.0062240663900415055,0.0,0.0
4838,scale_free,degree,4881584,100,291,0.03,3,0.45,0.1,50,0.14,5,0.15602836879432655,0.0,0.0,0.0
4839,scale_free,degree,4882593,100,291,0.03,3,0.45,0.1,50,0.08,1,0.195035460992908,0.0,0.0,0.0
4840,scale_free,degree,4883602,100,291,0.03,3,0.45,0.1,50,0.13,2,0.14539007092198575,0.0,0.0,0.0
4841,scale_free,degree,4884611,100,291,0.03,3,0.45,0.1,50,0.21,3,0.19371727748691148,0.0,0.0,0.0
4842,scale_free,degree,4885620,100,291,0.03,3,0.45,0.1,50,0.13,2,0.17730496453900704,0.0,0.0,0.0
4843,scale_free,degree,4886629,100,291,0.03,3,0.45,0.1,50,0.08,2,0.19503546099290778,0.0,0.0,0.0
4844,scale_free,degree,4887638,100,291,0.03,3,0.45,0.1,50,0.11,2,0.2021276595744682,0.0035460992907801452,0.0,0.0
4845,scale_free,degree,4888647,100,291,0.03,3,0.45,0.1,50,0.15,2,0.1524822695035463,0.0,0.0,0.0
4846,scale_free,degree,4889656,100,291,0.03,3,0.45,0.1,50,0.06,1,0.20567375886524833,0.0,0.0,0.0
4847,scale_free,degree,4890665,100,291,0.03,3,0.45,0.1,50,0.17,3,0.12056737588652469,0.0,0.0,0.0
4848,scale_free,degree,4891674,100,291,0.03,3,0.45,0.1,50,0.09,2,0.1631205673758868,0.0,0.0,0.0
4849,scale_free,degree,4892683,100,291,0.03,3,0.45,0.1,50,0.15,3,0.15602836879432652,0.0,0.0,0.0
4850,scale_free,degree,4893692,100,291,0.03,3,0.45,0.1,50,0.09,2,0.15602836879432644,0.0,0.0,0.0
4851,scale_free,degree,4894701,100,291,0.03,3,0.45,0.1,50,0.2,4,0.08510638297872346,0.0,0.0,0.0
4852,scale_free,degree,4895710,100,291,0.03,3,0.45,0.1,50,0.09,1,0.24083769633507862,0.005235602094240835,0.0,0.0
4853,scale_free,degree,4896719,100,291,0.03,3,0.45,0.1,50,0.19,3,0.13350785340314142,0.0,0.0,0.0
4854,scale_free,degree,4897728,100,291,0.03,3,0.45,0.1,50,0.16,2,0.049645390070922,0.0,0.0,0.0
4855,scale_free,degree,4898737,100,291,0.03,3,0.45,0.1,50,0.13,2,0.12411347517730509,0.0,0.0,0.0
4856,scale_free,degree,4899746,100,291,0.03,3,0.45,0.1,50,0.07,1,0.14539007092198597,0.0,0.0,0.0
4857,scale_free,degree,4900755,100,291,0.03,3,0.45,0.1,50,0.13,2,0.1230366492146592,0.0,0.0,0.0
4858,scale_free,degree,4901764,100,291,0.03,3,0.45,0.1,50,0.15,4,0.08865248226950345,0.0,0.0,0.0
4859,scale_free,degree,4902773,100,291,0.03,3,0.45,0.1,50,0.11,1,0.17021276595744672,0.0,0.0,0.0
4860,scale_free,degree,4903782,100,291,0.03,3,0.45,0.1,50,0.08,2,0.20921985815602873,0.0035460992907801483,0.0,0.0
4861,scale_free,degree,4904791,100,291,0.03,3,0.45,0.1,50,0.12,2,0.09574468085106391,0.0,0.0,0.0
4862,scale_free,degree,4905800,100,291,0.03,3,0.45,0.1,50,0.08,2,0.15602836879432613,0.0,0.0,0.0
4863,scale_free,degree,4906809,100,291,0.03,3,0.45,0.1,50,0.07,2,0.17021276595744697,0.0,0.0,0.0
4864,scale_free,degree,4907818,100,291,0.03,3,0.45,0.1,50,0.07,3,0.2375886524822695,0.0,0.0,0.0
4865,scale_free,degree,4908827,100,291,0.03,3,0.45,0.1,50,0.16,3,0.14893617021276617,0.0,0.0,0.0
4866,scale_free,degree,4909836,100,291,0.03,3,0.45,0.1,50,0.07,1,0.13829787234042576,0.0,0.0,0.0
4867,scale_free,degree,4910845,100,291,0.03,3,0.45,0.1,50,0.13,1,0.13120567375886535,0.0,0.0,0.0
4868,scale_free,degree,4911854,100,291,0.03,3,0.45,0.1,50,0.11,2,0.2021276595744682,0.0,0.0,0.0
4869,scale_free,degree,4912863,100,291,0.03,3,0.45,0.1,50,0.23,4,0.07092198581560287,0.0,0.0,0.0
4870,scale_free,degree,4913872,100,291,0.03,3,0.45,0.1,50,0.09,2,0.14893617021276587,0.0070921985815602835,0.0,0.0
4871,scale_free,degree,4914881,100,291,0.03,3,0.45,0.1,50,0.08,1,0.18794326241134734,0.0,0.0,0.0
4872,scale_free,degree,4915890,100,291,0.03,3,0.45,0.1,50,0.05,1,0.19503546099290792,0.0,0.0,0.0
4873,scale_free,degree,4916899,100,291,0.03,3,0.45,0.1,50,0.14,2,0.08510638297872329,0.0,0.0,0.0
4874,scale_free,degree,4917908,100,291,0.03,3,0.45,0.1,50,0.14,3,0.14184397163120582,0.0,0.0,0.0
4875,scale_free,degree,4918917,100,291,0.03,3,0.45,0.1,50,0.22,4,0.07801418439716322,0.0,0.0,0.0
4876,scale_free,degree,4919926,100,291,0.03,3,0.45,0.1,50,0.2,4,0.1970954356846473,0.0,0.0,0.0
4877,scale_free,degree,4920935,100,291,0.03,3,0.45,0.1,50,0.2,4,0.11702127659574488,0.0,0.0,0.0
4878,scale_free,degree,4921944,100,291,0.03,3,0.45,0.1,50,0.08,2,0.19858156028368784,0.0,0.0,0.0
4879,scale_free,degree,4922953,100,291,0.03,3,0.45,0.1,50,0.21,6,0.08156028368794327,0.0,0.0,0.0
4880,scale_free,degree,4923962,100,291,0.03,3,0.45,0.1,50,0.14,2,0.14893617021276623,0.003546099290780148,0.0,0.0
4881,scale_free,degree,4924971,100,291,0.03,3,0.45,0.1,50,0.15,5,0.046099290780141904,0.0,0.0,0.0
4882,scale_free,degree,4925980,100,291,0.03,3,0.45,0.1,50,0.1,2,0.16312056737588673,0.0,0.0,0.0
4883,scale_free,degree,4926989,100,291,0.03,3,0.45,0.1,50,0.16,5,0.11702127659574482,0.0,0.0,0.0
4884,scale_free,degree,4927998,100,291,0.03,3,0.45,0.1,50,0.11,3,0.11347517730496462,0.0,0.0,0.0
4885,scale_free,degree,4929007,100,291,0.03,3,0.45,0.1,50,0.08,1,0.19148936170212788,0.0035460992907801444,0.0,0.0
4886,scale_free,degree,4930016,100,291,0.03,3,0.45,0.1,50,0.13,3,0.1134751773049646,0.0,0.0,0.0
4887,scale_free,degree,4931025,100,291,0.03,3,0.45,0.1,50,0.12,2,0.09574468085106377,0.0,0.0,0.0
4888,scale_free,degree,4932034,100,291,0.03,3,0.45,0.1,50,0.09,1,0.1843971631205672,0.0,0.0,0.0
4889,scale_free,degree,4933043,100,291,0.03,3,0.45,0.1,50,0.06,1,0.22695035460992935,0.0,0.0,0.0
4890,scale_free,degree,4934052,100,291,0.03,3,0.45,0.1,50,0.07,3,0.18794326241134773,0.0,0.0,0.0
4891,scale_free,degree,4935061,100,291,0.03,3,0.45,0.1,50,0.18,4,0.11347517730496469,0.0,0.0,0.0
4892,scale_free,degree,4936070,100,291,0.03,3,0.45,0.1,50,0.12,2,0.1312056737588651,0.0,0.0,0.0
4893,scale_free,degree,4937079,100,291,0.03,3,0.45,0.1,50,0.21,4,0.06382978723404263,0.0,0.0,0.0
4894,scale_free,degree,4938088,100,291,0.03,3,0.45,0.1,50,0.17,3,0.12565445026178026,0.0,0.0,0.0
4895,scale_free,degree,4939097,100,291,0.03,3,0.45,0.1,50,0.13,3,0.2517730496453905,0.0,0.0,0.0
4896,scale_free,degree,4940106,100,291,0.03,3,0.45,0.1,50,0.07,1,0.15957446808510625,0.0,0.0,0.0
4897,scale_free,degree,4941115,100,291,0.03,3,0.45,0.1,50,0.12,2,0.11347517730496445,0.0,0.0,0.0
4898,scale_free,degree,4942124,100,291,0.03,3,0.45,0.1,50,0.09,1,0.20567375886524852,0.0,0.0,0.0
4899,scale_free,degree,4943133,100,291,0.03,3,0.45,0.1,50,0.2,2,0.06282722513088994,0.0,0.0,0.0
4900,scale_free,degree,4944142,100,291,0.03,3,0.45,0.1,50,0.06,1,0.21985815602836906,0.0,0.0,0.0
4901,scale_free,degree,4945151,100,291,0.03,3,0.45,0.1,50,0.18,4,0.08510638297872349,0.0,0.0,0.0
4902,scale_free,degree,4946160,100,291,0.03,3,0.45,0.1,50,0.15,4,0.10283687943262429,0.0,0.0,0.0
4903,scale_free,degree,4947169,100,291,0.03,3,0.45,0.1,50,0.07,1,0.2553191489361706,0.007092198581560294,0.0,0.0
4904,scale_free,degree,4948178,100,291,0.03,3,0.45,0.1,50,0.1,2,0.19503546099290825,0.0,0.0,0.0
4905,scale_free,degree,4949187,100,291,0.03,3,0.45,0.1,50,0.15,4,0.1843971631205673,0.0,0.0,0.0
4906,scale_free,degree,4950196,100,291,0.03,3,0.45,0.1,50,0.15,2,0.14184397163120582,0.0,0.0,0.0
4907,scale_free,degree,4951205,100,291,0.03,3,0.45,0.1,50,0.11,3,0.09574468085106386,0.0,0.0,0.0
4908,scale_free,degree,4952214,100,291,0.03,3,0.45,0.1,50,0.17,3,0.09574468085106394,0.0,0.0,0.0
4909,scale_free,degree,4953223,100,291,0.03,3,0.45,0.1,50,0.16,2,0.0851063829787235,0.0,0.0,0.0
4910,scale_free,degree,4954232,100,291,0.03,3,0.45,0.1,50,0.24,4,0.13350785340314134,0.0,0.0,0.0
4911,scale_free,degree,4955241,100,291,0.03,3,0.45,0.1,50,0.18,4,0.0851063829787235,0.0,0.0,0.0
4912,scale_free,degree,4956250,100,291,0.03,3,0.45,0.1,50,0.08,2,0.1666666666666668,0.0,0.0,0.0
4913,scale_free,degree,4957259,100,291,0.03,3,0.45,0.1,50,0.12,2,0.18464730290456405,0.0,0.0,0.0
4914,scale_free,degree,4958268,100,291,0.03,3,0.45,0.1,50,0.12,2,0.13475177304964564,0.0070921985815602965,0.0,0.0
4915,scale_free,degree,4959277,100,291,0.03,3,0.45,0.1,50,0.1,3,0.1453900709219857,0.0,0.0,0.0
4916,scale_free,degree,4960286,100,291,0.03,3,0.45,0.1,50,0.09,3,0.19858156028368765,0.0,0.0,0.0
4917,scale_free,degree,4961295,100,291,0.03,3,0.45,0.1,50,0.12,3,0.120567375886525,0.0,0.0,0.0
4918,scale_free,degree,4962304,100,291,0.03,3,0.45,0.1,50,0.1,2,0.21985815602836867,0.0070921985815602835,0.0,0.0
4919,scale_free,degree,4963313,100,291,0.03,3,0.45,0.1,50,0.09,2,0.1489361702127661,0.0,0.0,0.0
4920,scale_free,degree,4964322,100,291,0.03,3,0.45,0.1,50,0.16,5,0.13475177304964514,0.0,0.0,0.0
4921,scale_free,degree,4965331,100,291,0.03,3,0.45,0.1,50,0.18,5,0.07801418439716322,0.0,0.0,0.0
4922,scale_free,degree,4966340,100,291,0.03,3,0.45,0.1,50,0.09,2,0.11347517730496473,0.0,0.0,0.0
4923,scale_free,degree,4967349,100,291,0.03,3,0.45,0.1,50,0.05,1,0.3404255319148939,0.0035460992907801444,0.0,0.0
4924,scale_free,degree,4968358,100,291,0.03,3,0.45,0.1,50,0.19,5,0.12765957446808493,0.0,0.0,0.0
4925,scale_free,degree,4969367,100,291,0.03,3,0.45,0.1,50,0.11,2,0.13475177304964556,0.0,0.0,0.0
4926,scale_free,degree,4970376,100,291,0.03,3,0.45,0.1,50,0.08,1,0.11347517730496454,0.0,0.0,0.0
4927,scale_free,degree,4971385,100,291,0.03,3,0.45,0.1,50,0.16,3,0.12827225130890063,0.0,0.0,0.0
4928,scale_free,degree,4972394,100,291,0.03,3,0.45,0.1,50,0.4,13,0.07329842931937153,0.0,0.0,0.0
4929,scale_free,degree,4973403,100,291,0.03,3,0.45,0.1,50,0.13,3,0.22695035460992916,0.0,0.0,0.0
4930,scale_free,degree,4974412,100,291,0.03,3,0.45,0.1,50,0.14,4,0.13829787234042543,0.0,0.0,0.0
4931,scale_free,degree,4975421,100,291,0.03,3,0.45,0.1,50,0.08,1,0.07092198581560293,0.0,0.0,0.0
4932,scale_free,degree,4976430,100,291,0.03,3,0.45,0.1,50,0.1,5,0.0673758865248227,0.0,0.0,0.0
4933,scale_free,degree,4977439,100,291,0.03,3,0.45,0.1,50,0.15,3,0.1431535269709542,0.0,0.0,0.0
4934,scale_free,degree,4978448,100,291,0.03,3,0.45,0.1,50,0.13,4,0.12056737588652484,0.0,0.0,0.0
4935,scale_free,degree,4979457,100,291,0.03,3,0.45,0.1,50,0.11,3,0.13829787234042543,0.0,0.0,0.0
4936,scale_free,degree,4980466,100,291,0.03,3,0.45,0.1,50,0.09,2,0.1134751773049644,0.0,0.0,0.0
4937,scale_free,degree,4981475,100,291,0.03,3,0.45,0.1,50,0.17,4,0.04964539007092204,0.0,0.0,0.0
4938,scale_free,degree,4982484,100,291,0.03,3,0.45,0.1,50,0.2,3,0.15145228215767617,0.0,0.0,0.0
4939,scale_free,degree,4983493,100,291,0.03,3,0.45,0.1,50,0.23,4,0.14397905759162252,0.0,0.0,0.0
4940,scale_free,degree,4984502,100,291,0.03,3,0.45,0.1,50,0.13,2,0.05673758865248229,0.0,0.0,0.0
4941,scale_free,degree,4985511,100,291,0.03,3,0.45,0.1,50,0.1,3,0.13475177304964558,0.0,0.0,0.0
4942,scale_free,degree,4986520,100,291,0.03,3,0.45,0.1,50,0.07,2,0.257261410788382,0.0,0.0,0.0
4943,scale_free,degree,4987529,100,291,0.03,3,0.45,0.1,50,0.06,2,0.261780104712042,0.0,0.0,0.0
4944,scale_free,degree,4988538,100,291,0.03,3,0.45,0.1,50,0.15,3,0.17021276595744683,0.0,0.0,0.0
4945,scale_free,degree,4989547,100,291,0.03,3,0.45,0.1,50,0.16,3,0.0567375886524822,0.0,0.0,0.0
4946,scale_free,degree,4990556,100,291,0.03,3,0.45,0.1,50,0.15,3,0.08156028368794324,0.0,0.0,0.0
4947,scale_free,degree,4991565,100,291,0.03,3,0.45,0.1,50,0.15,4,0.20921985815602845,0.0,0.0,0.0
4948,scale_free,degree,4992574,100,291,0.03,3,0.45,0.1,50,0.11,3,0.20212765957446824,0.0,0.0,0.0
4949,scale_free,degree,4993583,100,291,0.03,3,0.45,0.1,50,0.16,4,0.053191489361702156,0.0,0.0,0.0
4950,scale_free,degree,4994592,100,291,0.03,3,0.45,0.1,50,0.13,3,0.07092198581560291,0.0,0.0,0.0
4951,scale_free,degree,4995601,100,291,0.03,3,0.45,0.1,50,0.16,4,0.1524822695035462,0.003546099290780145,0.0,0.0
4952,scale_free,degree,4996610,100,291,0.03,3,0.45,0.1,50,0.07,1,0.15248226950354615,0.0,0.0,0.0
4953,scale_free,degree,4997619,100,291,0.03,3,0.45,0.1,50,0.09,1,0.1631205673758868,0.0,0.0,0.0
4954,scale_free,degree,4998628,100,291,0.03,3,0.45,0.1,50,0.07,2,0.1134751773049647,0.0,0.0,0.0
4955,scale_free,degree,4999637,100,291,0.03,3,0.45,0.1,50,0.08,2,0.195035460992908,0.0,0.0,0.0
4956,scale_free,degree,5000646,100,291,0.03,3,0.45,0.1,50,0.05,1,0.23049645390070944,0.010638297872340436,0.0,0.0
4957,scale_free,degree,5001655,100,291,0.03,3,0.45,0.1,50,0.12,2,0.09219858156028359,0.0,0.0,0.0
4958,scale_free,degree,5002664,100,291,0.03,3,0.45,0.1,50,0.19,3,0.1492146596858636,0.0,0.0,0.0
4959,scale_free,degree,5003673,100,291,0.03,3,0.45,0.1,50,0.19,4,0.053191489361702135,0.0,0.0,0.0
4960,scale_free,degree,5004682,100,291,0.03,3,0.45,0.1,50,0.13,3,0.1843971631205674,0.0,0.0,0.0
4961,scale_free,degree,5005691,100,291,0.03,3,0.45,0.1,50,0.11,4,0.18439716312056753,0.0,0.0,0.0
4962,scale_free,degree,5006700,100,291,0.03,3,0.45,0.1,50,0.23,4,0.02127659574468087,0.0,0.0,0.0
4963,scale_free,degree,5007709,100,291,0.03,3,0.45,0.1,50,0.09,2,0.1937172774869115,0.0,0.0,0.0
4964,scale_free,degree,5008718,100,291,0.03,3,0.45,0.1,50,0.07,1,0.31327800829875524,0.012448132780082999,0.0,0.0
4965,scale_free,degree,5009727,100,291,0.03,3,0.45,0.1,50,0.18,2,0.1727748691099473,0.0,0.0,0.0
4966,scale_free,degree,5010736,100,291,0.03,3,0.45,0.1,50,0.49,15,0.017730496453900728,0.0,0.0,0.0
4967,scale_free,degree,5011745,100,291,0.03,3,0.45,0.1,50,0.1,2,0.15602836879432638,0.0035460992907801444,0.0,0.0
4968,scale_free,degree,5012754,100,291,0.03,3,0.45,0.1,50,0.08,2,0.15248226950354613,0.0,0.0,0.0
4969,scale_free,degree,5013763,100,291,0.03,3,0.45,0.1,50,0.18,5,0.18324607329842948,0.002617801047120421,0.0,0.0
4970,scale_free,degree,5014772,100,291,0.03,3,0.45,0.1,50,0.06,2,0.1985815602836879,0.0,0.0,0.0
4971,scale_free,degree,5015781,100,291,0.03,3,0.45,0.1,50,0.17,6,0.1489361702127659,0.0035460992907801413,0.0,0.0
4972,scale_free,degree,5016790,100,291,0.03,3,0.45,0.1,50,0.06,1,0.21985815602836922,0.0,0.0,0.0
4973,scale_free,degree,5017799,100,291,0.03,3,0.45,0.1,50,0.1,2,0.20567375886524833,0.0,0.0,0.0
4974,scale_free,degree,5018808,100,291,0.03,3,0.45,0.1,50,0.13,2,0.16492146596858642,0.0,0.0,0.0
4975,scale_free,degree,5019817,100,291,0.03,3,0.45,0.1,50,0.14,2,0.1170212765957446,0.0,0.0,0.0
4976,scale_free,degree,5020826,100,291,0.03,3,0.45,0.1,50,0.09,2,0.20567375886524866,0.0,0.0,0.0
4977,scale_free,degree,5021835,100,291,0.03,3,0.45,0.1,50,0.04,1,0.10283687943262394,0.0,0.0,0.0
4978,scale_free,degree,5022844,100,291,0.03,3,0.45,0.1,50,0.06,1,0.26556016597510385,0.010373443983402496,0.0,0.0
4979,scale_free,degree,5023853,100,291,0.03,3,0.45,0.1,50,0.17,4,0.12765957446808518,0.0,0.0,0.0
4980,scale_free,degree,5024862,100,291,0.03,3,0.45,0.1,50,0.09,1,0.27225130890052296,0.0026178010471204147,0.0,0.0
4981,scale_free,degree,5025871,100,291,0.03,3,0.45,0.1,50,0.14,2,0.1382978723404256,0.003546099290780145,0.0,0.0
4982,scale_free,degree,5026880,100,291,0.03,3,0.45,0.1,50,0.1,1,0.08510638297872347,0.0,0.0,0.0
4983,scale_free,degree,5027889,100,291,0.03,3,0.45,0.1,50,0.34,7,0.06639004149377603,0.0,0.0,0.0
4984,scale_free,degree,5028898,100,291,0.03,3,0.45,0.1,50,0.11,2,0.14539007092198594,0.0,0.0,0.0
4985,scale_free,degree,5029907,100,291,0.03,3,0.45,0.1,50,0.08,1,0.3085106382978724,0.0,0.0,0.0
4986,scale_free,degree,5030916,100,291,0.03,3,0.45,0.1,50,0.1,3,0.19503546099290758,0.010638297872340417,0.0,0.0
4987,scale_free,degree,5031925,100,291,0.03,3,0.45,0.1,50,0.14,4,0.10992907801418451,0.0,0.0,0.0
4988,scale_free,degree,5032934,100,291,0.03,3,0.45,0.1,50,0.27,7,0.028368794326241124,0.0,0.0,0.0
4989,scale_free,degree,5033943,100,291,0.03,3,0.45,0.1,50,0.06,1,0.12411347517730509,0.0,0.0,0.0
4990,scale_free,degree,5034952,100,291,0.03,3,0.45,0.1,50,0.24,7,0.056737588652482296,0.0,0.0,0.0
4991,scale_free,degree,5035961,100,291,0.03,3,0.45,0.1,50,0.14,3,0.0709219858156028,0.0,0.0,0.0
4992,scale_free,degree,5036970,100,291,0.03,3,0.45,0.1,50,0.14,3,0.1595744680851065,0.0,0.0,0.0
4993,scale_free,degree,5037979,100,291,0.03,3,0.45,0.1,50,0.09,2,0.09574468085106404,0.0,0.0,0.0
4994,scale_free,degree,5038988,100,291,0.03,3,0.45,0.1,50,0.1,3,0.19371727748691106,0.0,0.0,0.0
4995,scale_free,degree,5039997,100,291,0.03,3,0.45,0.1,50,0.13,2,0.1347517730496453,0.0,0.0,0.0
4996,scale_free,degree,5041006,100,291,0.03,3,0.45,0.1,50,0.04,1,0.28368794326241137,0.00709219858156029,0.0,0.0
4997,scale_free,degree,5042015,100,291,0.03,3,0.45,0.1,50,0.07,2,0.19148936170212763,0.0,0.0,0.0
4998,scale_free,degree,5043024,100,291,0.03,3,0.45,0.1,50,0.06,1,0.3257261410788386,0.0,0.0,0.0
4999,scale_free,degree,5044033,100,291,0.03,3,0.45,0.1,50,0.09,1,0.2127659574468088,0.0,0.0,0.0
5000,scale_free,degree,5045042,100,291,0.03,3,0.45,0.1,50,0.24,6,0.06382978723404259,0.0,0.0,0.0
5001,small_world,degree,5046051,100,300,0.03,3,0.45,0.1,50,0.03,0,0.7350000000000001,0.28000000000000014,0.07000000000000003,0.0
5002,small_world,degree,5047060,100,300,0.03,3,0.45,0.1,50,0.03,0,0.7900000000000001,0.42000000000000004,0.135,0.0
5003,small_world,degree,5048069,100,300,0.03,3,0.45,0.1,50,0.03,0,0.78,0.43,0.15,0.0
5004,small_world,degree,5049078,100,300,0.03,3,0.45,0.1,50,0.06,3,0.7599999999999999,0.475,0.145,0.0
5005,small_world,degree,5050087,100,300,0.03,3,0.45,0.1,50,0.03,0,0.7349999999999999,0.355,0.005000000000000001,0.0
5006,small_world,degree,5051096,100,300,0.03,3,0.45,0.1,50,0.04,1,0.83,0.5700000000000001,0.28,0.0
5007,small_world,degree,5052105,100,300,0.03,3,0.45,0.1,50,0.03,0,0.765,0.5499999999999999,0.275,0.0
5008,small_world,degree,5053114,100,300,0.03,3,0.45,0.1,50,0.04,1,0.62,0.29,0.06999999999999998,0.0
5009,small_world,degree,5054123,100,300,0.03,3,0.45,0.1,50,0.03,0,0.7400000000000004,0.44000000000000056,0.09000000000000008,0.0
5010,small_world,degree,5055132,100,300,0.03,3,0.45,0.1,50,0.07,3,0.8200000000000001,0.5850000000000001,0.27499999999999997,0.0
5011,small_world,degree,5056141,100,300,0.03,3,0.45,0.1,50,0.03,0,0.6700000000000002,0.36000000000000026,0.050000000000000024,0.0
5012,small_world,degree,5057150,100,300,0.03,3,0.45,0.1,50,0.03,0,0.73,0.445,0.165,0.0
5013,small_world,degree,5058159,100,300,0.03,3,0.45,0.1,50,0.03,0,0.7433333333333334,0.37333333333333313,0.12666666666666662,0.0
5014,small_world,degree,5059168,100,300,0.03,3,0.45,0.1,50,0.03,0,0.69,0.36,0.07,0.0
5015,small_world,degree,5060177,100,300,0.03,3,0.45,0.1,50,0.14,4,0.665,0.27,0.039999999999999994,0.0
5016,small_world,degree,5061186,100,300,0.03,3,0.45,0.1,50,0.03,0,0.75,0.38,0.13,0.0
5017,small_world,degree,5062195,100,300,0.03,3,0.45,0.1,50,0.03,0,0.745,0.39,0.145,0.0
5018,small_world,degree,5063204,100,300,0.03,3,0.45,0.1,50,0.03,0,0.75,0.39,0.08999999999999998,0.0
5019,small_world,degree,5064213,100,300,0.03,3,0.45,0.1,50,0.03,0,0.7399999999999998,0.4500000000000004,0.2500000000000001,0.0
5020,small_world,degree,5065222,100,300,0.03,3,0.45,0.1,50,0.03,0,0.745,0.385,0.055,0.0
5021,small_world,degree,5066231,100,300,0.03,3,0.45,0.1,50,0.03,0,0.735,0.345,0.045,0.0
5022,small_world,degree,5067240,100,300,0.03,3,0.45,0.1,50,0.03,0,0.735,0.4699999999999999,0.155,0.0
5023,small_world,degree,5068249,100,300,0.03,3,0.45,0.1,50,0.03,0,0.71,0.27,0.115,0.0
5024,small_world,degree,5069258,100,300,0.03,3,0.45,0.1,50,0.03,0,0.71,0.295,0.029999999999999992,0.0
5025,small_world,degree,5070267,100,300,0.03,3,0.45,0.1,50,0.03,0,0.8399999999999997,0.5950000000000003,0.275,0.0
5026,small_world,degree,5071276,100,300,0.03,3,0.45,0.1,50,0.03,0,0.725,0.37,0.09499999999999999,0.0
5027,small_world,degree,5072285,100,300,0.03,3,0.45,0.1,50,0.03,0,0.7049999999999996,0.39500000000000035,0.13000000000000006,0.0
5028,small_world,degree,5073294,100,300,0.03,3,0.45,0.1,50,0.1,5,0.66,0.27,0.015000000000000003,0.0
5029,small_world,degree,5074303,100,300,0.03,3,0.45,0.1,50,0.05,1,0.73,0.395,0.08,0.0
5030,small_world,degree,5075312,100,300,0.03,3,0.45,0.1,50,0.03,0,0.7350000000000002,0.3900000000000005,0.07500000000000007,0.0
5031,small_world,degree,5076321,100,300,0.03,3,0.45,0.1,50,0.03,0,0.715,0.375,0.1,0.0
5032,small_world,degree,5077330,100,300,0.03,3,0.45,0.1,50,0.03,0,0.67,0.31999999999999995,0.07999999999999999,0.0
5033,small_world,degree,5078339,100,300,0.03,3,0.45,0.1,50,0.06,3,0.795,0.505,0.175,0.0
5034,small_world,degree,5079348,100,300,0.03,3,0.45,0.1,50,0.03,0,0.745,0.41,0.08999999999999998,0.0
5035,small_world,degree,5080357,100,300,0.03,3,0.45,0.1,50,0.04,1,0.735,0.36,0.035,0.0
5036,small_world,degree,5081366,100,300,0.03,3,0.45,0.1,50,0.03,0,0.7299999999999999,0.3550000000000003,0.040000000000000036,0.0
5037,small_world,degree,5082375,100,300,0.03,3,0.45,0.1,50,0.04,1,0.78,0.54,0.175,0.0
5038,small_world,degree,5083384,100,300,0.03,3,0.45,0.1,50,0.03,0,0.715,0.355,0.05499999999999999,0.0
5039,small_world,degree,5084393,100,300,0.03,3,0.45,0.1,50,0.03,0,0.6799999999999999,0.37000000000000033,0.11500000000000007,0.0
5040,small_world,degree,5085402,100,300,0.03,3,0.45,0.1,50,0.04,1,0.705,0.275,0.04999999999999999,0.0
5041,small_world,degree,5086411,100,300,0.03,3,0.45,0.1,50,0.03,0,0.78,0.52,0.225,0.0
5042,small_world,degree,5087420,100,300,0.03,3,0.45,0.1,50,0.03,0,0.68,0.345,0.05,0.0
5043,small_world,degree,5088429,100,300,0.03,3,0.45,0.1,50,0.03,0,0.7349999999999999,0.37000000000000044,0.10000000000000007,0.0
5044,small_world,degree,5089438,100,300,0.03,3,0.45,0.1,50,0.03,0,0.74,0.39,0.06,0.0
5045,small_world,degree,5090447,100,300,0.03,3,0.45,0.1,50,0.07,2,0.7999999999999997,0.5250000000000001,0.175,0.0
5046,small_world,degree,5091456,100,300,0.03,3,0.45,0.1,50,0.03,0,0.6900000000000002,0.3750000000000005,0.08000000000000007,0.0
5047,small_world,degree,5092465,100,300,0.03,3,0.45,0.1,50,0.03,0,0.7733333333333334,0.41666666666666663,0.03333333333333332,0.0
5048,small_world,degree,5093474,100,300,0.03,3,0.45,0.1,50,0.03,0,0.7200000000000001,0.30666666666666664,0.020000000000000004,0.0
5049,small_world,degree,5094483,100,300,0.03,3,0.45,0.1,50,0.03,0,0.745,0.365,0.024999999999999994,0.0
5050,small_world,degree,5095492,100,300,0.03,3,0.45,0.1,50,0.03,0,0.6800000000000002,0.33000000000000035,0.050000000000000044,0.0
5051,small_world,degree,5096501,100,300,0.03,3,0.45,0.1,50,0.05,1,0.745,0.36500000000000005,0.04000000000000001,0.0
5052,small_world,degree,5097510,100,300,0.03,3,0.45,0.1,50,0.05,1,0.66,0.245,0.05,0.0
5053,small_world,degree,5098519,100,300,0.03,3,0.45,0.1,50,0.03,0,0.8000000000000002,0.5750000000000004,0.26500000000000007,0.0
5054,small_world,degree,5099528,100,300,0.03,3,0.45,0.1,50,0.07,2,0.82,0.6299999999999999,0.3299999999999999,0.0
5055,small_world,degree,5100537,100,300,0.03,3,0.45,0.1,50,0.03,0,0.7050000000000003,0.25000000000000033,0.025000000000000022,0.0
5056,small_world,degree,5101546,100,300,0.03,3,0.45,0.1,50,0.03,0,0.8049999999999999,0.5150000000000002,0.15999999999999998,0.0
5057,small_world,degree,5102555,100,300,0.03,3,0.45,0.1,50,0.04,1,0.72,0.395,0.15999999999999998,0.0
5058,small_world,degree,5103564,100,300,0.03,3,0.45,0.1,50,0.03,0,0.74,0.37,0.10999999999999999,0.0
5059,small_world,degree,5104573,100,300,0.03,3,0.45,0.1,50,0.03,0,0.765,0.335,0.05,0.0
5060,small_world,degree,5105582,100,300,0.03,3,0.45,0.1,50,0.03,0,0.79,0.49,0.18499999999999997,0.0
5061,small_world,degree,5106591,100,300,0.03,3,0.45,0.1,50,0.03,0,0.8149999999999998,0.5500000000000002,0.2849999999999999,0.0
5062,small_world,degree,5107600,100,300,0.03,3,0.45,0.1,50,0.03,0,0.73,0.345,0.07,0.0
5063,small_world,degree,5108609,100,300,0.03,3,0.45,0.1,50,0.03,0,0.7349999999999999,0.43,0.13999999999999993,0.0
5064,small_world,degree,5109618,100,300,0.03,3,0.45,0.1,50,0.17,9,0.62,0.295,0.005000000000000001,0.0
5065,small_world,degree,5110627,100,300,0.03,3,0.45,0.1,50,0.04,1,0.645,0.20499999999999996,0.005000000000000001,0.0
5066,small_world,degree,5111636,100,300,0.03,3,0.45,0.1,50,0.03,0,0.715,0.345,0.095,0.0
5067,small_world,degree,5112645,100,300,0.03,3,0.45,0.1,50,0.03,0,0.715,0.285,0.075,0.0
5068,small_world,degree,5113654,100,300,0.03,3,0.45,0.1,50,0.03,0,0.68,0.265,0.04999999999999999,0.0
5069,small_world,degree,5114663,100,300,0.03,3,0.45,0.1,50,0.04,1,0.715,0.21,0.009999999999999998,0.0
5070,small_world,degree,5115672,100,300,0.03,3,0.45,0.1,50,0.03,0,0.7449999999999999,0.475,0.175,0.0
5071,small_world,degree,5116681,100,300,0.03,3,0.45,0.1,50,0.03,0,0.7100000000000001,0.3200000000000002,0.04000000000000001,0.0
5072,small_world,degree,5117690,100,300,0.03,3,0.45,0.1,50,0.03,0,0.765,0.47,0.215,0.0
5073,small_world,degree,5118699,100,300,0.03,3,0.45,0.1,50,0.03,0,0.685,0.28,0.010000000000000002,0.0
5074,small_world,degree,5119708,100,300,0.03,3,0.45,0.1,50,0.03,0,0.7266666666666668,0.4133333333333332,0.19,0.0
5075,small_world,degree,5120717,100,300,0.03,3,0.45,0.1,50,0.03,0,0.8350000000000001,0.5650000000000005,0.2950000000000003,0.0
5076,small_world,degree,5121726,100,300,0.03,3,0.45,0.1,50,0.03,0,0.7499999999999999,0.4350000000000003,0.17500000000000013,0.0
5077,small_world,degree,5122735,100,300,0.03,3,0.45,0.1,50,0.08,5,0.74,0.33,0.07999999999999999,0.0
5078,small_world,degree,5123744,100,300,0.03,3,0.45,0.1,50,0.07,4,0.6999999999999997,0.2833333333333333,0.029999999999999995,0.0
5079,small_world,degree,5124753,100,300,0.03,3,0.45,0.1,50,0.03,0,0.7,0.26499999999999996,0.019999999999999997,0.0
5080,small_world,degree,5125762,100,300,0.03,3,0.45,0.1,50,0.03,0,0.725,0.285,0.015000000000000003,0.0
5081,small_world,degree,5126771,100,300,0.03,3,0.45,0.1,50,0.03,0,0.705,0.26,0.05999999999999999,0.0
5082,small_world,degree,5127780,100,300,0.03,3,0.45,0.1,50,0.03,0,0.73,0.3800000000000002,0.15,0.0
5083,small_world,degree,5128789,100,300,0.03,3,0.45,0.1,50,0.03,0,0.735,0.35,0.03,0.0
5084,small_world,degree,5129798,100,300,0.03,3,0.45,0.1,50,0.03,0,0.73,0.38,0.04,0.0
5085,small_world,degree,5130807,100,300,0.03,3,0.45,0.1,50,0.03,0,0.7149999999999997,0.3350000000000003,0.07500000000000004,0.0
5086,small_world,degree,5131816,100,300,0.03,3,0.45,0.1,50,0.03,0,0.6849999999999998,0.30500000000000005,0.07999999999999999,0.0
5087,small_world,degree,5132825,100,300,0.03,3,0.45,0.1,50,0.03,0,0.7050000000000002,0.2600000000000003,0.07500000000000004,0.0
5088,small_world,degree,5133834,100,300,0.03,3,0.45,0.1,50,0.03,0,0.72,0.32,0.005000000000000001,0.0
5089,small_world,degree,5134843,100,300,0.03,3,0.45,0.1,50,0.03,0,0.78,0.425,0.13,0.0
5090,small_world,degree,5135852,100,300,0.03,3,0.45,0.1,50,0.03,0,0.765,0.44500000000000034,0.115,0.0
5091,small_world,degree,5136861,100,300,0.03,3,0.45,0.1,50,0.03,0,0.8000000000000002,0.5900000000000003,0.3150000000000002,0.0
5092,small_world,degree,5137870,100,300,0.03,3,0.45,0.1,50,0.03,0,0.76,0.43999999999999995,0.11999999999999998,0.0
5093,small_world,degree,5138879,100,300,0.03,3,0.45,0.1,50,0.03,0,0.69,0.305,0.05999999999999999,0.0
5094,small_world,degree,5139888,100,300,0.03,3,0.45,0.1,50,0.03,0,0.74,0.38,0.05499999999999999,0.0
5095,small_world,degree,5140897,100,300,0.03,3,0.45,0.1,50,0.03,0,0.735,0.31,0.06499999999999999,0.0
5096,small_world,degree,5141906,100,300,0.03,3,0.45,0.1,50,0.03,0,0.7849999999999998,0.42500000000000043,0.09500000000000004,0.0
5097,small_world,degree,5142915,100,300,0.03,3,0.45,0.1,50,0.09,3,0.705,0.335,0.039999999999999994,0.0
5098,small_world,degree,5143924,100,300,0.03,3,0.45,0.1,50,0.03,0,0.755,0.4549999999999999,0.11999999999999998,0.0
5099,small_world,degree,5144933,100,300,0.03,3,0.45,0.1,50,0.04,1,0.69,0.34,0.0,0.0
5100,small_world,degree,5145942,100,300,0.03,3,0.45,0.1,50,0.04,1,0.71,0.395,0.09499999999999999,0.0
5101,small_world,degree,5146951,100,300,0.03,3,0.45,0.1,50,0.05,1,0.8349999999999999,0.52,0.11999999999999997,0.0
5102,small_world,degree,5147960,100,300,0.03,3,0.45,0.1,50,0.03,0,0.7566666666666667,0.45666666666666655,0.11666666666666665,0.0
5103,small_world,degree,5148969,100,300,0.03,3,0.45,0.1,50,0.03,0,0.73,0.425,0.17999999999999997,0.0
5104,small_world,degree,5149978,100,300,0.03,3,0.45,0.1,50,0.03,0,0.72,0.265,0.019999999999999997,0.0
5105,small_world,degree,5150987,100,300,0.03,3,0.45,0.1,50,0.1,5,0.65,0.35000000000000014,0.14000000000000004,0.0
5106,small_world,degree,5151996,100,300,0.03,3,0.45,0.1,50,0.03,0,0.78,0.525,0.15,0.0
5107,small_world,degree,5153005,100,300,0.03,3,0.45,0.1,50,0.03,0,0.6850000000000003,0.32000000000000034,0.07500000000000008,0.0
5108,small_world,degree,5154014,100,300,0.03,3,0.45,0.1,50,0.03,0,0.695,0.345,0.05499999999999999,0.0
5109,small_world,degree,5155023,100,300,0.03,3,0.45,0.1,50,0.13,5,0.655,0.245,0.039999999999999994,0.0
5110,small_world,degree,5156032,100,300,0.03,3,0.45,0.1,50,0.03,0,0.7266666666666669,0.3399999999999999,0.009999999999999995,0.0
5111,small_world,degree,5157041,100,300,0.03,3,0.45,0.1,50,0.04,1,0.7800000000000001,0.42500000000000004,0.04000000000000001,0.0
5112,small_world,degree,5158050,100,300,0.03,3,0.45,0.1,50,0.03,0,0.7050000000000001,0.37500000000000033,0.13000000000000012,0.0
5113,small_world,degree,5159059,100,300,0.03,3,0.45,0.1,50,0.03,0,0.735,0.285,0.005000000000000001,0.0
5114,small_world,degree,5160068,100,300,0.03,3,0.45,0.1,50,0.03,0,0.755,0.355,0.09,0.0
5115,small_world,degree,5161077,100,300,0.03,3,0.45,0.1,50,0.1,7,0.675,0.33,0.009999999999999998,0.0
5116,small_world,degree,5162086,100,300,0.03,3,0.45,0.1,50,0.03,0,0.685,0.24,0.019999999999999997,0.0
5117,small_world,degree,5163095,100,300,0.03,3,0.45,0.1,50,0.03,0,0.735,0.335,0.13,0.0
5118,small_world,degree,5164104,100,300,0.03,3,0.45,0.1,50,0.03,0,0.77,0.445,0.125,0.0
5119,small_world,degree,5165113,100,300,0.03,3,0.45,0.1,50,0.03,0,0.665,0.2400000000000003,0.025000000000000022,0.0
5120,small_world,degree,5166122,100,300,0.03,3,0.45,0.1,50,0.03,0,0.75,0.49,0.21,0.0
5121,small_world,degree,5167131,100,300,0.03,3,0.45,0.1,50,0.12,6,0.715,0.36,0.125,0.0
5122,small_world,degree,5168140,100,300,0.03,3,0.45,0.1,50,0.03,0,0.77,0.43,0.12499999999999999,0.0
5123,small_world,degree,5169149,100,300,0.03,3,0.45,0.1,50,0.03,0,0.7200000000000001,0.35000000000000003,0.15500000000000003,0.0
5124,small_world,degree,5170158,100,300,0.03,3,0.45,0.1,50,0.04,1,0.73,0.33,0.019999999999999997,0.0
5125,small_world,degree,5171167,100,300,0.03,3,0.45,0.1,50,0.03,0,0.7100000000000001,0.3400000000000002,0.09000000000000001,0.0
5126,small_world,degree,5172176,100,300,0.03,3,0.45,0.1,50,0.03,0,0.695,0.155,0.0,0.0
5127,small_world,degree,5173185,100,300,0.03,3,0.45,0.1,50,0.03,0,0.725,0.365,0.12999999999999998,0.0
5128,small_world,degree,5174194,100,300,0.03,3,0.45,0.1,50,0.03,0,0.75,0.395,0.17999999999999997,0.0
5129,small_world,degree,5175203,100,300,0.03,3,0.45,0.1,50,0.12,5,0.6600000000000003,0.3900000000000002,0.12,0.0
5130,small_world,degree,5176212,100,300,0.03,3,0.45,0.1,50,0.03,0,0.685,0.26,0.009999999999999998,0.0
5131,small_world,degree,5177221,100,300,0.03,3,0.45,0.1,50,0.03,0,0.71,0.35,0.15999999999999998,0.0
5132,small_world,degree,5178230,100,300,0.03,3,0.45,0.1,50,0.03,0,0.675,0.25,0.0,0.0
5133,small_world,degree,5179239,100,300,0.03,3,0.45,0.1,50,0.03,0,0.67,0.28000000000000025,0.015000000000000015,0.0
5134,small_world,degree,5180248,100,300,0.03,3,0.45,0.1,50,0.03,0,0.77,0.4600000000000001,0.085,0.0
5135,small_world,degree,5181257,100,300,0.03,3,0.45,0.1,50,0.04,1,0.7300000000000001,0.44000000000000006,0.075,0.0
5136,small_world,degree,5182266,100,300,0.03,3,0.45,0.1,50,0.03,0,0.76,0.425,0.19499999999999995,0.0
5137,small_world,degree,5183275,100,300,0.03,3,0.45,0.1,50,0.03,0,0.6900000000000001,0.27500000000000036,0.03500000000000003,0.0
5138,small_world,degree,5184284,100,300,0.03,3,0.45,0.1,50,0.03,0,0.7099999999999997,0.27000000000000035,0.010000000000000009,0.0
5139,small_world,degree,5185293,100,300,0.03,3,0.45,0.1,50,0.08,3,0.6600000000000001,0.32500000000000034,0.07500000000000007,0.0
5140,small_world,degree,5186302,100,300,0.03,3,0.45,0.1,50,0.03,0,0.695,0.215,0.039999999999999994,0.0
5141,small_world,degree,5187311,100,300,0.03,3,0.45,0.1,50,0.03,0,0.74,0.425,0.135,0.0
5142,small_world,degree,5188320,100,300,0.03,3,0.45,0.1,50,0.1,6,0.725,0.395,0.115,0.0
5143,small_world,degree,5189329,100,300,0.03,3,0.45,0.1,50,0.03,0,0.705,0.30000000000000027,0.0050000000000000044,0.0
5144,small_world,degree,5190338,100,300,0.03,3,0.45,0.1,50,0.03,0,0.79,0.535,0.3399999999999999,0.0
5145,small_world,degree,5191347,100,300,0.03,3,0.45,0.1,50,0.08,3,0.7999999999999997,0.49000000000000027,0.15,0.0
5146,small_world,degree,5192356,100,300,0.03,3,0.45,0.1,50,0.05,2,0.7333333333333334,0.4333333333333333,0.19999999999999987,0.0
5147,small_world,degree,5193365,100,300,0.03,3,0.45,0.1,50,0.03,0,0.725,0.265,0.04,0.0
5148,small_world,degree,5194374,100,300,0.03,3,0.45,0.1,50,0.04,1,0.6749999999999999,0.28500000000000036,0.10000000000000009,0.0
5149,small_world,degree,5195383,100,300,0.03,3,0.45,0.1,50,0.17,8,0.59,0.22,0.06999999999999999,0.0
5150,small_world,degree,5196392,100,300,0.03,3,0.45,0.1,50,0.03,0,0.73,0.315,0.039999999999999994,0.0
5151,small_world,degree,5197401,100,300,0.03,3,0.45,0.1,50,0.03,0,0.6949999999999998,0.245,0.05499999999999999,0.0
5152,small_world,degree,5198410,100,300,0.03,3,0.45,0.1,50,0.03,0,0.73,0.39,0.08,0.0
5153,small_world,degree,5199419,100,300,0.03,3,0.45,0.1,50,0.03,0,0.8350000000000001,0.5850000000000003,0.2300000000000001,0.0
5154,small_world,degree,5200428,100,300,0.03,3,0.45,0.1,50,0.04,1,0.74,0.495,0.19,0.0
5155,small_world,degree,5201437,100,300,0.03,3,0.45,0.1,50,0.03,0,0.7500000000000002,0.3400000000000001,0.07000000000000003,0.0
5156,small_world,degree,5202446,100,300,0.03,3,0.45,0.1,50,0.03,0,0.725,0.365,0.05999999999999999,0.0
5157,small_world,degree,5203455,100,300,0.03,3,0.45,0.1,50,0.03,0,0.7099999999999997,0.4400000000000006,0.13000000000000003,0.0
5158,small_world,degree,5204464,100,300,0.03,3,0.45,0.1,50,0.04,1,0.7399999999999998,0.30000000000000027,0.020000000000000007,0.0
5159,small_world,degree,5205473,100,300,0.03,3,0.45,0.1,50,0.04,1,0.6400000000000006,0.3800000000000003,0.10000000000000007,0.0
5160,small_world,degree,5206482,100,300,0.03,3,0.45,0.1,50,0.03,0,0.755,0.405,0.14,0.0
5161,small_world,degree,5207491,100,300,0.03,3,0.45,0.1,50,0.03,0,0.75,0.38,0.095,0.0
5162,small_world,degree,5208500,100,300,0.03,3,0.45,0.1,50,0.04,1,0.74,0.385,0.05999999999999999,0.0
5163,small_world,degree,5209509,100,300,0.03,3,0.45,0.1,50,0.04,1,0.77,0.435,0.095,0.0
5164,small_world,degree,5210518,100,300,0.03,3,0.45,0.1,50,0.03,0,0.7099999999999999,0.36500000000000005,0.115,0.0
5165,small_world,degree,5211527,100,300,0.03,3,0.45,0.1,50,0.1,5,0.69,0.33,0.115,0.0
5166,small_world,degree,5212536,100,300,0.03,3,0.45,0.1,50,0.03,0,0.705,0.3,0.02,0.0
5167,small_world,degree,5213545,100,300,0.03,3,0.45,0.1,50,0.04,1,0.695,0.295,0.009999999999999998,0.0
5168,small_world,degree,5214554,100,300,0.03,3,0.45,0.1,50,0.03,0,0.7300000000000001,0.3700000000000004,0.10000000000000009,0.0
5169,small_world,degree,5215563,100,300,0.03,3,0.45,0.1,50,0.03,0,0.765,0.435,0.05,0.0
5170,small_world,degree,5216572,100,300,0.03,3,0.45,0.1,50,0.03,0,0.78,0.47000000000000036,0.14500000000000002,0.0
5171,small_world,degree,5217581,100,300,0.03,3,0.45,0.1,50,0.04,1,0.66,0.25,0.045,0.0
5172,small_world,degree,5218590,100,300,0.03,3,0.45,0.1,50,0.03,0,0.7600000000000001,0.5100000000000001,0.17000000000000007,0.0
5173,small_world,degree,5219599,100,300,0.03,3,0.45,0.1,50,0.03,0,0.6600000000000005,0.21000000000000016,0.0050000000000000044,0.0
5174,small_world,degree,5220608,100,300,0.03,3,0.45,0.1,50,0.03,0,0.685,0.32,0.07,0.0
5175,small_world,degree,5221617,100,300,0.03,3,0.45,0.1,50,0.03,0,0.7200000000000003,0.29500000000000043,0.06000000000000006,0.0
5176,small_world,degree,5222626,100,300,0.03,3,0.45,0.1,50,0.03,0,0.7299999999999995,0.32500000000000034,0.035000000000000024,0.0
5177,small_world,degree,5223635,100,300,0.03,3,0.45,0.1,50,0.03,0,0.735,0.38,0.05,0.0
5178,small_world,degree,5224644,100,300,0.03,3,0.45,0.1,50,0.09,6,0.7899999999999998,0.52,0.23999999999999994,0.0
5179,small_world,degree,5225653,100,300,0.03,3,0.45,0.1,50,0.03,0,0.7133333333333332,0.31999999999999984,0.05666666666666663,0.0
5180,small_world,degree,5226662,100,300,0.03,3,0.45,0.1,50,0.09,4,0.6850000000000002,0.2400000000000003,0.005000000000000006,0.0
5181,small_world,degree,5227671,100,300,0.03,3,0.45,0.1,50,0.03,0,0.71,0.28,0.05,0.0
5182,small_world,degree,5228680,100,300,0.03,3,0.45,0.1,50,0.03,0,0.74,0.365,0.12999999999999998,0.0
5183,small_world,degree,5229689,100,300,0.03,3,0.45,0.1,50,0.04,1,0.6449999999999998,0.27500000000000013,0.005000000000000004,0.0
5184,small_world,degree,5230698,100,300,0.03,3,0.45,0.1,50,0.03,0,0.725,0.38,0.065,0.0
5185,small_world,degree,5231707,100,300,0.03,3,0.45,0.1,50,0.03,0,0.7699999999999997,0.4900000000000002,0.2200000000000003,0.0
5186,small_world,degree,5232716,100,300,0.03,3,0.45,0.1,50,0.1,5,0.62,0.2600000000000003,0.035000000000000024,0.0
5187,small_world,degree,5233725,100,300,0.03,3,0.45,0.1,50,0.06,3,0.71,0.325,0.105,0.0
5188,small_world,degree,5234734,100,300,0.03,3,0.45,0.1,50,0.05,2,0.79,0.5,0.165,0.0
5189,small_world,degree,5235743,100,300,0.03,3,0.45,0.1,50,0.04,1,0.68,0.33,0.055,0.0
5190,small_world,degree,5236752,100,300,0.03,3,0.45,0.1,50,0.03,0,0.62,0.21,0.019999999999999993,0.0
5191,small_world,degree,5237761,100,300,0.03,3,0.45,0.1,50,0.03,0,0.76,0.46,0.205,0.0
5192,small_world,degree,5238770,100,300,0.03,3,0.45,0.1,50,0.03,0,0.745,0.455,0.25,0.0
5193,small_world,degree,5239779,100,300,0.03,3,0.45,0.1,50,0.03,0,0.685,0.315,0.09499999999999999,0.0
5194,small_world,degree,5240788,100,300,0.03,3,0.45,0.1,50,0.04,1,0.705,0.36,0.039999999999999994,0.0
5195,small_world,degree,5241797,100,300,0.03,3,0.45,0.1,50,0.09,3,0.6699999999999998,0.35,0.1,0.0
5196,small_world,degree,5242806,100,300,0.03,3,0.45,0.1,50,0.03,0,0.7299999999999999,0.4400000000000003,0.14500000000000013,0.0
5197,small_world,degree,5243815,100,300,0.03,3,0.45,0.1,50,0.04,1,0.71,0.42499999999999993,0.105,0.0
5198,small_world,degree,5244824,100,300,0.03,3,0.45,0.1,50,0.03,0,0.7933333333333336,0.4566666666666669,0.16333333333333327,0.0
5199,small_world,degree,5245833,100,300,0.03,3,0.45,0.1,50,0.03,0,0.7099999999999999,0.27500000000000024,0.010000000000000005,0.0
5200,small_world,degree,5246842,100,300,0.03,3,0.45,0.1,50,0.03,0,0.695,0.34,0.06499999999999999,0.0
5201,small_world,degree,5247851,100,300,0.03,3,0.45,0.1,50,0.03,0,0.715,0.29,0.029999999999999992,0.0
5202,small_world,degree,5248860,100,300,0.03,3,0.45,0.1,50,0.03,0,0.685,0.315,0.025,0.0
5203,small_world,degree,5249869,100,300,0.03,3,0.45,0.1,50,0.03,0,0.71,0.31,0.039999999999999994,0.0
5204,small_world,degree,5250878,100,300,0.03,3,0.45,0.1,50,0.04,1,0.73,0.42,0.055,0.0
5205,small_world,degree,5251887,100,300,0.03,3,0.45,0.1,50,0.03,0,0.72,0.315,0.06499999999999999,0.0
5206,small_world,degree,5252896,100,300,0.03,3,0.45,0.1,50,0.04,1,0.7166666666666669,0.32333333333333336,0.009999999999999997,0.0
5207,small_world,degree,5253905,100,300,0.03,3,0.45,0.1,50,0.03,0,0.7200000000000001,0.31000000000000005,0.065,0.0
5208,small_world,degree,5254914,100,300,0.03,3,0.45,0.1,50,0.03,0,0.76,0.405,0.15499999999999997,0.0
5209,small_world,degree,5255923,100,300,0.03,3,0.45,0.1,50,0.03,0,0.695,0.2900000000000003,0.03000000000000002,0.0
5210,small_world,degree,5256932,100,300,0.03,3,0.45,0.1,50,0.05,1,0.71,0.42,0.075,0.0
5211,small_world,degree,5257941,100,300,0.03,3,0.45,0.1,50,0.03,0,0.7500000000000002,0.3300000000000004,0.025000000000000026,0.0
5212,small_world,degree,5258950,100,300,0.03,3,0.45,0.1,50,0.03,0,0.7433333333333332,0.5033333333333333,0.15666666666666665,0.0
5213,small_world,degree,5259959,100,300,0.03,3,0.45,0.1,50,0.03,0,0.725,0.355,0.05999999999999999,0.0
5214,small_world,degree,5260968,100,300,0.03,3,0.45,0.1,50,0.04,1,0.86,0.615,0.19500000000000003,0.0
5215,small_world,degree,5261977,100,300,0.03,3,0.45,0.1,50,0.03,0,0.77,0.455,0.10499999999999998,0.0
5216,small_world,degree,5262986,100,300,0.03,3,0.45,0.1,50,0.03,0,0.695,0.35,0.08499999999999998,0.0
5217,small_world,degree,5263995,100,300,0.03,3,0.45,0.1,50,0.04,1,0.6799999999999998,0.2950000000000003,0.04000000000000002,0.0
5218,small_world,degree,5265004,100,300,0.03,3,0.45,0.1,50,0.04,1,0.6699999999999997,0.21500000000000016,0.0,0.0
5219,small_world,degree,5266013,100,300,0.03,3,0.45,0.1,50,0.03,0,0.73,0.38,0.075,0.0
5220,small_world,degree,5267022,100,300,0.03,3,0.45,0.1,50,0.03,0,0.715,0.35999999999999993,0.115,0.0
5221,small_world,degree,5268031,100,300,0.03,3,0.45,0.1,50,0.13,5,0.61,0.25999999999999995,0.03999999999999999,0.0
5222,small_world,degree,5269040,100,300,0.03,3,0.45,0.1,50,0.03,0,0.6900000000000002,0.4000000000000003,0.19,0.0
5223,small_world,degree,5270049,100,300,0.03,3,0.45,0.1,50,0.03,0,0.7133333333333335,0.32333333333333336,0.04,0.0
5224,small_world,degree,5271058,100,300,0.03,3,0.45,0.1,50,0.04,1,0.695,0.365,0.115,0.0
5225,small_world,degree,5272067,100,300,0.03,3,0.45,0.1,50,0.03,0,0.69,0.3366666666666667,0.029999999999999995,0.0
5226,small_world,degree,5273076,100,300,0.03,3,0.45,0.1,50,0.03,0,0.745,0.38,0.04,0.0
5227,small_world,degree,5274085,100,300,0.03,3,0.45,0.1,50,0.03,0,0.73,0.38,0.025,0.0
5228,small_world,degree,5275094,100,300,0.03,3,0.45,0.1,50,0.04,1,0.725,0.39,0.145,0.0
5229,small_world,degree,5276103,100,300,0.03,3,0.45,0.1,50,0.03,0,0.73,0.385,0.09499999999999999,0.0
5230,small_world,degree,5277112,100,300,0.03,3,0.45,0.1,50,0.06,2,0.73,0.405,0.16,0.0
5231,small_world,degree,5278121,100,300,0.03,3,0.45,0.1,50,0.03,0,0.75,0.465,0.11,0.0
5232,small_world,degree,5279130,100,300,0.03,3,0.45,0.1,50,0.03,0,0.7400000000000002,0.45000000000000073,0.2500000000000001,0.0
5233,small_world,degree,5280139,100,300,0.03,3,0.45,0.1,50,0.03,0,0.805,0.505,0.14,0.0
5234,small_world,degree,5281148,100,300,0.03,3,0.45,0.1,50,0.03,0,0.72,0.395,0.11499999999999998,0.0
5235,small_world,degree,5282157,100,300,0.03,3,0.45,0.1,50,0.16,7,0.59,0.2,0.045,0.0
5236,small_world,degree,5283166,100,300,0.03,3,0.45,0.1,50,0.04,1,0.6949999999999996,0.3650000000000001,0.06000000000000001,0.0
5237,small_world,degree,5284175,100,300,0.03,3,0.45,0.1,50,0.03,0,0.705,0.31,0.005000000000000001,0.0
5238,small_world,degree,5285184,100,300,0.03,3,0.45,0.1,50,0.04,1,0.7049999999999997,0.3200000000000003,0.05000000000000004,0.0
5239,small_world,degree,5286193,100,300,0.03,3,0.45,0.1,50,0.03,0,0.6800000000000004,0.21000000000000008,0.015000000000000006,0.0
5240,small_world,degree,5287202,100,300,0.03,3,0.45,0.1,50,0.11,5,0.67,0.19500000000000023,0.0,0.0
5241,small_world,degree,5288211,100,300,0.03,3,0.45,0.1,50,0.12,6,0.715,0.335,0.015,0.0
5242,small_world,degree,5289220,100,300,0.03,3,0.45,0.1,50,0.03,0,0.795,0.42,0.08,0.0
5243,small_world,degree,5290229,100,300,0.03,3,0.45,0.1,50,0.11,4,0.765,0.4900000000000003,0.18500000000000005,0.0
5244,small_world,degree,5291238,100,300,0.03,3,0.45,0.1,50,0.03,0,0.68,0.255,0.009999999999999998,0.0
5245,small_world,degree,5292247,100,300,0.03,3,0.45,0.1,50,0.08,4,0.67,0.38,0.11999999999999998,0.0
5246,small_world,degree,5293256,100,300,0.03,3,0.45,0.1,50,0.03,0,0.75,0.42,0.145,0.0
5247,small_world,degree,5294265,100,300,0.03,3,0.45,0.1,50,0.03,0,0.755,0.365,0.04999999999999999,0.0
5248,small_world,degree,5295274,100,300,0.03,3,0.45,0.1,50,0.03,0,0.6999999999999996,0.2700000000000001,0.035,0.0
5249,small_world,degree,5296283,100,300,0.03,3,0.45,0.1,50,0.03,0,0.72,0.4,0.075,0.0
5250,small_world,degree,5297292,100,300,0.03,3,0.45,0.1,50,0.03,0,0.775,0.39,0.08,0.0
5251,small_world,degree,5298301,100,300,0.03,3,0.45,0.1,50,0.03,0,0.7133333333333335,0.2799999999999999,0.01666666666666666,0.0
5252,small_world,degree,5299310,100,300,0.03,3,0.45,0.1,50,0.03,0,0.695,0.3899999999999999,0.115,0.0
5253,small_world,degree,5300319,100,300,0.03,3,0.45,0.1,50,0.03,0,0.8,0.5,0.1,0.0
5254,small_world,degree,5301328,100,300,0.03,3,0.45,0.1,50,0.03,0,0.705,0.355,0.08,0.0
5255,small_world,degree,5302337,100,300,0.03,3,0.45,0.1,50,0.03,0,0.75,0.38,0.06,0.0
5256,small_world,degree,5303346,100,300,0.03,3,0.45,0.1,50,0.03,0,0.7499999999999998,0.44666666666666677,0.1233333333333333,0.0
5257,small_world,degree,5304355,100,300,0.03,3,0.45,0.1,50,0.03,0,0.715,0.35,0.03,0.0
5258,small_world,degree,5305364,100,300,0.03,3,0.45,0.1,50,0.03,0,0.735,0.335,0.055,0.0
5259,small_world,degree,5306373,100,300,0.03,3,0.45,0.1,50,0.03,0,0.7150000000000001,0.39999999999999997,0.07500000000000001,0.0
5260,small_world,degree,5307382,100,300,0.03,3,0.45,0.1,50,0.03,0,0.7000000000000001,0.3199999999999998,0.06333333333333332,0.0
5261,small_world,degree,5308391,100,300,0.03,3,0.45,0.1,50,0.08,2,0.77,0.475,0.155,0.0
5262,small_world,degree,5309400,100,300,0.03,3,0.45,0.1,50,0.03,0,0.7200000000000001,0.335,0.16500000000000004,0.0
5263,small_world,degree,5310409,100,300,0.03,3,0.45,0.1,50,0.03,0,0.7100000000000001,0.3150000000000003,0.06000000000000005,0.0
5264,small_world,degree,5311418,100,300,0.03,3,0.45,0.1,50,0.03,0,0.8150000000000001,0.5750000000000003,0.16,0.0
5265,small_world,degree,5312427,100,300,0.03,3,0.45,0.1,50,0.04,1,0.7,0.35,0.04499999999999999,0.0
5266,small_world,degree,5313436,100,300,0.03,3,0.45,0.1,50,0.03,0,0.695,0.28,0.04999999999999999,0.0
5267,small_world,degree,5314445,100,300,0.03,3,0.45,0.1,50,0.07,3,0.7049999999999998,0.375,0.125,0.0
5268,small_world,degree,5315454,100,300,0.03,3,0.45,0.1,50,0.03,0,0.77,0.415,0.13,0.0
5269,small_world,degree,5316463,100,300,0.03,3,0.45,0.1,50,0.03,0,0.715,0.38,0.065,0.0
5270,small_world,degree,5317472,100,300,0.03,3,0.45,0.1,50,0.03,0,0.72,0.435,0.085,0.0
5271,small_world,degree,5318481,100,300,0.03,3,0.45,0.1,50,0.03,0,0.65,0.31,0.06999999999999998,0.0
5272,small_world,degree,5319490,100,300,0.03,3,0.45,0.1,50,0.03,0,0.715,0.265,0.02,0.0
5273,small_world,degree,5320499,100,300,0.03,3,0.45,0.1,50,0.03,0,0.755,0.455,0.095,0.0
5274,small_world,degree,5321508,100,300,0.03,3,0.45,0.1,50,0.03,0,0.7049999999999996,0.32000000000000023,0.050000000000000024,0.0
5275,small_world,degree,5322517,100,300,0.03,3,0.45,0.1,50,0.03,0,0.705,0.315,0.015,0.0
5276,small_world,degree,5323526,100,300,0.03,3,0.45,0.1,50,0.04,1,0.6799999999999999,0.33000000000000024,0.08500000000000003,0.0
5277,small_world,degree,5324535,100,300,0.03,3,0.45,0.1,50,0.03,0,0.6933333333333334,0.24000000000000007,0.0,0.0
5278,small_world,degree,5325544,100,300,0.03,3,0.45,0.1,50,0.03,0,0.755,0.455,0.13,0.0
5279,small_world,degree,5326553,100,300,0.03,3,0.45,0.1,50,0.08,3,0.7300000000000001,0.32000000000000045,0.06000000000000006,0.0
5280,small_world,degree,5327562,100,300,0.03,3,0.45,0.1,50,0.03,0,0.6950000000000001,0.31000000000000033,0.015000000000000013,0.0
5281,small_world,degree,5328571,100,300,0.03,3,0.45,0.1,50,0.03,0,0.6999999999999998,0.3550000000000004,0.1250000000000001,0.0
5282,small_world,degree,5329580,100,300,0.03,3,0.45,0.1,50,0.03,0,0.695,0.26,0.045,0.0
5283,small_world,degree,5330589,100,300,0.03,3,0.45,0.1,50,0.03,0,0.8133333333333334,0.5833333333333334,0.2733333333333333,0.0
5284,small_world,degree,5331598,100,300,0.03,3,0.45,0.1,50,0.03,0,0.73,0.44,0.16999999999999996,0.0
5285,small_world,degree,5332607,100,300,0.03,3,0.45,0.1,50,0.03,0,0.6799999999999996,0.37000000000000033,0.06000000000000001,0.0
5286,small_world,degree,5333616,100,300,0.03,3,0.45,0.1,50,0.03,0,0.74,0.43500000000000044,0.14000000000000012,0.0
5287,small_world,degree,5334625,100,300,0.03,3,0.45,0.1,50,0.04,1,0.7333333333333335,0.3566666666666664,0.06999999999999997,0.0
5288,small_world,degree,5335634,100,300,0.03,3,0.45,0.1,50,0.05,2,0.72,0.375,0.12,0.0
5289,small_world,degree,5336643,100,300,0.03,3,0.45,0.1,50,0.03,0,0.8099999999999998,0.5100000000000001,0.09000000000000007,0.0
5290,small_world,degree,5337652,100,300,0.03,3,0.45,0.1,50,0.03,0,0.7733333333333334,0.4600000000000002,0.16999999999999996,0.0
5291,small_world,degree,5338661,100,300,0.03,3,0.45,0.1,50,0.03,0,0.725,0.29,0.029999999999999992,0.0
5292,small_world,degree,5339670,100,300,0.03,3,0.45,0.1,50,0.08,3,0.73,0.365,0.05,0.0
5293,small_world,degree,5340679,100,300,0.03,3,0.45,0.1,50,0.03,0,0.77,0.5,0.165,0.0
5294,small_world,degree,5341688,100,300,0.03,3,0.45,0.1,50,0.03,0,0.795,0.4950000000000004,0.23000000000000012,0.0
5295,small_world,degree,5342697,100,300,0.03,3,0.45,0.1,50,0.03,0,0.815,0.605,0.235,0.0
5296,small_world,degree,5343706,100,300,0.03,3,0.45,0.1,50,0.03,0,0.78,0.49,0.15499999999999997,0.0
5297,small_world,degree,5344715,100,300,0.03,3,0.45,0.1,50,0.03,0,0.705,0.385,0.175,0.0
5298,small_world,degree,5345724,100,300,0.03,3,0.45,0.1,50,0.03,0,0.735,0.45,0.09999999999999998,0.0
5299,small_world,degree,5346733,100,300,0.03,3,0.45,0.1,50,0.03,0,0.7,0.38500000000000045,0.1850000000000002,0.0
5300,small_world,degree,5347742,100,300,0.03,3,0.45,0.1,50,0.03,0,0.7050000000000001,0.2850000000000003,0.06500000000000006,0.0
5301,small_world,degree,5348751,100,300,0.03,3,0.45,0.1,50,0.03,0,0.705,0.315,0.02,0.0
5302,small_world,degree,5349760,100,300,0.03,3,0.45,0.1,50,0.03,0,0.705,0.38,0.085,0.0
5303,small_world,degree,5350769,100,300,0.03,3,0.45,0.1,50,0.03,0,0.82,0.6799999999999999,0.4800000000000001,0.0
5304,small_world,degree,5351778,100,300,0.03,3,0.45,0.1,50,0.03,0,0.7166666666666667,0.35,0.09666666666666664,0.0
5305,small_world,degree,5352787,100,300,0.03,3,0.45,0.1,50,0.07,3,0.74,0.415,0.115,0.0
5306,small_world,degree,5353796,100,300,0.03,3,0.45,0.1,50,0.04,1,0.6899999999999996,0.3800000000000003,0.11000000000000001,0.0
5307,small_world,degree,5354805,100,300,0.03,3,0.45,0.1,50,0.03,0,0.81,0.49,0.145,0.0
5308,small_world,degree,5355814,100,300,0.03,3,0.45,0.1,50,0.04,1,0.76,0.46,0.17,0.0
5309,small_world,degree,5356823,100,300,0.03,3,0.45,0.1,50,0.03,0,0.76,0.425,0.155,0.0
5310,small_world,degree,5357832,100,300,0.03,3,0.45,0.1,50,0.03,0,0.725,0.395,0.07,0.0
5311,small_world,degree,5358841,100,300,0.03,3,0.45,0.1,50,0.03,0,0.7100000000000003,0.39000000000000057,0.13000000000000017,0.0
5312,small_world,degree,5359850,100,300,0.03,3,0.45,0.1,50,0.05,2,0.7000000000000001,0.36000000000000004,0.14,0.0
5313,small_world,degree,5360859,100,300,0.03,3,0.45,0.1,50,0.03,0,0.6899999999999998,0.31500000000000034,0.03000000000000003,0.0
5314,small_world,degree,5361868,100,300,0.03,3,0.45,0.1,50,0.03,0,0.6849999999999998,0.2800000000000002,0.01500000000000001,0.0
5315,small_world,degree,5362877,100,300,0.03,3,0.45,0.1,50,0.03,0,0.81,0.59,0.405,0.0
5316,small_world,degree,5363886,100,300,0.03,3,0.45,0.1,50,0.03,0,0.7,0.36,0.075,0.0
5317,small_world,degree,5364895,100,300,0.03,3,0.45,0.1,50,0.03,0,0.715,0.375,0.13499999999999998,0.0
5318,small_world,degree,5365904,100,300,0.03,3,0.45,0.1,50,0.03,0,0.78,0.445,0.105,0.0
5319,small_world,degree,5366913,100,300,0.03,3,0.45,0.1,50,0.03,0,0.8000000000000002,0.48500000000000054,0.18500000000000005,0.0
5320,small_world,degree,5367922,100,300,0.03,3,0.45,0.1,50,0.03,0,0.7600000000000001,0.5150000000000006,0.2000000000000001,0.0
5321,small_world,degree,5368931,100,300,0.03,3,0.45,0.1,50,0.04,1,0.6899999999999998,0.32333333333333325,0.02999999999999998,0.0
5322,small_world,degree,5369940,100,300,0.03,3,0.45,0.1,50,0.03,0,0.6850000000000003,0.2650000000000001,0.0050000000000000044,0.0
5323,small_world,degree,5370949,100,300,0.03,3,0.45,0.1,50,0.03,0,0.7450000000000002,0.3400000000000005,0.050000000000000065,0.0
5324,small_world,degree,5371958,100,300,0.03,3,0.45,0.1,50,0.03,0,0.775,0.505,0.305,0.0
5325,small_world,degree,5372967,100,300,0.03,3,0.45,0.1,50,0.03,0,0.7399999999999997,0.36500000000000027,0.08000000000000003,0.0
5326,small_world,degree,5373976,100,300,0.03,3,0.45,0.1,50,0.03,0,0.71,0.295,0.025,0.0
5327,small_world,degree,5374985,100,300,0.03,3,0.45,0.1,50,0.03,0,0.7150000000000001,0.36000000000000004,0.10000000000000002,0.0
5328,small_world,degree,5375994,100,300,0.03,3,0.45,0.1,50,0.04,1,0.755,0.32,0.029999999999999992,0.0
5329,small_world,degree,5377003,100,300,0.03,3,0.45,0.1,50,0.03,0,0.74,0.43,0.15499999999999997,0.0
5330,small_world,degree,5378012,100,300,0.03,3,0.45,0.1,50,0.03,0,0.8,0.555,0.26,0.0
5331,small_world,degree,5379021,100,300,0.03,3,0.45,0.1,50,0.03,0,0.795,0.5,0.155,0.0
5332,small_world,degree,5380030,100,300,0.03,3,0.45,0.1,50,0.03,0,0.7449999999999999,0.2600000000000003,0.01000000000000001,0.0
5333,small_world,degree,5381039,100,300,0.03,3,0.45,0.1,50,0.03,0,0.7166666666666666,0.36999999999999983,0.07666666666666663,0.0
5334,small_world,degree,5382048,100,300,0.03,3,0.45,0.1,50,0.03,0,0.71,0.365,0.11,0.0
5335,small_world,degree,5383057,100,300,0.03,3,0.45,0.1,50,0.03,0,0.75,0.435,0.08,0.0
5336,small_world,degree,5384066,100,300,0.03,3,0.45,0.1,50,0.04,1,0.705,0.28,0.035,0.0
5337,small_world,degree,5385075,100,300,0.03,3,0.45,0.1,50,0.12,5,0.655,0.29000000000000037,0.1100000000000001,0.0
5338,small_world,degree,5386084,100,300,0.03,3,0.45,0.1,50,0.03,0,0.765,0.435,0.11499999999999998,0.0
5339,small_world,degree,5387093,100,300,0.03,3,0.45,0.1,50,0.03,0,0.7700000000000002,0.45500000000000057,0.07000000000000008,0.0
5340,small_world,degree,5388102,100,300,0.03,3,0.45,0.1,50,0.03,0,0.76,0.44,0.16,0.0
5341,small_world,degree,5389111,100,300,0.03,3,0.45,0.1,50,0.17,14,0.585,0.22,0.02,0.0
5342,small_world,degree,5390120,100,300,0.03,3,0.45,0.1,50,0.09,5,0.6999999999999998,0.22,0.02,0.0
5343,small_world,degree,5391129,100,300,0.03,3,0.45,0.1,50,0.05,2,0.8150000000000002,0.5650000000000002,0.23000000000000007,0.0
5344,small_world,degree,5392138,100,300,0.03,3,0.45,0.1,50,0.03,0,0.735,0.385,0.075,0.0
5345,small_world,degree,5393147,100,300,0.03,3,0.45,0.1,50,0.03,0,0.7800000000000001,0.6,0.41,0.0
5346,small_world,degree,5394156,100,300,0.03,3,0.45,0.1,50,0.03,0,0.72,0.25499999999999995,0.0,0.0
5347,small_world,degree,5395165,100,300,0.03,3,0.45,0.1,50,0.05,2,0.73,0.405,0.15,0.0
5348,small_world,degree,5396174,100,300,0.03,3,0.45,0.1,50,0.03,0,0.6700000000000002,0.4300000000000002,0.15,0.0
5349,small_world,degree,5397183,100,300,0.03,3,0.45,0.1,50,0.03,0,0.6599999999999998,0.29,0.05,0.0
5350,small_world,degree,5398192,100,300,0.03,3,0.45,0.1,50,0.03,0,0.705,0.25,0.03,0.0
5351,small_world,degree,5399201,100,300,0.03,3,0.45,0.1,50,0.05,2,0.725,0.43,0.13,0.0
5352,small_world,degree,5400210,100,300,0.03,3,0.45,0.1,50,0.03,0,0.7,0.36,0.11,0.0
5353,small_world,degree,5401219,100,300,0.03,3,0.45,0.1,50,0.03,0,0.6499999999999998,0.31000000000000005,0.05,0.0
5354,small_world,degree,5402228,100,300,0.03,3,0.45,0.1,50,0.03,0,0.695,0.33,0.015,0.0
5355,small_world,degree,5403237,100,300,0.03,3,0.45,0.1,50,0.03,0,0.6749999999999998,0.36000000000000015,0.09000000000000005,0.0
5356,small_world,degree,5404246,100,300,0.03,3,0.45,0.1,50,0.08,3,0.75,0.445,0.15,0.0
5357,small_world,degree,5405255,100,300,0.03,3,0.45,0.1,50,0.03,0,0.7133333333333334,0.27999999999999975,0.04333333333333331,0.0
5358,small_world,degree,5406264,100,300,0.03,3,0.45,0.1,50,0.03,0,0.745,0.32,0.015,0.0
5359,small_world,degree,5407273,100,300,0.03,3,0.45,0.1,50,0.03,0,0.79,0.44666666666666666,0.17666666666666658,0.0
5360,small_world,degree,5408282,100,300,0.03,3,0.45,0.1,50,0.03,0,0.76,0.435,0.205,0.0
5361,small_world,degree,5409291,100,300,0.03,3,0.45,0.1,50,0.04,1,0.71,0.38,0.13,0.0
5362,small_world,degree,5410300,100,300,0.03,3,0.45,0.1,50,0.03,0,0.755,0.37,0.055,0.0
5363,small_world,degree,5411309,100,300,0.03,3,0.45,0.1,50,0.03,0,0.695,0.29,0.065,0.0
5364,small_world,degree,5412318,100,300,0.03,3,0.45,0.1,50,0.06,3,0.705,0.42,0.08,0.0
5365,small_world,degree,5413327,100,300,0.03,3,0.45,0.1,50,0.03,0,0.735,0.345,0.09999999999999998,0.0
5366,small_world,degree,5414336,100,300,0.03,3,0.45,0.1,50,0.09,4,0.695,0.335,0.05,0.0
5367,small_world,degree,5415345,100,300,0.03,3,0.45,0.1,50,0.03,0,0.805,0.475,0.145,0.0
5368,small_world,degree,5416354,100,300,0.03,3,0.45,0.1,50,0.03,0,0.755,0.465,0.08,0.0
5369,small_world,degree,5417363,100,300,0.03,3,0.45,0.1,50,0.03,0,0.7149999999999999,0.32000000000000034,0.05000000000000004,0.0
5370,small_world,degree,5418372,100,300,0.03,3,0.45,0.1,50,0.03,0,0.7733333333333334,0.4366666666666667,0.11999999999999997,0.0
5371,small_world,degree,5419381,100,300,0.03,3,0.45,0.1,50,0.03,0,0.74,0.365,0.05499999999999999,0.0
5372,small_world,degree,5420390,100,300,0.03,3,0.45,0.1,50,0.03,0,0.7,0.23,0.0,0.0
5373,small_world,degree,5421399,100,300,0.03,3,0.45,0.1,50,0.03,0,0.795,0.5400000000000001,0.21500000000000005,0.0
5374,small_world,degree,5422408,100,300,0.03,3,0.45,0.1,50,0.05,2,0.79,0.55,0.19999999999999996,0.0
5375,small_world,degree,5423417,100,300,0.03,3,0.45,0.1,50,0.05,2,0.73,0.39,0.11,0.0
5376,small_world,degree,5424426,100,300,0.03,3,0.45,0.1,50,0.03,0,0.6699999999999999,0.3500000000000002,0.05,0.0
5377,small_world,degree,5425435,100,300,0.03,3,0.45,0.1,50,0.03,0,0.72,0.335,0.019999999999999997,0.0
5378,small_world,degree,5426444,100,300,0.03,3,0.45,0.1,50,0.04,1,0.7199999999999999,0.3449999999999999,0.105,0.0
5379,small_world,degree,5427453,100,300,0.03,3,0.45,0.1,50,0.11,5,0.6349999999999999,0.27,0.07,0.0
5380,small_world,degree,5428462,100,300,0.03,3,0.45,0.1,50,0.03,0,0.7799999999999995,0.465,0.2200000000000001,0.0
5381,small_world,degree,5429471,100,300,0.03,3,0.45,0.1,50,0.03,0,0.72,0.35,0.035,0.0
5382,small_world,degree,5430480,100,300,0.03,3,0.45,0.1,50,0.03,0,0.745,0.345,0.04,0.0
5383,small_world,degree,5431489,100,300,0.03,3,0.45,0.1,50,0.17,9,0.635,0.17,0.04,0.0
5384,small_world,degree,5432498,100,300,0.03,3,0.45,0.1,50,0.08,4,0.715,0.33,0.07999999999999999,0.0
5385,small_world,degree,5433507,100,300,0.03,3,0.45,0.1,50,0.03,0,0.7299999999999999,0.3633333333333333,0.019999999999999997,0.0
5386,small_world,degree,5434516,100,300,0.03,3,0.45,0.1,50,0.04,1,0.745,0.43,0.165,0.0
5387,small_world,degree,5435525,100,300,0.03,3,0.45,0.1,50,0.03,0,0.75,0.38,0.085,0.0
5388,small_world,degree,5436534,100,300,0.03,3,0.45,0.1,50,0.03,0,0.71,0.365,0.105,0.0
5389,small_world,degree,5437543,100,300,0.03,3,0.45,0.1,50,0.03,0,0.7649999999999999,0.40500000000000036,0.08500000000000005,0.0
5390,small_world,degree,5438552,100,300,0.03,3,0.45,0.1,50,0.03,0,0.725,0.405,0.075,0.0
5391,small_world,degree,5439561,100,300,0.03,3,0.45,0.1,50,0.03,0,0.7466666666666666,0.4399999999999999,0.10999999999999999,0.0
5392,small_world,degree,5440570,100,300,0.03,3,0.45,0.1,50,0.03,0,0.725,0.275,0.0,0.0
5393,small_world,degree,5441579,100,300,0.03,3,0.45,0.1,50,0.04,1,0.69,0.435,0.125,0.0
5394,small_world,degree,5442588,100,300,0.03,3,0.45,0.1,50,0.03,0,0.73,0.395,0.135,0.0
5395,small_world,degree,5443597,100,300,0.03,3,0.45,0.1,50,0.07,4,0.7799999999999999,0.6400000000000001,0.3550000000000001,0.0
5396,small_world,degree,5444606,100,300,0.03,3,0.45,0.1,50,0.03,0,0.7050000000000001,0.3300000000000004,0.02000000000000002,0.0
5397,small_world,degree,5445615,100,300,0.03,3,0.45,0.1,50,0.04,1,0.675,0.3900000000000004,0.11500000000000009,0.0
5398,small_world,degree,5446624,100,300,0.03,3,0.45,0.1,50,0.03,0,0.6849999999999999,0.28000000000000025,0.015000000000000013,0.0
5399,small_world,degree,5447633,100,300,0.03,3,0.45,0.1,50,0.03,0,0.715,0.34,0.07999999999999999,0.0
5400,small_world,degree,5448642,100,300,0.03,3,0.45,0.1,50,0.03,0,0.7400000000000001,0.31666666666666676,0.01666666666666667,0.0
5401,small_world,degree,5449651,100,300,0.03,3,0.45,0.1,50,0.03,0,0.735,0.385,0.125,0.0
5402,small_world,degree,5450660,100,300,0.03,3,0.45,0.1,50,0.03,0,0.74,0.46,0.13,0.0
5403,small_world,degree,5451669,100,300,0.03,3,0.45,0.1,50,0.03,0,0.73,0.36,0.08,0.0
5404,small_world,degree,5452678,100,300,0.03,3,0.45,0.1,50,0.03,0,0.7950000000000003,0.5150000000000005,0.2500000000000001,0.0
5405,small_world,degree,5453687,100,300,0.03,3,0.45,0.1,50,0.03,0,0.74,0.395,0.12999999999999998,0.0
5406,small_world,degree,5454696,100,300,0.03,3,0.45,0.1,50,0.03,0,0.705,0.305,0.025,0.0
5407,small_world,degree,5455705,100,300,0.03,3,0.45,0.1,50,0.03,0,0.78,0.505,0.17999999999999997,0.0
5408,small_world,degree,5456714,100,300,0.03,3,0.45,0.1,50,0.03,0,0.715,0.36,0.14,0.0
5409,small_world,degree,5457723,100,300,0.03,3,0.45,0.1,50,0.04,1,0.7750000000000001,0.4600000000000003,0.07000000000000006,0.0
5410,small_world,degree,5458732,100,300,0.03,3,0.45,0.1,50,0.03,0,0.7849999999999998,0.44,0.12,0.0
5411,small_world,degree,5459741,100,300,0.03,3,0.45,0.1,50,0.04,1,0.76,0.455,0.155,0.0
5412,small_world,degree,5460750,100,300,0.03,3,0.45,0.1,50,0.04,1,0.775,0.42,0.07,0.0
5413,small_world,degree,5461759,100,300,0.03,3,0.45,0.1,50,0.03,0,0.72,0.355,0.095,0.0
5414,small_world,degree,5462768,100,300,0.03,3,0.45,0.1,50,0.03,0,0.76,0.405,0.16,0.0
5415,small_world,degree,5463777,100,300,0.03,3,0.45,0.1,50,0.03,0,0.71,0.305,0.019999999999999997,0.0
5416,small_world,degree,5464786,100,300,0.03,3,0.45,0.1,50,0.03,0,0.795,0.5,0.23,0.0
5417,small_world,degree,5465795,100,300,0.03,3,0.45,0.1,50,0.04,1,0.7199999999999999,0.4,0.07,0.0
5418,small_world,degree,5466804,100,300,0.03,3,0.45,0.1,50,0.03,0,0.6849999999999998,0.3300000000000001,0.07000000000000002,0.0
5419,small_world,degree,5467813,100,300,0.03,3,0.45,0.1,50,0.03,0,0.74,0.43499999999999994,0.18,0.0
5420,small_world,degree,5468822,100,300,0.03,3,0.45,0.1,50,0.04,1,0.685,0.395,0.095,0.0
5421,small_world,degree,5469831,100,300,0.03,3,0.45,0.1,50,0.03,0,0.75,0.4200000000000005,0.10500000000000008,0.0
5422,small_world,degree,5470840,100,300,0.03,3,0.45,0.1,50,0.03,0,0.7699999999999998,0.45000000000000046,0.1,0.0
5423,small_world,degree,5471849,100,300,0.03,3,0.45,0.1,50,0.06,2,0.81,0.575,0.335,0.0
5424,small_world,degree,5472858,100,300,0.03,3,0.45,0.1,50,0.04,1,0.71,0.34,0.09499999999999999,0.0
5425,small_world,degree,5473867,100,300,0.03,3,0.45,0.1,50,0.03,0,0.7350000000000001,0.37000000000000005,0.075,0.0
5426,small_world,degree,5474876,100,300,0.03,3,0.45,0.1,50,0.03,0,0.7200000000000001,0.34,0.01999999999999999,0.0
5427,small_world,degree,5475885,100,300,0.03,3,0.45,0.1,50,0.07,4,0.71,0.375,0.0,0.0
5428,small_world,degree,5476894,100,300,0.03,3,0.45,0.1,50,0.03,0,0.75,0.385,0.035,0.0
5429,small_world,degree,5477903,100,300,0.03,3,0.45,0.1,50,0.03,0,0.7799999999999998,0.48000000000000015,0.14999999999999997,0.0
5430,small_world,degree,5478912,100,300,0.03,3,0.45,0.1,50,0.03,0,0.725,0.39,0.105,0.0
5431,small_world,degree,5479921,100,300,0.03,3,0.45,0.1,50,0.04,1,0.63,0.2400000000000003,0.0,0.0
5432,small_world,degree,5480930,100,300,0.03,3,0.45,0.1,50,0.04,1,0.73,0.42,0.19,0.0
5433,small_world,degree,5481939,100,300,0.03,3,0.45,0.1,50,0.05,1,0.775,0.475,0.18,0.0
5434,small_world,degree,5482948,100,300,0.03,3,0.45,0.1,50,0.03,0,0.74,0.46,0.16,0.0
5435,small_world,degree,5483957,100,300,0.03,3,0.45,0.1,50,0.03,0,0.735,0.4,0.09,0.0
5436,small_world,degree,5484966,100,300,0.03,3,0.45,0.1,50,0.12,6,0.7499999999999998,0.5950000000000001,0.40000000000000013,0.0
5437,small_world,degree,5485975,100,300,0.03,3,0.45,0.1,50,0.03,0,0.7000000000000002,0.32500000000000023,0.06500000000000002,0.0
5438,small_world,degree,5486984,100,300,0.03,3,0.45,0.1,50,0.05,1,0.7999999999999999,0.47000000000000025,0.13500000000000015,0.0
5439,small_world,degree,5487993,100,300,0.03,3,0.45,0.1,50,0.03,0,0.68,0.29000000000000015,0.03000000000000001,0.0
5440,small_world,degree,5489002,100,300,0.03,3,0.45,0.1,50,0.03,0,0.8149999999999998,0.5550000000000002,0.29000000000000004,0.0
5441,small_world,degree,5490011,100,300,0.03,3,0.45,0.1,50,0.03,0,0.725,0.42,0.11,0.0
5442,small_world,degree,5491020,100,300,0.03,3,0.45,0.1,50,0.03,0,0.67,0.23500000000000035,0.04000000000000004,0.0
5443,small_world,degree,5492029,100,300,0.03,3,0.45,0.1,50,0.03,0,0.7,0.335,0.02,0.0
5444,small_world,degree,5493038,100,300,0.03,3,0.45,0.1,50,0.03,0,0.6899999999999998,0.30500000000000027,0.04500000000000002,0.0
5445,small_world,degree,5494047,100,300,0.03,3,0.45,0.1,50,0.04,1,0.76,0.5449999999999999,0.29,0.0
5446,small_world,degree,5495056,100,300,0.03,3,0.45,0.1,50,0.03,0,0.755,0.455,0.15999999999999998,0.0
5447,small_world,degree,5496065,100,300,0.03,3,0.45,0.1,50,0.07,2,0.7400000000000001,0.4033333333333333,0.1866666666666665,0.0
5448,small_world,degree,5497074,100,300,0.03,3,0.45,0.1,50,0.03,0,0.735,0.465,0.175,0.0
5449,small_world,degree,5498083,100,300,0.03,3,0.45,0.1,50,0.03,0,0.695,0.3,0.05,0.0
5450,small_world,degree,5499092,100,300,0.03,3,0.45,0.1,50,0.03,0,0.74,0.395,0.11,0.0
5451,small_world,degree,5500101,100,300,0.03,3,0.45,0.1,50,0.13,6,0.6666666666666665,0.29666666666666675,0.030000000000000006,0.0
5452,small_world,degree,5501110,100,300,0.03,3,0.45,0.1,50,0.03,0,0.7649999999999999,0.4350000000000003,0.10500000000000001,0.0
5453,small_world,degree,5502119,100,300,0.03,3,0.45,0.1,50,0.03,0,0.7450000000000001,0.355,0.06,0.0
5454,small_world,degree,5503128,100,300,0.03,3,0.45,0.1,50,0.03,0,0.775,0.48,0.12,0.0
5455,small_world,degree,5504137,100,300,0.03,3,0.45,0.1,50,0.03,0,0.7,0.375,0.10499999999999998,0.0
5456,small_world,degree,5505146,100,300,0.03,3,0.45,0.1,50,0.03,0,0.715,0.35,0.055,0.0
5457,small_world,degree,5506155,100,300,0.03,3,0.45,0.1,50,0.08,3,0.805,0.6,0.31,0.0
5458,small_world,degree,5507164,100,300,0.03,3,0.45,0.1,50,0.03,0,0.735,0.39,0.12499999999999999,0.0
5459,small_world,degree,5508173,100,300,0.03,3,0.45,0.1,50,0.03,0,0.78,0.3999999999999999,0.075,0.0
5460,small_world,degree,5509182,100,300,0.03,3,0.45,0.1,50,0.07,3,0.5899999999999999,0.18000000000000013,0.03500000000000001,0.0
5461,small_world,degree,5510191,100,300,0.03,3,0.45,0.1,50,0.03,0,0.755,0.49,0.26,0.0
5462,small_world,degree,5511200,100,300,0.03,3,0.45,0.1,50,0.23,8,0.5450000000000003,0.19500000000000028,0.015000000000000019,0.0
5463,small_world,degree,5512209,100,300,0.03,3,0.45,0.1,50,0.03,0,0.7,0.205,0.0,0.0
5464,small_world,degree,5513218,100,300,0.03,3,0.45,0.1,50,0.04,1,0.7700000000000002,0.45000000000000057,0.09000000000000007,0.0
5465,small_world,degree,5514227,100,300,0.03,3,0.45,0.1,50,0.03,0,0.7,0.335,0.07,0.0
5466,small_world,degree,5515236,100,300,0.03,3,0.45,0.1,50,0.06,2,0.7999999999999998,0.40000000000000024,0.030000000000000002,0.0
5467,small_world,degree,5516245,100,300,0.03,3,0.45,0.1,50,0.11,6,0.6499999999999999,0.17666666666666647,0.0,0.0
5468,small_world,degree,5517254,100,300,0.03,3,0.45,0.1,50,0.03,0,0.73,0.3866666666666665,0.13666666666666652,0.0
5469,small_world,degree,5518263,100,300,0.03,3,0.45,0.1,50,0.04,1,0.67,0.37,0.12999999999999998,0.0
5470,small_world,degree,5519272,100,300,0.03,3,0.45,0.1,50,0.03,0,0.71,0.375,0.13,0.0
5471,small_world,degree,5520281,100,300,0.03,3,0.45,0.1,50,0.03,0,0.6949999999999998,0.26000000000000023,0.025000000000000012,0.0
5472,small_world,degree,5521290,100,300,0.03,3,0.45,0.1,50,0.03,0,0.76,0.435,0.175,0.0
5473,small_world,degree,5522299,100,300,0.03,3,0.45,0.1,50,0.04,1,0.72,0.29,0.005000000000000001,0.0
5474,small_world,degree,5523308,100,300,0.03,3,0.45,0.1,50,0.03,0,0.77,0.385,0.095,0.0
5475,small_world,degree,5524317,100,300,0.03,3,0.45,0.1,50,0.03,0,0.695,0.325,0.06,0.0
5476,small_world,degree,5525326,100,300,0.03,3,0.45,0.1,50,0.03,0,0.77,0.49,0.215,0.0
5477,small_world,degree,5526335,100,300,0.03,3,0.45,0.1,50,0.03,0,0.71,0.33,0.029999999999999992,0.0
5478,small_world,degree,5527344,100,300,0.03,3,0.45,0.1,50,0.03,0,0.74,0.385,0.12,0.0
5479,small_world,degree,5528353,100,300,0.03,3,0.45,0.1,50,0.03,0,0.7233333333333332,0.41666666666666674,0.12333333333333334,0.0
5480,small_world,degree,5529362,100,300,0.03,3,0.45,0.1,50,0.08,3,0.725,0.39,0.115,0.0
5481,small_world,degree,5530371,100,300,0.03,3,0.45,0.1,50,0.03,0,0.71,0.365,0.08499999999999998,0.0
5482,small_world,degree,5531380,100,300,0.03,3,0.45,0.1,50,0.03,0,0.765,0.425,0.145,0.0
5483,small_world,degree,5532389,100,300,0.03,3,0.45,0.1,50,0.03,0,0.7300000000000001,0.3466666666666664,0.10999999999999993,0.0
5484,small_world,degree,5533398,100,300,0.03,3,0.45,0.1,50,0.03,0,0.7550000000000001,0.3950000000000001,0.085,0.0
5485,small_world,degree,5534407,100,300,0.03,3,0.45,0.1,50,0.03,0,0.72,0.3,0.035,0.0
5486,small_world,degree,5535416,100,300,0.03,3,0.45,0.1,50,0.03,0,0.7,0.32666666666666666,0.08666666666666663,0.0
5487,small_world,degree,5536425,100,300,0.03,3,0.45,0.1,50,0.03,0,0.725,0.31,0.05499999999999999,0.0
5488,small_world,degree,5537434,100,300,0.03,3,0.45,0.1,50,0.03,0,0.71,0.25,0.0,0.0
5489,small_world,degree,5538443,100,300,0.03,3,0.45,0.1,50,0.03,0,0.76,0.4,0.08999999999999998,0.0
5490,small_world,degree,5539452,100,300,0.03,3,0.45,0.1,50,0.04,1,0.66,0.23000000000000004,0.050000000000000024,0.0
5491,small_world,degree,5540461,100,300,0.03,3,0.45,0.1,50,0.03,0,0.74,0.325,0.03,0.0
5492,small_world,degree,5541470,100,300,0.03,3,0.45,0.1,50,0.03,0,0.72,0.34,0.025,0.0
5493,small_world,degree,5542479,100,300,0.03,3,0.45,0.1,50,0.03,0,0.725,0.345,0.075,0.0
5494,small_world,degree,5543488,100,300,0.03,3,0.45,0.1,50,0.14,6,0.665,0.295,0.009999999999999998,0.0
5495,small_world,degree,5544497,100,300,0.03,3,0.45,0.1,50,0.09,5,0.66,0.265,0.035,0.0
5496,small_world,degree,5545506,100,300,0.03,3,0.45,0.1,50,0.03,0,0.7400000000000001,0.2733333333333333,0.0,0.0
5497,small_world,degree,5546515,100,300,0.03,3,0.45,0.1,50,0.04,1,0.71,0.36,0.06,0.0
5498,small_world,degree,5547524,100,300,0.03,3,0.45,0.1,50,0.03,0,0.77,0.485,0.14,0.0
5499,small_world,degree,5548533,100,300,0.03,3,0.45,0.1,50,0.03,0,0.745,0.35000000000000037,0.08500000000000005,0.0
5500,small_world,degree,5549542,100,300,0.03,3,0.45,0.1,50,0.04,1,0.72,0.355,0.12,0.0
5501,small_world,degree,5550551,100,300,0.03,3,0.45,0.1,50,0.03,0,0.7150000000000002,0.23000000000000023,0.0,0.0
5502,small_world,degree,5551560,100,300,0.03,3,0.45,0.1,50,0.04,1,0.7450000000000001,0.37000000000000044,0.025000000000000022,0.0
5503,small_world,degree,5552569,100,300,0.03,3,0.45,0.1,50,0.03,0,0.71,0.32,0.06,0.0
5504,small_world,degree,5553578,100,300,0.03,3,0.45,0.1,50,0.03,0,0.7466666666666666,0.4466666666666668,0.1333333333333334,0.0
5505,small_world,degree,5554587,100,300,0.03,3,0.45,0.1,50,0.03,0,0.705,0.26999999999999996,0.009999999999999998,0.0
5506,small_world,degree,5555596,100,300,0.03,3,0.45,0.1,50,0.03,0,0.7000000000000002,0.3250000000000003,0.1250000000000001,0.0
5507,small_world,degree,5556605,100,300,0.03,3,0.45,0.1,50,0.03,0,0.6749999999999999,0.2650000000000002,0.020000000000000007,0.0
5508,small_world,degree,5557614,100,300,0.03,3,0.45,0.1,50,0.03,0,0.7550000000000001,0.47500000000000014,0.1250000000000001,0.0
5509,small_world,degree,5558623,100,300,0.03,3,0.45,0.1,50,0.03,0,0.695,0.31,0.105,0.0
5510,small_world,degree,5559632,100,300,0.03,3,0.45,0.1,50,0.11,7,0.755,0.45000000000000023,0.18,0.0
5511,small_world,degree,5560641,100,300,0.03,3,0.45,0.1,50,0.03,0,0.6900000000000003,0.37000000000000044,0.1100000000000001,0.0
5512,small_world,degree,5561650,100,300,0.03,3,0.45,0.1,50,0.03,0,0.7799999999999997,0.4250000000000003,0.035000000000000024,0.0
5513,small_world,degree,5562659,100,300,0.03,3,0.45,0.1,50,0.03,0,0.745,0.39,0.105,0.0
5514,small_world,degree,5563668,100,300,0.03,3,0.45,0.1,50,0.03,0,0.75,0.405,0.06,0.0
5515,small_world,degree,5564677,100,300,0.03,3,0.45,0.1,50,0.03,0,0.71,0.43499999999999994,0.125,0.0
5516,small_world,degree,5565686,100,300,0.03,3,0.45,0.1,50,0.03,0,0.7349999999999998,0.4350000000000003,0.10000000000000005,0.0
5517,small_world,degree,5566695,100,300,0.03,3,0.45,0.1,50,0.11,6,0.695,0.375,0.09499999999999999,0.0
5518,small_world,degree,5567704,100,300,0.03,3,0.45,0.1,50,0.08,3,0.7499999999999999,0.4300000000000003,0.13,0.0
5519,small_world,degree,5568713,100,300,0.03,3,0.45,0.1,50,0.08,5,0.72,0.355,0.04,0.0
5520,small_world,degree,5569722,100,300,0.03,3,0.45,0.1,50,0.04,1,0.72,0.23999999999999996,0.005000000000000001,0.0
5521,small_world,degree,5570731,100,300,0.03,3,0.45,0.1,50,0.03,0,0.735,0.42499999999999993,0.055,0.0
5522,small_world,degree,5571740,100,300,0.03,3,0.45,0.1,50,0.03,0,0.75,0.425,0.07,0.0
5523,small_world,degree,5572749,100,300,0.03,3,0.45,0.1,50,0.03,0,0.75,0.48,0.255,0.0
5524,small_world,degree,5573758,100,300,0.03,3,0.45,0.1,50,0.03,0,0.69,0.2550000000000002,0.0,0.0
5525,small_world,degree,5574767,100,300,0.03,3,0.45,0.1,50,0.08,4,0.8150000000000002,0.5700000000000003,0.26500000000000007,0.0
5526,small_world,degree,5575776,100,300,0.03,3,0.45,0.1,50,0.03,0,0.695,0.43000000000000016,0.10500000000000004,0.0
5527,small_world,degree,5576785,100,300,0.03,3,0.45,0.1,50,0.03,0,0.75,0.44,0.115,0.0
5528,small_world,degree,5577794,100,300,0.03,3,0.45,0.1,50,0.03,0,0.72,0.365,0.075,0.0
5529,small_world,degree,5578803,100,300,0.03,3,0.45,0.1,50,0.03,0,0.7700000000000001,0.3766666666666667,0.06666666666666667,0.0
5530,small_world,degree,5579812,100,300,0.03,3,0.45,0.1,50,0.1,6,0.7366666666666667,0.3799999999999998,0.14999999999999986,0.0
5531,small_world,degree,5580821,100,300,0.03,3,0.45,0.1,50,0.23,11,0.54,0.13999999999999999,0.0,0.0
5532,small_world,degree,5581830,100,300,0.03,3,0.45,0.1,50,0.09,5,0.755,0.465,0.15,0.0
5533,small_world,degree,5582839,100,300,0.03,3,0.45,0.1,50,0.03,0,0.76,0.37333333333333335,0.08999999999999998,0.0
5534,small_world,degree,5583848,100,300,0.03,3,0.45,0.1,50,0.03,0,0.74,0.515,0.32,0.0
5535,small_world,degree,5584857,100,300,0.03,3,0.45,0.1,50,0.03,0,0.74,0.405,0.07999999999999999,0.0
5536,small_world,degree,5585866,100,300,0.03,3,0.45,0.1,50,0.04,1,0.75,0.3949999999999999,0.08999999999999998,0.0
5537,small_world,degree,5586875,100,300,0.03,3,0.45,0.1,50,0.03,0,0.67,0.28,0.07999999999999999,0.0
5538,small_world,degree,5587884,100,300,0.03,3,0.45,0.1,50,0.03,0,0.77,0.53,0.295,0.0
5539,small_world,degree,5588893,100,300,0.03,3,0.45,0.1,50,0.03,0,0.7250000000000002,0.42500000000000004,0.1350000000000001,0.0
5540,small_world,degree,5589902,100,300,0.03,3,0.45,0.1,50,0.03,0,0.75,0.3966666666666668,0.0833333333333333,0.0
5541,small_world,degree,5590911,100,300,0.03,3,0.45,0.1,50,0.03,0,0.6600000000000005,0.2400000000000001,0.09000000000000005,0.0
5542,small_world,degree,5591920,100,300,0.03,3,0.45,0.1,50,0.03,0,0.72,0.355,0.06,0.0
5543,small_world,degree,5592929,100,300,0.03,3,0.45,0.1,50,0.03,0,0.675,0.1900000000000002,0.0,0.0
5544,small_world,degree,5593938,100,300,0.03,3,0.45,0.1,50,0.03,0,0.73,0.43,0.12,0.0
5545,small_world,degree,5594947,100,300,0.03,3,0.45,0.1,50,0.09,5,0.765,0.385,0.06,0.0
5546,small_world,degree,5595956,100,300,0.03,3,0.45,0.1,50,0.04,1,0.6900000000000001,0.30000000000000016,0.040000000000000015,0.0
5547,small_world,degree,5596965,100,300,0.03,3,0.45,0.1,50,0.03,0,0.6950000000000003,0.4100000000000004,0.11000000000000011,0.0
5548,small_world,degree,5597974,100,300,0.03,3,0.45,0.1,50,0.03,0,0.765,0.49,0.255,0.0
5549,small_world,degree,5598983,100,300,0.03,3,0.45,0.1,50,0.03,0,0.71,0.37,0.075,0.0
5550,small_world,degree,5599992,100,300,0.03,3,0.45,0.1,50,0.03,0,0.7300000000000001,0.38999999999999985,0.10999999999999988,0.0
5551,small_world,degree,5601001,100,300,0.03,3,0.45,0.1,50,0.03,0,0.725,0.385,0.1,0.0
5552,small_world,degree,5602010,100,300,0.03,3,0.45,0.1,50,0.03,0,0.695,0.33,0.04,0.0
5553,small_world,degree,5603019,100,300,0.03,3,0.45,0.1,50,0.03,0,0.7099999999999999,0.3733333333333332,0.07999999999999996,0.0
5554,small_world,degree,5604028,100,300,0.03,3,0.45,0.1,50,0.04,1,0.69,0.4100000000000001,0.09999999999999996,0.0
5555,small_world,degree,5605037,100,300,0.03,3,0.45,0.1,50,0.03,0,0.7900000000000003,0.44333333333333336,0.06999999999999998,0.0
5556,small_world,degree,5606046,100,300,0.03,3,0.45,0.1,50,0.03,0,0.7066666666666667,0.29666666666666647,0.02999999999999998,0.0
5557,small_world,degree,5607055,100,300,0.03,3,0.45,0.1,50,0.14,6,0.6500000000000001,0.2050000000000002,0.005000000000000005,0.0
5558,small_world,degree,5608064,100,300,0.03,3,0.45,0.1,50,0.03,0,0.7099999999999999,0.3400000000000003,0.11500000000000009,0.0
5559,small_world,degree,5609073,100,300,0.03,3,0.45,0.1,50,0.03,0,0.7549999999999997,0.41000000000000036,0.10500000000000007,0.0
5560,small_world,degree,5610082,100,300,0.03,3,0.45,0.1,50,0.03,0,0.705,0.23500000000000024,0.020000000000000014,0.0
5561,small_world,degree,5611091,100,300,0.03,3,0.45,0.1,50,0.03,0,0.7100000000000002,0.4400000000000005,0.08000000000000003,0.0
5562,small_world,degree,5612100,100,300,0.03,3,0.45,0.1,50,0.03,0,0.745,0.49,0.215,0.0
5563,small_world,degree,5613109,100,300,0.03,3,0.45,0.1,50,0.03,0,0.7049999999999998,0.3550000000000004,0.13500000000000012,0.0
5564,small_world,degree,5614118,100,300,0.03,3,0.45,0.1,50,0.03,0,0.735,0.365,0.04,0.0
5565,small_world,degree,5615127,100,300,0.03,3,0.45,0.1,50,0.08,3,0.685,0.205,0.03499999999999999,0.0
5566,small_world,degree,5616136,100,300,0.03,3,0.45,0.1,50,0.03,0,0.8166666666666667,0.5700000000000001,0.19999999999999984,0.0
5567,small_world,degree,5617145,100,300,0.03,3,0.45,0.1,50,0.04,1,0.805,0.585,0.335,0.0
5568,small_world,degree,5618154,100,300,0.03,3,0.45,0.1,50,0.03,0,0.72,0.47,0.18999999999999997,0.0
5569,small_world,degree,5619163,100,300,0.03,3,0.45,0.1,50,0.09,5,0.7700000000000002,0.4550000000000004,0.18000000000000005,0.0
5570,small_world,degree,5620172,100,300,0.03,3,0.45,0.1,50,0.03,0,0.71,0.295,0.029999999999999992,0.0
5571,small_world,degree,5621181,100,300,0.03,3,0.45,0.1,50,0.04,1,0.77,0.41,0.02,0.0
5572,small_world,degree,5622190,100,300,0.03,3,0.45,0.1,50,0.03,0,0.685,0.315,0.055,0.0
5573,small_world,degree,5623199,100,300,0.03,3,0.45,0.1,50,0.03,0,0.6850000000000002,0.2600000000000004,0.020000000000000025,0.0
5574,small_world,degree,5624208,100,300,0.03,3,0.45,0.1,50,0.13,6,0.6500000000000001,0.31333333333333324,0.02333333333333332,0.0
5575,small_world,degree,5625217,100,300,0.03,3,0.45,0.1,50,0.03,0,0.7,0.315,0.019999999999999997,0.0
5576,small_world,degree,5626226,100,300,0.03,3,0.45,0.1,50,0.03,0,0.775,0.505,0.26,0.0
5577,small_world,degree,5627235,100,300,0.03,3,0.45,0.1,50,0.03,0,0.75,0.44500000000000006,0.11,0.0
5578,small_world,degree,5628244,100,300,0.03,3,0.45,0.1,50,0.03,0,0.815,0.62,0.315,0.0
5579,small_world,degree,5629253,100,300,0.03,3,0.45,0.1,50,0.03,0,0.7633333333333332,0.44999999999999973,0.11333333333333329,0.0
5580,small_world,degree,5630262,100,300,0.03,3,0.45,0.1,50,0.03,0,0.695,0.405,0.12,0.0
5581,small_world,degree,5631271,100,300,0.03,3,0.45,0.1,50,0.03,0,0.6600000000000001,0.3600000000000003,0.12000000000000002,0.0
5582,small_world,degree,5632280,100,300,0.03,3,0.45,0.1,50,0.1,4,0.7749999999999999,0.5050000000000001,0.285,0.0
5583,small_world,degree,5633289,100,300,0.03,3,0.45,0.1,50,0.05,2,0.785,0.485,0.15,0.0
5584,small_world,degree,5634298,100,300,0.03,3,0.45,0.1,50,0.04,1,0.73,0.295,0.009999999999999998,0.0
5585,small_world,degree,5635307,100,300,0.03,3,0.45,0.1,50,0.03,0,0.7399999999999999,0.3900000000000004,0.020000000000000007,0.0
5586,small_world,degree,5636316,100,300,0.03,3,0.45,0.1,50,0.03,0,0.825,0.6250000000000003,0.3150000000000001,0.0
5587,small_world,degree,5637325,100,300,0.03,3,0.45,0.1,50,0.03,0,0.745,0.425,0.029999999999999992,0.0
5588,small_world,degree,5638334,100,300,0.03,3,0.45,0.1,50,0.04,1,0.755,0.56,0.35,0.0
5589,small_world,degree,5639343,100,300,0.03,3,0.45,0.1,50,0.03,0,0.73,0.365,0.12999999999999998,0.0
5590,small_world,degree,5640352,100,300,0.03,3,0.45,0.1,50,0.03,0,0.6500000000000002,0.39000000000000035,0.16,0.0
5591,small_world,degree,5641361,100,300,0.03,3,0.45,0.1,50,0.03,0,0.755,0.38,0.07,0.0
5592,small_world,degree,5642370,100,300,0.03,3,0.45,0.1,50,0.03,0,0.7400000000000002,0.4250000000000004,0.11500000000000012,0.0
5593,small_world,degree,5643379,100,300,0.03,3,0.45,0.1,50,0.04,1,0.675,0.235,0.015,0.0
5594,small_world,degree,5644388,100,300,0.03,3,0.45,0.1,50,0.03,0,0.72,0.41000000000000025,0.12999999999999998,0.0
5595,small_world,degree,5645397,100,300,0.03,3,0.45,0.1,50,0.03,0,0.64,0.25,0.05,0.0
5596,small_world,degree,5646406,100,300,0.03,3,0.45,0.1,50,0.03,0,0.71,0.315,0.03499999999999999,0.0
5597,small_world,degree,5647415,100,300,0.03,3,0.45,0.1,50,0.03,0,0.75,0.46,0.145,0.0
5598,small_world,degree,5648424,100,300,0.03,3,0.45,0.1,50,0.04,1,0.735,0.325,0.075,0.0
5599,small_world,degree,5649433,100,300,0.03,3,0.45,0.1,50,0.03,0,0.795,0.445,0.11999999999999998,0.0
5600,small_world,degree,5650442,100,300,0.03,3,0.45,0.1,50,0.03,0,0.76,0.455,0.03,0.0
5601,small_world,degree,5651451,100,300,0.03,3,0.45,0.1,50,0.03,0,0.74,0.275,0.035,0.0
5602,small_world,degree,5652460,100,300,0.03,3,0.45,0.1,50,0.04,1,0.6749999999999998,0.345,0.08,0.0
5603,small_world,degree,5653469,100,300,0.03,3,0.45,0.1,50,0.03,0,0.72,0.405,0.14,0.0
5604,small_world,degree,5654478,100,300,0.03,3,0.45,0.1,50,0.03,0,0.725,0.345,0.06499999999999999,0.0
5605,small_world,degree,5655487,100,300,0.03,3,0.45,0.1,50,0.03,0,0.715,0.335,0.035,0.0
5606,small_world,degree,5656496,100,300,0.03,3,0.45,0.1,50,0.13,7,0.725,0.405,0.14,0.0
5607,small_world,degree,5657505,100,300,0.03,3,0.45,0.1,50,0.05,1,0.6500000000000001,0.2950000000000001,0.025000000000000012,0.0
5608,small_world,degree,5658514,100,300,0.03,3,0.45,0.1,50,0.05,2,0.7899999999999998,0.43999999999999995,0.19999999999999993,0.0
5609,small_world,degree,5659523,100,300,0.03,3,0.45,0.1,50,0.03,0,0.7200000000000001,0.35000000000000003,0.045,0.0
5610,small_world,degree,5660532,100,300,0.03,3,0.45,0.1,50,0.05,2,0.705,0.345,0.04999999999999999,0.0
5611,small_world,degree,5661541,100,300,0.03,3,0.45,0.1,50,0.03,0,0.7149999999999999,0.38,0.08,0.0
5612,small_world,degree,5662550,100,300,0.03,3,0.45,0.1,50,0.03,0,0.745,0.43000000000000005,0.10500000000000002,0.0
5613,small_world,degree,5663559,100,300,0.03,3,0.45,0.1,50,0.03,0,0.72,0.365,0.09,0.0
5614,small_world,degree,5664568,100,300,0.03,3,0.45,0.1,50,0.03,0,0.8099999999999997,0.6500000000000001,0.40000000000000024,0.0
5615,small_world,degree,5665577,100,300,0.03,3,0.45,0.1,50,0.03,0,0.705,0.355,0.08499999999999998,0.0
5616,small_world,degree,5666586,100,300,0.03,3,0.45,0.1,50,0.03,0,0.6950000000000002,0.3300000000000005,0.020000000000000025,0.0
5617,small_world,degree,5667595,100,300,0.03,3,0.45,0.1,50,0.03,0,0.725,0.435,0.15999999999999998,0.0
5618,small_world,degree,5668604,100,300,0.03,3,0.45,0.1,50,0.05,2,0.7,0.42,0.165,0.0
5619,small_world,degree,5669613,100,300,0.03,3,0.45,0.1,50,0.03,0,0.705,0.315,0.010000000000000002,0.0
5620,small_world,degree,5670622,100,300,0.03,3,0.45,0.1,50,0.03,0,0.7199999999999996,0.3700000000000003,0.09000000000000007,0.0
5621,small_world,degree,5671631,100,300,0.03,3,0.45,0.1,50,0.03,0,0.73,0.385,0.04,0.0
5622,small_world,degree,5672640,100,300,0.03,3,0.45,0.1,50,0.03,0,0.6866666666666663,0.2666666666666668,0.05666666666666666,0.0
5623,small_world,degree,5673649,100,300,0.03,3,0.45,0.1,50,0.04,1,0.685,0.305,0.05,0.0
5624,small_world,degree,5674658,100,300,0.03,3,0.45,0.1,50,0.03,0,0.685,0.265,0.03,0.0
5625,small_world,degree,5675667,100,300,0.03,3,0.45,0.1,50,0.03,0,0.7,0.32,0.07,0.0
5626,small_world,degree,5676676,100,300,0.03,3,0.45,0.1,50,0.03,0,0.735,0.43,0.095,0.0
5627,small_world,degree,5677685,100,300,0.03,3,0.45,0.1,50,0.03,0,0.6849999999999999,0.2950000000000002,0.07500000000000004,0.0
5628,small_world,degree,5678694,100,300,0.03,3,0.45,0.1,50,0.03,0,0.735,0.4549999999999999,0.145,0.0
5629,small_world,degree,5679703,100,300,0.03,3,0.45,0.1,50,0.03,0,0.75,0.315,0.039999999999999994,0.0
5630,small_world,degree,5680712,100,300,0.03,3,0.45,0.1,50,0.03,0,0.715,0.435,0.11,0.0
5631,small_world,degree,5681721,100,300,0.03,3,0.45,0.1,50,0.03,0,0.6950000000000001,0.3500000000000001,0.04,0.0
5632,small_world,degree,5682730,100,300,0.03,3,0.45,0.1,50,0.04,1,0.6950000000000002,0.26,0.019999999999999997,0.0
5633,small_world,degree,5683739,100,300,0.03,3,0.45,0.1,50,0.03,0,0.745,0.36500000000000005,0.085,0.0
5634,small_world,degree,5684748,100,300,0.03,3,0.45,0.1,50,0.04,1,0.7199999999999999,0.42,0.17499999999999996,0.0
5635,small_world,degree,5685757,100,300,0.03,3,0.45,0.1,50,0.03,0,0.69,0.35,0.05999999999999999,0.0
5636,small_world,degree,5686766,100,300,0.03,3,0.45,0.1,50,0.03,0,0.71,0.435,0.225,0.0
5637,small_world,degree,5687775,100,300,0.03,3,0.45,0.1,50,0.03,0,0.71,0.34500000000000025,0.03500000000000002,0.0
5638,small_world,degree,5688784,100,300,0.03,3,0.45,0.1,50,0.03,0,0.71,0.335,0.06499999999999999,0.0
5639,small_world,degree,5689793,100,300,0.03,3,0.45,0.1,50,0.04,1,0.69,0.34,0.045,0.0
5640,small_world,degree,5690802,100,300,0.03,3,0.45,0.1,50,0.16,10,0.52,0.06999999999999998,0.0,0.0
5641,small_world,degree,5691811,100,300,0.03,3,0.45,0.1,50,0.03,0,0.79,0.4049999999999999,0.075,0.0
5642,small_world,degree,5692820,100,300,0.03,3,0.45,0.1,50,0.03,0,0.71,0.38,0.065,0.0
5643,small_world,degree,5693829,100,300,0.03,3,0.45,0.1,50,0.03,0,0.7366666666666664,0.31333333333333324,0.0,0.0
5644,small_world,degree,5694838,100,300,0.03,3,0.45,0.1,50,0.03,0,0.7066666666666667,0.31333333333333324,0.0,0.0
5645,small_world,degree,5695847,100,300,0.03,3,0.45,0.1,50,0.03,0,0.7200000000000001,0.37000000000000016,0.08000000000000002,0.0
5646,small_world,degree,5696856,100,300,0.03,3,0.45,0.1,50,0.04,1,0.6799999999999998,0.3450000000000003,0.16000000000000014,0.0
5647,small_world,degree,5697865,100,300,0.03,3,0.45,0.1,50,0.03,0,0.715,0.35,0.019999999999999997,0.0
5648,small_world,degree,5698874,100,300,0.03,3,0.45,0.1,50,0.03,0,0.74,0.4,0.065,0.0
5649,small_world,degree,5699883,100,300,0.03,3,0.45,0.1,50,0.03,0,0.745,0.45,0.18,0.0
5650,small_world,degree,5700892,100,300,0.03,3,0.45,0.1,50,0.03,0,0.76,0.5,0.18,0.0
5651,small_world,degree,5701901,100,300,0.03,3,0.45,0.1,50,0.04,1,0.7,0.405,0.14,0.0
5652,small_world,degree,5702910,100,300,0.03,3,0.45,0.1,50,0.03,0,0.72,0.37,0.055,0.0
5653,small_world,degree,5703919,100,300,0.03,3,0.45,0.1,50,0.03,0,0.77,0.395,0.075,0.0
5654,small_world,degree,5704928,100,300,0.03,3,0.45,0.1,50,0.03,0,0.755,0.38,0.08,0.0
5655,small_world,degree,5705937,100,300,0.03,3,0.45,0.1,50,0.03,0,0.735,0.47,0.165,0.0
5656,small_world,degree,5706946,100,300,0.03,3,0.45,0.1,50,0.03,0,0.735,0.38,0.06499999999999999,0.0
5657,small_world,degree,5707955,100,300,0.03,3,0.45,0.1,50,0.03,0,0.72,0.295,0.04499999999999999,0.0
5658,small_world,degree,5708964,100,300,0.03,3,0.45,0.1,50,0.03,0,0.74,0.395,0.05999999999999999,0.0
5659,small_world,degree,5709973,100,300,0.03,3,0.45,0.1,50,0.03,0,0.735,0.34,0.025,0.0
5660,small_world,degree,5710982,100,300,0.03,3,0.45,0.1,50,0.03,0,0.71,0.35,0.06999999999999999,0.0
5661,small_world,degree,5711991,100,300,0.03,3,0.45,0.1,50,0.03,0,0.72,0.32,0.04,0.0
5662,small_world,degree,5713000,100,300,0.03,3,0.45,0.1,50,0.04,1,0.725,0.425,0.13999999999999999,0.0
5663,small_world,degree,5714009,100,300,0.03,3,0.45,0.1,50,0.03,0,0.715,0.39,0.010000000000000002,0.0
5664,small_world,degree,5715018,100,300,0.03,3,0.45,0.1,50,0.03,0,0.72,0.3399999999999999,0.03,0.0
5665,small_world,degree,5716027,100,300,0.03,3,0.45,0.1,50,0.03,0,0.71,0.225,0.0,0.0
5666,small_world,degree,5717036,100,300,0.03,3,0.45,0.1,50,0.03,0,0.74,0.45,0.265,0.0
5667,small_world,degree,5718045,100,300,0.03,3,0.45,0.1,50,0.1,3,0.725,0.435,0.09,0.0
5668,small_world,degree,5719054,100,300,0.03,3,0.45,0.1,50,0.03,0,0.7100000000000001,0.27999999999999997,0.04999999999999999,0.0
5669,small_world,degree,5720063,100,300,0.03,3,0.45,0.1,50,0.03,0,0.6949999999999998,0.215,0.015,0.0
5670,small_world,degree,5721072,100,300,0.03,3,0.45,0.1,50,0.03,0,0.71,0.295,0.015,0.0
5671,small_world,degree,5722081,100,300,0.03,3,0.45,0.1,50,0.03,0,0.79,0.51,0.185,0.0
5672,small_world,degree,5723090,100,300,0.03,3,0.45,0.1,50,0.04,1,0.715,0.29,0.025,0.0
5673,small_world,degree,5724099,100,300,0.03,3,0.45,0.1,50,0.06,2,0.785,0.44,0.12999999999999998,0.0
5674,small_world,degree,5725108,100,300,0.03,3,0.45,0.1,50,0.03,0,0.8100000000000002,0.62,0.22999999999999995,0.0
5675,small_world,degree,5726117,100,300,0.03,3,0.45,0.1,50,0.06,2,0.72,0.44,0.085,0.0
5676,small_world,degree,5727126,100,300,0.03,3,0.45,0.1,50,0.09,4,0.67,0.26,0.08999999999999998,0.0
5677,small_world,degree,5728135,100,300,0.03,3,0.45,0.1,50,0.03,0,0.715,0.365,0.08,0.0
5678,small_world,degree,5729144,100,300,0.03,3,0.45,0.1,50,0.03,0,0.6950000000000002,0.39000000000000046,0.10500000000000005,0.0
5679,small_world,degree,5730153,100,300,0.03,3,0.45,0.1,50,0.03,0,0.78,0.415,0.045,0.0
5680,small_world,degree,5731162,100,300,0.03,3,0.45,0.1,50,0.03,0,0.7250000000000002,0.3600000000000003,0.07000000000000006,0.0
5681,small_world,degree,5732171,100,300,0.03,3,0.45,0.1,50,0.03,0,0.74,0.46,0.23,0.0
5682,small_world,degree,5733180,100,300,0.03,3,0.45,0.1,50,0.03,0,0.725,0.335,0.03,0.0
5683,small_world,degree,5734189,100,300,0.03,3,0.45,0.1,50,0.03,0,0.7900000000000001,0.54,0.16500000000000004,0.0
5684,small_world,degree,5735198,100,300,0.03,3,0.45,0.1,50,0.03,0,0.76,0.47,0.1,0.0
5685,small_world,degree,5736207,100,300,0.03,3,0.45,0.1,50,0.03,0,0.715,0.385,0.07,0.0
5686,small_world,degree,5737216,100,300,0.03,3,0.45,0.1,50,0.03,0,0.775,0.62,0.3499999999999999,0.0
5687,small_world,degree,5738225,100,300,0.03,3,0.45,0.1,50,0.05,2,0.6599999999999998,0.345,0.185,0.0
5688,small_world,degree,5739234,100,300,0.03,3,0.45,0.1,50,0.03,0,0.78,0.395,0.03,0.0
5689,small_world,degree,5740243,100,300,0.03,3,0.45,0.1,50,0.03,0,0.6700000000000004,0.28000000000000014,0.07000000000000005,0.0
5690,small_world,degree,5741252,100,300,0.03,3,0.45,0.1,50,0.03,0,0.695,0.315,0.04999999999999999,0.0
5691,small_world,degree,5742261,100,300,0.03,3,0.45,0.1,50,0.12,4,0.665,0.335,0.08,0.0
5692,small_world,degree,5743270,100,300,0.03,3,0.45,0.1,50,0.03,0,0.69,0.2050000000000002,0.0,0.0
5693,small_world,degree,5744279,100,300,0.03,3,0.45,0.1,50,0.03,0,0.77,0.415,0.11499999999999998,0.0
5694,small_world,degree,5745288,100,300,0.03,3,0.45,0.1,50,0.09,4,0.72,0.43000000000000027,0.2800000000000001,0.0
5695,small_world,degree,5746297,100,300,0.03,3,0.45,0.1,50,0.03,0,0.705,0.285,0.010000000000000002,0.0
5696,small_world,degree,5747306,100,300,0.03,3,0.45,0.1,50,0.07,3,0.75,0.41,0.14,0.0
5697,small_world,degree,5748315,100,300,0.03,3,0.45,0.1,50,0.1,5,0.7099999999999997,0.28000000000000014,0.015000000000000005,0.0
5698,small_world,degree,5749324,100,300,0.03,3,0.45,0.1,50,0.03,0,0.7449999999999999,0.4200000000000004,0.10000000000000009,0.0
5699,small_world,degree,5750333,100,300,0.03,3,0.45,0.1,50,0.03,0,0.74,0.395,0.07,0.0
5700,small_world,degree,5751342,100,300,0.03,3,0.45,0.1,50,0.03,0,0.7900000000000004,0.47500000000000037,0.16500000000000006,0.0
5701,small_world,degree,5752351,100,300,0.03,3,0.45,0.1,50,0.03,0,0.7300000000000001,0.315,0.03500000000000001,0.0
5702,small_world,degree,5753360,100,300,0.03,3,0.45,0.1,50,0.03,0,0.725,0.30999999999999994,0.05,0.0
5703,small_world,degree,5754369,100,300,0.03,3,0.45,0.1,50,0.03,0,0.7,0.36,0.05999999999999999,0.0
5704,small_world,degree,5755378,100,300,0.03,3,0.45,0.1,50,0.03,0,0.7066666666666667,0.21999999999999978,0.03666666666666664,0.0
5705,small_world,degree,5756387,100,300,0.03,3,0.45,0.1,50,0.05,1,0.65,0.37,0.13499999999999998,0.0
5706,small_world,degree,5757396,100,300,0.03,3,0.45,0.1,50,0.08,4,0.7050000000000001,0.36000000000000004,0.085,0.0
5707,small_world,degree,5758405,100,300,0.03,3,0.45,0.1,50,0.05,1,0.79,0.4950000000000005,0.13500000000000004,0.0
5708,small_world,degree,5759414,100,300,0.03,3,0.45,0.1,50,0.03,0,0.73,0.455,0.09,0.0
5709,small_world,degree,5760423,100,300,0.03,3,0.45,0.1,50,0.13,6,0.62,0.31500000000000034,0.08000000000000007,0.0
5710,small_world,degree,5761432,100,300,0.03,3,0.45,0.1,50,0.04,1,0.745,0.42999999999999994,0.215,0.0
5711,small_world,degree,5762441,100,300,0.03,3,0.45,0.1,50,0.03,0,0.7100000000000001,0.4100000000000002,0.12666666666666662,0.0
5712,small_world,degree,5763450,100,300,0.03,3,0.45,0.1,50,0.03,0,0.715,0.38,0.05999999999999999,0.0
5713,small_world,degree,5764459,100,300,0.03,3,0.45,0.1,50,0.04,1,0.685,0.2800000000000003,0.015000000000000019,0.0
5714,small_world,degree,5765468,100,300,0.03,3,0.45,0.1,50,0.03,0,0.765,0.47,0.19,0.0
5715,small_world,degree,5766477,100,300,0.03,3,0.45,0.1,50,0.03,0,0.73,0.45,0.19,0.0
5716,small_world,degree,5767486,100,300,0.03,3,0.45,0.1,50,0.03,0,0.71,0.37,0.065,0.0
5717,small_world,degree,5768495,100,300,0.03,3,0.45,0.1,50,0.03,0,0.6900000000000001,0.35000000000000037,0.11000000000000004,0.0
5718,small_world,degree,5769504,100,300,0.03,3,0.45,0.1,50,0.03,0,0.7349999999999999,0.42499999999999993,0.13499999999999995,0.0
5719,small_world,degree,5770513,100,300,0.03,3,0.45,0.1,50,0.04,1,0.7633333333333333,0.5233333333333333,0.19999999999999982,0.0
5720,small_world,degree,5771522,100,300,0.03,3,0.45,0.1,50,0.03,0,0.69,0.31000000000000005,0.025000000000000005,0.0
5721,small_world,degree,5772531,100,300,0.03,3,0.45,0.1,50,0.03,0,0.735,0.405,0.065,0.0
5722,small_world,degree,5773540,100,300,0.03,3,0.45,0.1,50,0.04,1,0.735,0.33,0.010000000000000002,0.0
5723,small_world,degree,5774549,100,300,0.03,3,0.45,0.1,50,0.03,0,0.735,0.425,0.085,0.0
5724,small_world,degree,5775558,100,300,0.03,3,0.45,0.1,50,0.03,0,0.69,0.29,0.009999999999999998,0.0
5725,small_world,degree,5776567,100,300,0.03,3,0.45,0.1,50,0.03,0,0.735,0.36,0.019999999999999997,0.0
5726,small_world,degree,5777576,100,300,0.03,3,0.45,0.1,50,0.03,0,0.71,0.33,0.04,0.0
5727,small_world,degree,5778585,100,300,0.03,3,0.45,0.1,50,0.03,0,0.7600000000000001,0.38500000000000006,0.12000000000000002,0.0
5728,small_world,degree,5779594,100,300,0.03,3,0.45,0.1,50,0.03,0,0.7600000000000003,0.4600000000000005,0.21000000000000013,0.0
5729,small_world,degree,5780603,100,300,0.03,3,0.45,0.1,50,0.03,0,0.68,0.315,0.06999999999999999,0.0
5730,small_world,degree,5781612,100,300,0.03,3,0.45,0.1,50,0.03,0,0.67,0.22,0.019999999999999993,0.0
5731,small_world,degree,5782621,100,300,0.03,3,0.45,0.1,50,0.03,0,0.7300000000000001,0.35500000000000037,0.03000000000000003,0.0
5732,small_world,degree,5783630,100,300,0.03,3,0.45,0.1,50,0.03,0,0.695,0.36,0.19999999999999996,0.0
5733,small_world,degree,5784639,100,300,0.03,3,0.45,0.1,50,0.03,0,0.65,0.24,0.059999999999999984,0.0
5734,small_world,degree,5785648,100,300,0.03,3,0.45,0.1,50,0.03,0,0.755,0.35,0.045,0.0
5735,small_world,degree,5786657,100,300,0.03,3,0.45,0.1,50,0.07,4,0.67,0.335,0.07,0.0
5736,small_world,degree,5787666,100,300,0.03,3,0.45,0.1,50,0.03,0,0.725,0.39,0.095,0.0
5737,small_world,degree,5788675,100,300,0.03,3,0.45,0.1,50,0.03,0,0.705,0.31,0.025,0.0
5738,small_world,degree,5789684,100,300,0.03,3,0.45,0.1,50,0.03,0,0.76,0.36499999999999994,0.08499999999999998,0.0
5739,small_world,degree,5790693,100,300,0.03,3,0.45,0.1,50,0.03,0,0.75,0.58,0.45,0.0
5740,small_world,degree,5791702,100,300,0.03,3,0.45,0.1,50,0.03,0,0.7699999999999999,0.44,0.165,0.0
5741,small_world,degree,5792711,100,300,0.03,3,0.45,0.1,50,0.03,0,0.79,0.505,0.185,0.0
5742,small_world,degree,5793720,100,300,0.03,3,0.45,0.1,50,0.16,11,0.545,0.21500000000000025,0.01000000000000001,0.0
5743,small_world,degree,5794729,100,300,0.03,3,0.45,0.1,50,0.03,0,0.725,0.415,0.15499999999999997,0.0
5744,small_world,degree,5795738,100,300,0.03,3,0.45,0.1,50,0.03,0,0.7466666666666667,0.45666666666666694,0.13666666666666663,0.0
5745,small_world,degree,5796747,100,300,0.03,3,0.45,0.1,50,0.03,0,0.7300000000000001,0.5000000000000003,0.2300000000000001,0.0
5746,small_world,degree,5797756,100,300,0.03,3,0.45,0.1,50,0.03,0,0.706666666666667,0.35999999999999993,0.09333333333333334,0.0
5747,small_world,degree,5798765,100,300,0.03,3,0.45,0.1,50,0.03,0,0.7450000000000002,0.43000000000000055,0.08500000000000009,0.0
5748,small_world,degree,5799774,100,300,0.03,3,0.45,0.1,50,0.03,0,0.7049999999999995,0.4350000000000001,0.1450000000000001,0.0
5749,small_world,degree,5800783,100,300,0.03,3,0.45,0.1,50,0.1,6,0.62,0.255,0.019999999999999997,0.0
5750,small_world,degree,5801792,100,300,0.03,3,0.45,0.1,50,0.03,0,0.72,0.305,0.1,0.0
5751,small_world,degree,5802801,100,300,0.03,3,0.45,0.1,50,0.03,0,0.6500000000000002,0.28000000000000014,0.07000000000000003,0.0
5752,small_world,degree,5803810,100,300,0.03,3,0.45,0.1,50,0.03,0,0.7150000000000002,0.3100000000000004,0.010000000000000005,0.0
5753,small_world,degree,5804819,100,300,0.03,3,0.45,0.1,50,0.03,0,0.665,0.2,0.0,0.0
5754,small_world,degree,5805828,100,300,0.03,3,0.45,0.1,50,0.04,1,0.6650000000000001,0.3700000000000004,0.08500000000000008,0.0
5755,small_world,degree,5806837,100,300,0.03,3,0.45,0.1,50,0.07,3,0.72,0.37,0.095,0.0
5756,small_world,degree,5807846,100,300,0.03,3,0.45,0.1,50,0.03,0,0.72,0.335,0.035,0.0
5757,small_world,degree,5808855,100,300,0.03,3,0.45,0.1,50,0.03,0,0.8050000000000002,0.555,0.17,0.0
5758,small_world,degree,5809864,100,300,0.03,3,0.45,0.1,50,0.03,0,0.77,0.48,0.2,0.0
5759,small_world,degree,5810873,100,300,0.03,3,0.45,0.1,50,0.03,0,0.7049999999999998,0.3500000000000003,0.04000000000000002,0.0
5760,small_world,degree,5811882,100,300,0.03,3,0.45,0.1,50,0.03,0,0.76,0.345,0.05499999999999999,0.0
5761,small_world,degree,5812891,100,300,0.03,3,0.45,0.1,50,0.03,0,0.685,0.23,0.0,0.0
5762,small_world,degree,5813900,100,300,0.03,3,0.45,0.1,50,0.07,4,0.73,0.39,0.09,0.0
5763,small_world,degree,5814909,100,300,0.03,3,0.45,0.1,50,0.05,2,0.73,0.365,0.055,0.0
5764,small_world,degree,5815918,100,300,0.03,3,0.45,0.1,50,0.03,0,0.71,0.335,0.015,0.0
5765,small_world,degree,5816927,100,300,0.03,3,0.45,0.1,50,0.09,5,0.695,0.3949999999999999,0.145,0.0
5766,small_world,degree,5817936,100,300,0.03,3,0.45,0.1,50,0.03,0,0.77,0.38,0.055,0.0
5767,small_world,degree,5818945,100,300,0.03,3,0.45,0.1,50,0.03,0,0.7949999999999999,0.5050000000000004,0.19500000000000003,0.0
5768,small_world,degree,5819954,100,300,0.03,3,0.45,0.1,50,0.03,0,0.725,0.35,0.07,0.0
5769,small_world,degree,5820963,100,300,0.03,3,0.45,0.1,50,0.03,0,0.69,0.23,0.005000000000000001,0.0
5770,small_world,degree,5821972,100,300,0.03,3,0.45,0.1,50,0.07,3,0.755,0.43,0.15,0.0
5771,small_world,degree,5822981,100,300,0.03,3,0.45,0.1,50,0.03,0,0.6799999999999998,0.1400000000000001,0.0,0.0
5772,small_world,degree,5823990,100,300,0.03,3,0.45,0.1,50,0.04,1,0.695,0.285,0.005000000000000001,0.0
5773,small_world,degree,5824999,100,300,0.03,3,0.45,0.1,50,0.03,0,0.75,0.415,0.16,0.0
5774,small_world,degree,5826008,100,300,0.03,3,0.45,0.1,50,0.03,0,0.74,0.36999999999999994,0.005000000000000001,0.0
5775,small_world,degree,5827017,100,300,0.03,3,0.45,0.1,50,0.03,0,0.78,0.495,0.16999999999999996,0.0
5776,small_world,degree,5828026,100,300,0.03,3,0.45,0.1,50,0.03,0,0.735,0.41,0.09,0.0
5777,small_world,degree,5829035,100,300,0.03,3,0.45,0.1,50,0.03,0,0.725,0.27500000000000013,0.04000000000000002,0.0
5778,small_world,degree,5830044,100,300,0.03,3,0.45,0.1,50,0.03,0,0.7,0.275,0.04000000000000001,0.0
5779,small_world,degree,5831053,100,300,0.03,3,0.45,0.1,50,0.05,2,0.745,0.335,0.009999999999999998,0.0
5780,small_world,degree,5832062,100,300,0.03,3,0.45,0.1,50,0.03,0,0.7350000000000001,0.43000000000000005,0.12500000000000003,0.0
5781,small_world,degree,5833071,100,300,0.03,3,0.45,0.1,50,0.03,0,0.705,0.325,0.035,0.0
5782,small_world,degree,5834080,100,300,0.03,3,0.45,0.1,50,0.03,0,0.695,0.37999999999999995,0.1,0.0
5783,small_world,degree,5835089,100,300,0.03,3,0.45,0.1,50,0.03,0,0.7266666666666667,0.3033333333333332,0.06666666666666662,0.0
5784,small_world,degree,5836098,100,300,0.03,3,0.45,0.1,50,0.03,0,0.7099999999999999,0.2300000000000002,0.020000000000000007,0.0
5785,small_world,degree,5837107,100,300,0.03,3,0.45,0.1,50,0.03,0,0.73,0.39,0.105,0.0
5786,small_world,degree,5838116,100,300,0.03,3,0.45,0.1,50,0.03,0,0.7150000000000003,0.38500000000000045,0.030000000000000016,0.0
5787,small_world,degree,5839125,100,300,0.03,3,0.45,0.1,50,0.05,2,0.7500000000000002,0.3666666666666667,0.05666666666666666,0.0
5788,small_world,degree,5840134,100,300,0.03,3,0.45,0.1,50,0.03,0,0.7299999999999996,0.3850000000000003,0.06500000000000002,0.0
5789,small_world,degree,5841143,100,300,0.03,3,0.45,0.1,50,0.03,0,0.755,0.42,0.11,0.0
5790,small_world,degree,5842152,100,300,0.03,3,0.45,0.1,50,0.03,0,0.785,0.5550000000000002,0.31500000000000006,0.0
5791,small_world,degree,5843161,100,300,0.03,3,0.45,0.1,50,0.03,0,0.7166666666666668,0.2599999999999998,0.029999999999999978,0.0
5792,small_world,degree,5844170,100,300,0.03,3,0.45,0.1,50,0.05,2,0.71,0.395,0.14,0.0
5793,small_world,degree,5845179,100,300,0.03,3,0.45,0.1,50,0.03,0,0.705,0.335,0.05499999999999999,0.0
5794,small_world,degree,5846188,100,300,0.03,3,0.45,0.1,50,0.03,0,0.77,0.43,0.05,0.0
5795,small_world,degree,5847197,100,300,0.03,3,0.45,0.1,50,0.03,0,0.69,0.23,0.0,0.0
5796,small_world,degree,5848206,100,300,0.03,3,0.45,0.1,50,0.03,0,0.7449999999999999,0.365,0.06999999999999999,0.0
5797,small_world,degree,5849215,100,300,0.03,3,0.45,0.1,50,0.04,1,0.69,0.31,0.04,0.0
5798,small_world,degree,5850224,100,300,0.03,3,0.45,0.1,50,0.04,1,0.6699999999999998,0.37,0.085,0.0
5799,small_world,degree,5851233,100,300,0.03,3,0.45,0.1,50,0.04,1,0.6866666666666671,0.2566666666666667,0.0,0.0
5800,small_world,degree,5852242,100,300,0.03,3,0.45,0.1,50,0.03,0,0.76,0.54,0.3,0.0
5801,small_world,degree,5853251,100,300,0.03,3,0.45,0.1,50,0.04,1,0.76,0.505,0.3,0.0
5802,small_world,degree,5854260,100,300,0.03,3,0.45,0.1,50,0.03,0,0.705,0.35999999999999993,0.13,0.0
5803,small_world,degree,5855269,100,300,0.03,3,0.45,0.1,50,0.03,0,0.73,0.24,0.045,0.0
5804,small_world,degree,5856278,100,300,0.03,3,0.45,0.1,50,0.04,1,0.7149999999999999,0.28,0.015,0.0
5805,small_world,degree,5857287,100,300,0.03,3,0.45,0.1,50,0.03,0,0.755,0.5,0.11,0.0
5806,small_world,degree,5858296,100,300,0.03,3,0.45,0.1,50,0.03,0,0.725,0.41999999999999993,0.11499999999999998,0.0
5807,small_world,degree,5859305,100,300,0.03,3,0.45,0.1,50,0.03,0,0.7666666666666666,0.4733333333333333,0.17333333333333317,0.0
5808,small_world,degree,5860314,100,300,0.03,3,0.45,0.1,50,0.04,1,0.695,0.34,0.1,0.0
5809,small_world,degree,5861323,100,300,0.03,3,0.45,0.1,50,0.04,1,0.7,0.37,0.07,0.0
5810,small_world,degree,5862332,100,300,0.03,3,0.45,0.1,50,0.17,6,0.7,0.41,0.175,0.0
5811,small_world,degree,5863341,100,300,0.03,3,0.45,0.1,50,0.03,0,0.685,0.275,0.009999999999999998,0.0
5812,small_world,degree,5864350,100,300,0.03,3,0.45,0.1,50,0.03,0,0.725,0.255,0.029999999999999995,0.0
5813,small_world,degree,5865359,100,300,0.03,3,0.45,0.1,50,0.03,0,0.77,0.48,0.19000000000000003,0.0
5814,small_world,degree,5866368,100,300,0.03,3,0.45,0.1,50,0.07,4,0.66,0.205,0.0,0.0
5815,small_world,degree,5867377,100,300,0.03,3,0.45,0.1,50,0.03,0,0.735,0.41,0.05999999999999999,0.0
5816,small_world,degree,5868386,100,300,0.03,3,0.45,0.1,50,0.03,0,0.725,0.425,0.16,0.0
5817,small_world,degree,5869395,100,300,0.03,3,0.45,0.1,50,0.03,0,0.705,0.395,0.11,0.0
5818,small_world,degree,5870404,100,300,0.03,3,0.45,0.1,50,0.03,0,0.715,0.375,0.145,0.0
5819,small_world,degree,5871413,100,300,0.03,3,0.45,0.1,50,0.03,0,0.7750000000000004,0.5500000000000007,0.15000000000000013,0.0
5820,small_world,degree,5872422,100,300,0.03,3,0.45,0.1,50,0.03,0,0.765,0.405,0.06499999999999999,0.0
5821,small_world,degree,5873431,100,300,0.03,3,0.45,0.1,50,0.03,0,0.7200000000000003,0.3100000000000002,0.030000000000000016,0.0
5822,small_world,degree,5874440,100,300,0.03,3,0.45,0.1,50,0.03,0,0.6699999999999997,0.24500000000000005,0.02,0.0
5823,small_world,degree,5875449,100,300,0.03,3,0.45,0.1,50,0.11,4,0.71,0.4,0.13499999999999998,0.0
5824,small_world,degree,5876458,100,300,0.03,3,0.45,0.1,50,0.04,1,0.7,0.355,0.075,0.0
5825,small_world,degree,5877467,100,300,0.03,3,0.45,0.1,50,0.03,0,0.7349999999999999,0.4250000000000003,0.1450000000000001,0.0
5826,small_world,degree,5878476,100,300,0.03,3,0.45,0.1,50,0.03,0,0.715,0.38,0.03499999999999999,0.0
5827,small_world,degree,5879485,100,300,0.03,3,0.45,0.1,50,0.03,0,0.765,0.475,0.035,0.0
5828,small_world,degree,5880494,100,300,0.03,3,0.45,0.1,50,0.07,4,0.685,0.315,0.02,0.0
5829,small_world,degree,5881503,100,300,0.03,3,0.45,0.1,50,0.04,1,0.6699999999999998,0.30999999999999994,0.13,0.0
5830,small_world,degree,5882512,100,300,0.03,3,0.45,0.1,50,0.04,1,0.685,0.37,0.07999999999999999,0.0
5831,small_world,degree,5883521,100,300,0.03,3,0.45,0.1,50,0.03,0,0.66,0.19999999999999998,0.009999999999999997,0.0
5832,small_world,degree,5884530,100,300,0.03,3,0.45,0.1,50,0.03,0,0.7433333333333334,0.3466666666666667,0.05333333333333333,0.0
5833,small_world,degree,5885539,100,300,0.03,3,0.45,0.1,50,0.07,3,0.765,0.4900000000000002,0.16500000000000015,0.0
5834,small_world,degree,5886548,100,300,0.03,3,0.45,0.1,50,0.03,0,0.685,0.235,0.0,0.0
5835,small_world,degree,5887557,100,300,0.03,3,0.45,0.1,50,0.03,0,0.7266666666666666,0.3933333333333332,0.0633333333333333,0.0
5836,small_world,degree,5888566,100,300,0.03,3,0.45,0.1,50,0.04,1,0.72,0.365,0.010000000000000002,0.0
5837,small_world,degree,5889575,100,300,0.03,3,0.45,0.1,50,0.03,0,0.755,0.42,0.2,0.0
5838,small_world,degree,5890584,100,300,0.03,3,0.45,0.1,50,0.07,3,0.73,0.35666666666666647,0.0633333333333333,0.0
5839,small_world,degree,5891593,100,300,0.03,3,0.45,0.1,50,0.03,0,0.765,0.485,0.21,0.0
5840,small_world,degree,5892602,100,300,0.03,3,0.45,0.1,50,0.03,0,0.74,0.355,0.03,0.0
5841,small_world,degree,5893611,100,300,0.03,3,0.45,0.1,50,0.03,0,0.735,0.375,0.05,0.0
5842,small_world,degree,5894620,100,300,0.03,3,0.45,0.1,50,0.03,0,0.715,0.33,0.05,0.0
5843,small_world,degree,5895629,100,300,0.03,3,0.45,0.1,50,0.03,0,0.77,0.445,0.08999999999999998,0.0
5844,small_world,degree,5896638,100,300,0.03,3,0.45,0.1,50,0.03,0,0.7600000000000002,0.49000000000000044,0.2500000000000001,0.0
5845,small_world,degree,5897647,100,300,0.03,3,0.45,0.1,50,0.1,4,0.72,0.4049999999999999,0.03499999999999999,0.0
5846,small_world,degree,5898656,100,300,0.03,3,0.45,0.1,50,0.11,6,0.7899999999999999,0.5850000000000002,0.2800000000000001,0.0
5847,small_world,degree,5899665,100,300,0.03,3,0.45,0.1,50,0.03,0,0.735,0.44,0.08,0.0
5848,small_world,degree,5900674,100,300,0.03,3,0.45,0.1,50,0.03,0,0.7633333333333334,0.5433333333333334,0.1633333333333332,0.0
5849,small_world,degree,5901683,100,300,0.03,3,0.45,0.1,50,0.03,0,0.7,0.3200000000000004,0.07500000000000007,0.0
5850,small_world,degree,5902692,100,300,0.03,3,0.45,0.1,50,0.03,0,0.6800000000000002,0.21000000000000024,0.05000000000000004,0.0
5851,small_world,degree,5903701,100,300,0.03,3,0.45,0.1,50,0.03,0,0.78,0.46,0.2,0.0
5852,small_world,degree,5904710,100,300,0.03,3,0.45,0.1,50,0.09,5,0.725,0.4,0.11,0.0
5853,small_world,degree,5905719,100,300,0.03,3,0.45,0.1,50,0.1,6,0.68,0.26000000000000006,0.04000000000000001,0.0
5854,small_world,degree,5906728,100,300,0.03,3,0.45,0.1,50,0.03,0,0.7299999999999999,0.36,0.075,0.0
5855,small_world,degree,5907737,100,300,0.03,3,0.45,0.1,50,0.03,0,0.7000000000000003,0.3200000000000001,0.04000000000000001,0.0
5856,small_world,degree,5908746,100,300,0.03,3,0.45,0.1,50,0.03,0,0.775,0.465,0.095,0.0
5857,small_world,degree,5909755,100,300,0.03,3,0.45,0.1,50,0.03,0,0.745,0.425,0.16999999999999996,0.0
5858,small_world,degree,5910764,100,300,0.03,3,0.45,0.1,50,0.03,0,0.7099999999999999,0.35000000000000026,0.07500000000000004,0.0
5859,small_world,degree,5911773,100,300,0.03,3,0.45,0.1,50,0.09,4,0.72,0.425,0.095,0.0
5860,small_world,degree,5912782,100,300,0.03,3,0.45,0.1,50,0.03,0,0.725,0.39,0.095,0.0
5861,small_world,degree,5913791,100,300,0.03,3,0.45,0.1,50,0.04,1,0.7449999999999999,0.4250000000000005,0.1550000000000002,0.0
5862,small_world,degree,5914800,100,300,0.03,3,0.45,0.1,50,0.03,0,0.7133333333333332,0.3166666666666665,0.07333333333333329,0.0
5863,small_world,degree,5915809,100,300,0.03,3,0.45,0.1,50,0.03,0,0.7000000000000003,0.33500000000000024,0.10500000000000004,0.0
5864,small_world,degree,5916818,100,300,0.03,3,0.45,0.1,50,0.03,0,0.76,0.39,0.06,0.0
5865,small_world,degree,5917827,100,300,0.03,3,0.45,0.1,50,0.03,0,0.74,0.46,0.12999999999999998,0.0
5866,small_world,degree,5918836,100,300,0.03,3,0.45,0.1,50,0.03,0,0.6700000000000002,0.25500000000000034,0.06000000000000006,0.0
5867,small_world,degree,5919845,100,300,0.03,3,0.45,0.1,50,0.03,0,0.74,0.42,0.1,0.0
5868,small_world,degree,5920854,100,300,0.03,3,0.45,0.1,50,0.03,0,0.6899999999999996,0.2650000000000002,0.05500000000000002,0.0
5869,small_world,degree,5921863,100,300,0.03,3,0.45,0.1,50,0.03,0,0.7499999999999999,0.3500000000000003,0.04000000000000001,0.0
5870,small_world,degree,5922872,100,300,0.03,3,0.45,0.1,50,0.03,0,0.7,0.305,0.05499999999999999,0.0
5871,small_world,degree,5923881,100,300,0.03,3,0.45,0.1,50,0.03,0,0.74,0.385,0.10999999999999999,0.0
5872,small_world,degree,5924890,100,300,0.03,3,0.45,0.1,50,0.03,0,0.7199999999999999,0.42000000000000026,0.09999999999999998,0.0
5873,small_world,degree,5925899,100,300,0.03,3,0.45,0.1,50,0.03,0,0.765,0.405,0.07999999999999999,0.0
5874,small_world,degree,5926908,100,300,0.03,3,0.45,0.1,50,0.03,0,0.71,0.355,0.09499999999999999,0.0
5875,small_world,degree,5927917,100,300,0.03,3,0.45,0.1,50,0.03,0,0.765,0.5,0.2,0.0
5876,small_world,degree,5928926,100,300,0.03,3,0.45,0.1,50,0.03,0,0.7200000000000001,0.4000000000000005,0.10500000000000012,0.0
5877,small_world,degree,5929935,100,300,0.03,3,0.45,0.1,50,0.04,1,0.7,0.275,0.025,0.0
5878,small_world,degree,5930944,100,300,0.03,3,0.45,0.1,50,0.06,2,0.745,0.39,0.025,0.0
5879,small_world,degree,5931953,100,300,0.03,3,0.45,0.1,50,0.03,0,0.76,0.465,0.105,0.0
5880,small_world,degree,5932962,100,300,0.03,3,0.45,0.1,50,0.03,0,0.7733333333333333,0.38000000000000006,0.05333333333333334,0.0
5881,small_world,degree,5933971,100,300,0.03,3,0.45,0.1,50,0.03,0,0.715,0.315,0.09999999999999999,0.0
5882,small_world,degree,5934980,100,300,0.03,3,0.45,0.1,50,0.03,0,0.7749999999999998,0.4100000000000002,0.08,0.0
5883,small_world,degree,5935989,100,300,0.03,3,0.45,0.1,50,0.06,1,0.675,0.375,0.12,0.0
5884,small_world,degree,5936998,100,300,0.03,3,0.45,0.1,50,0.03,0,0.75,0.485,0.14,0.0
5885,small_world,degree,5938007,100,300,0.03,3,0.45,0.1,50,0.03,0,0.7,0.3349999999999999,0.10499999999999998,0.0
5886,small_world,degree,5939016,100,300,0.03,3,0.45,0.1,50,0.03,0,0.7399999999999994,0.38000000000000017,0.08500000000000002,0.0
5887,small_world,degree,5940025,100,300,0.03,3,0.45,0.1,50,0.03,0,0.6949999999999998,0.2950000000000001,0.030000000000000002,0.0
5888,small_world,degree,5941034,100,300,0.03,3,0.45,0.1,50,0.03,0,0.69,0.36,0.08499999999999998,0.0
5889,small_world,degree,5942043,100,300,0.03,3,0.45,0.1,50,0.1,4,0.6699999999999997,0.24000000000000024,0.0,0.0
5890,small_world,degree,5943052,100,300,0.03,3,0.45,0.1,50,0.03,0,0.8,0.48,0.11,0.0
5891,small_world,degree,5944061,100,300,0.03,3,0.45,0.1,50,0.03,0,0.6899999999999997,0.2800000000000002,0.030000000000000016,0.0
5892,small_world,degree,5945070,100,300,0.03,3,0.45,0.1,50,0.03,0,0.7100000000000001,0.3800000000000001,0.10000000000000002,0.0
5893,small_world,degree,5946079,100,300,0.03,3,0.45,0.1,50,0.03,0,0.6899999999999998,0.2600000000000003,0.02000000000000001,0.0
5894,small_world,degree,5947088,100,300,0.03,3,0.45,0.1,50,0.04,1,0.7299999999999999,0.5000000000000007,0.25000000000000017,0.0
5895,small_world,degree,5948097,100,300,0.03,3,0.45,0.1,50,0.03,0,0.74,0.5,0.245,0.0
5896,small_world,degree,5949106,100,300,0.03,3,0.45,0.1,50,0.03,0,0.775,0.49,0.22499999999999998,0.0
5897,small_world,degree,5950115,100,300,0.03,3,0.45,0.1,50,0.03,0,0.78,0.445,0.185,0.0
5898,small_world,degree,5951124,100,300,0.03,3,0.45,0.1,50,0.03,0,0.7599999999999999,0.5100000000000001,0.20000000000000007,0.0
5899,small_world,degree,5952133,100,300,0.03,3,0.45,0.1,50,0.03,0,0.705,0.305,0.005000000000000001,0.0
5900,small_world,degree,5953142,100,300,0.03,3,0.45,0.1,50,0.12,5,0.76,0.44,0.13,0.0
5901,small_world,degree,5954151,100,300,0.03,3,0.45,0.1,50,0.03,0,0.725,0.355,0.105,0.0
5902,small_world,degree,5955160,100,300,0.03,3,0.45,0.1,50,0.03,0,0.715,0.26,0.009999999999999998,0.0
5903,small_world,degree,5956169,100,300,0.03,3,0.45,0.1,50,0.12,6,0.67,0.23666666666666666,0.006666666666666666,0.0
5904,small_world,degree,5957178,100,300,0.03,3,0.45,0.1,50,0.03,0,0.76,0.395,0.105,0.0
5905,small_world,degree,5958187,100,300,0.03,3,0.45,0.1,50,0.03,0,0.7800000000000001,0.53,0.26,0.0
5906,small_world,degree,5959196,100,300,0.03,3,0.45,0.1,50,0.04,1,0.6899999999999998,0.37500000000000006,0.09000000000000001,0.0
5907,small_world,degree,5960205,100,300,0.03,3,0.45,0.1,50,0.04,1,0.82,0.585,0.34,0.0
5908,small_world,degree,5961214,100,300,0.03,3,0.45,0.1,50,0.03,0,0.75,0.385,0.115,0.0
5909,small_world,degree,5962223,100,300,0.03,3,0.45,0.1,50,0.03,0,0.61,0.14,0.009999999999999997,0.0
5910,small_world,degree,5963232,100,300,0.03,3,0.45,0.1,50,0.07,4,0.7850000000000001,0.5050000000000003,0.21000000000000005,0.0
5911,small_world,degree,5964241,100,300,0.03,3,0.45,0.1,50,0.03,0,0.725,0.385,0.13,0.0
5912,small_world,degree,5965250,100,300,0.03,3,0.45,0.1,50,0.03,0,0.765,0.4049999999999999,0.075,0.0
5913,small_world,degree,5966259,100,300,0.03,3,0.45,0.1,50,0.03,0,0.715,0.375,0.055,0.0
5914,small_world,degree,5967268,100,300,0.03,3,0.45,0.1,50,0.03,0,0.77,0.4033333333333332,0.12666666666666662,0.0
5915,small_world,degree,5968277,100,300,0.03,3,0.45,0.1,50,0.03,0,0.725,0.305,0.065,0.0
5916,small_world,degree,5969286,100,300,0.03,3,0.45,0.1,50,0.03,0,0.745,0.46,0.235,0.0
5917,small_world,degree,5970295,100,300,0.03,3,0.45,0.1,50,0.03,0,0.745,0.3950000000000001,0.145,0.0
5918,small_world,degree,5971304,100,300,0.03,3,0.45,0.1,50,0.04,1,0.71,0.325,0.03499999999999999,0.0
5919,small_world,degree,5972313,100,300,0.03,3,0.45,0.1,50,0.03,0,0.72,0.46499999999999997,0.25000000000000006,0.0
5920,small_world,degree,5973322,100,300,0.03,3,0.45,0.1,50,0.04,1,0.6833333333333337,0.2733333333333334,0.03666666666666668,0.0
5921,small_world,degree,5974331,100,300,0.03,3,0.45,0.1,50,0.03,0,0.72,0.34,0.09999999999999998,0.0
5922,small_world,degree,5975340,100,300,0.03,3,0.45,0.1,50,0.07,3,0.73,0.43,0.075,0.0
5923,small_world,degree,5976349,100,300,0.03,3,0.45,0.1,50,0.03,0,0.745,0.4549999999999999,0.17999999999999997,0.0
5924,small_world,degree,5977358,100,300,0.03,3,0.45,0.1,50,0.03,0,0.7133333333333335,0.4466666666666668,0.13333333333333325,0.0
5925,small_world,degree,5978367,100,300,0.03,3,0.45,0.1,50,0.07,2,0.7500000000000001,0.4500000000000003,0.18000000000000008,0.0
5926,small_world,degree,5979376,100,300,0.03,3,0.45,0.1,50,0.04,1,0.765,0.495,0.23,0.0
5927,small_world,degree,5980385,100,300,0.03,3,0.45,0.1,50,0.03,0,0.665,0.3,0.019999999999999997,0.0
5928,small_world,degree,5981394,100,300,0.03,3,0.45,0.1,50,0.03,0,0.725,0.42499999999999993,0.08999999999999998,0.0
5929,small_world,degree,5982403,100,300,0.03,3,0.45,0.1,50,0.03,0,0.745,0.415,0.125,0.0
5930,small_world,degree,5983412,100,300,0.03,3,0.45,0.1,50,0.03,0,0.7366666666666668,0.40666666666666673,0.09666666666666669,0.0
5931,small_world,degree,5984421,100,300,0.03,3,0.45,0.1,50,0.03,0,0.675,0.245,0.0,0.0
5932,small_world,degree,5985430,100,300,0.03,3,0.45,0.1,50,0.04,1,0.69,0.295,0.085,0.0
5933,small_world,degree,5986439,100,300,0.03,3,0.45,0.1,50,0.03,0,0.705,0.3,0.04,0.0
5934,small_world,degree,5987448,100,300,0.03,3,0.45,0.1,50,0.03,0,0.755,0.35,0.03,0.0
5935,small_world,degree,5988457,100,300,0.03,3,0.45,0.1,50,0.03,0,0.76,0.485,0.23499999999999996,0.0
5936,small_world,degree,5989466,100,300,0.03,3,0.45,0.1,50,0.04,1,0.795,0.51,0.08999999999999998,0.0
5937,small_world,degree,5990475,100,300,0.03,3,0.45,0.1,50,0.04,1,0.77,0.48,0.125,0.0
5938,small_world,degree,5991484,100,300,0.03,3,0.45,0.1,50,0.03,0,0.7199999999999999,0.395,0.12,0.0
5939,small_world,degree,5992493,100,300,0.03,3,0.45,0.1,50,0.03,0,0.735,0.43,0.165,0.0
5940,small_world,degree,5993502,100,300,0.03,3,0.45,0.1,50,0.03,0,0.77,0.4649999999999999,0.25,0.0
5941,small_world,degree,5994511,100,300,0.03,3,0.45,0.1,50,0.03,0,0.7466666666666668,0.4933333333333337,0.13999999999999999,0.0
5942,small_world,degree,5995520,100,300,0.03,3,0.45,0.1,50,0.03,0,0.725,0.345,0.065,0.0
5943,small_world,degree,5996529,100,300,0.03,3,0.45,0.1,50,0.03,0,0.715,0.36,0.07,0.0
5944,small_world,degree,5997538,100,300,0.03,3,0.45,0.1,50,0.03,0,0.6849999999999997,0.3450000000000004,0.06500000000000007,0.0
5945,small_world,degree,5998547,100,300,0.03,3,0.45,0.1,50,0.03,0,0.66,0.21999999999999997,0.009999999999999997,0.0
5946,small_world,degree,5999556,100,300,0.03,3,0.45,0.1,50,0.03,0,0.76,0.385,0.105,0.0
5947,small_world,degree,6000565,100,300,0.03,3,0.45,0.1,50,0.09,4,0.77,0.47,0.19,0.0
5948,small_world,degree,6001574,100,300,0.03,3,0.45,0.1,50,0.03,0,0.7099999999999996,0.1500000000000001,0.0,0.0
5949,small_world,degree,6002583,100,300,0.03,3,0.45,0.1,50,0.03,0,0.7249999999999999,0.31500000000000017,0.07500000000000004,0.0
5950,small_world,degree,6003592,100,300,0.03,3,0.45,0.1,50,0.03,0,0.71,0.275,0.019999999999999997,0.0
5951,small_world,degree,6004601,100,300,0.03,3,0.45,0.1,50,0.03,0,0.765,0.375,0.075,0.0
5952,small_world,degree,6005610,100,300,0.03,3,0.45,0.1,50,0.03,0,0.73,0.375,0.09499999999999999,0.0
5953,small_world,degree,6006619,100,300,0.03,3,0.45,0.1,50,0.08,4,0.7999999999999999,0.63,0.35,0.0
5954,small_world,degree,6007628,100,300,0.03,3,0.45,0.1,50,0.03,0,0.735,0.41,0.09,0.0
5955,small_world,degree,6008637,100,300,0.03,3,0.45,0.1,50,0.03,0,0.7600000000000003,0.40000000000000047,0.05000000000000003,0.0
5956,small_world,degree,6009646,100,300,0.03,3,0.45,0.1,50,0.03,0,0.72,0.365,0.07,0.0
5957,small_world,degree,6010655,100,300,0.03,3,0.45,0.1,50,0.03,0,0.765,0.42,0.06,0.0
5958,small_world,degree,6011664,100,300,0.03,3,0.45,0.1,50,0.03,0,0.71,0.3750000000000001,0.10500000000000007,0.0
5959,small_world,degree,6012673,100,300,0.03,3,0.45,0.1,50,0.04,1,0.73,0.38,0.029999999999999992,0.0
5960,small_world,degree,6013682,100,300,0.03,3,0.45,0.1,50,0.04,1,0.745,0.385,0.07,0.0
5961,small_world,degree,6014691,100,300,0.03,3,0.45,0.1,50,0.1,4,0.72,0.33,0.06999999999999999,0.0
5962,small_world,degree,6015700,100,300,0.03,3,0.45,0.1,50,0.03,0,0.7449999999999999,0.395,0.075,0.0
5963,small_world,degree,6016709,100,300,0.03,3,0.45,0.1,50,0.09,3,0.7399999999999999,0.3450000000000003,0.05000000000000003,0.0
5964,small_world,degree,6017718,100,300,0.03,3,0.45,0.1,50,0.03,0,0.695,0.36499999999999994,0.08,0.0
5965,small_world,degree,6018727,100,300,0.03,3,0.45,0.1,50,0.03,0,0.6550000000000007,0.17000000000000012,0.040000000000000036,0.0
5966,small_world,degree,6019736,100,300,0.03,3,0.45,0.1,50,0.03,0,0.62,0.32,0.03999999999999999,0.0
5967,small_world,degree,6020745,100,300,0.03,3,0.45,0.1,50,0.04,1,0.72,0.37,0.11999999999999998,0.0
5968,small_world,degree,6021754,100,300,0.03,3,0.45,0.1,50,0.06,2,0.74,0.3700000000000001,0.060000000000000005,0.0
5969,small_world,degree,6022763,100,300,0.03,3,0.45,0.1,50,0.03,0,0.69,0.335,0.025,0.0
5970,small_world,degree,6023772,100,300,0.03,3,0.45,0.1,50,0.03,0,0.73,0.39,0.145,0.0
5971,small_world,degree,6024781,100,300,0.03,3,0.45,0.1,50,0.03,0,0.7200000000000001,0.2899999999999998,0.10333333333333329,0.0
5972,small_world,degree,6025790,100,300,0.03,3,0.45,0.1,50,0.03,0,0.7,0.38,0.07,0.0
5973,small_world,degree,6026799,100,300,0.03,3,0.45,0.1,50,0.03,0,0.6800000000000002,0.2,0.015000000000000003,0.0
5974,small_world,degree,6027808,100,300,0.03,3,0.45,0.1,50,0.08,4,0.775,0.4400000000000004,0.13500000000000004,0.0
5975,small_world,degree,6028817,100,300,0.03,3,0.45,0.1,50,0.03,0,0.775,0.465,0.155,0.0
5976,small_world,degree,6029826,100,300,0.03,3,0.45,0.1,50,0.03,0,0.705,0.39,0.04499999999999999,0.0
5977,small_world,degree,6030835,100,300,0.03,3,0.45,0.1,50,0.03,0,0.6900000000000002,0.3100000000000002,0.0,0.0
5978,small_world,degree,6031844,100,300,0.03,3,0.45,0.1,50,0.03,0,0.71,0.38,0.16,0.0
5979,small_world,degree,6032853,100,300,0.03,3,0.45,0.1,50,0.03,0,0.7450000000000001,0.41000000000000003,0.07500000000000001,0.0
5980,small_world,degree,6033862,100,300,0.03,3,0.45,0.1,50,0.08,4,0.745,0.5,0.26,0.0
5981,small_world,degree,6034871,100,300,0.03,3,0.45,0.1,50,0.16,10,0.6699999999999998,0.19999999999999993,0.009999999999999993,0.0
5982,small_world,degree,6035880,100,300,0.03,3,0.45,0.1,50,0.03,0,0.685,0.285,0.045,0.0
5983,small_world,degree,6036889,100,300,0.03,3,0.45,0.1,50,0.03,0,0.69,0.27,0.005000000000000001,0.0
5984,small_world,degree,6037898,100,300,0.03,3,0.45,0.1,50,0.14,5,0.725,0.38,0.125,0.0
5985,small_world,degree,6038907,100,300,0.03,3,0.45,0.1,50,0.03,0,0.7350000000000001,0.37500000000000006,0.14500000000000002,0.0
5986,small_world,degree,6039916,100,300,0.03,3,0.45,0.1,50,0.04,1,0.7200000000000001,0.47000000000000014,0.20000000000000004,0.0
5987,small_world,degree,6040925,100,300,0.03,3,0.45,0.1,50,0.03,0,0.7050000000000002,0.34500000000000025,0.05000000000000002,0.0
5988,small_world,degree,6041934,100,300,0.03,3,0.45,0.1,50,0.06,2,0.71,0.455,0.195,0.0
5989,small_world,degree,6042943,100,300,0.03,3,0.45,0.1,50,0.07,4,0.8049999999999999,0.6450000000000002,0.4200000000000005,0.0
5990,small_world,degree,6043952,100,300,0.03,3,0.45,0.1,50,0.03,0,0.6999999999999998,0.3950000000000003,0.06500000000000003,0.0
5991,small_world,degree,6044961,100,300,0.03,3,0.45,0.1,50,0.03,0,0.7133333333333335,0.3099999999999998,0.023333333333333327,0.0
5992,small_world,degree,6045970,100,300,0.03,3,0.45,0.1,50,0.04,1,0.72,0.36,0.06999999999999999,0.0
5993,small_world,degree,6046979,100,300,0.03,3,0.45,0.1,50,0.03,0,0.72,0.33000000000000007,0.046666666666666676,0.0
5994,small_world,degree,6047988,100,300,0.03,3,0.45,0.1,50,0.07,3,0.75,0.43,0.09999999999999998,0.0
5995,small_world,degree,6048997,100,300,0.03,3,0.45,0.1,50,0.03,0,0.7099999999999996,0.2650000000000003,0.0,0.0
5996,small_world,degree,6050006,100,300,0.03,3,0.45,0.1,50,0.03,0,0.7149999999999999,0.43499999999999994,0.14000000000000007,0.0
5997,small_world,degree,6051015,100,300,0.03,3,0.45,0.1,50,0.03,0,0.71,0.3600000000000004,0.030000000000000016,0.0
5998,small_world,degree,6052024,100,300,0.03,3,0.45,0.1,50,0.03,0,0.74,0.39,0.06499999999999999,0.0
5999,small_world,degree,6053033,100,300,0.03,3,0.45,0.1,50,0.03,0,0.705,0.30000000000000016,0.055000000000000014,0.0
6000,small_world,degree,6054042,100,300,0.03,3,0.45,0.1,50,0.03,0,0.695,0.3,0.03,0.0
6001,random,inv_degree,6055051,100,249,0.03,3,0.45,0.1,50,0.07,1,0.7256857855361595,0.19576059850374056,0.0,0.0
6002,random,inv_degree,6056060,100,237,0.03,3,0.45,0.1,50,0.05,1,0.7300275482093663,0.19972451790633608,0.03305785123966942,0.03305785123966942
6003,random,inv_degree,6057069,100,253,0.03,3,0.45,0.1,50,0.04,1,0.7272727272727273,0.28282828282828276,0.03535353535353534,0.018518518518518507
6004,random,inv_degree,6058078,100,290,0.03,3,0.45,0.1,50,0.05,1,0.6967741935483872,0.10483870967741939,0.0,0.0
6005,random,inv_degree,6059087,100,266,0.03,3,0.45,0.1,50,0.05,1,0.6601796407185628,0.16766467065868265,0.0344311377245509,0.01796407185628742
6006,random,inv_degree,6060096,100,249,0.03,3,0.45,0.1,50,0.07,1,0.6972111553784862,0.16533864541832682,0.0,0.0
6007,random,inv_degree,6061105,100,242,0.03,3,0.45,0.1,50,0.05,1,0.7305194805194807,0.19480519480519481,0.0340909090909091,0.017857142857142856
6008,random,inv_degree,6062114,100,263,0.03,3,0.45,0.1,50,0.06,1,0.7212543554006968,0.15679442508710795,0.019163763066202082,0.019163763066202082
6009,random,inv_degree,6063123,100,257,0.03,3,0.45,0.1,50,0.06,1,0.7405247813411076,0.22740524781341104,0.03498542274052477,0.03498542274052477
6010,random,inv_degree,6064132,100,247,0.03,3,0.45,0.1,50,0.05,1,0.7755775577557753,0.20957095709570955,0.018151815181518146,0.018151815181518146
6011,random,inv_degree,6065141,100,273,0.03,3,0.45,0.1,50,0.05,2,0.7599118942731278,0.22907488986784147,0.0,0.0
6012,random,inv_degree,6066150,100,248,0.03,3,0.45,0.1,50,0.04,1,0.7599206349206352,0.2460317460317461,0.0,0.0
6013,random,inv_degree,6067159,100,262,0.03,3,0.45,0.1,50,0.06,1,0.6927083333333334,0.20486111111111102,0.01909722222222221,0.01909722222222221
6014,random,inv_degree,6068168,100,223,0.03,3,0.45,0.1,50,0.08,1,0.6671087533156498,0.1989389920424404,0.029177718832891265,0.0
6015,random,inv_degree,6069177,100,260,0.03,3,0.45,0.1,50,0.05,1,0.705128205128205,0.16538461538461527,0.0,0.0
6016,random,inv_degree,6070186,100,237,0.03,3,0.45,0.1,50,0.06,1,0.7380191693290735,0.2827476038338658,0.049520766773162944,0.017571884984025555
6017,random,inv_degree,6071195,100,223,0.03,3,0.45,0.1,50,0.08,3,0.7039711191335738,0.2310469314079423,0.016245487364620947,0.0
6018,random,inv_degree,6072204,100,257,0.03,3,0.45,0.1,50,0.06,2,0.6860068259385664,0.15870307167235492,0.0,0.0
6019,random,inv_degree,6073213,100,281,0.03,3,0.45,0.1,50,0.04,1,0.7286245353159851,0.27695167286245354,0.018587360594795543,0.0
6020,random,inv_degree,6074222,100,261,0.03,3,0.45,0.1,50,0.07,2,0.6285347043701802,0.13110539845758357,0.05012853470437019,0.05012853470437019
6021,random,inv_degree,6075231,100,267,0.03,3,0.45,0.1,50,0.04,1,0.7057057057057053,0.18468468468468463,0.018018018018018014,0.018018018018018014
6022,random,inv_degree,6076240,100,246,0.03,3,0.45,0.1,50,0.08,2,0.6973684210526315,0.23190789473684206,0.06578947368421052,0.0
6023,random,inv_degree,6077249,100,269,0.03,3,0.45,0.1,50,0.05,1,0.6706036745406825,0.10104986876640418,0.0,0.0
6024,random,inv_degree,6078258,100,243,0.03,3,0.45,0.1,50,0.04,1,0.726890756302521,0.18207282913165265,0.03361344537815126,0.03361344537815126
6025,random,inv_degree,6079267,100,262,0.03,3,0.45,0.1,50,0.05,1,0.6857638888888891,0.1493055555555555,0.0,0.0
6026,random,inv_degree,6080276,100,255,0.03,3,0.45,0.1,50,0.03,0,0.7734693877551019,0.32244897959183666,0.03673469387755102,0.02040816326530612
6027,random,inv_degree,6081285,100,275,0.03,3,0.45,0.1,50,0.07,2,0.6890909090909089,0.23272727272727264,0.05636363636363634,0.019999999999999983
6028,random,inv_degree,6082294,100,213,0.03,3,0.45,0.1,50,0.04,1,0.7369337979094075,0.3501742160278745,0.03484320557491288,0.03484320557491288
6029,random,inv_degree,6083303,100,248,0.03,3,0.45,0.1,50,0.07,2,0.7222222222222222,0.23412698412698413,0.01984126984126984,0.01984126984126984
6030,random,inv_degree,6084312,100,274,0.03,3,0.45,0.1,50,0.07,2,0.6073619631901841,0.09202453987730062,0.0,0.0
6031,random,inv_degree,6085321,100,285,0.03,3,0.45,0.1,50,0.06,2,0.6890410958904113,0.18767123287671242,0.017808219178082202,0.017808219178082202
6032,random,inv_degree,6086330,100,270,0.03,3,0.45,0.1,50,0.04,1,0.7875000000000002,0.28928571428571426,0.05714285714285713,0.039285714285714264
6033,random,inv_degree,6087339,100,250,0.03,3,0.45,0.1,50,0.05,1,0.7366666666666668,0.2683333333333333,0.05333333333333332,0.03666666666666665
6034,random,inv_degree,6088348,100,252,0.03,3,0.45,0.1,50,0.05,2,0.7025862068965518,0.21120689655172417,0.01724137931034483,0.01724137931034483
6035,random,inv_degree,6089357,100,268,0.03,3,0.45,0.1,50,0.07,2,0.6631205673758861,0.07624113475177302,0.0,0.0
6036,random,inv_degree,6090366,100,236,0.03,3,0.45,0.1,50,0.07,1,0.7340764331210191,0.24203821656050956,0.0159235668789809,0.0
6037,random,inv_degree,6091375,100,237,0.03,3,0.45,0.1,50,0.06,1,0.6828087167070221,0.18038740920096852,0.030266343825665863,0.015738498789346248
6038,random,inv_degree,6092384,100,262,0.03,3,0.45,0.1,50,0.05,1,0.7725694444444449,0.33333333333333337,0.03298611111111111,0.0
6039,random,inv_degree,6093393,100,245,0.03,3,0.45,0.1,50,0.04,1,0.7843137254901958,0.3176470588235295,0.017647058823529422,0.0
6040,random,inv_degree,6094402,100,242,0.03,3,0.45,0.1,50,0.07,1,0.6542207792207791,0.22564935064935068,0.04870129870129871,0.03246753246753247
6041,random,inv_degree,6095411,100,249,0.03,3,0.45,0.1,50,0.03,0,0.7319201995012466,0.2493765586034912,0.04364089775561096,0.0
6042,random,inv_degree,6096420,100,237,0.03,3,0.45,0.1,50,0.07,2,0.697718631178707,0.18821292775665396,0.017110266159695825,0.0
6043,random,inv_degree,6097429,100,223,0.03,3,0.45,0.1,50,0.08,5,0.7158590308370045,0.25110132158590304,0.05947136563876649,0.05947136563876649
6044,random,inv_degree,6098438,100,252,0.03,3,0.45,0.1,50,0.07,2,0.6465517241379313,0.132183908045977,0.03448275862068966,0.03448275862068966
6045,random,inv_degree,6099447,100,272,0.03,3,0.45,0.1,50,0.05,1,0.7346491228070176,0.2017543859649124,0.0,0.0
6046,random,inv_degree,6100456,100,242,0.03,3,0.45,0.1,50,0.06,1,0.7151162790697678,0.16472868217054265,0.019379844961240313,0.019379844961240313
6047,random,inv_degree,6101465,100,258,0.03,3,0.45,0.1,50,0.09,2,0.66812865497076,0.21783625730994147,0.04970760233918128,0.0175438596491228
6048,random,inv_degree,6102474,100,239,0.03,3,0.45,0.1,50,0.04,1,0.7368421052631579,0.21606648199445996,0.016620498614958453,0.016620498614958453
6049,random,inv_degree,6103483,100,253,0.03,3,0.45,0.1,50,0.05,1,0.6586901763224181,0.16876574307304776,0.015113350125944584,0.0
6050,random,inv_degree,6104492,100,235,0.03,3,0.45,0.1,50,0.04,1,0.7716981132075472,0.21698113207547168,0.0,0.0
6051,random,inv_degree,6105501,100,255,0.03,3,0.45,0.1,50,0.06,1,0.7043478260869568,0.1652173913043478,0.03333333333333334,0.017391304347826087
6052,random,inv_degree,6106510,100,234,0.03,3,0.45,0.1,50,0.08,2,0.7274436090225562,0.18796992481203006,0.037593984962406006,0.037593984962406006
6053,random,inv_degree,6107519,100,271,0.03,3,0.45,0.1,50,0.05,1,0.7681564245810056,0.2932960893854748,0.0223463687150838,0.0
6054,random,inv_degree,6108528,100,255,0.03,3,0.45,0.1,50,0.07,2,0.6918367346938779,0.22244897959183674,0.0,0.0
6055,random,inv_degree,6109537,100,264,0.03,3,0.45,0.1,50,0.03,0,0.7425595238095238,0.19494047619047625,0.014880952380952384,0.0
6056,random,inv_degree,6110546,100,252,0.03,3,0.45,0.1,50,0.04,1,0.7054597701149423,0.23563218390804583,0.015804597701149427,0.0
6057,random,inv_degree,6111555,100,246,0.03,3,0.45,0.1,50,0.03,0,0.7319078947368418,0.17105263157894735,0.034539473684210516,0.018092105263157885
6058,random,inv_degree,6112564,100,235,0.03,3,0.45,0.1,50,0.06,1,0.6794520547945205,0.17808219178082196,0.0,0.0
6059,random,inv_degree,6113573,100,246,0.03,3,0.45,0.1,50,0.06,1,0.6957236842105264,0.17763157894736836,0.0,0.0
6060,random,inv_degree,6114582,100,247,0.03,3,0.45,0.1,50,0.06,1,0.7178217821782178,0.22937293729372926,0.0,0.0
6061,random,inv_degree,6115591,100,260,0.03,3,0.45,0.1,50,0.06,2,0.7416666666666664,0.2374999999999999,0.056250000000000015,0.0
6062,random,inv_degree,6116600,100,233,0.03,3,0.45,0.1,50,0.05,1,0.722397476340694,0.20662460567823343,0.0,0.0
6063,random,inv_degree,6117609,100,233,0.03,3,0.45,0.1,50,0.05,2,0.6987381703470033,0.18611987381703465,0.0,0.0
6064,random,inv_degree,6118618,100,225,0.03,3,0.45,0.1,50,0.09,2,0.6971428571428571,0.2828571428571428,0.04285714285714287,0.02285714285714286
6065,random,inv_degree,6119627,100,255,0.03,3,0.45,0.1,50,0.06,1,0.7203389830508472,0.23389830508474566,0.0,0.0
6066,random,inv_degree,6120636,100,247,0.03,3,0.45,0.1,50,0.06,2,0.7272727272727273,0.2924901185770752,0.011857707509881417,0.0
6067,random,inv_degree,6121645,100,248,0.03,3,0.45,0.1,50,0.04,1,0.742897727272727,0.1676136363636363,0.014204545454545445,0.0
6068,random,inv_degree,6122654,100,237,0.03,3,0.45,0.1,50,0.09,3,0.7471482889733841,0.23003802281368824,0.03802281368821293,0.03802281368821293
6069,random,inv_degree,6123663,100,250,0.03,3,0.45,0.1,50,0.03,0,0.7733333333333333,0.3083333333333333,0.04833333333333331,0.018333333333333326
6070,random,inv_degree,6124672,100,258,0.03,3,0.45,0.1,50,0.03,0,0.7222222222222225,0.17397660818713453,0.01608187134502925,0.0
6071,random,inv_degree,6125681,100,268,0.03,3,0.45,0.1,50,0.03,0,0.7277486910994767,0.17670157068062833,0.017015706806282727,0.017015706806282727
6072,random,inv_degree,6126690,100,232,0.03,3,0.45,0.1,50,0.04,1,0.7368421052631577,0.2535885167464114,0.02751196172248803,0.0
6073,random,inv_degree,6127699,100,231,0.03,3,0.45,0.1,50,0.09,3,0.7257053291536051,0.21159874608150467,0.01724137931034482,0.01724137931034482
6074,random,inv_degree,6128708,100,256,0.03,3,0.45,0.1,50,0.03,0,0.7561475409836066,0.22540983606557394,0.0,0.0
6075,random,inv_degree,6129717,100,227,0.03,3,0.45,0.1,50,0.04,1,0.7678018575851395,0.23993808049535625,0.03250773993808052,0.01702786377708979
6076,random,inv_degree,6130726,100,235,0.03,3,0.45,0.1,50,0.04,1,0.7641509433962271,0.269811320754717,0.035849056603773605,0.018867924528301893
6077,random,inv_degree,6131735,100,222,0.03,3,0.45,0.1,50,0.07,1,0.7412280701754385,0.28508771929824556,0.05043859649122805,0.019736842105263143
6078,random,inv_degree,6132744,100,250,0.03,3,0.45,0.1,50,0.05,1,0.7016666666666667,0.21833333333333324,0.011666666666666653,0.0
6079,random,inv_degree,6133753,100,237,0.03,3,0.45,0.1,50,0.04,1,0.747148288973384,0.2661596958174905,0.0,0.0
6080,random,inv_degree,6134762,100,225,0.03,3,0.45,0.1,50,0.06,1,0.7563636363636362,0.3345454545454544,0.07636363636363637,0.06181818181818183
6081,random,inv_degree,6135771,100,253,0.03,3,0.45,0.1,50,0.04,1,0.7676767676767675,0.23905723905723905,0.01851851851851851,0.01851851851851851
6082,random,inv_degree,6136780,100,258,0.03,3,0.45,0.1,50,0.04,1,0.7396694214876033,0.2128099173553719,0.020661157024793392,0.020661157024793392
6083,random,inv_degree,6137789,100,268,0.03,3,0.45,0.1,50,0.03,0,0.7138554216867468,0.14156626506024095,0.018072289156626502,0.018072289156626502
6084,random,inv_degree,6138798,100,242,0.03,3,0.45,0.1,50,0.08,3,0.7620192307692306,0.31009615384615363,0.04086538461538458,0.021634615384615363
6085,random,inv_degree,6139807,100,259,0.03,3,0.45,0.1,50,0.07,2,0.6627565982404691,0.22140762463343108,0.03079178885630498,0.017595307917888558
6086,random,inv_degree,6140816,100,241,0.03,3,0.45,0.1,50,0.05,1,0.736245954692557,0.23462783171521043,0.03559870550161813,0.03559870550161813
6087,random,inv_degree,6141825,100,242,0.03,3,0.45,0.1,50,0.08,2,0.7034883720930233,0.22286821705426357,0.0,0.0
6088,random,inv_degree,6142834,100,255,0.03,3,0.45,0.1,50,0.05,2,0.7061224489795916,0.16122448979591836,0.03469387755102041,0.02040816326530612
6089,random,inv_degree,6143843,100,262,0.03,3,0.45,0.1,50,0.03,0,0.7845744680851066,0.29255319148936165,0.0,0.0
6090,random,inv_degree,6144852,100,259,0.03,3,0.45,0.1,50,0.06,1,0.7219917012448134,0.2510373443983403,0.0,0.0
6091,random,inv_degree,6145861,100,211,0.03,3,0.45,0.1,50,0.03,0,0.7970711297071129,0.37447698744769886,0.11087866108786607,0.052301255230125514
6092,random,inv_degree,6146870,100,232,0.03,3,0.45,0.1,50,0.06,1,0.7028301886792447,0.240566037735849,0.0,0.0
6093,random,inv_degree,6147879,100,228,0.03,3,0.45,0.1,50,0.04,1,0.7610294117647062,0.20588235294117654,0.0,0.0
6094,random,inv_degree,6148888,100,266,0.03,3,0.45,0.1,50,0.03,0,0.7382812500000002,0.11588541666666673,0.016927083333333343,0.016927083333333343
6095,random,inv_degree,6149897,100,237,0.03,3,0.45,0.1,50,0.05,2,0.7603833865814698,0.18210862619808316,0.035143769968051124,0.035143769968051124
6096,random,inv_degree,6150906,100,247,0.03,3,0.45,0.1,50,0.06,1,0.6813031161473089,0.1501416430594901,0.0,0.0
6097,random,inv_degree,6151915,100,265,0.03,3,0.45,0.1,50,0.06,1,0.6999999999999996,0.19740259740259727,0.0,0.0
6098,random,inv_degree,6152924,100,249,0.03,3,0.45,0.1,50,0.05,1,0.6917960088691795,0.1541019955654101,0.02882483370288247,0.015521064301552099
6099,random,inv_degree,6153933,100,251,0.03,3,0.45,0.1,50,0.04,1,0.7558528428093645,0.27759197324414714,0.0,0.0
6100,random,inv_degree,6154942,100,211,0.03,3,0.45,0.1,50,0.04,1,0.8493723849372383,0.3870292887029288,0.050209205020920473,0.03765690376569035
6101,random,inv_degree,6155951,100,270,0.03,3,0.45,0.1,50,0.04,1,0.7178571428571426,0.14107142857142854,0.0,0.0
6102,random,inv_degree,6156960,100,256,0.03,3,0.45,0.1,50,0.07,1,0.6865482233502539,0.17131979695431468,0.015228426395939089,0.0
6103,random,inv_degree,6157969,100,258,0.03,3,0.45,0.1,50,0.03,0,0.7602739726027401,0.19349315068493164,0.0,0.0
6104,random,inv_degree,6158978,100,226,0.03,3,0.45,0.1,50,0.05,1,0.765625,0.42410714285714285,0.05357142857142857,0.0
6105,random,inv_degree,6159987,100,237,0.03,3,0.45,0.1,50,0.05,1,0.7870722433460078,0.3650190114068442,0.032319391634981,0.019011406844106467
6106,random,inv_degree,6160996,100,228,0.03,3,0.45,0.1,50,0.05,1,0.7187499999999997,0.23161764705882343,0.01838235294117646,0.01838235294117646
6107,random,inv_degree,6162005,100,263,0.03,3,0.45,0.1,50,0.05,1,0.6780415430267062,0.16320474777448074,0.03560830860534125,0.03560830860534125
6108,random,inv_degree,6163014,100,259,0.03,3,0.45,0.1,50,0.06,2,0.6470588235294122,0.1112531969309463,0.03196930946291561,0.016624040920716114
6109,random,inv_degree,6164023,100,229,0.03,3,0.45,0.1,50,0.04,1,0.7493261455525605,0.3005390835579516,0.02964959568733156,0.02964959568733156
6110,random,inv_degree,6165032,100,240,0.03,3,0.45,0.1,50,0.11,2,0.6680555555555556,0.19027777777777782,0.01666666666666667,0.01666666666666667
6111,random,inv_degree,6166041,100,232,0.03,3,0.45,0.1,50,0.03,0,0.8059701492537314,0.2929104477611942,0.07649253731343289,0.0
6112,random,inv_degree,6167050,100,227,0.03,3,0.45,0.1,50,0.05,2,0.7289377289377289,0.24175824175824187,0.01831501831501832,0.01831501831501832
6113,random,inv_degree,6168059,100,245,0.03,3,0.45,0.1,50,0.08,2,0.7000000000000002,0.32352941176470607,0.0,0.0
6114,random,inv_degree,6169068,100,257,0.03,3,0.45,0.1,50,0.04,1,0.7528216704288944,0.2471783295711062,0.014672686230248314,0.0
6115,random,inv_degree,6170077,100,237,0.03,3,0.45,0.1,50,0.04,1,0.8309859154929577,0.2746478873239435,0.051643192488262886,0.0
6116,random,inv_degree,6171086,100,262,0.03,3,0.45,0.1,50,0.06,2,0.6855670103092784,0.12113402061855667,0.016752577319587625,0.016752577319587625
6117,random,inv_degree,6172095,100,232,0.03,3,0.45,0.1,50,0.09,3,0.6657608695652175,0.23097826086956524,0.044836956521739135,0.03260869565217391
6118,random,inv_degree,6173104,100,222,0.03,3,0.45,0.1,50,0.07,3,0.7625899280575539,0.2661870503597123,0.01798561151079137,0.01798561151079137
6119,random,inv_degree,6174113,100,261,0.03,3,0.45,0.1,50,0.09,2,0.6610878661087867,0.1464435146443515,0.0,0.0
6120,random,inv_degree,6175122,100,247,0.03,3,0.45,0.1,50,0.05,1,0.7450592885375499,0.3537549407114628,0.017786561264822157,0.0
6121,random,inv_degree,6176131,100,257,0.03,3,0.45,0.1,50,0.06,1,0.7113702623906709,0.1909620991253645,0.032069970845481056,0.017492711370262398
6122,random,inv_degree,6177140,100,226,0.03,3,0.45,0.1,50,0.06,1,0.7169811320754719,0.19457547169811326,0.025943396226415096,0.0
6123,random,inv_degree,6178149,100,240,0.03,3,0.45,0.1,50,0.06,1,0.7274193548387096,0.24999999999999997,0.048387096774193526,0.017741935483870958
6124,random,inv_degree,6179158,100,251,0.03,3,0.45,0.1,50,0.04,1,0.7363896848137536,0.2320916905444125,0.0,0.0
6125,random,inv_degree,6180167,100,255,0.03,3,0.45,0.1,50,0.05,1,0.7333333333333336,0.22463768115942037,0.01739130434782609,0.01739130434782609
6126,random,inv_degree,6181176,100,245,0.03,3,0.45,0.1,50,0.04,1,0.7169014084507039,0.2169014084507043,0.014084507042253518,0.0
6127,random,inv_degree,6182185,100,280,0.03,3,0.45,0.1,50,0.05,1,0.7067567567567569,0.1608108108108108,0.0,0.0
6128,random,inv_degree,6183194,100,235,0.03,3,0.45,0.1,50,0.05,1,0.758490566037736,0.3075471698113208,0.050943396226415125,0.018867924528301896
6129,random,inv_degree,6184203,100,255,0.03,3,0.45,0.1,50,0.08,2,0.7016949152542376,0.14406779661016952,0.016949152542372888,0.0
6130,random,inv_degree,6185212,100,245,0.03,3,0.45,0.1,50,0.11,6,0.5736263736263739,0.11318681318681321,0.0,0.0
6131,random,inv_degree,6186221,100,245,0.03,3,0.45,0.1,50,0.06,1,0.7229508196721314,0.2672131147540984,0.03606557377049179,0.03606557377049179
6132,random,inv_degree,6187230,100,264,0.03,3,0.45,0.1,50,0.03,0,0.7157738095238099,0.20684523809523814,0.06696428571428574,0.01785714285714286
6133,random,inv_degree,6188239,100,253,0.03,3,0.45,0.1,50,0.05,1,0.7289562289562291,0.24074074074074078,0.018518518518518517,0.018518518518518517
6134,random,inv_degree,6189248,100,240,0.03,3,0.45,0.1,50,0.08,2,0.7096153846153846,0.23846153846153856,0.04615384615384619,0.0
6135,random,inv_degree,6190257,100,259,0.03,3,0.45,0.1,50,0.05,2,0.740663900414938,0.17842323651452294,0.0,0.0
6136,random,inv_degree,6191266,100,225,0.03,3,0.45,0.1,50,0.04,1,0.7890909090909094,0.30909090909090925,0.09454545454545461,0.06545454545454552
6137,random,inv_degree,6192275,100,282,0.03,3,0.45,0.1,50,0.04,1,0.6847826086956521,0.14945652173913043,0.0,0.0
6138,random,inv_degree,6193284,100,240,0.03,3,0.45,0.1,50,0.05,1,0.7333333333333333,0.15694444444444447,0.0,0.0
6139,random,inv_degree,6194293,100,267,0.03,3,0.45,0.1,50,0.06,1,0.6996996996996997,0.1576576576576577,0.015015015015015017,0.0
6140,random,inv_degree,6195302,100,261,0.03,3,0.45,0.1,50,0.05,1,0.6755162241887905,0.20943952802359875,0.01474926253687315,0.0
6141,random,inv_degree,6196311,100,251,0.03,3,0.45,0.1,50,0.06,1,0.709030100334448,0.19899665551839452,0.0,0.0
6142,random,inv_degree,6197320,100,260,0.03,3,0.45,0.1,50,0.04,1,0.7586206896551724,0.19827586206896555,0.01896551724137931,0.01896551724137931
6143,random,inv_degree,6198329,100,239,0.03,3,0.45,0.1,50,0.04,1,0.7347266881028937,0.19292604501607719,0.032154340836012846,0.017684887459807067
6144,random,inv_degree,6199338,100,224,0.03,3,0.45,0.1,50,0.05,1,0.756134969325153,0.3895705521472392,0.053680981595092006,0.0
6145,random,inv_degree,6200347,100,258,0.03,3,0.45,0.1,50,0.05,1,0.7232142857142856,0.1811224489795918,0.033163265306122444,0.033163265306122444
6146,random,inv_degree,6201356,100,237,0.03,3,0.45,0.1,50,0.05,1,0.7396166134185306,0.2667731629392973,0.04792332268370609,0.017571884984025565
6147,random,inv_degree,6202365,100,246,0.03,3,0.45,0.1,50,0.03,0,0.7657480314960634,0.3070866141732285,0.015748031496062995,0.0
6148,random,inv_degree,6203374,100,245,0.03,3,0.45,0.1,50,0.05,1,0.7655737704918032,0.1655737704918033,0.0180327868852459,0.0180327868852459
6149,random,inv_degree,6204383,100,249,0.03,3,0.45,0.1,50,0.04,1,0.6894586894586893,0.18660968660968658,0.03133903133903133,0.017094017094017092
6150,random,inv_degree,6205392,100,235,0.03,3,0.45,0.1,50,0.04,1,0.7476190476190478,0.2809523809523811,0.06349206349206353,0.017460317460317468
6151,random,inv_degree,6206401,100,256,0.03,3,0.45,0.1,50,0.04,1,0.7441860465116277,0.18749999999999994,0.017441860465116272,0.017441860465116272
6152,random,inv_degree,6207410,100,244,0.03,3,0.45,0.1,50,0.07,2,0.744140625,0.25585937500000017,0.0,0.0
6153,random,inv_degree,6208419,100,246,0.03,3,0.45,0.1,50,0.05,2,0.7138157894736843,0.14638157894736842,0.014802631578947362,0.0
6154,random,inv_degree,6209428,100,245,0.03,3,0.45,0.1,50,0.05,2,0.7764705882352942,0.25294117647058834,0.0,0.0
6155,random,inv_degree,6210437,100,240,0.03,3,0.45,0.1,50,0.04,1,0.7692307692307694,0.2846153846153847,0.05000000000000002,0.019230769230769232
6156,random,inv_degree,6211446,100,230,0.03,3,0.45,0.1,50,0.06,2,0.7031249999999999,0.26562499999999994,0.04374999999999998,0.0
6157,random,inv_degree,6212455,100,266,0.03,3,0.45,0.1,50,0.04,1,0.7059859154929577,0.2588028169014084,0.0,0.0
6158,random,inv_degree,6213464,100,235,0.03,3,0.45,0.1,50,0.03,0,0.7830188679245282,0.1943396226415094,0.03396226415094339,0.018867924528301883
6159,random,inv_degree,6214473,100,262,0.03,3,0.45,0.1,50,0.04,1,0.7413194444444443,0.21006944444444442,0.0,0.0
6160,random,inv_degree,6215482,100,260,0.03,3,0.45,0.1,50,0.03,0,0.7275862068965516,0.11896551724137931,0.03620689655172414,0.018965517241379307
6161,random,inv_degree,6216491,100,267,0.03,3,0.45,0.1,50,0.03,0,0.6956521739130433,0.1180124223602484,0.0,0.0
6162,random,inv_degree,6217500,100,259,0.03,3,0.45,0.1,50,0.05,1,0.7007672634271102,0.17774936061381072,0.016624040920716114,0.016624040920716114
6163,random,inv_degree,6218509,100,239,0.03,3,0.45,0.1,50,0.14,4,0.5669099756690998,0.14963503649635035,0.0,0.0
6164,random,inv_degree,6219518,100,239,0.03,3,0.45,0.1,50,0.07,2,0.6768488745980713,0.19453376205787795,0.01768488745980708,0.01768488745980708
6165,random,inv_degree,6220527,100,250,0.03,3,0.45,0.1,50,0.05,1,0.7499999999999998,0.22999999999999995,0.038,0.019999999999999997
6166,random,inv_degree,6221536,100,241,0.03,3,0.45,0.1,50,0.07,2,0.7084942084942087,0.22586872586872608,0.015444015444015451,0.0
6167,random,inv_degree,6222545,100,242,0.03,3,0.45,0.1,50,0.04,1,0.7290502793296086,0.2946927374301675,0.07402234636871508,0.03351955307262569
6168,random,inv_degree,6223554,100,234,0.03,3,0.45,0.1,50,0.07,1,0.6577253218884119,0.22746781115879813,0.0579399141630901,0.030042918454935605
6169,random,inv_degree,6224563,100,257,0.03,3,0.45,0.1,50,0.04,1,0.683206106870229,0.16284987277353677,0.0,0.0
6170,random,inv_degree,6225572,100,236,0.03,3,0.45,0.1,50,0.04,1,0.7757009345794393,0.3247663551401868,0.03971962616822427,0.02102803738317755
6171,random,inv_degree,6226581,100,262,0.03,3,0.45,0.1,50,0.04,1,0.763888888888889,0.24999999999999983,0.036458333333333315,0.019097222222222206
6172,random,inv_degree,6227590,100,263,0.03,3,0.45,0.1,50,0.04,1,0.7594936708860758,0.24894514767932494,0.0,0.0
6173,random,inv_degree,6228599,100,236,0.03,3,0.45,0.1,50,0.04,1,0.7689393939393939,0.196969696969697,0.03787878787878789,0.03787878787878789
6174,random,inv_degree,6229608,100,267,0.03,3,0.45,0.1,50,0.05,1,0.6662817551963044,0.15704387990762125,0.0161662817551963,0.0161662817551963
6175,random,inv_degree,6230617,100,241,0.03,3,0.45,0.1,50,0.17,6,0.5146699266503667,0.10880195599022002,0.0,0.0
6176,random,inv_degree,6231626,100,270,0.03,3,0.45,0.1,50,0.05,2,0.6842105263157894,0.14868421052631572,0.0,0.0
6177,random,inv_degree,6232635,100,251,0.03,3,0.45,0.1,50,0.05,1,0.7510040160642573,0.25502008032128526,0.0,0.0
6178,random,inv_degree,6233644,100,248,0.03,3,0.45,0.1,50,0.04,1,0.8154761904761904,0.30753968253968256,0.013888888888888897,0.0
6179,random,inv_degree,6234653,100,252,0.03,3,0.45,0.1,50,0.05,2,0.7365771812080534,0.23993288590604028,0.01845637583892617,0.01845637583892617
6180,random,inv_degree,6235662,100,227,0.03,3,0.45,0.1,50,0.05,1,0.7847533632286998,0.38116591928251103,0.07174887892376676,0.0201793721973094
6181,random,inv_degree,6236671,100,257,0.03,3,0.45,0.1,50,0.04,1,0.7921810699588474,0.4506172839506172,0.0925925925925926,0.0411522633744856
6182,random,inv_degree,6237680,100,242,0.03,3,0.45,0.1,50,0.03,0,0.7906976744186043,0.2887596899224806,0.03488372093023257,0.0
6183,random,inv_degree,6238689,100,253,0.03,3,0.45,0.1,50,0.03,0,0.7643097643097645,0.23400673400673408,0.018518518518518517,0.018518518518518517
6184,random,inv_degree,6239698,100,245,0.03,3,0.45,0.1,50,0.04,1,0.7491803278688526,0.3147540983606557,0.08032786885245899,0.036065573770491785
6185,random,inv_degree,6240707,100,262,0.03,3,0.45,0.1,50,0.05,1,0.6423611111111114,0.08506944444444445,0.0,0.0
6186,random,inv_degree,6241716,100,232,0.03,3,0.45,0.1,50,0.07,1,0.7798507462686567,0.26679104477611937,0.01865671641791045,0.01865671641791045
6187,random,inv_degree,6242725,100,255,0.03,3,0.45,0.1,50,0.05,1,0.6840579710144926,0.20869565217391298,0.05072463768115942,0.03478260869565217
6188,random,inv_degree,6243734,100,226,0.03,3,0.45,0.1,50,0.09,2,0.7244525547445257,0.2773722627737227,0.031021897810218985,0.0
6189,random,inv_degree,6244743,100,246,0.03,3,0.45,0.1,50,0.03,0,0.7598684210526314,0.28782894736842096,0.031249999999999986,0.0
6190,random,inv_degree,6245752,100,254,0.03,3,0.45,0.1,50,0.04,1,0.7962427745664736,0.17341040462427745,0.0,0.0
6191,random,inv_degree,6246761,100,232,0.03,3,0.45,0.1,50,0.06,2,0.7294776119402987,0.2593283582089551,0.042910447761194015,0.0
6192,random,inv_degree,6247770,100,231,0.03,3,0.45,0.1,50,0.06,3,0.7342007434944239,0.22304832713754652,0.016728624535315997,0.0
6193,random,inv_degree,6248779,100,237,0.03,3,0.45,0.1,50,0.04,1,0.7465564738292009,0.2658402203856749,0.026170798898071623,0.0
6194,random,inv_degree,6249788,100,242,0.03,3,0.45,0.1,50,0.03,0,0.7857142857142855,0.2386363636363635,0.050324675324675286,0.035714285714285685
6195,random,inv_degree,6250797,100,238,0.03,3,0.45,0.1,50,0.05,1,0.7270992366412213,0.2900763358778626,0.01526717557251908,0.0
6196,random,inv_degree,6251806,100,265,0.03,3,0.45,0.1,50,0.06,2,0.6791044776119405,0.17910447761194026,0.0,0.0
6197,random,inv_degree,6252815,100,253,0.03,3,0.45,0.1,50,0.04,1,0.7614213197969543,0.266497461928934,0.04060913705583756,0.0
6198,random,inv_degree,6253824,100,267,0.03,3,0.45,0.1,50,0.03,0,0.7372372372372371,0.2837837837837838,0.030030030030030037,0.0
6199,random,inv_degree,6254833,100,241,0.03,3,0.45,0.1,50,0.07,1,0.6613691931540343,0.18581907090464547,0.01466992665036675,0.0
6200,random,inv_degree,6255842,100,258,0.03,3,0.45,0.1,50,0.03,0,0.7266081871345031,0.19298245614035084,0.03362573099415205,0.017543859649122806
6201,random,inv_degree,6256851,100,260,0.03,3,0.45,0.1,50,0.04,1,0.7000000000000001,0.15689655172413788,0.0,0.0
6202,random,inv_degree,6257860,100,255,0.03,3,0.45,0.1,50,0.04,1,0.6696202531645572,0.1392405063291139,0.016455696202531643,0.016455696202531643
6203,random,inv_degree,6258869,100,251,0.03,3,0.45,0.1,50,0.03,0,0.7864321608040202,0.2537688442211055,0.020100502512562818,0.0
6204,random,inv_degree,6259878,100,259,0.03,3,0.45,0.1,50,0.04,1,0.7228739002932548,0.1348973607038123,0.01759530791788856,0.01759530791788856
6205,random,inv_degree,6260887,100,262,0.03,3,0.45,0.1,50,0.04,1,0.6997041420118343,0.1715976331360947,0.0,0.0
6206,random,inv_degree,6261896,100,254,0.03,3,0.45,0.1,50,0.06,3,0.7499999999999996,0.2601626016260161,0.06910569105691056,0.020325203252032513
6207,random,inv_degree,6262905,100,238,0.03,3,0.45,0.1,50,0.05,1,0.7259615384615384,0.29006410256410253,0.014423076923076919,0.0
6208,random,inv_degree,6263914,100,273,0.03,3,0.45,0.1,50,0.04,1,0.700361010830325,0.15523465703971118,0.0,0.0
6209,random,inv_degree,6264923,100,251,0.03,3,0.45,0.1,50,0.03,0,0.7380952380952382,0.17042606516290723,0.015037593984962405,0.0
6210,random,inv_degree,6265932,100,252,0.03,3,0.45,0.1,50,0.06,2,0.7177419354838711,0.28024193548387094,0.020161290322580645,0.020161290322580645
6211,random,inv_degree,6266941,100,229,0.03,3,0.45,0.1,50,0.03,0,0.7933579335793357,0.26014760147601484,0.0,0.0
6212,random,inv_degree,6267950,100,253,0.03,3,0.45,0.1,50,0.05,1,0.7373737373737375,0.17508417508417504,0.018518518518518514,0.018518518518518514
6213,random,inv_degree,6268959,100,264,0.03,3,0.45,0.1,50,0.11,4,0.5854922279792745,0.12953367875647662,0.015544041450777204,0.0
6214,random,inv_degree,6269968,100,233,0.03,3,0.45,0.1,50,0.05,1,0.7921348314606739,0.303370786516854,0.0711610486891386,0.03745318352059926
6215,random,inv_degree,6270977,100,249,0.03,3,0.45,0.1,50,0.06,1,0.7270916334661353,0.23505976095617528,0.03187250996015935,0.0
6216,random,inv_degree,6271986,100,253,0.03,3,0.45,0.1,50,0.04,1,0.7002518891687659,0.20654911838790935,0.0,0.0
6217,random,inv_degree,6272995,100,254,0.03,3,0.45,0.1,50,0.05,1,0.7499999999999999,0.20777027027027015,0.015202702702702691,0.0
6218,random,inv_degree,6274004,100,240,0.03,3,0.45,0.1,50,0.05,2,0.8057692307692306,0.3173076923076922,0.05192307692307691,0.019230769230769225
6219,random,inv_degree,6275013,100,239,0.03,3,0.45,0.1,50,0.08,1,0.6839080459770112,0.1436781609195402,0.01915708812260536,0.01915708812260536
6220,random,inv_degree,6276022,100,258,0.03,3,0.45,0.1,50,0.05,1,0.7541322314049586,0.28719008264462803,0.0578512396694215,0.02066115702479339
6221,random,inv_degree,6277031,100,258,0.03,3,0.45,0.1,50,0.04,1,0.7529239766081874,0.19298245614035095,0.014619883040935675,0.0
6222,random,inv_degree,6278040,100,251,0.03,3,0.45,0.1,50,0.05,1,0.6991404011461319,0.1848137535816619,0.017191977077363894,0.017191977077363894
6223,random,inv_degree,6279049,100,263,0.03,3,0.45,0.1,50,0.06,2,0.6721068249258157,0.15281899109792282,0.04896142433234419,0.017804154302670613
6224,random,inv_degree,6280058,100,247,0.03,3,0.45,0.1,50,0.06,1,0.6732673267326731,0.20297029702970285,0.0,0.0
6225,random,inv_degree,6281067,100,235,0.03,3,0.45,0.1,50,0.06,1,0.7790697674418606,0.35348837209302314,0.05581395348837206,0.020930232558139517
6226,random,inv_degree,6282076,100,257,0.03,3,0.45,0.1,50,0.05,1,0.7463556851311954,0.11807580174927117,0.0,0.0
6227,random,inv_degree,6283085,100,277,0.03,3,0.45,0.1,50,0.04,1,0.7037533512064343,0.0911528150134048,0.0,0.0
6228,random,inv_degree,6284094,100,225,0.03,3,0.45,0.1,50,0.04,1,0.7890909090909086,0.26545454545454533,0.03636363636363635,0.03636363636363635
6229,random,inv_degree,6285103,100,267,0.03,3,0.45,0.1,50,0.04,1,0.7614840989399294,0.19964664310954058,0.0353356890459364,0.0
6230,random,inv_degree,6286112,100,252,0.03,3,0.45,0.1,50,0.05,2,0.7399328859060403,0.14765100671140938,0.0,0.0
6231,random,inv_degree,6287121,100,266,0.03,3,0.45,0.1,50,0.03,0,0.7874251497005986,0.2769461077844311,0.05089820359281437,0.01796407185628742
6232,random,inv_degree,6288130,100,236,0.03,3,0.45,0.1,50,0.07,2,0.7165605095541403,0.25159235668789814,0.03184713375796178,0.017515923566878984
6233,random,inv_degree,6289139,100,228,0.03,3,0.45,0.1,50,0.06,2,0.6954976303317536,0.15639810426540282,0.0,0.0
6234,random,inv_degree,6290148,100,238,0.03,3,0.45,0.1,50,0.09,3,0.714622641509434,0.12264150943396226,0.0,0.0
6235,random,inv_degree,6291157,100,252,0.03,3,0.45,0.1,50,0.04,1,0.739942528735632,0.21982758620689655,0.03304597701149425,0.017241379310344824
6236,random,inv_degree,6292166,100,245,0.03,3,0.45,0.1,50,0.04,1,0.7478873239436614,0.21267605633802822,0.026760563380281693,0.0
6237,random,inv_degree,6293175,100,236,0.03,3,0.45,0.1,50,0.06,2,0.7245222929936306,0.2117834394904458,0.06847133757961782,0.052547770700636924
6238,random,inv_degree,6294184,100,220,0.03,3,0.45,0.1,50,0.07,1,0.6910714285714287,0.2642857142857143,0.05000000000000001,0.017857142857142856
6239,random,inv_degree,6295193,100,264,0.03,3,0.45,0.1,50,0.07,2,0.697033898305085,0.2754237288135594,0.0,0.0
6240,random,inv_degree,6296202,100,253,0.03,3,0.45,0.1,50,0.04,1,0.7692307692307692,0.20242914979757093,0.0,0.0
6241,random,inv_degree,6297211,100,260,0.03,3,0.45,0.1,50,0.03,0,0.7264705882352942,0.16029411764705878,0.0,0.0
6242,random,inv_degree,6298220,100,241,0.03,3,0.45,0.1,50,0.07,1,0.6810584958217268,0.23955431754874654,0.03203342618384401,0.01671309192200557
6243,random,inv_degree,6299229,100,266,0.03,3,0.45,0.1,50,0.06,1,0.7320359281437125,0.2410179640718563,0.016467065868263478,0.0
6244,random,inv_degree,6300238,100,233,0.03,3,0.45,0.1,50,0.07,2,0.7066246056782335,0.1135646687697161,0.0,0.0
6245,random,inv_degree,6301247,100,250,0.03,3,0.45,0.1,50,0.08,3,0.7087500000000002,0.18499999999999997,0.029999999999999992,0.01625
6246,random,inv_degree,6302256,100,272,0.03,3,0.45,0.1,50,0.04,1,0.7607913669064746,0.26618705035971213,0.05575539568345321,0.019784172661870485
6247,random,inv_degree,6303265,100,241,0.03,3,0.45,0.1,50,0.09,1,0.6715210355987057,0.23462783171521023,0.03236245954692557,0.0
6248,random,inv_degree,6304274,100,247,0.03,3,0.45,0.1,50,0.04,1,0.7541254125412541,0.24587458745874588,0.03630363036303629,0.03630363036303629
6249,random,inv_degree,6305283,100,233,0.03,3,0.45,0.1,50,0.06,2,0.7534562211981568,0.20046082949308752,0.018433179723502308,0.0
6250,random,inv_degree,6306292,100,266,0.03,3,0.45,0.1,50,0.06,1,0.7005208333333334,0.18359375000000003,0.01692708333333334,0.01692708333333334
6251,random,inv_degree,6307301,100,239,0.03,3,0.45,0.1,50,0.04,1,0.7942122186495177,0.27491961414791005,0.06591639871382637,0.03536977491961415
6252,random,inv_degree,6308310,100,218,0.03,3,0.45,0.1,50,0.08,2,0.7180851063829782,0.2446808510638299,0.05141843971631208,0.035460992907801435
6253,random,inv_degree,6309319,100,220,0.03,3,0.45,0.1,50,0.07,2,0.6802325581395348,0.14302325581395348,0.0,0.0
6254,random,inv_degree,6310328,100,242,0.03,3,0.45,0.1,50,0.1,2,0.6041666666666666,0.19240196078431365,0.0,0.0
6255,random,inv_degree,6311337,100,215,0.03,3,0.45,0.1,50,0.09,1,0.6649350649350649,0.2545454545454546,0.045454545454545456,0.031168831168831165
6256,random,inv_degree,6312346,100,221,0.03,3,0.45,0.1,50,0.12,5,0.655913978494624,0.1702508960573478,0.016129032258064533,0.0
6257,random,inv_degree,6313355,100,260,0.03,3,0.45,0.1,50,0.03,0,0.7588235294117646,0.2588235294117647,0.03235294117647058,0.017647058823529408
6258,random,inv_degree,6314364,100,258,0.03,3,0.45,0.1,50,0.06,2,0.7003424657534247,0.20205479452054786,0.0,0.0
6259,random,inv_degree,6315373,100,266,0.03,3,0.45,0.1,50,0.06,1,0.6653645833333331,0.1783854166666666,0.0,0.0
6260,random,inv_degree,6316382,100,237,0.03,3,0.45,0.1,50,0.08,1,0.6996197718631177,0.3441064638783268,0.08174904942965777,0.01901140684410646
6261,random,inv_degree,6317391,100,253,0.03,3,0.45,0.1,50,0.08,2,0.7171717171717171,0.2525252525252524,0.030303030303030287,0.0
6262,random,inv_degree,6318400,100,264,0.03,3,0.45,0.1,50,0.04,1,0.6975524475524474,0.236013986013986,0.013986013986013988,0.0
6263,random,inv_degree,6319409,100,242,0.03,3,0.45,0.1,50,0.07,2,0.644607843137255,0.16053921568627455,0.02941176470588235,0.01593137254901961
6264,random,inv_degree,6320418,100,231,0.03,3,0.45,0.1,50,0.05,2,0.7509293680297393,0.26951672862453513,0.05018587360594793,0.018587360594795526
6265,random,inv_degree,6321427,100,235,0.03,3,0.45,0.1,50,0.05,2,0.7233009708737864,0.2029126213592233,0.03980582524271845,0.0
6266,random,inv_degree,6322436,100,254,0.03,3,0.45,0.1,50,0.06,1,0.7560975609756097,0.18495934959349603,0.018292682926829285,0.0
6267,random,inv_degree,6323445,100,235,0.03,3,0.45,0.1,50,0.09,2,0.7000000000000002,0.21320754716981138,0.03207547169811323,0.0
6268,random,inv_degree,6324454,100,259,0.03,3,0.45,0.1,50,0.03,0,0.7385892116182577,0.2531120331950209,0.02074688796680499,0.02074688796680499
6269,random,inv_degree,6325463,100,267,0.03,3,0.45,0.1,50,0.04,1,0.7491166077738516,0.1925795053003533,0.0,0.0
6270,random,inv_degree,6326472,100,257,0.03,3,0.45,0.1,50,0.05,1,0.7099125364431487,0.21428571428571427,0.017492711370262388,0.017492711370262388
6271,random,inv_degree,6327481,100,249,0.03,3,0.45,0.1,50,0.09,1,0.7330677290836649,0.2091633466135458,0.0199203187250996,0.0199203187250996
6272,random,inv_degree,6328490,100,254,0.03,3,0.45,0.1,50,0.06,1,0.7142857142857143,0.22704081632653053,0.02040816326530612,0.0
6273,random,inv_degree,6329499,100,252,0.03,3,0.45,0.1,50,0.04,1,0.7173366834170852,0.1608040201005025,0.0,0.0
6274,random,inv_degree,6330508,100,238,0.03,3,0.45,0.1,50,0.17,3,0.5458015267175576,0.09923664122137411,0.0,0.0
6275,random,inv_degree,6331517,100,251,0.03,3,0.45,0.1,50,0.07,1,0.6872909698996654,0.21571906354515055,0.05016722408026755,0.018394648829431436
6276,random,inv_degree,6332526,100,249,0.03,3,0.45,0.1,50,0.07,3,0.6578073089700994,0.09634551495016604,0.0,0.0
6277,random,inv_degree,6333535,100,275,0.03,3,0.45,0.1,50,0.04,1,0.7173333333333335,0.15466666666666667,0.0,0.0
6278,random,inv_degree,6334544,100,247,0.03,3,0.45,0.1,50,0.04,1,0.7067988668555242,0.1175637393767705,0.0,0.0
6279,random,inv_degree,6335553,100,233,0.03,3,0.45,0.1,50,0.06,1,0.7050473186119876,0.27129337539432197,0.050473186119873836,0.034700315457413256
6280,random,inv_degree,6336562,100,241,0.03,3,0.45,0.1,50,0.03,0,0.7508090614886732,0.20388349514563098,0.01779935275080905,0.01779935275080905
6281,random,inv_degree,6337571,100,240,0.03,3,0.45,0.1,50,0.05,1,0.7076923076923078,0.2000000000000001,0.017307692307692326,0.0
6282,random,inv_degree,6338580,100,256,0.03,3,0.45,0.1,50,0.04,1,0.7329931972789117,0.23129251700680273,0.018707482993197272,0.018707482993197272
6283,random,inv_degree,6339589,100,250,0.03,3,0.45,0.1,50,0.03,0,0.7449999999999996,0.24499999999999983,0.0,0.0
6284,random,inv_degree,6340598,100,253,0.03,3,0.45,0.1,50,0.08,2,0.6952861952861953,0.1228956228956229,0.018518518518518514,0.018518518518518514
6285,random,inv_degree,6341607,100,255,0.03,3,0.45,0.1,50,0.06,2,0.6405797101449274,0.1550724637681159,0.017391304347826077,0.017391304347826077
6286,random,inv_degree,6342616,100,235,0.03,3,0.45,0.1,50,0.05,1,0.7328767123287669,0.28630136986301385,0.06164383561643836,0.03287671232876713
6287,random,inv_degree,6343625,100,226,0.03,3,0.45,0.1,50,0.03,0,0.8163580246913582,0.3333333333333333,0.06790123456790123,0.06790123456790123
6288,random,inv_degree,6344634,100,258,0.03,3,0.45,0.1,50,0.05,1,0.6681286549707603,0.16520467836257316,0.03070175438596492,0.0
6289,random,inv_degree,6345643,100,248,0.03,3,0.45,0.1,50,0.06,1,0.7599431818181819,0.24431818181818185,0.06392045454545454,0.034090909090909095
6290,random,inv_degree,6346652,100,222,0.03,3,0.45,0.1,50,0.09,3,0.6844512195121949,0.27286585365853655,0.042682926829268296,0.0
6291,random,inv_degree,6347661,100,277,0.03,3,0.45,0.1,50,0.04,1,0.6453900709219859,0.08983451536643025,0.0,0.0
6292,random,inv_degree,6348670,100,241,0.03,3,0.45,0.1,50,0.04,1,0.7779922779922782,0.2277992277992279,0.0,0.0
6293,random,inv_degree,6349679,100,217,0.03,3,0.45,0.1,50,0.04,1,0.7023498694516971,0.21409921671018275,0.02741514360313316,0.0
6294,random,inv_degree,6350688,100,247,0.03,3,0.45,0.1,50,0.05,2,0.7371541501976286,0.25098814229249017,0.01778656126482214,0.0
6295,random,inv_degree,6351697,100,248,0.03,3,0.45,0.1,50,0.04,1,0.7499999999999999,0.17897727272727265,0.032670454545454544,0.01704545454545454
6296,random,inv_degree,6352706,100,248,0.03,3,0.45,0.1,50,0.05,1,0.7400568181818183,0.22017045454545456,0.0,0.0
6297,random,inv_degree,6353715,100,242,0.03,3,0.45,0.1,50,0.06,1,0.7370129870129869,0.22077922077922082,0.03409090909090908,0.01785714285714285
6298,random,inv_degree,6354724,100,264,0.03,3,0.45,0.1,50,0.06,1,0.6835664335664334,0.159090909090909,0.0,0.0
6299,random,inv_degree,6355733,100,272,0.03,3,0.45,0.1,50,0.05,1,0.7012195121951218,0.16463414634146334,0.0,0.0
6300,random,inv_degree,6356742,100,232,0.03,3,0.45,0.1,50,0.09,2,0.6735074626865669,0.24813432835820892,0.014925373134328351,0.0
6301,random,inv_degree,6357751,100,239,0.03,3,0.45,0.1,50,0.07,1,0.7266881028938914,0.29581993569131854,0.032154340836012874,0.01768488745980708
6302,random,inv_degree,6358760,100,261,0.03,3,0.45,0.1,50,0.06,2,0.6902654867256637,0.16814159292035394,0.030973451327433614,0.0
6303,random,inv_degree,6359769,100,224,0.03,3,0.45,0.1,50,0.06,1,0.7246376811594205,0.22101449275362325,0.018115942028985508,0.018115942028985508
6304,random,inv_degree,6360778,100,251,0.03,3,0.45,0.1,50,0.06,2,0.7469879518072291,0.281124497991968,0.05220883534136551,0.0
6305,random,inv_degree,6361787,100,255,0.03,3,0.45,0.1,50,0.03,0,0.7367346938775513,0.259183673469388,0.018367346938775533,0.0
6306,random,inv_degree,6362796,100,257,0.03,3,0.45,0.1,50,0.03,0,0.7713310580204781,0.35153583617747464,0.030716723549488057,0.0
6307,random,inv_degree,6363805,100,230,0.03,3,0.45,0.1,50,0.04,1,0.6986486486486484,0.20405405405405405,0.058108108108108104,0.016216216216216214
6308,random,inv_degree,6364814,100,270,0.03,3,0.45,0.1,50,0.08,3,0.6339285714285715,0.17857142857142852,0.0,0.0
6309,random,inv_degree,6365823,100,289,0.03,3,0.45,0.1,50,0.05,1,0.6855955678670363,0.15235457063711916,0.01800554016620499,0.01800554016620499
6310,random,inv_degree,6366832,100,237,0.03,3,0.45,0.1,50,0.07,1,0.7186311787072243,0.15779467680608367,0.017110266159695825,0.0
6311,random,inv_degree,6367841,100,235,0.03,3,0.45,0.1,50,0.05,1,0.7320754716981135,0.29245283018867946,0.03396226415094344,0.0
6312,random,inv_degree,6368850,100,276,0.03,3,0.45,0.1,50,0.05,1,0.6831550802139037,0.18983957219251343,0.033422459893048144,0.017379679144385034
6313,random,inv_degree,6369859,100,254,0.03,3,0.45,0.1,50,0.05,1,0.7500000000000001,0.2618243243243244,0.03378378378378378,0.018581081081081082
6314,random,inv_degree,6370868,100,244,0.03,3,0.45,0.1,50,0.08,1,0.7516339869281047,0.2385620915032679,0.052287581699346386,0.03594771241830063
6315,random,inv_degree,6371877,100,236,0.03,3,0.45,0.1,50,0.07,2,0.7213375796178342,0.2595541401273884,0.04458598726114648,0.0
6316,random,inv_degree,6372886,100,238,0.03,3,0.45,0.1,50,0.08,2,0.6832061068702286,0.25763358778625955,0.034351145038167934,0.019083969465648856
6317,random,inv_degree,6373895,100,255,0.03,3,0.45,0.1,50,0.05,1,0.7367346938775511,0.31632653061224497,0.040816326530612256,0.040816326530612256
6318,random,inv_degree,6374904,100,259,0.03,3,0.45,0.1,50,0.04,1,0.7287390029325514,0.1979472140762463,0.0,0.0
6319,random,inv_degree,6375913,100,242,0.03,3,0.45,0.1,50,0.04,1,0.8042635658914726,0.3255813953488371,0.031007751937984485,0.0
6320,random,inv_degree,6376922,100,259,0.03,3,0.45,0.1,50,0.04,1,0.7611683848797253,0.2268041237113402,0.0,0.0
6321,random,inv_degree,6377931,100,249,0.03,3,0.45,0.1,50,0.05,1,0.7209302325581394,0.22425249169435202,0.016611295681063117,0.0
6322,random,inv_degree,6378940,100,243,0.03,3,0.45,0.1,50,0.06,2,0.7184873949579835,0.21288515406162478,0.01680672268907564,0.01680672268907564
6323,random,inv_degree,6379949,100,250,0.03,3,0.45,0.1,50,0.09,2,0.6800000000000006,0.1916666666666668,0.03666666666666668,0.03666666666666668
6324,random,inv_degree,6380958,100,244,0.03,3,0.45,0.1,50,0.05,1,0.6657303370786519,0.21769662921348323,0.03230337078651686,0.016853932584269666
6325,random,inv_degree,6381967,100,262,0.03,3,0.45,0.1,50,0.03,0,0.7795857988165681,0.289940828402367,0.0,0.0
6326,random,inv_degree,6382976,100,252,0.03,3,0.45,0.1,50,0.03,0,0.7658045977011494,0.15517241379310348,0.01724137931034483,0.01724137931034483
6327,random,inv_degree,6383985,100,257,0.03,3,0.45,0.1,50,0.09,2,0.6618075801749268,0.15743440233236144,0.06997084548104954,0.06997084548104954
6328,random,inv_degree,6384994,100,217,0.03,3,0.45,0.1,50,0.07,2,0.7544169611307422,0.2985865724381626,0.07420494699646643,0.0176678445229682
6329,random,inv_degree,6386003,100,224,0.03,3,0.45,0.1,50,0.06,2,0.6914893617021274,0.21143617021276595,0.015957446808510637,0.015957446808510637
6330,random,inv_degree,6387012,100,246,0.03,3,0.45,0.1,50,0.07,3,0.6694915254237287,0.12853107344632766,0.0,0.0
6331,random,inv_degree,6388021,100,273,0.03,3,0.45,0.1,50,0.1,2,0.656387665198238,0.2070484581497798,0.0,0.0
6332,random,inv_degree,6389030,100,268,0.03,3,0.45,0.1,50,0.04,1,0.7356020942408378,0.18717277486911,0.045811518324607337,0.0
6333,random,inv_degree,6390039,100,244,0.03,3,0.45,0.1,50,0.06,2,0.6633771929824565,0.15460526315789475,0.0,0.0
6334,random,inv_degree,6391048,100,236,0.03,3,0.45,0.1,50,0.07,2,0.7613636363636366,0.34469696969696983,0.05303030303030305,0.018939393939393943
6335,random,inv_degree,6392057,100,255,0.03,3,0.45,0.1,50,0.06,1,0.6676767676767674,0.16161616161616152,0.013131313131313122,0.0
6336,random,inv_degree,6393066,100,252,0.03,3,0.45,0.1,50,0.06,1,0.7258064516129032,0.23387096774193553,0.02016129032258065,0.02016129032258065
6337,random,inv_degree,6394075,100,275,0.03,3,0.45,0.1,50,0.04,1,0.7386666666666669,0.22133333333333333,0.0,0.0
6338,random,inv_degree,6395084,100,248,0.03,3,0.45,0.1,50,0.05,1,0.7722772277227723,0.2475247524752475,0.019801980198019802,0.0
6339,random,inv_degree,6396093,100,244,0.03,3,0.45,0.1,50,0.06,2,0.7345505617977529,0.1615168539325843,0.0,0.0
6340,random,inv_degree,6397102,100,238,0.03,3,0.45,0.1,50,0.06,1,0.7099358974358974,0.28365384615384626,0.017628205128205125,0.017628205128205125
6341,random,inv_degree,6398111,100,232,0.03,3,0.45,0.1,50,0.04,1,0.802238805970149,0.3022388059701493,0.0373134328358209,0.0373134328358209
6342,random,inv_degree,6399120,100,250,0.03,3,0.45,0.1,50,0.04,1,0.695,0.20666666666666658,0.0,0.0
6343,random,inv_degree,6400129,100,253,0.03,3,0.45,0.1,50,0.1,4,0.6818181818181819,0.1818181818181818,0.018518518518518517,0.018518518518518517
6344,random,inv_degree,6401138,100,225,0.03,3,0.45,0.1,50,0.1,5,0.6969230769230771,0.2507692307692309,0.04615384615384618,0.0
6345,random,inv_degree,6402147,100,259,0.03,3,0.45,0.1,50,0.05,2,0.7216494845360827,0.1288659793814433,0.017182130584192445,0.0
6346,random,inv_degree,6403156,100,228,0.03,3,0.45,0.1,50,0.03,0,0.7655279503105589,0.3183229813664596,0.0590062111801242,0.0
6347,random,inv_degree,6404165,100,264,0.03,3,0.45,0.1,50,0.05,1,0.7500000000000002,0.12076271186440685,0.0,0.0
6348,random,inv_degree,6405174,100,265,0.03,3,0.45,0.1,50,0.05,1,0.7000000000000001,0.21489361702127657,0.0,0.0
6349,random,inv_degree,6406183,100,233,0.03,3,0.45,0.1,50,0.05,1,0.788389513108614,0.28651685393258414,0.035580524344569285,0.018726591760299623
6350,random,inv_degree,6407192,100,267,0.03,3,0.45,0.1,50,0.05,1,0.6981981981981982,0.21621621621621628,0.016516516516516522,0.0
6351,random,inv_degree,6408201,100,226,0.03,3,0.45,0.1,50,0.08,2,0.683641975308642,0.17746913580246915,0.016975308641975308,0.016975308641975308
6352,random,inv_degree,6409210,100,253,0.03,3,0.45,0.1,50,0.05,1,0.7609427609427608,0.2390572390572391,0.0707070707070707,0.03703703703703703
6353,random,inv_degree,6410219,100,223,0.03,3,0.45,0.1,50,0.08,2,0.6732851985559565,0.25270758122743686,0.06678700361010832,0.018050541516245487
6354,random,inv_degree,6411228,100,242,0.03,3,0.45,0.1,50,0.05,1,0.7625698324022346,0.29329608938547497,0.015363128491620125,0.0
6355,random,inv_degree,6412237,100,236,0.03,3,0.45,0.1,50,0.08,2,0.6719745222929937,0.1671974522292994,0.04777070063694268,0.01751592356687898
6356,random,inv_degree,6413246,100,249,0.03,3,0.45,0.1,50,0.04,1,0.763681592039801,0.25870646766169153,0.03482587064676614,0.0
6357,random,inv_degree,6414255,100,256,0.03,3,0.45,0.1,50,0.05,1,0.7363945578231293,0.20238095238095224,0.017006802721088426,0.0
6358,random,inv_degree,6415264,100,270,0.03,3,0.45,0.1,50,0.04,1,0.734782608695652,0.22608695652173916,0.0,0.0
6359,random,inv_degree,6416273,100,252,0.03,3,0.45,0.1,50,0.04,1,0.7428160919540231,0.2744252873563219,0.01724137931034483,0.01724137931034483
6360,random,inv_degree,6417282,100,271,0.03,3,0.45,0.1,50,0.04,1,0.7491039426523296,0.22043010752688166,0.0,0.0
6361,random,inv_degree,6418291,100,236,0.03,3,0.45,0.1,50,0.04,1,0.7651515151515154,0.3162878787878789,0.0700757575757576,0.037878787878787894
6362,random,inv_degree,6419300,100,272,0.03,3,0.45,0.1,50,0.04,1,0.7042682926829266,0.1570121951219512,0.018292682926829264,0.018292682926829264
6363,random,inv_degree,6420309,100,241,0.03,3,0.45,0.1,50,0.03,0,0.7895752895752901,0.30888030888030904,0.034749034749034784,0.0
6364,random,inv_degree,6421318,100,275,0.03,3,0.45,0.1,50,0.03,0,0.7784615384615385,0.21384615384615382,0.0,0.0
6365,random,inv_degree,6422327,100,247,0.03,3,0.45,0.1,50,0.05,1,0.7508250825082509,0.24587458745874582,0.016501650165016504,0.0
6366,random,inv_degree,6423336,100,264,0.03,3,0.45,0.1,50,0.09,2,0.632440476190476,0.08630952380952381,0.0,0.0
6367,random,inv_degree,6424345,100,229,0.03,3,0.45,0.1,50,0.04,1,0.7859778597785979,0.29335793357933587,0.03690036900369004,0.03690036900369004
6368,random,inv_degree,6425354,100,244,0.03,3,0.45,0.1,50,0.03,0,0.7385620915032676,0.17156862745098037,0.053921568627450955,0.053921568627450955
6369,random,inv_degree,6426363,100,255,0.03,3,0.45,0.1,50,0.04,1,0.6637681159420288,0.12463768115942025,0.0,0.0
6370,random,inv_degree,6427372,100,262,0.03,3,0.45,0.1,50,0.03,0,0.7309027777777779,0.2048611111111111,0.03645833333333333,0.019097222222222217
6371,random,inv_degree,6428381,100,243,0.03,3,0.45,0.1,50,0.05,1,0.7573289902280128,0.24755700325732885,0.01628664495114006,0.0
6372,random,inv_degree,6429390,100,248,0.03,3,0.45,0.1,50,0.06,2,0.6920529801324504,0.23013245033112584,0.0,0.0
6373,random,inv_degree,6430399,100,248,0.03,3,0.45,0.1,50,0.05,1,0.7242063492063493,0.29960317460317476,0.0396825396825397,0.0396825396825397
6374,random,inv_degree,6431408,100,225,0.03,3,0.45,0.1,50,0.04,1,0.7584615384615386,0.3169230769230769,0.06153846153846155,0.0
6375,random,inv_degree,6432417,100,278,0.03,3,0.45,0.1,50,0.05,1,0.71505376344086,0.0846774193548387,0.0,0.0
6376,random,inv_degree,6433426,100,215,0.03,3,0.45,0.1,50,0.08,4,0.6791044776119403,0.23880597014925362,0.0,0.0
6377,random,inv_degree,6434435,100,236,0.03,3,0.45,0.1,50,0.07,2,0.6414835164835169,0.1785714285714286,0.016483516483516487,0.016483516483516487
6378,random,inv_degree,6435444,100,254,0.03,3,0.45,0.1,50,0.04,1,0.7023121387283235,0.2586705202312138,0.0,0.0
6379,random,inv_degree,6436453,100,234,0.03,3,0.45,0.1,50,0.07,2,0.6899038461538465,0.264423076923077,0.04567307692307693,0.03125
6380,random,inv_degree,6437462,100,203,0.03,3,0.45,0.1,50,0.09,2,0.7550607287449389,0.3724696356275304,0.11943319838056675,0.07287449392712546
6381,random,inv_degree,6438471,100,229,0.03,3,0.45,0.1,50,0.07,1,0.6978193146417446,0.23364485981308408,0.03271028037383177,0.017133956386292826
6382,random,inv_degree,6439480,100,246,0.03,3,0.45,0.1,50,0.06,2,0.6513157894736841,0.12993421052631574,0.016447368421052627,0.0
6383,random,inv_degree,6440489,100,269,0.03,3,0.45,0.1,50,0.03,0,0.7491103202846975,0.1975088967971529,0.03558718861209962,0.01957295373665479
6384,random,inv_degree,6441498,100,260,0.03,3,0.45,0.1,50,0.07,3,0.689655172413793,0.14310344827586213,0.034482758620689676,0.0
6385,random,inv_degree,6442507,100,244,0.03,3,0.45,0.1,50,0.05,1,0.7421875,0.23632812500000008,0.019531250000000003,0.019531250000000003
6386,random,inv_degree,6443516,100,258,0.03,3,0.45,0.1,50,0.06,1,0.691520467836257,0.22807017543859653,0.03070175438596491,0.0
6387,random,inv_degree,6444525,100,238,0.03,3,0.45,0.1,50,0.03,0,0.8231132075471697,0.3537735849056601,0.040094339622641466,0.021226415094339597
6388,random,inv_degree,6445534,100,256,0.03,3,0.45,0.1,50,0.06,2,0.7023809523809526,0.21598639455782315,0.05272108843537416,0.018707482993197275
6389,random,inv_degree,6446543,100,270,0.03,3,0.45,0.1,50,0.04,1,0.769444444444444,0.27777777777777746,0.09444444444444432,0.04999999999999992
6390,random,inv_degree,6447552,100,248,0.03,3,0.45,0.1,50,0.06,1,0.714285714285714,0.17261904761904762,0.05753968253968254,0.03968253968253968
6391,random,inv_degree,6448561,100,237,0.03,3,0.45,0.1,50,0.07,2,0.6805111821086265,0.19329073482428116,0.0,0.0
6392,random,inv_degree,6449570,100,251,0.03,3,0.45,0.1,50,0.07,2,0.6747851002865329,0.16905444126074498,0.032951289398280806,0.017191977077363894
6393,random,inv_degree,6450579,100,250,0.03,3,0.45,0.1,50,0.06,1,0.7016666666666665,0.17333333333333326,0.0,0.0
6394,random,inv_degree,6451588,100,235,0.03,3,0.45,0.1,50,0.04,1,0.7679245283018868,0.2943396226415095,0.039622641509433995,0.0
6395,random,inv_degree,6452597,100,241,0.03,3,0.45,0.1,50,0.09,1,0.6553398058252429,0.2297734627831716,0.030744336569579287,0.017799352750809058
6396,random,inv_degree,6453606,100,244,0.03,3,0.45,0.1,50,0.06,1,0.7026143790849674,0.2581699346405228,0.05065359477124182,0.017973856209150315
6397,random,inv_degree,6454615,100,263,0.03,3,0.45,0.1,50,0.04,1,0.7426160337552744,0.1835443037974684,0.018987341772151906,0.0
6398,random,inv_degree,6455624,100,279,0.03,3,0.45,0.1,50,0.07,2,0.6978193146417446,0.21183800623052962,0.014018691588785052,0.0
6399,random,inv_degree,6456633,100,240,0.03,3,0.45,0.1,50,0.04,1,0.7576923076923078,0.30192307692307696,0.015384615384615389,0.0
6400,random,inv_degree,6457642,100,268,0.03,3,0.45,0.1,50,0.06,1,0.6688481675392671,0.15052356020942412,0.0,0.0
6401,random,inv_degree,6458651,100,245,0.03,3,0.45,0.1,50,0.05,1,0.7176470588235295,0.23921568627450984,0.017647058823529422,0.0
6402,random,inv_degree,6459660,100,270,0.03,3,0.45,0.1,50,0.03,0,0.7484848484848484,0.21515151515151512,0.03181818181818182,0.0
6403,random,inv_degree,6460669,100,270,0.03,3,0.45,0.1,50,0.05,1,0.6712121212121213,0.1560606060606061,0.0,0.0
6404,random,inv_degree,6461678,100,235,0.03,3,0.45,0.1,50,0.04,1,0.7809523809523806,0.32857142857142857,0.034920634920634915,0.034920634920634915
6405,random,inv_degree,6462687,100,266,0.03,3,0.45,0.1,50,0.06,1,0.7018229166666666,0.1640625,0.0,0.0
6406,random,inv_degree,6463696,100,245,0.03,3,0.45,0.1,50,0.07,1,0.7114754098360657,0.21639344262295077,0.0,0.0
6407,random,inv_degree,6464705,100,245,0.03,3,0.45,0.1,50,0.05,1,0.7439024390243902,0.2560975609756097,0.0,0.0
6408,random,inv_degree,6465714,100,227,0.03,3,0.45,0.1,50,0.04,1,0.7662538699690404,0.2678018575851394,0.07430340557275544,0.017027863777089786
6409,random,inv_degree,6466723,100,267,0.03,3,0.45,0.1,50,0.05,1,0.7208480565371025,0.15724381625441697,0.0,0.0
6410,random,inv_degree,6467732,100,233,0.03,3,0.45,0.1,50,0.06,1,0.7429022082018928,0.21924290220820203,0.03312302839116721,0.017350157728706628
6411,random,inv_degree,6468741,100,245,0.03,3,0.45,0.1,50,0.04,1,0.7666666666666667,0.2921568627450981,0.03921568627450982,0.03921568627450982
6412,random,inv_degree,6469750,100,224,0.03,3,0.45,0.1,50,0.04,1,0.7952898550724633,0.3007246376811593,0.018115942028985508,0.018115942028985508
6413,random,inv_degree,6470759,100,254,0.03,3,0.45,0.1,50,0.06,1,0.6689189189189194,0.13851351351351354,0.05236486486486487,0.037162162162162164
6414,random,inv_degree,6471768,100,275,0.03,3,0.45,0.1,50,0.04,1,0.7309090909090908,0.23454545454545445,0.0,0.0
6415,random,inv_degree,6472777,100,232,0.03,3,0.45,0.1,50,0.11,2,0.6343283582089554,0.19776119402985076,0.03731343283582089,0.03731343283582089
6416,random,inv_degree,6473786,100,231,0.03,3,0.45,0.1,50,0.05,1,0.7416356877323418,0.19516728624535323,0.018587360594795543,0.018587360594795543
6417,random,inv_degree,6474795,100,242,0.03,3,0.45,0.1,50,0.05,2,0.7053072625698323,0.18715083798882676,0.013966480446927368,0.0
6418,random,inv_degree,6475804,100,252,0.03,3,0.45,0.1,50,0.06,2,0.7258064516129032,0.2701612903225806,0.05645161290322582,0.020161290322580645
6419,random,inv_degree,6476813,100,236,0.03,3,0.45,0.1,50,0.11,4,0.5748792270531405,0.14613526570048307,0.01570048309178744,0.01570048309178744
6420,random,inv_degree,6477822,100,274,0.03,3,0.45,0.1,50,0.05,1,0.7065217391304345,0.15760869565217384,0.0,0.0
6421,random,inv_degree,6478831,100,244,0.03,3,0.45,0.1,50,0.04,1,0.8046874999999998,0.3203124999999999,0.05078125,0.019531249999999997
6422,random,inv_degree,6479840,100,231,0.03,3,0.45,0.1,50,0.06,1,0.7137546468401487,0.29368029739776935,0.027881040892193305,0.0
6423,random,inv_degree,6480849,100,227,0.03,3,0.45,0.1,50,0.05,1,0.7509157509157509,0.2142857142857143,0.03296703296703298,0.0
6424,random,inv_degree,6481858,100,254,0.03,3,0.45,0.1,50,0.09,2,0.686991869918699,0.21951219512195136,0.05894308943089433,0.04065040650406505
6425,random,inv_degree,6482867,100,272,0.03,3,0.45,0.1,50,0.04,1,0.7063492063492068,0.13095238095238093,0.0,0.0
6426,random,inv_degree,6483876,100,237,0.03,3,0.45,0.1,50,0.04,1,0.7699724517906338,0.22314049586776868,0.0,0.0
6427,random,inv_degree,6484885,100,234,0.03,3,0.45,0.1,50,0.06,1,0.6974248927038625,0.24678111587982837,0.04399141630901287,0.030042918454935615
6428,random,inv_degree,6485894,100,231,0.03,3,0.45,0.1,50,0.06,2,0.726027397260274,0.21689497716894973,0.034246575342465745,0.0
6429,random,inv_degree,6486903,100,245,0.03,3,0.45,0.1,50,0.06,1,0.7292682926829268,0.29756097560975603,0.05365853658536585,0.0
6430,random,inv_degree,6487912,100,230,0.03,3,0.45,0.1,50,0.05,1,0.7222222222222223,0.2740740740740741,0.0,0.0
6431,random,inv_degree,6488921,100,259,0.03,3,0.45,0.1,50,0.08,2,0.6656891495601172,0.22140762463343108,0.016129032258064523,0.0
6432,random,inv_degree,6489930,100,256,0.03,3,0.45,0.1,50,0.06,1,0.7568027210884354,0.15476190476190474,0.03571428571428571,0.018707482993197275
6433,random,inv_degree,6490939,100,259,0.03,3,0.45,0.1,50,0.05,1,0.6818181818181818,0.13929618768328444,0.03519061583577712,0.03519061583577712
6434,random,inv_degree,6491948,100,258,0.03,3,0.45,0.1,50,0.06,1,0.7339181286549706,0.21052631578947367,0.02777777777777778,0.0
6435,random,inv_degree,6492957,100,235,0.03,3,0.45,0.1,50,0.05,1,0.7811320754716977,0.32452830188679244,0.05660377358490565,0.05660377358490565
6436,random,inv_degree,6493966,100,267,0.03,3,0.45,0.1,50,0.08,2,0.6018276762402089,0.09530026109660573,0.0,0.0
6437,random,inv_degree,6494975,100,257,0.03,3,0.45,0.1,50,0.05,1,0.7013651877133104,0.18600682593856632,0.0,0.0
6438,random,inv_degree,6495984,100,293,0.03,3,0.45,0.1,50,0.04,1,0.7431906614785991,0.14202334630350194,0.0,0.0
6439,random,inv_degree,6496993,100,237,0.03,3,0.45,0.1,50,0.06,1,0.6790633608815426,0.21212121212121204,0.03030303030303029,0.016528925619834708
6440,random,inv_degree,6498002,100,252,0.03,3,0.45,0.1,50,0.05,1,0.6608040201005024,0.12814070351758783,0.0,0.0
6441,random,inv_degree,6499011,100,245,0.03,3,0.45,0.1,50,0.03,0,0.7590163934426226,0.298360655737705,0.06557377049180327,0.018032786885245896
6442,random,inv_degree,6500020,100,256,0.03,3,0.45,0.1,50,0.09,2,0.6802325581395355,0.2034883720930234,0.017441860465116293,0.017441860465116293
6443,random,inv_degree,6501029,100,257,0.03,3,0.45,0.1,50,0.05,1,0.7389078498293513,0.23720136518771326,0.0819112627986348,0.01877133105802047
6444,random,inv_degree,6502038,100,273,0.03,3,0.45,0.1,50,0.05,1,0.72782874617737,0.17125382262996944,0.01681957186544343,0.0
6445,random,inv_degree,6503047,100,230,0.03,3,0.45,0.1,50,0.07,1,0.7567567567567564,0.3486486486486486,0.029729729729729718,0.01621621621621621
6446,random,inv_degree,6504056,100,251,0.03,3,0.45,0.1,50,0.06,1,0.7642140468227425,0.2357859531772575,0.0,0.0
6447,random,inv_degree,6505065,100,226,0.03,3,0.45,0.1,50,0.04,1,0.8080357142857142,0.24330357142857134,0.0,0.0
6448,random,inv_degree,6506074,100,238,0.03,3,0.45,0.1,50,0.06,1,0.7557251908396948,0.2652671755725192,0.017175572519083988,0.0
6449,random,inv_degree,6507083,100,256,0.03,3,0.45,0.1,50,0.08,2,0.7057823129251699,0.12755102040816316,0.0,0.0
6450,random,inv_degree,6508092,100,234,0.03,3,0.45,0.1,50,0.07,1,0.7357594936708861,0.30063291139240494,0.042721518987341764,0.0
6451,random,inv_degree,6509101,100,239,0.03,3,0.45,0.1,50,0.05,1,0.7271468144044322,0.28531855955678664,0.03324099722991689,0.03324099722991689
6452,random,inv_degree,6510110,100,260,0.03,3,0.45,0.1,50,0.05,1,0.6852272727272729,0.1670454545454545,0.0,0.0
6453,random,inv_degree,6511119,100,227,0.03,3,0.45,0.1,50,0.05,1,0.7368421052631579,0.23993808049535614,0.046439628482972145,0.017027863777089786
6454,random,inv_degree,6512128,100,234,0.03,3,0.45,0.1,50,0.07,1,0.7104430379746837,0.23417721518987342,0.05221518987341771,0.05221518987341771
6455,random,inv_degree,6513137,100,259,0.03,3,0.45,0.1,50,0.05,1,0.7268041237113402,0.21821305841924388,0.0,0.0
6456,random,inv_degree,6514146,100,239,0.03,3,0.45,0.1,50,0.05,1,0.7748815165876776,0.39810426540284355,0.07819905213270138,0.0
6457,random,inv_degree,6515155,100,258,0.03,3,0.45,0.1,50,0.05,2,0.7431506849315068,0.2140410958904109,0.0,0.0
6458,random,inv_degree,6516164,100,285,0.03,3,0.45,0.1,50,0.04,1,0.7113207547169806,0.09999999999999994,0.0,0.0
6459,random,inv_degree,6517173,100,253,0.03,3,0.45,0.1,50,0.05,1,0.7591093117408909,0.2327935222672066,0.0,0.0
6460,random,inv_degree,6518182,100,232,0.03,3,0.45,0.1,50,0.05,1,0.787313432835821,0.2518656716417911,0.01865671641791045,0.01865671641791045
6461,random,inv_degree,6519191,100,262,0.03,3,0.45,0.1,50,0.06,1,0.6923076923076921,0.18195266272189345,0.014792899408284018,0.0
6462,random,inv_degree,6520200,100,227,0.03,3,0.45,0.1,50,0.05,2,0.7982062780269057,0.3183856502242152,0.07847533632286992,0.06053811659192822
6463,random,inv_degree,6521209,100,234,0.03,3,0.45,0.1,50,0.07,1,0.6867088607594937,0.21202531645569617,0.03322784810126582,0.017405063291139233
6464,random,inv_degree,6522218,100,266,0.03,3,0.45,0.1,50,0.06,2,0.6901709401709403,0.22863247863247857,0.0,0.0
6465,random,inv_degree,6523227,100,268,0.03,3,0.45,0.1,50,0.04,1,0.753012048192771,0.11295180722891568,0.016566265060240972,0.0
6466,random,inv_degree,6524236,100,257,0.03,3,0.45,0.1,50,0.06,1,0.7133105802047782,0.18771331058020477,0.03583617747440272,0.01877133105802047
6467,random,inv_degree,6525245,100,287,0.03,3,0.45,0.1,50,0.03,0,0.7746478873239436,0.2042253521126761,0.0,0.0
6468,random,inv_degree,6526254,100,246,0.03,3,0.45,0.1,50,0.05,1,0.7516447368421052,0.23190789473684212,0.057565789473684195,0.0
6469,random,inv_degree,6527263,100,254,0.03,3,0.45,0.1,50,0.04,1,0.7753378378378379,0.30236486486486497,0.037162162162162164,0.037162162162162164
6470,random,inv_degree,6528272,100,233,0.03,3,0.45,0.1,50,0.07,1,0.6876971608832809,0.25236593059936924,0.0772870662460568,0.017350157728706624
6471,random,inv_degree,6529281,100,244,0.03,3,0.45,0.1,50,0.12,3,0.6113281250000001,0.16992187500000003,0.0,0.0
6472,random,inv_degree,6530290,100,267,0.03,3,0.45,0.1,50,0.04,1,0.7768240343347642,0.2682403433476394,0.021459227467811155,0.021459227467811155
6473,random,inv_degree,6531299,100,260,0.03,3,0.45,0.1,50,0.05,1,0.7145833333333333,0.2041666666666667,0.0,0.0
6474,random,inv_degree,6532308,100,244,0.03,3,0.45,0.1,50,0.06,1,0.7675781249999997,0.23046875000000006,0.06445312500000001,0.0
6475,random,inv_degree,6533317,100,241,0.03,3,0.45,0.1,50,0.05,1,0.7087378640776699,0.20550161812297735,0.0,0.0
6476,random,inv_degree,6534326,100,241,0.03,3,0.45,0.1,50,0.11,3,0.6872586872586873,0.20656370656370654,0.05791505791505792,0.05791505791505792
6477,random,inv_degree,6535335,100,249,0.03,3,0.45,0.1,50,0.06,3,0.7182044887780547,0.14463840399002492,0.0,0.0
6478,random,inv_degree,6536344,100,261,0.03,3,0.45,0.1,50,0.05,1,0.7510460251046025,0.2301255230125524,0.018828451882845196,0.0
6479,random,inv_degree,6537353,100,246,0.03,3,0.45,0.1,50,0.04,1,0.7795275590551182,0.22244094488188973,0.01968503937007874,0.01968503937007874
6480,random,inv_degree,6538362,100,246,0.03,3,0.45,0.1,50,0.07,1,0.671259842519685,0.1929133858267716,0.01968503937007874,0.01968503937007874
6481,random,inv_degree,6539371,100,232,0.03,3,0.45,0.1,50,0.07,3,0.7059748427672959,0.24528301886792445,0.015723270440251572,0.0
6482,random,inv_degree,6540380,100,268,0.03,3,0.45,0.1,50,0.03,0,0.7454819277108432,0.19578313253012042,0.018072289156626505,0.018072289156626505
6483,random,inv_degree,6541389,100,218,0.03,3,0.45,0.1,50,0.06,1,0.7225130890052358,0.2500000000000001,0.057591623036649234,0.015706806282722516
6484,random,inv_degree,6542398,100,254,0.03,3,0.45,0.1,50,0.03,0,0.7283236994219655,0.18063583815028914,0.017341040462427758,0.017341040462427758
6485,random,inv_degree,6543407,100,242,0.03,3,0.45,0.1,50,0.09,2,0.6623376623376623,0.13636363636363633,0.0,0.0
6486,random,inv_degree,6544416,100,258,0.03,3,0.45,0.1,50,0.1,3,0.5931122448979594,0.14795918367346939,0.016581632653061226,0.016581632653061226
6487,random,inv_degree,6545425,100,266,0.03,3,0.45,0.1,50,0.04,1,0.7253521126760563,0.18309859154929573,0.0,0.0
6488,random,inv_degree,6546434,100,260,0.03,3,0.45,0.1,50,0.04,1,0.7684210526315787,0.17631578947368406,0.06578947368421045,0.047368421052631525
6489,random,inv_degree,6547443,100,254,0.03,3,0.45,0.1,50,0.03,0,0.7719594594594593,0.21621621621621623,0.01858108108108108,0.01858108108108108
6490,random,inv_degree,6548452,100,275,0.03,3,0.45,0.1,50,0.04,1,0.6746666666666664,0.1626666666666666,0.0,0.0
6491,random,inv_degree,6549461,100,240,0.03,3,0.45,0.1,50,0.12,5,0.5944444444444447,0.1138888888888889,0.0,0.0
6492,random,inv_degree,6550470,100,242,0.03,3,0.45,0.1,50,0.07,2,0.7344961240310075,0.17829457364341092,0.0,0.0
6493,random,inv_degree,6551479,100,248,0.03,3,0.45,0.1,50,0.04,1,0.7817460317460314,0.22817460317460309,0.03769841269841269,0.019841269841269833
6494,random,inv_degree,6552488,100,239,0.03,3,0.45,0.1,50,0.03,0,0.814176245210728,0.3199233716475097,0.04980842911877399,0.0
6495,random,inv_degree,6553497,100,238,0.03,3,0.45,0.1,50,0.07,2,0.6927480916030536,0.2881679389312978,0.017175572519083984,0.0
6496,random,inv_degree,6554506,100,228,0.03,3,0.45,0.1,50,0.06,1,0.7518382352941179,0.26654411764705893,0.06250000000000003,0.018382352941176475
6497,random,inv_degree,6555515,100,257,0.03,3,0.45,0.1,50,0.08,3,0.6005830903790087,0.1676384839650145,0.0,0.0
6498,random,inv_degree,6556524,100,227,0.03,3,0.45,0.1,50,0.12,4,0.620643431635389,0.1246648793565684,0.016085790884718506,0.016085790884718506
6499,random,inv_degree,6557533,100,240,0.03,3,0.45,0.1,50,0.04,1,0.8214285714285712,0.28095238095238095,0.0357142857142857,0.021428571428571415
6500,random,inv_degree,6558542,100,238,0.03,3,0.45,0.1,50,0.05,1,0.6812977099236641,0.15458015267175576,0.0,0.0
6501,random,inv_degree,6559551,100,248,0.03,3,0.45,0.1,50,0.04,1,0.7152317880794701,0.1672185430463576,0.0,0.0
6502,random,inv_degree,6560560,100,224,0.03,3,0.45,0.1,50,0.07,2,0.7300884955752213,0.3451327433628318,0.05088495575221237,0.0
6503,random,inv_degree,6561569,100,250,0.03,3,0.45,0.1,50,0.06,1,0.7066666666666668,0.1933333333333333,0.034999999999999996,0.018333333333333326
6504,random,inv_degree,6562578,100,255,0.03,3,0.45,0.1,50,0.04,1,0.7305084745762713,0.2033898305084746,0.03728813559322033,0.03728813559322033
6505,random,inv_degree,6563587,100,230,0.03,3,0.45,0.1,50,0.05,1,0.7681818181818179,0.3727272727272726,0.03636363636363632,0.020454545454545434
6506,random,inv_degree,6564596,100,261,0.03,3,0.45,0.1,50,0.03,0,0.765486725663717,0.27138643067846624,0.03392330383480828,0.017699115044247794
6507,random,inv_degree,6565605,100,264,0.03,3,0.45,0.1,50,0.06,1,0.6979166666666669,0.1711309523809524,0.0,0.0
6508,random,inv_degree,6566614,100,238,0.03,3,0.45,0.1,50,0.04,1,0.7243589743589743,0.2403846153846153,0.0,0.0
6509,random,inv_degree,6567623,100,255,0.03,3,0.45,0.1,50,0.03,0,0.7050632911392407,0.16708860759493677,0.015189873417721527,0.0
6510,random,inv_degree,6568632,100,245,0.03,3,0.45,0.1,50,0.04,1,0.7296296296296296,0.2530864197530863,0.04567901234567898,0.032098765432098754
6511,random,inv_degree,6569641,100,244,0.03,3,0.45,0.1,50,0.04,1,0.7167968750000001,0.267578125,0.03320312500000001,0.0
6512,random,inv_degree,6570650,100,275,0.03,3,0.45,0.1,50,0.07,1,0.6893333333333332,0.09599999999999997,0.017333333333333333,0.017333333333333333
6513,random,inv_degree,6571659,100,245,0.03,3,0.45,0.1,50,0.08,2,0.704225352112676,0.17183098591549298,0.0,0.0
6514,random,inv_degree,6572668,100,276,0.03,3,0.45,0.1,50,0.1,3,0.6297169811320756,0.08254716981132076,0.015330188679245287,0.0
6515,random,inv_degree,6573677,100,266,0.03,3,0.45,0.1,50,0.03,0,0.764957264957265,0.16452991452991456,0.02136752136752137,0.02136752136752137
6516,random,inv_degree,6574686,100,240,0.03,3,0.45,0.1,50,0.06,1,0.7326923076923078,0.2730769230769232,0.05000000000000003,0.0
6517,random,inv_degree,6575695,100,251,0.03,3,0.45,0.1,50,0.04,1,0.7590361445783135,0.25502008032128515,0.03212851405622492,0.0
6518,random,inv_degree,6576704,100,253,0.03,3,0.45,0.1,50,0.05,1,0.6873198847262251,0.138328530259366,0.0,0.0
6519,random,inv_degree,6577713,100,270,0.03,3,0.45,0.1,50,0.03,0,0.7410714285714284,0.26428571428571407,0.0,0.0
6520,random,inv_degree,6578722,100,254,0.03,3,0.45,0.1,50,0.06,2,0.7466216216216219,0.17567567567567569,0.0,0.0
6521,random,inv_degree,6579731,100,233,0.03,3,0.45,0.1,50,0.07,2,0.6809421841541756,0.17237687366167015,0.04389721627408991,0.02997858672376872
6522,random,inv_degree,6580740,100,254,0.03,3,0.45,0.1,50,0.03,0,0.7888513513513512,0.29729729729729726,0.032094594594594586,0.01858108108108107
6523,random,inv_degree,6581749,100,236,0.03,3,0.45,0.1,50,0.05,2,0.770833333333333,0.3106060606060606,0.03598484848484849,0.018939393939393936
6524,random,inv_degree,6582758,100,228,0.03,3,0.45,0.1,50,0.03,0,0.7670807453416147,0.30279503105590067,0.043478260869565216,0.0170807453416149
6525,random,inv_degree,6583767,100,265,0.03,3,0.45,0.1,50,0.04,1,0.7104477611940297,0.19402985074626866,0.0,0.0
6526,random,inv_degree,6584776,100,244,0.03,3,0.45,0.1,50,0.08,2,0.7064606741573032,0.22331460674157297,0.01685393258426966,0.01685393258426966
6527,random,inv_degree,6585785,100,213,0.03,3,0.45,0.1,50,0.06,1,0.7136498516320479,0.1973293768545995,0.032640949554896145,0.032640949554896145
6528,random,inv_degree,6586794,100,272,0.03,3,0.45,0.1,50,0.06,1,0.7225609756097562,0.17530487804878048,0.018292682926829267,0.018292682926829267
6529,random,inv_degree,6587803,100,256,0.03,3,0.45,0.1,50,0.1,3,0.6394557823129254,0.12925170068027209,0.018707482993197275,0.018707482993197275
6530,random,inv_degree,6588812,100,231,0.03,3,0.45,0.1,50,0.06,2,0.7398119122257052,0.20062695924764895,0.017241379310344824,0.017241379310344824
6531,random,inv_degree,6589821,100,252,0.03,3,0.45,0.1,50,0.04,1,0.7768456375838927,0.25,0.016778523489932886,0.0
6532,random,inv_degree,6590830,100,270,0.03,3,0.45,0.1,50,0.04,1,0.7227272727272726,0.18030303030303035,0.01818181818181818,0.01818181818181818
6533,random,inv_degree,6591839,100,232,0.03,3,0.45,0.1,50,0.05,1,0.705128205128205,0.21474358974358973,0.08653846153846152,0.04487179487179486
6534,random,inv_degree,6592848,100,224,0.03,3,0.45,0.1,50,0.06,2,0.7427536231884058,0.23913043478260862,0.030797101449275357,0.0
6535,random,inv_degree,6593857,100,239,0.03,3,0.45,0.1,50,0.06,2,0.777251184834123,0.3222748815165875,0.06161137440758289,0.04265402843601891
6536,random,inv_degree,6594866,100,234,0.03,3,0.45,0.1,50,0.06,1,0.698087431693989,0.2418032786885246,0.03142076502732241,0.01639344262295082
6537,random,inv_degree,6595875,100,246,0.03,3,0.45,0.1,50,0.08,2,0.6891447368421054,0.13486842105263155,0.03618421052631578,0.03618421052631578
6538,random,inv_degree,6596884,100,247,0.03,3,0.45,0.1,50,0.07,3,0.681818181818182,0.13241106719367593,0.01383399209486167,0.0
6539,random,inv_degree,6597893,100,280,0.03,3,0.45,0.1,50,0.03,0,0.7154761904761905,0.19880952380952382,0.02976190476190476,0.0
6540,random,inv_degree,6598902,100,236,0.03,3,0.45,0.1,50,0.04,1,0.7916666666666669,0.350378787878788,0.07007575757575761,0.037878787878787894
6541,random,inv_degree,6599911,100,246,0.03,3,0.45,0.1,50,0.06,2,0.7088815789473684,0.18914473684210514,0.032894736842105254,0.0
6542,random,inv_degree,6600920,100,236,0.03,3,0.45,0.1,50,0.08,2,0.7149532710280373,0.27336448598130836,0.037383177570093455,0.0
6543,random,inv_degree,6601929,100,241,0.03,3,0.45,0.1,50,0.07,2,0.7239382239382236,0.29536679536679544,0.019305019305019305,0.019305019305019305
6544,random,inv_degree,6602938,100,249,0.03,3,0.45,0.1,50,0.06,2,0.7430278884462149,0.23505976095617526,0.05976095617529879,0.05976095617529879
6545,random,inv_degree,6603947,100,268,0.03,3,0.45,0.1,50,0.03,0,0.7624113475177302,0.22695035460992885,0.0,0.0
6546,random,inv_degree,6604956,100,248,0.03,3,0.45,0.1,50,0.04,1,0.7516556291390731,0.22185430463576167,0.052980132450331126,0.03642384105960264
6547,random,inv_degree,6605965,100,292,0.03,3,0.45,0.1,50,0.04,1,0.7126623376623373,0.11363636363636356,0.01948051948051947,0.01948051948051947
6548,random,inv_degree,6606974,100,249,0.03,3,0.45,0.1,50,0.09,2,0.7290836653386455,0.2689243027888448,0.03585657370517932,0.0
6549,random,inv_degree,6607983,100,244,0.03,3,0.45,0.1,50,0.06,2,0.7612359550561798,0.24719101123595513,0.047752808988764064,0.016853932584269666
6550,random,inv_degree,6608992,100,250,0.03,3,0.45,0.1,50,0.03,0,0.7628571428571429,0.32571428571428573,0.048571428571428585,0.017142857142857144
6551,random,inv_degree,6610001,100,258,0.03,3,0.45,0.1,50,0.05,2,0.7174657534246575,0.17123287671232862,0.0,0.0
6552,random,inv_degree,6611010,100,228,0.03,3,0.45,0.1,50,0.07,2,0.7593167701863355,0.28105590062111796,0.02795031055900621,0.0
6553,random,inv_degree,6612019,100,235,0.03,3,0.45,0.1,50,0.03,0,0.8023255813953488,0.30697674418604637,0.034883720930232544,0.0
6554,random,inv_degree,6613028,100,272,0.03,3,0.45,0.1,50,0.05,1,0.7587719298245614,0.28728070175438614,0.0,0.0
6555,random,inv_degree,6614037,100,252,0.03,3,0.45,0.1,50,0.06,2,0.6912751677852351,0.14093959731543626,0.0,0.0
6556,random,inv_degree,6615046,100,242,0.03,3,0.45,0.1,50,0.08,3,0.6574675324675325,0.1639610389610389,0.0,0.0
6557,random,inv_degree,6616055,100,252,0.03,3,0.45,0.1,50,0.05,1,0.7114093959731546,0.24999999999999997,0.016778523489932886,0.0
6558,random,inv_degree,6617064,100,240,0.03,3,0.45,0.1,50,0.06,1,0.7291666666666665,0.2791666666666665,0.0,0.0
6559,random,inv_degree,6618073,100,263,0.03,3,0.45,0.1,50,0.06,2,0.724738675958188,0.18989547038327514,0.0,0.0
6560,random,inv_degree,6619082,100,241,0.03,3,0.45,0.1,50,0.05,1,0.7508090614886734,0.2880258899676377,0.033980582524271864,0.017799352750809065
6561,random,inv_degree,6620091,100,227,0.03,3,0.45,0.1,50,0.07,2,0.6916890080428951,0.19571045576407498,0.014745308310991958,0.0
6562,random,inv_degree,6621100,100,229,0.03,3,0.45,0.1,50,0.08,1,0.7456140350877192,0.2923976608187134,0.0847953216374269,0.04678362573099415
6563,random,inv_degree,6622109,100,253,0.03,3,0.45,0.1,50,0.04,1,0.8324873096446699,0.2842639593908629,0.0,0.0
6564,random,inv_degree,6623118,100,262,0.03,3,0.45,0.1,50,0.04,1,0.7447916666666671,0.3177083333333334,0.019097222222222217,0.019097222222222217
6565,random,inv_degree,6624127,100,273,0.03,3,0.45,0.1,50,0.05,1,0.7110091743119266,0.1712538226299694,0.0,0.0
6566,random,inv_degree,6625136,100,249,0.03,3,0.45,0.1,50,0.06,1,0.700854700854701,0.2763532763532764,0.014245014245014244,0.0
6567,random,inv_degree,6626145,100,242,0.03,3,0.45,0.1,50,0.04,1,0.7383720930232559,0.26744186046511625,0.019379844961240313,0.019379844961240313
6568,random,inv_degree,6627154,100,257,0.03,3,0.45,0.1,50,0.06,1,0.721374045801527,0.1653944020356233,0.0,0.0
6569,random,inv_degree,6628163,100,252,0.03,3,0.45,0.1,50,0.05,1,0.7580645161290321,0.29233870967741943,0.0,0.0
6570,random,inv_degree,6629172,100,231,0.03,3,0.45,0.1,50,0.06,1,0.7507836990595611,0.27115987460815055,0.06269592476489029,0.017241379310344827
6571,random,inv_degree,6630181,100,262,0.03,3,0.45,0.1,50,0.09,3,0.645833333333333,0.11111111111111105,0.0,0.0
6572,random,inv_degree,6631190,100,235,0.03,3,0.45,0.1,50,0.08,2,0.6506849315068491,0.22465753424657534,0.016438356164383557,0.016438356164383557
6573,random,inv_degree,6632199,100,250,0.03,3,0.45,0.1,50,0.07,1,0.7185714285714285,0.24285714285714283,0.04714285714285713,0.017142857142857137
6574,random,inv_degree,6633208,100,267,0.03,3,0.45,0.1,50,0.05,1,0.7261484098939928,0.20848056537102477,0.015901060070671373,0.0
6575,random,inv_degree,6634217,100,265,0.03,3,0.45,0.1,50,0.05,1,0.7373134328358212,0.15970149253731347,0.03582089552238806,0.03582089552238806
6576,random,inv_degree,6635226,100,252,0.03,3,0.45,0.1,50,0.05,1,0.7516778523489932,0.25671140939597303,0.016778523489932883,0.0
6577,random,inv_degree,6636235,100,268,0.03,3,0.45,0.1,50,0.07,2,0.6762048192771087,0.1912650602409639,0.018072289156626512,0.018072289156626512
6578,random,inv_degree,6637244,100,233,0.03,3,0.45,0.1,50,0.09,2,0.6757493188010898,0.13079019073569487,0.0,0.0
6579,random,inv_degree,6638253,100,235,0.03,3,0.45,0.1,50,0.06,2,0.7333333333333332,0.1968253968253968,0.0,0.0
6580,random,inv_degree,6639262,100,266,0.03,3,0.45,0.1,50,0.05,1,0.7693661971830983,0.30633802816901406,0.03697183098591548,0.01936619718309858
6581,random,inv_degree,6640271,100,263,0.03,3,0.45,0.1,50,0.04,1,0.7172995780590714,0.2426160337552743,0.0,0.0
6582,random,inv_degree,6641280,100,234,0.03,3,0.45,0.1,50,0.03,0,0.8270676691729325,0.2969924812030077,0.04699248120300754,0.0
6583,random,inv_degree,6642289,100,243,0.03,3,0.45,0.1,50,0.06,2,0.7475570032573287,0.22149837133550476,0.030944625407166113,0.0
6584,random,inv_degree,6643298,100,253,0.03,3,0.45,0.1,50,0.07,3,0.7138047138047138,0.17003367003366995,0.016835016835016828,0.0
6585,random,inv_degree,6644307,100,243,0.03,3,0.45,0.1,50,0.05,1,0.6938110749185663,0.20684039087947861,0.016286644951140055,0.0
6586,random,inv_degree,6645316,100,266,0.03,3,0.45,0.1,50,0.05,2,0.7359154929577464,0.22711267605633792,0.015845070422535194,0.0
6587,random,inv_degree,6646325,100,232,0.03,3,0.45,0.1,50,0.05,2,0.7742537313432837,0.25000000000000006,0.016791044776119417,0.0
6588,random,inv_degree,6647334,100,249,0.03,3,0.45,0.1,50,0.05,1,0.7475083056478404,0.24584717607973422,0.01661129568106312,0.0
6589,random,inv_degree,6648343,100,234,0.03,3,0.45,0.1,50,0.03,0,0.7594936708860762,0.26582278481012683,0.06803797468354433,0.05221518987341774
6590,random,inv_degree,6649352,100,260,0.03,3,0.45,0.1,50,0.05,1,0.7583333333333332,0.19583333333333336,0.01875000000000001,0.0
6591,random,inv_degree,6650361,100,265,0.03,3,0.45,0.1,50,0.06,1,0.6807017543859647,0.14385964912280697,0.0,0.0
6592,random,inv_degree,6651370,100,241,0.03,3,0.45,0.1,50,0.05,1,0.7556634304207117,0.22977346278317137,0.016181229773462782,0.0
6593,random,inv_degree,6652379,100,231,0.03,3,0.45,0.1,50,0.05,1,0.6563245823389022,0.19093078758949883,0.029832935560859197,0.015513126491646781
6594,random,inv_degree,6653388,100,228,0.03,3,0.45,0.1,50,0.05,1,0.7375776397515532,0.3043478260869567,0.09316770186335407,0.03416149068322982
6595,random,inv_degree,6654397,100,241,0.03,3,0.45,0.1,50,0.05,1,0.7683397683397686,0.2741312741312742,0.03667953667953669,0.019305019305019305
6596,random,inv_degree,6655406,100,274,0.03,3,0.45,0.1,50,0.09,3,0.6576086956521742,0.1884057971014492,0.0,0.0
6597,random,inv_degree,6656415,100,234,0.03,3,0.45,0.1,50,0.12,5,0.5450819672131149,0.11612021857923498,0.01639344262295082,0.01639344262295082
6598,random,inv_degree,6657424,100,255,0.03,3,0.45,0.1,50,0.08,2,0.6910112359550561,0.13033707865168542,0.014606741573033712,0.0
6599,random,inv_degree,6658433,100,251,0.03,3,0.45,0.1,50,0.04,1,0.7157190635451505,0.2341137123745819,0.0,0.0
6600,random,inv_degree,6659442,100,274,0.03,3,0.45,0.1,50,0.06,1,0.6993865030674848,0.14877300613496935,0.03680981595092025,0.03680981595092025
6601,random,inv_degree,6660451,100,247,0.03,3,0.45,0.1,50,0.06,1,0.6954674220963172,0.21813031161473082,0.03399433427762039,0.03399433427762039
6602,random,inv_degree,6661460,100,269,0.03,3,0.45,0.1,50,0.05,1,0.7145015105740185,0.18126888217522663,0.034743202416918445,0.018126888217522664
6603,random,inv_degree,6662469,100,247,0.03,3,0.45,0.1,50,0.04,1,0.7332015810276676,0.24505928853754927,0.037549407114624504,0.019762845849802365
6604,random,inv_degree,6663478,100,258,0.03,3,0.45,0.1,50,0.06,2,0.7032163742690059,0.17251461988304093,0.017543859649122806,0.017543859649122806
6605,random,inv_degree,6664487,100,225,0.03,3,0.45,0.1,50,0.08,3,0.7076923076923074,0.283076923076923,0.07846153846153847,0.016923076923076916
6606,random,inv_degree,6665496,100,254,0.03,3,0.45,0.1,50,0.06,2,0.6719653179190752,0.18352601156069367,0.017341040462427747,0.017341040462427747
6607,random,inv_degree,6666505,100,251,0.03,3,0.45,0.1,50,0.09,2,0.6466165413533838,0.1892230576441103,0.06265664160401004,0.03258145363408522
6608,random,inv_degree,6667514,100,254,0.03,3,0.45,0.1,50,0.07,1,0.7163677130044844,0.1715246636771301,0.01569506726457399,0.01569506726457399
6609,random,inv_degree,6668523,100,233,0.03,3,0.45,0.1,50,0.07,1,0.7413249211356466,0.20820189274447942,0.04889589905362774,0.034700315457413235
6610,random,inv_degree,6669532,100,243,0.03,3,0.45,0.1,50,0.08,2,0.6840390879478828,0.12052117263843645,0.0,0.0
6611,random,inv_degree,6670541,100,251,0.03,3,0.45,0.1,50,0.05,1,0.7491638795986625,0.3210702341137125,0.018394648829431436,0.018394648829431436
6612,random,inv_degree,6671550,100,271,0.03,3,0.45,0.1,50,0.04,1,0.7724014336917565,0.18100358422939075,0.0,0.0
6613,random,inv_degree,6672559,100,244,0.03,3,0.45,0.1,50,0.05,1,0.776143790849673,0.24836601307189538,0.031045751633986922,0.0
6614,random,inv_degree,6673568,100,261,0.03,3,0.45,0.1,50,0.04,1,0.740484429065744,0.23356401384083045,0.017301038062283742,0.0
6615,random,inv_degree,6674577,100,252,0.03,3,0.45,0.1,50,0.03,0,0.7651006711409397,0.1979865771812081,0.0,0.0
6616,random,inv_degree,6675586,100,246,0.03,3,0.45,0.1,50,0.06,1,0.6878531073446331,0.15536723163841806,0.016949152542372878,0.016949152542372878
6617,random,inv_degree,6676595,100,252,0.03,3,0.45,0.1,50,0.05,1,0.7842741935483869,0.286290322580645,0.03629032258064514,0.020161290322580634
6618,random,inv_degree,6677604,100,252,0.03,3,0.45,0.1,50,0.06,1,0.7083333333333334,0.1724137931034483,0.0,0.0
6619,random,inv_degree,6678613,100,248,0.03,3,0.45,0.1,50,0.05,1,0.7376237623762376,0.2524752475247524,0.012376237623762363,0.0
6620,random,inv_degree,6679622,100,236,0.03,3,0.45,0.1,50,0.05,1,0.7087912087912088,0.17582417582417584,0.02884615384615384,0.0
6621,random,inv_degree,6680631,100,258,0.03,3,0.45,0.1,50,0.05,1,0.7363013698630138,0.19863013698630147,0.0,0.0
6622,random,inv_degree,6681640,100,245,0.03,3,0.45,0.1,50,0.04,1,0.7568627450980392,0.29607843137254897,0.05098039215686274,0.0196078431372549
6623,random,inv_degree,6682649,100,257,0.03,3,0.45,0.1,50,0.07,1,0.7235494880546075,0.2081911262798635,0.0,0.0
6624,random,inv_degree,6683658,100,256,0.03,3,0.45,0.1,50,0.06,1,0.687817258883249,0.17385786802030456,0.016497461928934008,0.016497461928934008
6625,random,inv_degree,6684667,100,239,0.03,3,0.45,0.1,50,0.04,1,0.7701149425287357,0.34865900383141774,0.0517241379310345,0.01915708812260537
6626,random,inv_degree,6685676,100,276,0.03,3,0.45,0.1,50,0.03,0,0.7390510948905109,0.12591240875912407,0.0,0.0
6627,random,inv_degree,6686685,100,227,0.03,3,0.45,0.1,50,0.04,1,0.7533632286995516,0.3318385650224215,0.017937219730941707,0.0
6628,random,inv_degree,6687694,100,240,0.03,3,0.45,0.1,50,0.04,1,0.8096774193548387,0.31935483870967735,0.07419354838709674,0.01774193548387096
6629,random,inv_degree,6688703,100,227,0.03,3,0.45,0.1,50,0.06,1,0.7492260061919507,0.2368421052631578,0.07739938080495354,0.01702786377708977
6630,random,inv_degree,6689712,100,250,0.03,3,0.45,0.1,50,0.04,1,0.7825,0.23999999999999985,0.04249999999999996,0.022499999999999975
6631,random,inv_degree,6690721,100,257,0.03,3,0.45,0.1,50,0.05,1,0.7235494880546076,0.1655290102389078,0.0,0.0
6632,random,inv_degree,6691730,100,227,0.03,3,0.45,0.1,50,0.05,1,0.7399103139013458,0.27354260089686094,0.020179372197309406,0.020179372197309406
6633,random,inv_degree,6692739,100,224,0.03,3,0.45,0.1,50,0.08,1,0.68218085106383,0.25132978723404265,0.06250000000000003,0.04787234042553193
6634,random,inv_degree,6693748,100,236,0.03,3,0.45,0.1,50,0.04,1,0.8084112149532711,0.3200934579439252,0.03504672897196261,0.0
6635,random,inv_degree,6694757,100,236,0.03,3,0.45,0.1,50,0.03,0,0.7582417582417581,0.2870879120879121,0.03296703296703297,0.03296703296703297
6636,random,inv_degree,6695766,100,240,0.03,3,0.45,0.1,50,0.07,2,0.7225806451612904,0.22580645161290325,0.017741935483870964,0.017741935483870964
6637,random,inv_degree,6696775,100,270,0.03,3,0.45,0.1,50,0.05,1,0.7242424242424237,0.23636363636363622,0.018181818181818167,0.018181818181818167
6638,random,inv_degree,6697784,100,201,0.03,3,0.45,0.1,50,0.07,2,0.7492836676217768,0.36819484240687694,0.055873925501432706,0.015759312320916912
6639,random,inv_degree,6698793,100,243,0.03,3,0.45,0.1,50,0.03,0,0.7212885154061623,0.23109243697478998,0.0,0.0
6640,random,inv_degree,6699802,100,275,0.03,3,0.45,0.1,50,0.06,2,0.6707692307692309,0.15538461538461534,0.0,0.0
6641,random,inv_degree,6700811,100,265,0.03,3,0.45,0.1,50,0.04,1,0.7789473684210524,0.11052631578947361,0.0,0.0
6642,random,inv_degree,6701820,100,224,0.03,3,0.45,0.1,50,0.05,2,0.7515337423312883,0.3665644171779143,0.07515337423312889,0.016871165644171782
6643,random,inv_degree,6702829,100,231,0.03,3,0.45,0.1,50,0.04,1,0.8150684931506849,0.36073059360730597,0.10730593607305934,0.05707762557077625
6644,random,inv_degree,6703838,100,271,0.03,3,0.45,0.1,50,0.07,1,0.7051671732522795,0.1930091185410334,0.0303951367781155,0.0
6645,random,inv_degree,6704847,100,234,0.03,3,0.45,0.1,50,0.07,3,0.6898496240601507,0.17857142857142863,0.018796992481203013,0.018796992481203013
6646,random,inv_degree,6705856,100,243,0.03,3,0.45,0.1,50,0.07,3,0.6744471744471744,0.18304668304668306,0.061425061425061434,0.03194103194103194
6647,random,inv_degree,6706865,100,251,0.03,3,0.45,0.1,50,0.04,1,0.7791164658634537,0.2208835341365461,0.020080321285140562,0.020080321285140562
6648,random,inv_degree,6707874,100,251,0.03,3,0.45,0.1,50,0.04,1,0.7408026755852842,0.21571906354515044,0.0,0.0
6649,random,inv_degree,6708883,100,284,0.03,3,0.45,0.1,50,0.03,0,0.8253012048192772,0.2771084337349397,0.0,0.0
6650,random,inv_degree,6709892,100,245,0.03,3,0.45,0.1,50,0.05,1,0.7577464788732395,0.2338028169014084,0.015492957746478877,0.0
6651,random,inv_degree,6710901,100,225,0.03,3,0.45,0.1,50,0.07,2,0.7307692307692304,0.27384615384615374,0.1138461538461538,0.08461538461538458
6652,random,inv_degree,6711910,100,261,0.03,3,0.45,0.1,50,0.06,2,0.6695501730103807,0.1747404844290657,0.0,0.0
6653,random,inv_degree,6712919,100,243,0.03,3,0.45,0.1,50,0.05,1,0.7254901960784316,0.2563025210084035,0.029411764705882363,0.0
6654,random,inv_degree,6713928,100,249,0.03,3,0.45,0.1,50,0.05,1,0.7342192691029898,0.14451827242524906,0.0,0.0
6655,random,inv_degree,6714937,100,267,0.03,3,0.45,0.1,50,0.06,2,0.7084805653710243,0.1378091872791519,0.0,0.0
6656,random,inv_degree,6715946,100,258,0.03,3,0.45,0.1,50,0.04,1,0.7397260273972602,0.19349315068493148,0.017123287671232876,0.0
6657,random,inv_degree,6716955,100,281,0.03,3,0.45,0.1,50,0.06,1,0.6273712737127375,0.11246612466124664,0.05149051490514907,0.03523035230352304
6658,random,inv_degree,6717964,100,215,0.03,3,0.45,0.1,50,0.09,2,0.6793103448275866,0.18735632183908052,0.014942528735632187,0.014942528735632187
6659,random,inv_degree,6718973,100,245,0.03,3,0.45,0.1,50,0.03,0,0.7725490196078433,0.37058823529411766,0.08039215686274508,0.019607843137254898
6660,random,inv_degree,6719982,100,215,0.03,3,0.45,0.1,50,0.11,3,0.6789473684210529,0.2614035087719299,0.08421052631578951,0.0
6661,random,inv_degree,6720991,100,268,0.03,3,0.45,0.1,50,0.03,0,0.7290575916230365,0.15445026178010468,0.0,0.0
6662,random,inv_degree,6722000,100,266,0.03,3,0.45,0.1,50,0.04,1,0.7258064516129032,0.20506912442396313,0.0,0.0
6663,random,inv_degree,6723009,100,239,0.03,3,0.45,0.1,50,0.1,4,0.6704980842911878,0.13984674329501917,0.0,0.0
6664,random,inv_degree,6724018,100,241,0.03,3,0.45,0.1,50,0.07,3,0.7297297297297297,0.3262548262548264,0.05212355212355213,0.03861003861003861
6665,random,inv_degree,6725027,100,266,0.03,3,0.45,0.1,50,0.04,1,0.7588028169014087,0.24119718309859167,0.07218309859154932,0.038732394366197194
6666,random,inv_degree,6726036,100,236,0.03,3,0.45,0.1,50,0.05,1,0.7329545454545452,0.24431818181818174,0.018939393939393936,0.018939393939393936
6667,random,inv_degree,6727045,100,230,0.03,3,0.45,0.1,50,0.05,1,0.7685185185185183,0.32407407407407407,0.05185185185185185,0.018518518518518514
6668,random,inv_degree,6728054,100,258,0.03,3,0.45,0.1,50,0.05,1,0.6855203619909506,0.15950226244343896,0.04411764705882356,0.02941176470588237
6669,random,inv_degree,6729063,100,262,0.03,3,0.45,0.1,50,0.04,1,0.7326388888888888,0.1354166666666666,0.0,0.0
6670,random,inv_degree,6730072,100,265,0.03,3,0.45,0.1,50,0.03,0,0.803508771929825,0.2719298245614035,0.0,0.0
6671,random,inv_degree,6731081,100,265,0.03,3,0.45,0.1,50,0.04,1,0.7864864864864864,0.20270270270270271,0.0,0.0
6672,random,inv_degree,6732090,100,256,0.03,3,0.45,0.1,50,0.03,0,0.7517006802721089,0.3316326530612245,0.015306122448979588,0.0
6673,random,inv_degree,6733099,100,236,0.03,3,0.45,0.1,50,0.03,0,0.7689393939393937,0.29356060606060624,0.018939393939393947,0.018939393939393947
6674,random,inv_degree,6734108,100,259,0.03,3,0.45,0.1,50,0.05,1,0.7422680412371133,0.23539518900343637,0.017182130584192438,0.0
6675,random,inv_degree,6735117,100,250,0.03,3,0.45,0.1,50,0.06,1,0.717142857142857,0.12000000000000001,0.0,0.0
6676,random,inv_degree,6736126,100,262,0.03,3,0.45,0.1,50,0.03,0,0.7573964497041421,0.18195266272189353,0.017751479289940832,0.017751479289940832
6677,random,inv_degree,6737135,100,228,0.03,3,0.45,0.1,50,0.09,2,0.6959459459459456,0.24324324324324312,0.04054054054054051,0.04054054054054051
6678,random,inv_degree,6738144,100,279,0.03,3,0.45,0.1,50,0.03,0,0.7638376383763839,0.17527675276752763,0.014760147601476014,0.0
6679,random,inv_degree,6739153,100,247,0.03,3,0.45,0.1,50,0.07,1,0.6916996047430831,0.24110671936758904,0.053359683794466435,0.019762845849802382
6680,random,inv_degree,6740162,100,254,0.03,3,0.45,0.1,50,0.06,2,0.7297297297297299,0.21790540540540543,0.01858108108108108,0.01858108108108108
6681,random,inv_degree,6741171,100,271,0.03,3,0.45,0.1,50,0.03,0,0.7401433691756275,0.21505376344086022,0.01971326164874551,0.01971326164874551
6682,random,inv_degree,6742180,100,259,0.03,3,0.45,0.1,50,0.06,2,0.7219917012448132,0.30082987551867224,0.03734439834024896,0.020746887966804982
6683,random,inv_degree,6743189,100,208,0.03,3,0.45,0.1,50,0.07,1,0.7438016528925621,0.29958677685950413,0.06404958677685949,0.037190082644628086
6684,random,inv_degree,6744198,100,253,0.03,3,0.45,0.1,50,0.04,1,0.7291066282420747,0.1037463976945245,0.017291066282420747,0.017291066282420747
6685,random,inv_degree,6745207,100,264,0.03,3,0.45,0.1,50,0.04,1,0.6815476190476192,0.13839285714285718,0.0,0.0
6686,random,inv_degree,6746216,100,263,0.03,3,0.45,0.1,50,0.03,0,0.7665505226480835,0.3013937282229964,0.017421602787456445,0.0
6687,random,inv_degree,6747225,100,246,0.03,3,0.45,0.1,50,0.03,0,0.6967821782178218,0.172029702970297,0.0,0.0
6688,random,inv_degree,6748234,100,250,0.03,3,0.45,0.1,50,0.04,1,0.7900000000000003,0.3540000000000001,0.018000000000000013,0.0
6689,random,inv_degree,6749243,100,223,0.03,3,0.45,0.1,50,0.04,1,0.7617328519855596,0.3212996389891698,0.0,0.0
6690,random,inv_degree,6750252,100,245,0.03,3,0.45,0.1,50,0.08,2,0.6704918032786882,0.22295081967213104,0.050819672131147534,0.018032786885245893
6691,random,inv_degree,6751261,100,246,0.03,3,0.45,0.1,50,0.08,2,0.6929133858267715,0.2244094488188976,0.05708661417322835,0.03937007874015748
6692,random,inv_degree,6752270,100,241,0.03,3,0.45,0.1,50,0.07,1,0.7200647249190936,0.134304207119741,0.0,0.0
6693,random,inv_degree,6753279,100,261,0.03,3,0.45,0.1,50,0.03,0,0.7664359861591695,0.2283737024221455,0.03460207612456749,0.0
6694,random,inv_degree,6754288,100,231,0.03,3,0.45,0.1,50,0.07,2,0.7147335423197493,0.24921630094043898,0.047021943573667714,0.017241379310344827
6695,random,inv_degree,6755297,100,265,0.03,3,0.45,0.1,50,0.05,1,0.7319148936170213,0.20425531914893622,0.057446808510638325,0.0
6696,random,inv_degree,6756306,100,252,0.03,3,0.45,0.1,50,0.03,0,0.7758620689655178,0.24856321839080467,0.04741379310344829,0.01724137931034483
6697,random,inv_degree,6757315,100,259,0.03,3,0.45,0.1,50,0.08,2,0.706806282722513,0.2486910994764398,0.0,0.0
6698,random,inv_degree,6758324,100,252,0.03,3,0.45,0.1,50,0.06,1,0.7727272727272727,0.26010101010101006,0.020202020202020204,0.0
6699,random,inv_degree,6759333,100,240,0.03,3,0.45,0.1,50,0.03,0,0.8261904761904759,0.3309523809523807,0.04285714285714282,0.04285714285714282
6700,random,inv_degree,6760342,100,254,0.03,3,0.45,0.1,50,0.03,0,0.7723577235772358,0.2621951219512196,0.03658536585365854,0.020325203252032523
6701,random,inv_degree,6761351,100,261,0.03,3,0.45,0.1,50,0.03,0,0.7719665271966529,0.20920502092050217,0.020920502092050215,0.020920502092050215
6702,random,inv_degree,6762360,100,249,0.03,3,0.45,0.1,50,0.04,1,0.7591362126245844,0.18604651162790692,0.0,0.0
6703,random,inv_degree,6763369,100,220,0.03,3,0.45,0.1,50,0.08,2,0.7106060606060605,0.243939393939394,0.06060606060606062,0.016666666666666666
6704,random,inv_degree,6764378,100,273,0.03,3,0.45,0.1,50,0.04,1,0.7262996941896025,0.16819571865443428,0.0,0.0
6705,random,inv_degree,6765387,100,269,0.03,3,0.45,0.1,50,0.1,3,0.6115485564304464,0.07086614173228348,0.0,0.0
6706,random,inv_degree,6766396,100,256,0.03,3,0.45,0.1,50,0.06,2,0.7074829931972786,0.12244897959183665,0.01870748299319726,0.01870748299319726
6707,random,inv_degree,6767405,100,243,0.03,3,0.45,0.1,50,0.05,1,0.6666666666666667,0.12184873949579836,0.0,0.0
6708,random,inv_degree,6768414,100,267,0.03,3,0.45,0.1,50,0.04,1,0.7207207207207209,0.20570570570570576,0.01651651651651653,0.0
6709,random,inv_degree,6769423,100,256,0.03,3,0.45,0.1,50,0.03,0,0.8012295081967208,0.2479508196721311,0.020491803278688516,0.020491803278688516
6710,random,inv_degree,6770432,100,271,0.03,3,0.45,0.1,50,0.08,4,0.6443768996960486,0.0851063829787234,0.0,0.0
6711,random,inv_degree,6771441,100,223,0.03,3,0.45,0.1,50,0.04,1,0.7148014440433214,0.25631768953068595,0.046931407942238296,0.0
6712,random,inv_degree,6772450,100,249,0.03,3,0.45,0.1,50,0.07,2,0.657427937915743,0.11640798226164079,0.015521064301552102,0.015521064301552102
6713,random,inv_degree,6773459,100,242,0.03,3,0.45,0.1,50,0.07,1,0.6542207792207793,0.1493506493506494,0.01623376623376624,0.0
6714,random,inv_degree,6774468,100,271,0.03,3,0.45,0.1,50,0.05,1,0.7124010554089708,0.19788918205804748,0.0158311345646438,0.0
6715,random,inv_degree,6775477,100,226,0.03,3,0.45,0.1,50,0.04,1,0.7937956204379558,0.32481751824817523,0.06751824817518251,0.051094890510948926
6716,random,inv_degree,6776486,100,228,0.03,3,0.45,0.1,50,0.1,3,0.6666666666666664,0.20945945945945935,0.036036036036036,0.02027027027027025
6717,random,inv_degree,6777495,100,263,0.03,3,0.45,0.1,50,0.04,1,0.8037974683544306,0.358649789029536,0.03797468354430381,0.0
6718,random,inv_degree,6778504,100,253,0.03,3,0.45,0.1,50,0.05,2,0.7424242424242422,0.1784511784511783,0.033670033670033656,0.0
6719,random,inv_degree,6779513,100,253,0.03,3,0.45,0.1,50,0.06,2,0.6945244956772335,0.17146974063400583,0.015850144092219028,0.0
6720,random,inv_degree,6780522,100,251,0.03,3,0.45,0.1,50,0.04,1,0.7357859531772578,0.19732441471571904,0.0,0.0
6721,random,inv_degree,6781531,100,230,0.03,3,0.45,0.1,50,0.06,1,0.7453125,0.37812500000000004,0.06093749999999999,0.034374999999999996
6722,random,inv_degree,6782540,100,240,0.03,3,0.45,0.1,50,0.05,1,0.7653846153846156,0.2884615384615386,0.017307692307692326,0.0
6723,random,inv_degree,6783549,100,252,0.03,3,0.45,0.1,50,0.04,1,0.7298850574712646,0.15086206896551724,0.0,0.0
6724,random,inv_degree,6784558,100,252,0.03,3,0.45,0.1,50,0.04,1,0.7626262626262621,0.20202020202020185,0.060606060606060545,0.0227272727272727
6725,random,inv_degree,6785567,100,260,0.03,3,0.45,0.1,50,0.03,0,0.7103448275862068,0.2137931034482758,0.0,0.0
6726,random,inv_degree,6786576,100,239,0.03,3,0.45,0.1,50,0.05,2,0.6864951768488748,0.21864951768488755,0.0482315112540193,0.017684887459807074
6727,random,inv_degree,6787585,100,259,0.03,3,0.45,0.1,50,0.04,1,0.7027491408934708,0.18556701030927827,0.0,0.0
6728,random,inv_degree,6788594,100,260,0.03,3,0.45,0.1,50,0.05,1,0.7708333333333335,0.20000000000000007,0.0,0.0
6729,random,inv_degree,6789603,100,252,0.03,3,0.45,0.1,50,0.04,1,0.7130872483221474,0.21308724832214768,0.03187919463087248,0.0
6730,random,inv_degree,6790612,100,272,0.03,3,0.45,0.1,50,0.04,1,0.7088414634146345,0.19817073170731705,0.0,0.0
6731,random,inv_degree,6791621,100,291,0.03,3,0.45,0.1,50,0.04,1,0.7103064066852369,0.16295264623955438,0.018105849582172706,0.018105849582172706
6732,random,inv_degree,6792630,100,280,0.03,3,0.45,0.1,50,0.04,1,0.7185185185185183,0.2129629629629629,0.038888888888888876,0.020370370370370358
6733,random,inv_degree,6793639,100,257,0.03,3,0.45,0.1,50,0.05,1,0.7303206997084548,0.12827988338192414,0.0,0.0
6734,random,inv_degree,6794648,100,251,0.03,3,0.45,0.1,50,0.06,1,0.7249283667621775,0.18481375358166188,0.015759312320916912,0.0
6735,random,inv_degree,6795657,100,243,0.03,3,0.45,0.1,50,0.05,1,0.728013029315961,0.20032573289902272,0.016286644951140062,0.0
6736,random,inv_degree,6796666,100,237,0.03,3,0.45,0.1,50,0.06,2,0.7332268370607026,0.31629392971245984,0.012779552715654946,0.0
6737,random,inv_degree,6797675,100,218,0.03,3,0.45,0.1,50,0.04,1,0.767015706806283,0.3468586387434556,0.04188481675392672,0.0
6738,random,inv_degree,6798684,100,260,0.03,3,0.45,0.1,50,0.04,1,0.7411764705882353,0.1397058823529412,0.0,0.0
6739,random,inv_degree,6799693,100,257,0.03,3,0.45,0.1,50,0.04,1,0.7317784256559767,0.19096209912536447,0.03352769679300292,0.01749271137026239
6740,random,inv_degree,6800702,100,223,0.03,3,0.45,0.1,50,0.07,2,0.738726790450928,0.29442970822281156,0.04244031830238725,0.015915119363395222
6741,random,inv_degree,6801711,100,242,0.03,3,0.45,0.1,50,0.06,1,0.7262569832402236,0.17318435754189943,0.0,0.0
6742,random,inv_degree,6802720,100,249,0.03,3,0.45,0.1,50,0.04,1,0.7749003984063744,0.20916334661354583,0.019920318725099605,0.019920318725099605
6743,random,inv_degree,6803729,100,241,0.03,3,0.45,0.1,50,0.04,1,0.7818532818532821,0.26254826254826263,0.0366795366795367,0.019305019305019315
6744,random,inv_degree,6804738,100,252,0.03,3,0.45,0.1,50,0.06,1,0.7358870967741935,0.1895161290322581,0.0,0.0
6745,random,inv_degree,6805747,100,255,0.03,3,0.45,0.1,50,0.05,1,0.7028985507246374,0.14782608695652164,0.017391304347826077,0.017391304347826077
6746,random,inv_degree,6806756,100,267,0.03,3,0.45,0.1,50,0.03,0,0.7561837455830387,0.1766784452296819,0.0,0.0
6747,random,inv_degree,6807765,100,237,0.03,3,0.45,0.1,50,0.06,1,0.7316293929712461,0.2156549520766772,0.03354632587859424,0.017571884984025548
6748,random,inv_degree,6808774,100,271,0.03,3,0.45,0.1,50,0.05,1,0.7310030395136778,0.19908814589665655,0.0,0.0
6749,random,inv_degree,6809783,100,243,0.03,3,0.45,0.1,50,0.06,1,0.7508143322475568,0.2931596091205211,0.04885993485342018,0.017915309446254066
6750,random,inv_degree,6810792,100,250,0.03,3,0.45,0.1,50,0.05,2,0.7516666666666667,0.2216666666666667,0.03166666666666667,0.0
6751,random,inv_degree,6811801,100,230,0.03,3,0.45,0.1,50,0.05,2,0.7851851851851851,0.3037037037037038,0.06481481481481483,0.01851851851851852
6752,random,inv_degree,6812810,100,225,0.03,3,0.45,0.1,50,0.04,1,0.7755555555555556,0.27111111111111097,0.05333333333333329,0.01999999999999998
6753,random,inv_degree,6813819,100,243,0.03,3,0.45,0.1,50,0.03,0,0.7762645914396883,0.21789883268482477,0.019455252918287928,0.019455252918287928
6754,random,inv_degree,6814828,100,247,0.03,3,0.45,0.1,50,0.06,1,0.6815181518151817,0.17821782178217824,0.0,0.0
6755,random,inv_degree,6815837,100,259,0.03,3,0.45,0.1,50,0.08,4,0.6457800511508957,0.13043478260869568,0.04603580562659848,0.016624040920716118
6756,random,inv_degree,6816846,100,260,0.03,3,0.45,0.1,50,0.04,1,0.7051282051282051,0.18589743589743585,0.0,0.0
6757,random,inv_degree,6817855,100,258,0.03,3,0.45,0.1,50,0.07,2,0.6900584795321637,0.24707602339181295,0.017543859649122813,0.017543859649122813
6758,random,inv_degree,6818864,100,245,0.03,3,0.45,0.1,50,0.04,1,0.7639344262295081,0.26721311475409815,0.04590163934426228,0.0
6759,random,inv_degree,6819873,100,252,0.03,3,0.45,0.1,50,0.06,3,0.7459677419354838,0.20766129032258068,0.040322580645161296,0.040322580645161296
6760,random,inv_degree,6820882,100,256,0.03,3,0.45,0.1,50,0.05,1,0.6976744186046513,0.1438953488372093,0.014534883720930229,0.0
6761,random,inv_degree,6821891,100,253,0.03,3,0.45,0.1,50,0.07,3,0.6642651296829972,0.16282420749279536,0.017291066282420747,0.017291066282420747
6762,random,inv_degree,6822900,100,259,0.03,3,0.45,0.1,50,0.04,1,0.7474226804123708,0.22336769759450165,0.037800687285223344,0.037800687285223344
6763,random,inv_degree,6823909,100,231,0.03,3,0.45,0.1,50,0.05,1,0.7211895910780666,0.21375464684014867,0.03531598513011152,0.018587360594795536
6764,random,inv_degree,6824918,100,271,0.03,3,0.45,0.1,50,0.04,1,0.6975683890577511,0.20060790273556234,0.0,0.0
6765,random,inv_degree,6825927,100,268,0.03,3,0.45,0.1,50,0.06,1,0.7709424083769632,0.23560209424083767,0.0,0.0
6766,random,inv_degree,6826936,100,232,0.03,3,0.45,0.1,50,0.06,2,0.7568807339449541,0.2637614678899083,0.02064220183486238,0.02064220183486238
6767,random,inv_degree,6827945,100,262,0.03,3,0.45,0.1,50,0.03,0,0.7752100840336135,0.1680672268907564,0.018907563025210104,0.0
6768,random,inv_degree,6828954,100,232,0.03,3,0.45,0.1,50,0.06,1,0.7562893081761007,0.21540880503144663,0.048742138364779884,0.034591194968553465
6769,random,inv_degree,6829963,100,231,0.03,3,0.45,0.1,50,0.05,1,0.8105022831050228,0.2465753424657534,0.0136986301369863,0.0
6770,random,inv_degree,6830972,100,238,0.03,3,0.45,0.1,50,0.06,2,0.7767175572519087,0.2614503816793894,0.0,0.0
6771,random,inv_degree,6831981,100,254,0.03,3,0.45,0.1,50,0.03,0,0.7384393063583814,0.26445086705202314,0.049132947976878616,0.01734104046242774
6772,random,inv_degree,6832990,100,240,0.03,3,0.45,0.1,50,0.06,2,0.7057692307692306,0.24999999999999997,0.017307692307692316,0.0
6773,random,inv_degree,6833999,100,232,0.03,3,0.45,0.1,50,0.07,2,0.6996268656716419,0.18097014925373148,0.0,0.0
6774,random,inv_degree,6835008,100,241,0.03,3,0.45,0.1,50,0.05,1,0.7751196172248805,0.2822966507177034,0.04545454545454544,0.0
6775,random,inv_degree,6836017,100,247,0.03,3,0.45,0.1,50,0.05,2,0.7244224422442241,0.16171617161716165,0.0,0.0
6776,random,inv_degree,6837026,100,243,0.03,3,0.45,0.1,50,0.07,1,0.7490272373540855,0.21789883268482502,0.0,0.0
6777,random,inv_degree,6838035,100,219,0.03,3,0.45,0.1,50,0.04,1,0.7878787878787878,0.28138528138528124,0.03679653679653677,0.019480519480519463
6778,random,inv_degree,6839044,100,243,0.03,3,0.45,0.1,50,0.09,2,0.712062256809339,0.19066147859922195,0.015564202334630357,0.0
6779,random,inv_degree,6840053,100,244,0.03,3,0.45,0.1,50,0.06,1,0.758169934640523,0.3104575163398692,0.0,0.0
6780,random,inv_degree,6841062,100,241,0.03,3,0.45,0.1,50,0.05,1,0.7423398328690808,0.2966573816155989,0.01671309192200557,0.01671309192200557
6781,random,inv_degree,6842071,100,223,0.03,3,0.45,0.1,50,0.05,1,0.7256317689530685,0.203971119133574,0.01805054151624548,0.01805054151624548
6782,random,inv_degree,6843080,100,241,0.03,3,0.45,0.1,50,0.09,2,0.7027027027027029,0.17181467181467183,0.019305019305019305,0.019305019305019305
6783,random,inv_degree,6844089,100,249,0.03,3,0.45,0.1,50,0.07,1,0.6513944223107571,0.12749003984063745,0.0,0.0
6784,random,inv_degree,6845098,100,238,0.03,3,0.45,0.1,50,0.06,1,0.7290076335877861,0.18511450381679387,0.02862595419847328,0.0
6785,random,inv_degree,6846107,100,270,0.03,3,0.45,0.1,50,0.05,1,0.7303571428571433,0.16428571428571423,0.019642857142857136,0.019642857142857136
6786,random,inv_degree,6847116,100,253,0.03,3,0.45,0.1,50,0.07,1,0.674089068825911,0.2165991902834008,0.012145748987854242,0.0
6787,random,inv_degree,6848125,100,229,0.03,3,0.45,0.1,50,0.03,0,0.8076923076923076,0.33257918552036175,0.033936651583710384,0.020361990950226224
6788,random,inv_degree,6849134,100,246,0.03,3,0.45,0.1,50,0.1,2,0.6771653543307087,0.1476377952755905,0.0,0.0
6789,random,inv_degree,6850143,100,272,0.03,3,0.45,0.1,50,0.03,0,0.711890243902439,0.2088414634146341,0.018292682926829264,0.018292682926829264
6790,random,inv_degree,6851152,100,236,0.03,3,0.45,0.1,50,0.05,1,0.7292993630573248,0.19267515923566886,0.033439490445859886,0.017515923566878984
6791,random,inv_degree,6852161,100,255,0.03,3,0.45,0.1,50,0.06,1,0.7440677966101698,0.2559322033898305,0.0,0.0
6792,random,inv_degree,6853170,100,248,0.03,3,0.45,0.1,50,0.07,2,0.6704545454545454,0.19318181818181815,0.032670454545454544,0.01704545454545454
6793,random,inv_degree,6854179,100,257,0.03,3,0.45,0.1,50,0.06,1,0.6928327645051192,0.19112627986348113,0.0,0.0
6794,random,inv_degree,6855188,100,262,0.03,3,0.45,0.1,50,0.06,1,0.6982248520710055,0.1701183431952662,0.03402366863905325,0.017751479289940822
6795,random,inv_degree,6856197,100,232,0.03,3,0.45,0.1,50,0.03,0,0.7649253731343284,0.2649253731343284,0.018656716417910446,0.018656716417910446
6796,random,inv_degree,6857206,100,259,0.03,3,0.45,0.1,50,0.04,1,0.7731958762886598,0.2439862542955326,0.03264604810996563,0.0
6797,random,inv_degree,6858215,100,249,0.03,3,0.45,0.1,50,0.05,1,0.7509960159362548,0.22310756972111562,0.0,0.0
6798,random,inv_degree,6859224,100,271,0.03,3,0.45,0.1,50,0.05,1,0.7383512544802865,0.14157706093189956,0.0,0.0
6799,random,inv_degree,6860233,100,255,0.03,3,0.45,0.1,50,0.04,1,0.7521739130434781,0.23623188405797105,0.0,0.0
6800,random,inv_degree,6861242,100,263,0.03,3,0.45,0.1,50,0.08,3,0.678294573643411,0.22480620155038764,0.0,0.0
6801,random,inv_degree,6862251,100,247,0.03,3,0.45,0.1,50,0.03,0,0.7984189723320156,0.3794466403162055,0.04545454545454546,0.0
6802,random,inv_degree,6863260,100,245,0.03,3,0.45,0.1,50,0.04,1,0.777049180327869,0.2704918032786886,0.0180327868852459,0.0180327868852459
6803,random,inv_degree,6864269,100,249,0.03,3,0.45,0.1,50,0.04,1,0.7729083665338646,0.396414342629482,0.08565737051792832,0.0
6804,random,inv_degree,6865278,100,256,0.03,3,0.45,0.1,50,0.04,1,0.7278911564625853,0.24659863945578228,0.03741496598639455,0.03741496598639455
6805,random,inv_degree,6866287,100,224,0.03,3,0.45,0.1,50,0.11,6,0.6123188405797101,0.16485507246376815,0.016304347826086963,0.0
6806,random,inv_degree,6867296,100,238,0.03,3,0.45,0.1,50,0.07,2,0.7080152671755723,0.30152671755725197,0.01717557251908398,0.0
6807,random,inv_degree,6868305,100,255,0.03,3,0.45,0.1,50,0.05,1,0.7593220338983051,0.2627118644067796,0.0,0.0
6808,random,inv_degree,6869314,100,256,0.03,3,0.45,0.1,50,0.03,0,0.7500000000000001,0.14959016393442628,0.01844262295081968,0.0
6809,random,inv_degree,6870323,100,230,0.03,3,0.45,0.1,50,0.04,1,0.7067567567567568,0.21081081081081088,0.0,0.0
6810,random,inv_degree,6871332,100,231,0.03,3,0.45,0.1,50,0.06,1,0.75092936802974,0.28996282527881057,0.03531598513011154,0.018587360594795543
6811,random,inv_degree,6872341,100,247,0.03,3,0.45,0.1,50,0.05,1,0.7134387351778656,0.33992094861660077,0.035573122529644285,0.0
6812,random,inv_degree,6873350,100,256,0.03,3,0.45,0.1,50,0.03,0,0.7295918367346939,0.2636054421768707,0.017006802721088437,0.0
6813,random,inv_degree,6874359,100,252,0.03,3,0.45,0.1,50,0.06,2,0.7164429530201343,0.19966442953020133,0.0,0.0
6814,random,inv_degree,6875368,100,258,0.03,3,0.45,0.1,50,0.04,1,0.7441520467836258,0.10380116959064332,0.016081871345029246,0.0
6815,random,inv_degree,6876377,100,254,0.03,3,0.45,0.1,50,0.05,1,0.7439024390243903,0.23577235772357738,0.01626016260162602,0.0
6816,random,inv_degree,6877386,100,238,0.03,3,0.45,0.1,50,0.06,1,0.7788461538461539,0.23878205128205127,0.027243589743589737,0.0
6817,random,inv_degree,6878395,100,235,0.03,3,0.45,0.1,50,0.08,1,0.6793650793650795,0.20793650793650792,0.030158730158730156,0.0
6818,random,inv_degree,6879404,100,240,0.03,3,0.45,0.1,50,0.04,1,0.7730769230769229,0.37884615384615383,0.051923076923076926,0.019230769230769232
6819,random,inv_degree,6880413,100,253,0.03,3,0.45,0.1,50,0.1,2,0.6093117408906884,0.21255060728744948,0.0,0.0
6820,random,inv_degree,6881422,100,285,0.03,3,0.45,0.1,50,0.05,1,0.7126984126984128,0.22698412698412698,0.01904761904761905,0.01904761904761905
6821,random,inv_degree,6882431,100,248,0.03,3,0.45,0.1,50,0.05,1,0.7215909090909091,0.2997159090909091,0.056818181818181816,0.0
6822,random,inv_degree,6883440,100,272,0.03,3,0.45,0.1,50,0.04,1,0.7235449735449737,0.19708994708994712,0.04629629629629631,0.0
6823,random,inv_degree,6884449,100,247,0.03,3,0.45,0.1,50,0.04,1,0.7906403940886696,0.31034482758620663,0.059113300492610786,0.02216748768472904
6824,random,inv_degree,6885458,100,242,0.03,3,0.45,0.1,50,0.05,1,0.7240259740259739,0.22402597402597396,0.016233766233766232,0.0
6825,random,inv_degree,6886467,100,263,0.03,3,0.45,0.1,50,0.12,5,0.5714285714285715,0.102787456445993,0.0,0.0
6826,random,inv_degree,6887476,100,249,0.03,3,0.45,0.1,50,0.09,2,0.6809116809116806,0.17378917378917383,0.012820512820512824,0.0
6827,random,inv_degree,6888485,100,241,0.03,3,0.45,0.1,50,0.08,2,0.6699029126213591,0.10194174757281554,0.03398058252427184,0.017799352750809058
6828,random,inv_degree,6889494,100,253,0.03,3,0.45,0.1,50,0.08,2,0.6885521885521887,0.23569023569023567,0.01851851851851851,0.01851851851851851
6829,random,inv_degree,6890503,100,264,0.03,3,0.45,0.1,50,0.04,1,0.7185314685314689,0.2307692307692309,0.019230769230769235,0.019230769230769235
6830,random,inv_degree,6891512,100,239,0.03,3,0.45,0.1,50,0.03,0,0.7518248175182483,0.2420924574209247,0.015815085158150857,0.015815085158150857
6831,random,inv_degree,6892521,100,258,0.03,3,0.45,0.1,50,0.06,1,0.7002923976608189,0.1023391812865497,0.01754385964912281,0.01754385964912281
6832,random,inv_degree,6893530,100,228,0.03,3,0.45,0.1,50,0.12,4,0.6599462365591399,0.23521505376344093,0.03225806451612904,0.03225806451612904
6833,random,inv_degree,6894539,100,244,0.03,3,0.45,0.1,50,0.05,1,0.7343749999999999,0.1562500000000001,0.0,0.0
6834,random,inv_degree,6895548,100,261,0.03,3,0.45,0.1,50,0.08,2,0.6439588688946017,0.12596401028277632,0.0,0.0
6835,random,inv_degree,6896557,100,252,0.03,3,0.45,0.1,50,0.04,1,0.8106060606060601,0.2651515151515149,0.04292929292929289,0.0227272727272727
6836,random,inv_degree,6897566,100,235,0.03,3,0.45,0.1,50,0.03,0,0.7716981132075472,0.21132075471698114,0.015094339622641508,0.0
6837,random,inv_degree,6898575,100,259,0.03,3,0.45,0.1,50,0.05,1,0.752577319587629,0.21134020618556698,0.034364261168384876,0.0
6838,random,inv_degree,6899584,100,253,0.03,3,0.45,0.1,50,0.05,1,0.7289562289562288,0.21212121212121215,0.0,0.0
6839,random,inv_degree,6900593,100,240,0.03,3,0.45,0.1,50,0.07,1,0.6951612903225807,0.21129032258064506,0.03548387096774191,0.03548387096774191
6840,random,inv_degree,6901602,100,231,0.03,3,0.45,0.1,50,0.06,2,0.7586206896551719,0.3072100313479623,0.06269592476489029,0.031347962382445145
6841,random,inv_degree,6902611,100,228,0.03,3,0.45,0.1,50,0.1,2,0.6692546583850932,0.20341614906832303,0.04813664596273293,0.017080745341614904
6842,random,inv_degree,6903620,100,250,0.03,3,0.45,0.1,50,0.1,1,0.6666666666666665,0.14166666666666658,0.0,0.0
6843,random,inv_degree,6904629,100,232,0.03,3,0.45,0.1,50,0.05,1,0.7293577981651377,0.1995412844036697,0.05504587155963304,0.0
6844,random,inv_degree,6905638,100,240,0.03,3,0.45,0.1,50,0.09,3,0.7080645161290323,0.21129032258064515,0.0,0.0
6845,random,inv_degree,6906647,100,268,0.03,3,0.45,0.1,50,0.06,2,0.6914893617021279,0.15780141843971632,0.019503546099290774,0.019503546099290774
6846,random,inv_degree,6907656,100,245,0.03,3,0.45,0.1,50,0.06,1,0.695061728395062,0.19135802469135804,0.028395061728395066,0.0
6847,random,inv_degree,6908665,100,223,0.03,3,0.45,0.1,50,0.04,1,0.7068965517241379,0.17904509283819633,0.029177718832891258,0.0
6848,random,inv_degree,6909674,100,249,0.03,3,0.45,0.1,50,0.05,1,0.7062084257206209,0.16297117516629706,0.04323725055432371,0.031042128603104197
6849,random,inv_degree,6910683,100,250,0.03,3,0.45,0.1,50,0.06,1,0.7200000000000002,0.24749999999999997,0.013749999999999995,0.0
6850,random,inv_degree,6911692,100,269,0.03,3,0.45,0.1,50,0.05,1,0.6777546777546779,0.079002079002079,0.015592515592515595,0.015592515592515595
6851,random,inv_degree,6912701,100,236,0.03,3,0.45,0.1,50,0.15,5,0.5748407643312102,0.07643312101910828,0.033439490445859865,0.017515923566878974
6852,random,inv_degree,6913710,100,243,0.03,3,0.45,0.1,50,0.05,1,0.6872964169381114,0.22312703583061896,0.030944625407166124,0.01791530944625407
6853,random,inv_degree,6914719,100,269,0.03,3,0.45,0.1,50,0.05,1,0.7341389728096673,0.15861027190332322,0.018126888217522653,0.018126888217522653
6854,random,inv_degree,6915728,100,227,0.03,3,0.45,0.1,50,0.06,2,0.7527472527472527,0.34249084249084255,0.07509157509157509,0.018315018315018316
6855,random,inv_degree,6916737,100,250,0.03,3,0.45,0.1,50,0.04,1,0.7633333333333333,0.2616666666666667,0.033333333333333326,0.01833333333333333
6856,random,inv_degree,6917746,100,254,0.03,3,0.45,0.1,50,0.06,1,0.6921965317919077,0.21531791907514455,0.017341040462427744,0.017341040462427744
6857,random,inv_degree,6918755,100,263,0.03,3,0.45,0.1,50,0.04,1,0.7595818815331012,0.24564459930313579,0.0,0.0
6858,random,inv_degree,6919764,100,255,0.03,3,0.45,0.1,50,0.06,2,0.6762711864406782,0.2559322033898305,0.03559322033898305,0.018644067796610164
6859,random,inv_degree,6920773,100,276,0.03,3,0.45,0.1,50,0.04,1,0.7032085561497325,0.17379679144385027,0.0,0.0
6860,random,inv_degree,6921782,100,229,0.03,3,0.45,0.1,50,0.1,2,0.6448598130841122,0.16043613707165105,0.031152647975077868,0.017133956386292826
6861,random,inv_degree,6922791,100,262,0.03,3,0.45,0.1,50,0.05,1,0.7087628865979384,0.23195876288659792,0.015463917525773202,0.0
6862,random,inv_degree,6923800,100,268,0.03,3,0.45,0.1,50,0.04,1,0.712041884816754,0.2277486910994764,0.0,0.0
6863,random,inv_degree,6924809,100,266,0.03,3,0.45,0.1,50,0.05,1,0.7095808383233533,0.21706586826347307,0.017964071856287425,0.017964071856287425
6864,random,inv_degree,6925818,100,251,0.03,3,0.45,0.1,50,0.05,1,0.7157190635451502,0.2341137123745819,0.03678929765886285,0.03678929765886285
6865,random,inv_degree,6926827,100,258,0.03,3,0.45,0.1,50,0.05,1,0.7117346938775513,0.15433673469387757,0.04974489795918369,0.04974489795918369
6866,random,inv_degree,6927836,100,232,0.03,3,0.45,0.1,50,0.07,2,0.7182835820895521,0.25373134328358193,0.016791044776119403,0.0
6867,random,inv_degree,6928845,100,254,0.03,3,0.45,0.1,50,0.04,1,0.7235772357723576,0.29268292682926833,0.03861788617886179,0.02032520325203252
6868,random,inv_degree,6929854,100,241,0.03,3,0.45,0.1,50,0.04,1,0.7972972972972973,0.2741312741312742,0.017374517374517385,0.0
6869,random,inv_degree,6930863,100,237,0.03,3,0.45,0.1,50,0.11,3,0.6184573002754817,0.1845730027548209,0.0,0.0
6870,random,inv_degree,6931872,100,220,0.03,3,0.45,0.1,50,0.05,1,0.7839285714285714,0.23214285714285718,0.024999999999999988,0.0
6871,random,inv_degree,6932881,100,243,0.03,3,0.45,0.1,50,0.05,1,0.7719869706840391,0.2703583061889251,0.0504885993485342,0.017915309446254066
6872,random,inv_degree,6933890,100,232,0.03,3,0.45,0.1,50,0.09,2,0.7014925373134329,0.18656716417910454,0.03358208955223883,0.0
6873,random,inv_degree,6934899,100,242,0.03,3,0.45,0.1,50,0.06,1,0.7732558139534886,0.2635658914728683,0.015503875968992246,0.0
6874,random,inv_degree,6935908,100,266,0.03,3,0.45,0.1,50,0.03,0,0.8183760683760685,0.2799145299145299,0.061965811965811975,0.042735042735042736
6875,random,inv_degree,6936917,100,250,0.03,3,0.45,0.1,50,0.06,2,0.6833333333333331,0.17833333333333326,0.0,0.0
6876,random,inv_degree,6937926,100,231,0.03,3,0.45,0.1,50,0.08,1,0.7416356877323421,0.3197026022304833,0.0,0.0
6877,random,inv_degree,6938935,100,277,0.03,3,0.45,0.1,50,0.07,1,0.7242152466367713,0.19282511210762338,0.0,0.0
6878,random,inv_degree,6939944,100,254,0.03,3,0.45,0.1,50,0.04,1,0.7825203252032521,0.2682926829268293,0.0,0.0
6879,random,inv_degree,6940953,100,237,0.03,3,0.45,0.1,50,0.06,1,0.7380191693290734,0.19329073482428102,0.011182108626198074,0.0
6880,random,inv_degree,6941962,100,237,0.03,3,0.45,0.1,50,0.07,1,0.6914600550964187,0.19146005509641878,0.0,0.0
6881,random,inv_degree,6942971,100,259,0.03,3,0.45,0.1,50,0.06,3,0.7261410788381742,0.19502074688796683,0.02074688796680498,0.02074688796680498
6882,random,inv_degree,6943980,100,244,0.03,3,0.45,0.1,50,0.05,1,0.7305825242718447,0.3058252427184466,0.01941747572815534,0.0
6883,random,inv_degree,6944989,100,274,0.03,3,0.45,0.1,50,0.03,0,0.7530674846625768,0.2147239263803681,0.013803680981595096,0.0
6884,random,inv_degree,6945998,100,255,0.03,3,0.45,0.1,50,0.12,2,0.6627118644067798,0.13559322033898302,0.037288135593220334,0.037288135593220334
6885,random,inv_degree,6947007,100,244,0.03,3,0.45,0.1,50,0.04,1,0.7871093750000002,0.20898437500000006,0.03710937500000001,0.01953125
6886,random,inv_degree,6948016,100,246,0.03,3,0.45,0.1,50,0.03,0,0.8480392156862745,0.2769607843137254,0.0392156862745098,0.0
6887,random,inv_degree,6949025,100,252,0.03,3,0.45,0.1,50,0.03,0,0.6783919597989954,0.18467336683417093,0.016331658291457295,0.016331658291457295
6888,random,inv_degree,6950034,100,264,0.03,3,0.45,0.1,50,0.03,0,0.777972027972028,0.20804195804195807,0.017482517482517487,0.0
6889,random,inv_degree,6951043,100,247,0.03,3,0.45,0.1,50,0.04,1,0.731225296442688,0.2608695652173914,0.019762845849802375,0.019762845849802375
6890,random,inv_degree,6952052,100,245,0.03,3,0.45,0.1,50,0.03,0,0.7746478873239434,0.24507042253521127,0.01690140845070422,0.01690140845070422
6891,random,inv_degree,6953061,100,223,0.03,3,0.45,0.1,50,0.08,2,0.7033639143730887,0.18654434250764526,0.01681957186544342,0.01681957186544342
6892,random,inv_degree,6954070,100,204,0.03,3,0.45,0.1,50,0.06,1,0.777027027027027,0.34459459459459457,0.08783783783783784,0.03378378378378378
6893,random,inv_degree,6955079,100,226,0.03,3,0.45,0.1,50,0.04,1,0.7645985401459855,0.32846715328467163,0.029197080291970816,0.0
6894,random,inv_degree,6956088,100,251,0.03,3,0.45,0.1,50,0.07,1,0.6726057906458798,0.1614699331848552,0.015590200445434292,0.015590200445434292
6895,random,inv_degree,6957097,100,249,0.03,3,0.45,0.1,50,0.06,2,0.6745635910224437,0.21446384039900238,0.042394014962593485,0.0
6896,random,inv_degree,6958106,100,261,0.03,3,0.45,0.1,50,0.04,1,0.7447698744769872,0.18828451882845193,0.0188284518828452,0.0
6897,random,inv_degree,6959115,100,209,0.03,3,0.45,0.1,50,0.05,2,0.774914089347079,0.32646048109965636,0.06701030927835054,0.05154639175257733
6898,random,inv_degree,6960124,100,269,0.03,3,0.45,0.1,50,0.03,0,0.7790055248618784,0.30110497237569034,0.046961325966850764,0.024861878453038635
6899,random,inv_degree,6961133,100,250,0.03,3,0.45,0.1,50,0.03,0,0.7866666666666666,0.3033333333333334,0.018333333333333333,0.018333333333333333
6900,random,inv_degree,6962142,100,232,0.03,3,0.45,0.1,50,0.05,1,0.8035714285714287,0.42857142857142866,0.08630952380952386,0.023809523809523815
6901,random,inv_degree,6963151,100,238,0.03,3,0.45,0.1,50,0.04,1,0.7580128205128203,0.35576923076923067,0.044871794871794865,0.0
6902,random,inv_degree,6964160,100,255,0.03,3,0.45,0.1,50,0.06,1,0.7135593220338984,0.1491525423728814,0.03559322033898306,0.018644067796610167
6903,random,inv_degree,6965169,100,236,0.03,3,0.45,0.1,50,0.06,3,0.6942675159235666,0.1751592356687898,0.017515923566878977,0.017515923566878977
6904,random,inv_degree,6966178,100,254,0.03,3,0.45,0.1,50,0.05,1,0.7466216216216217,0.25844594594594583,0.0,0.0
6905,random,inv_degree,6967187,100,244,0.03,3,0.45,0.1,50,0.04,1,0.7871093749999999,0.30468750000000006,0.04882812500000002,0.0
6906,random,inv_degree,6968196,100,231,0.03,3,0.45,0.1,50,0.03,0,0.7479674796747968,0.2642276422764229,0.016260162601626025,0.016260162601626025
6907,random,inv_degree,6969205,100,261,0.03,3,0.45,0.1,50,0.06,1,0.6972318339100344,0.1141868512110726,0.0,0.0
6908,random,inv_degree,6970214,100,272,0.03,3,0.45,0.1,50,0.07,3,0.674065420560748,0.2219626168224299,0.03154205607476635,0.016355140186915886
6909,random,inv_degree,6971223,100,258,0.03,3,0.45,0.1,50,0.03,0,0.7149122807017542,0.15497076023391812,0.0,0.0
6910,random,inv_degree,6972232,100,253,0.03,3,0.45,0.1,50,0.03,0,0.7121212121212117,0.14141414141414135,0.0,0.0
6911,random,inv_degree,6973241,100,248,0.03,3,0.45,0.1,50,0.04,1,0.8094059405940592,0.25247524752475237,0.0,0.0
6912,random,inv_degree,6974250,100,220,0.03,3,0.45,0.1,50,0.04,1,0.8369565217391302,0.44130434782608663,0.1456521739130433,0.03913043478260864
6913,random,inv_degree,6975259,100,248,0.03,3,0.45,0.1,50,0.03,0,0.7757936507936511,0.27182539682539697,0.01785714285714288,0.0
6914,random,inv_degree,6976268,100,239,0.03,3,0.45,0.1,50,0.06,1,0.7025723472668811,0.2604501607717042,0.05144694533762057,0.03536977491961414
6915,random,inv_degree,6977277,100,247,0.03,3,0.45,0.1,50,0.07,1,0.7173913043478258,0.25889328063241096,0.03557312252964426,0.019762845849802365
6916,random,inv_degree,6978286,100,244,0.03,3,0.45,0.1,50,0.03,0,0.7539062499999999,0.22656249999999994,0.0390625,0.0390625
6917,random,inv_degree,6979295,100,254,0.03,3,0.45,0.1,50,0.05,1,0.699421965317919,0.2196531791907515,0.01445086705202312,0.0
6918,random,inv_degree,6980304,100,256,0.03,3,0.45,0.1,50,0.04,1,0.7418032786885249,0.1762295081967214,0.0,0.0
6919,random,inv_degree,6981313,100,229,0.03,3,0.45,0.1,50,0.05,1,0.7445482866043613,0.2523364485981309,0.03271028037383178,0.017133956386292833
6920,random,inv_degree,6982322,100,254,0.03,3,0.45,0.1,50,0.04,1,0.7225433526011559,0.16329479768786126,0.0,0.0
6921,random,inv_degree,6983331,100,254,0.03,3,0.45,0.1,50,0.03,0,0.7618243243243241,0.28547297297297286,0.0,0.0
6922,random,inv_degree,6984340,100,249,0.03,3,0.45,0.1,50,0.06,3,0.696581196581196,0.15099715099715091,0.017094017094017085,0.017094017094017085
6923,random,inv_degree,6985349,100,233,0.03,3,0.45,0.1,50,0.05,1,0.7846441947565547,0.254681647940075,0.08988764044943823,0.08988764044943823
6924,random,inv_degree,6986358,100,250,0.03,3,0.45,0.1,50,0.04,1,0.7385714285714287,0.17285714285714288,0.0,0.0
6925,random,inv_degree,6987367,100,261,0.03,3,0.45,0.1,50,0.03,0,0.7625368731563422,0.18731563421828915,0.014749262536873156,0.0
6926,random,inv_degree,6988376,100,236,0.03,3,0.45,0.1,50,0.04,1,0.7404458598726111,0.1671974522292993,0.017515923566878967,0.017515923566878967
6927,random,inv_degree,6989385,100,222,0.03,3,0.45,0.1,50,0.07,1,0.737410071942446,0.3687050359712231,0.052158273381294966,0.0
6928,random,inv_degree,6990394,100,236,0.03,3,0.45,0.1,50,0.06,2,0.678743961352657,0.21256038647342992,0.07608695652173914,0.07608695652173914
6929,random,inv_degree,6991403,100,267,0.03,3,0.45,0.1,50,0.05,1,0.6801385681293306,0.15819861431870677,0.0,0.0
6930,random,inv_degree,6992412,100,211,0.03,3,0.45,0.1,50,0.08,2,0.6309794988610482,0.2072892938496584,0.08086560364464696,0.02961275626423691
6931,random,inv_degree,6993421,100,250,0.03,3,0.45,0.1,50,0.04,1,0.7014285714285712,0.25142857142857145,0.017142857142857137,0.017142857142857137
6932,random,inv_degree,6994430,100,243,0.03,3,0.45,0.1,50,0.03,0,0.756809338521401,0.28793774319066157,0.05642023346303504,0.03891050583657589
6933,random,inv_degree,6995439,100,253,0.03,3,0.45,0.1,50,0.03,0,0.7710437710437709,0.23063973063973064,0.03367003367003367,0.0
6934,random,inv_degree,6996448,100,264,0.03,3,0.45,0.1,50,0.06,1,0.7220279720279723,0.2342657342657343,0.01923076923076923,0.01923076923076923
6935,random,inv_degree,6997457,100,239,0.03,3,0.45,0.1,50,0.08,1,0.6994459833795013,0.16343490304709138,0.03185595567867036,0.016620498614958446
6936,random,inv_degree,6998466,100,256,0.03,3,0.45,0.1,50,0.05,1,0.7482993197278912,0.20918367346938774,0.018707482993197275,0.018707482993197275
6937,random,inv_degree,6999475,100,276,0.03,3,0.45,0.1,50,0.03,0,0.7810218978102188,0.3102189781021897,0.020072992700729913,0.020072992700729913
6938,random,inv_degree,7000484,100,261,0.03,3,0.45,0.1,50,0.03,0,0.7610619469026549,0.23303834808259588,0.02949852507374631,0.0
6939,random,inv_degree,7001493,100,259,0.03,3,0.45,0.1,50,0.03,0,0.7434017595307917,0.14662756598240462,0.0,0.0
6940,random,inv_degree,7002502,100,269,0.03,3,0.45,0.1,50,0.03,0,0.7366548042704629,0.1672597864768683,0.0,0.0
6941,random,inv_degree,7003511,100,262,0.03,3,0.45,0.1,50,0.03,0,0.7673611111111112,0.15104166666666666,0.0,0.0
6942,random,inv_degree,7004520,100,242,0.03,3,0.45,0.1,50,0.06,1,0.7616279069767447,0.2693798449612403,0.058139534883720936,0.058139534883720936
6943,random,inv_degree,7005529,100,236,0.03,3,0.45,0.1,50,0.03,0,0.7651515151515156,0.21969696969696992,0.01704545454545457,0.0
6944,random,inv_degree,7006538,100,265,0.03,3,0.45,0.1,50,0.04,1,0.708955223880597,0.20149253731343292,0.017910447761194034,0.017910447761194034
6945,random,inv_degree,7007547,100,254,0.03,3,0.45,0.1,50,0.06,1,0.6767676767676767,0.08838383838383838,0.0,0.0
6946,random,inv_degree,7008556,100,220,0.03,3,0.45,0.1,50,0.06,2,0.7092105263157895,0.34736842105263166,0.057894736842105256,0.031578947368421054
6947,random,inv_degree,7009565,100,265,0.03,3,0.45,0.1,50,0.06,1,0.6714285714285715,0.1155844155844156,0.016883116883116885,0.016883116883116885
6948,random,inv_degree,7010574,100,242,0.03,3,0.45,0.1,50,0.03,0,0.7467532467532467,0.15584415584415584,0.0,0.0
6949,random,inv_degree,7011583,100,257,0.03,3,0.45,0.1,50,0.06,1,0.735494880546075,0.21843003412969275,0.01706484641638225,0.0
6950,random,inv_degree,7012592,100,245,0.03,3,0.45,0.1,50,0.04,1,0.7464788732394365,0.22816901408450707,0.04647887323943664,0.0
6951,random,inv_degree,7013601,100,275,0.03,3,0.45,0.1,50,0.04,1,0.7155555555555555,0.09555555555555553,0.0,0.0
6952,random,inv_degree,7014610,100,246,0.03,3,0.45,0.1,50,0.07,1,0.7269736842105262,0.2236842105263158,0.014802631578947364,0.0
6953,random,inv_degree,7015619,100,240,0.03,3,0.45,0.1,50,0.05,1,0.7064516129032259,0.2596774193548386,0.0,0.0
6954,random,inv_degree,7016628,100,243,0.03,3,0.45,0.1,50,0.05,1,0.7801302931596088,0.2899022801302932,0.03257328990228014,0.0
6955,random,inv_degree,7017637,100,282,0.03,3,0.45,0.1,50,0.06,1,0.660287081339713,0.059808612440191374,0.0,0.0
6956,random,inv_degree,7018646,100,226,0.03,3,0.45,0.1,50,0.04,1,0.7633928571428567,0.3839285714285713,0.055803571428571376,0.0401785714285714
6957,random,inv_degree,7019655,100,260,0.03,3,0.45,0.1,50,0.07,2,0.6586206896551724,0.13965517241379297,0.0,0.0
6958,random,inv_degree,7020664,100,243,0.03,3,0.45,0.1,50,0.07,1,0.736156351791531,0.2736156351791532,0.027687296416938113,0.0
6959,random,inv_degree,7021673,100,246,0.03,3,0.45,0.1,50,0.06,1,0.7745098039215687,0.31617647058823506,0.041666666666666644,0.022058823529411745
6960,random,inv_degree,7022682,100,240,0.03,3,0.45,0.1,50,0.05,1,0.7258064516129034,0.2838709677419356,0.035483870967741936,0.035483870967741936
6961,random,inv_degree,7023691,100,230,0.03,3,0.45,0.1,50,0.09,4,0.6953125000000001,0.18906250000000002,0.029687500000000006,0.0
6962,random,inv_degree,7024700,100,258,0.03,3,0.45,0.1,50,0.04,1,0.7448630136986302,0.20719178082191766,0.0,0.0
6963,random,inv_degree,7025709,100,228,0.03,3,0.45,0.1,50,0.06,1,0.7338709677419354,0.21236559139784944,0.014784946236559142,0.0
6964,random,inv_degree,7026718,100,262,0.03,3,0.45,0.1,50,0.03,0,0.7048969072164945,0.2113402061855669,0.0,0.0
6965,random,inv_degree,7027727,100,248,0.03,3,0.45,0.1,50,0.04,1,0.7718253968253969,0.25396825396825407,0.01785714285714287,0.0
6966,random,inv_degree,7028736,100,274,0.03,3,0.45,0.1,50,0.03,0,0.6544117647058822,0.16176470588235287,0.0,0.0
6967,random,inv_degree,7029745,100,239,0.03,3,0.45,0.1,50,0.03,0,0.8160919540229882,0.38314176245210724,0.07088122605363985,0.038314176245210725
6968,random,inv_degree,7030754,100,254,0.03,3,0.45,0.1,50,0.05,1,0.7239884393063583,0.20953757225433534,0.015895953757225443,0.0
6969,random,inv_degree,7031763,100,232,0.03,3,0.45,0.1,50,0.06,1,0.7593283582089551,0.2238805970149254,0.0,0.0
6970,random,inv_degree,7032772,100,265,0.03,3,0.45,0.1,50,0.05,2,0.6925373134328363,0.17462686567164185,0.017910447761194034,0.017910447761194034
6971,random,inv_degree,7033781,100,223,0.03,3,0.45,0.1,50,0.04,1,0.7885462555066081,0.3083700440528633,0.05506607929515415,0.019823788546255487
6972,random,inv_degree,7034790,100,245,0.03,3,0.45,0.1,50,0.05,1,0.7186813186813187,0.1846153846153847,0.014285714285714294,0.0
6973,random,inv_degree,7035799,100,235,0.03,3,0.45,0.1,50,0.07,3,0.67710843373494,0.13734939759036144,0.01445783132530121,0.0
6974,random,inv_degree,7036808,100,243,0.03,3,0.45,0.1,50,0.07,2,0.7324929971988797,0.27450980392156865,0.032212885154061635,0.016806722689075633
6975,random,inv_degree,7037817,100,249,0.03,3,0.45,0.1,50,0.05,1,0.7193732193732193,0.2464387464387464,0.0641025641025641,0.01709401709401709
6976,random,inv_degree,7038826,100,238,0.03,3,0.45,0.1,50,0.05,2,0.786259541984733,0.301526717557252,0.030534351145038188,0.0
6977,random,inv_degree,7039835,100,255,0.03,3,0.45,0.1,50,0.04,1,0.7159420289855072,0.1579710144927536,0.015942028985507253,0.0
6978,random,inv_degree,7040844,100,255,0.03,3,0.45,0.1,50,0.05,1,0.6988764044943822,0.24719101123595502,0.046067415730337076,0.031460674157303366
6979,random,inv_degree,7041853,100,257,0.03,3,0.45,0.1,50,0.03,0,0.7288629737609328,0.21428571428571425,0.033527696793002916,0.017492711370262388
6980,random,inv_degree,7042862,100,245,0.03,3,0.45,0.1,50,0.06,1,0.7267605633802819,0.1591549295774648,0.03239436619718311,0.016901408450704227
6981,random,inv_degree,7043871,100,251,0.03,3,0.45,0.1,50,0.06,1,0.7185929648241204,0.2437185929648239,0.022613065326633146,0.022613065326633146
6982,random,inv_degree,7044880,100,274,0.03,3,0.45,0.1,50,0.04,1,0.7776073619631902,0.27147239263803685,0.04754601226993866,0.0
6983,random,inv_degree,7045889,100,256,0.03,3,0.45,0.1,50,0.04,1,0.7412790697674418,0.17151162790697674,0.01744186046511628,0.01744186046511628
6984,random,inv_degree,7046898,100,226,0.03,3,0.45,0.1,50,0.06,1,0.7956204379562042,0.27372262773722644,0.051094890510948926,0.03649635036496352
6985,random,inv_degree,7047907,100,243,0.03,3,0.45,0.1,50,0.04,1,0.7801556420233468,0.28015564202334636,0.05447470817120625,0.01945525291828794
6986,random,inv_degree,7048916,100,213,0.03,3,0.45,0.1,50,0.06,1,0.7804878048780485,0.2665505226480837,0.0313588850174216,0.01742160278745645
6987,random,inv_degree,7049925,100,268,0.03,3,0.45,0.1,50,0.05,1,0.7213855421686747,0.23493975903614459,0.03463855421686748,0.01807228915662651
6988,random,inv_degree,7050934,100,216,0.03,3,0.45,0.1,50,0.04,1,0.7904929577464788,0.3714788732394365,0.0862676056338028,0.017605633802816895
6989,random,inv_degree,7051943,100,228,0.03,3,0.45,0.1,50,0.04,1,0.7096273291925465,0.19099378881987564,0.04347826086956519,0.0
6990,random,inv_degree,7052952,100,253,0.03,3,0.45,0.1,50,0.03,0,0.7692307692307692,0.24291497975708498,0.020242914979757082,0.020242914979757082
6991,random,inv_degree,7053961,100,258,0.03,3,0.45,0.1,50,0.03,0,0.7330316742081446,0.17194570135746595,0.029411764705882328,0.01583710407239818
6992,random,inv_degree,7054970,100,283,0.03,3,0.45,0.1,50,0.07,1,0.709677419354839,0.16129032258064518,0.0,0.0
6993,random,inv_degree,7055979,100,229,0.03,3,0.45,0.1,50,0.05,1,0.7895927601809956,0.39592760180995473,0.07239819004524882,0.04072398190045246
6994,random,inv_degree,7056988,100,231,0.03,3,0.45,0.1,50,0.07,1,0.7379182156133829,0.2676579925650558,0.018587360594795536,0.018587360594795536
6995,random,inv_degree,7057997,100,237,0.03,3,0.45,0.1,50,0.03,0,0.8098859315589352,0.3555133079847909,0.08174904942965777,0.03802281368821292
6996,random,inv_degree,7059006,100,282,0.03,3,0.45,0.1,50,0.06,1,0.7332089552238806,0.20335820895522383,0.020522388059701482,0.020522388059701482
6997,random,inv_degree,7060015,100,242,0.03,3,0.45,0.1,50,0.05,1,0.7538759689922474,0.19379844961240308,0.0368217054263566,0.019379844961240313
6998,random,inv_degree,7061024,100,243,0.03,3,0.45,0.1,50,0.13,4,0.688715953307393,0.2548638132295719,0.03696498054474709,0.019455252918287938
6999,random,inv_degree,7062033,100,251,0.03,3,0.45,0.1,50,0.13,4,0.5773638968481376,0.09312320916905444,0.0,0.0
7000,random,inv_degree,7063042,100,254,0.03,3,0.45,0.1,50,0.11,4,0.6212121212121218,0.1426767676767677,0.016414141414141423,0.016414141414141423
7001,scale_free,inv_degree,7064051,100,291,0.03,3,0.45,0.1,50,0.09,1,0.3117553613979348,0.0,0.0,0.0
7002,scale_free,inv_degree,7065060,100,291,0.03,3,0.45,0.1,50,0.1,2,0.4504692387904065,0.011470281543274237,0.0,0.0
7003,scale_free,inv_degree,7066069,100,291,0.03,3,0.45,0.1,50,0.12,2,0.4003777148253068,0.0113314447592068,0.0,0.0
7004,scale_free,inv_degree,7067078,100,291,0.03,3,0.45,0.1,50,0.17,4,0.3517952635599692,0.0,0.0,0.0
7005,scale_free,inv_degree,7068087,100,291,0.03,3,0.45,0.1,50,0.07,1,0.5184135977337111,0.02171860245514636,0.0,0.0
7006,scale_free,inv_degree,7069096,100,291,0.03,3,0.45,0.1,50,0.18,5,0.3868613138686131,0.0,0.0,0.0
7007,scale_free,inv_degree,7070105,100,291,0.03,3,0.45,0.1,50,0.08,1,0.4882777276825969,0.011271415689810639,0.0,0.0
7008,scale_free,inv_degree,7071114,100,291,0.03,3,0.45,0.1,50,0.08,2,0.5121012101210125,0.020902090209020917,0.0,0.0
7009,scale_free,inv_degree,7072123,100,291,0.03,3,0.45,0.1,50,0.2,5,0.29028697571743933,0.0,0.0,0.0
7010,scale_free,inv_degree,7073132,100,291,0.03,3,0.45,0.1,50,0.09,3,0.3839383938393842,0.0,0.0,0.0
7011,scale_free,inv_degree,7074141,100,291,0.03,3,0.45,0.1,50,0.1,3,0.40928050052137654,0.0,0.0,0.0
7012,scale_free,inv_degree,7075150,100,291,0.03,3,0.45,0.1,50,0.08,1,0.5059288537549409,0.011857707509881429,0.0,0.0
7013,scale_free,inv_degree,7076159,100,291,0.03,3,0.45,0.1,50,0.08,1,0.5155306298533214,0.022433132010353733,0.0,0.0
7014,scale_free,inv_degree,7077168,100,291,0.03,3,0.45,0.1,50,0.06,1,0.5015641293013556,0.01094890510948905,0.0,0.0
7015,scale_free,inv_degree,7078177,100,291,0.03,3,0.45,0.1,50,0.2,5,0.28814762242725334,0.0,0.0,0.0
7016,scale_free,inv_degree,7079186,100,291,0.03,3,0.45,0.1,50,0.08,2,0.48544819557625124,0.0,0.0,0.0
7017,scale_free,inv_degree,7080195,100,291,0.03,3,0.45,0.1,50,0.14,3,0.36363636363636304,0.0,0.0,0.0
7018,scale_free,inv_degree,7081204,100,291,0.03,3,0.45,0.1,50,0.19,4,0.385734563520227,0.0,0.0,0.0
7019,scale_free,inv_degree,7082213,100,291,0.03,3,0.45,0.1,50,0.24,8,0.28817946505608283,0.0,0.0,0.0
7020,scale_free,inv_degree,7083222,100,291,0.03,3,0.45,0.1,50,0.08,4,0.5128840436075321,0.0,0.0,0.0
7021,scale_free,inv_degree,7084231,100,291,0.03,3,0.45,0.1,50,0.15,4,0.3267992978349913,0.0,0.0,0.0
7022,scale_free,inv_degree,7085240,100,291,0.03,3,0.45,0.1,50,0.25,4,0.27039067854695,0.0,0.0,0.0
7023,scale_free,inv_degree,7086249,100,291,0.03,3,0.45,0.1,50,0.1,2,0.4235423542354238,0.0,0.0,0.0
7024,scale_free,inv_degree,7087258,100,291,0.03,3,0.45,0.1,50,0.11,2,0.34137686302342085,0.0,0.0,0.0
7025,scale_free,inv_degree,7088267,100,291,0.03,3,0.45,0.1,50,0.18,6,0.342840512223516,0.0,0.0,0.0
7026,scale_free,inv_degree,7089276,100,291,0.03,3,0.45,0.1,50,0.1,3,0.5594059405940596,0.011001100110011004,0.0,0.0
7027,scale_free,inv_degree,7090285,100,291,0.03,3,0.45,0.1,50,0.13,3,0.32592159157401984,0.0,0.0,0.0
7028,scale_free,inv_degree,7091294,100,291,0.03,3,0.45,0.1,50,0.1,3,0.4790979097909795,0.04565456545654569,0.0,0.0
7029,scale_free,inv_degree,7092303,100,291,0.03,3,0.45,0.1,50,0.07,1,0.4531109107303878,0.0,0.0,0.0
7030,scale_free,inv_degree,7093312,100,291,0.03,3,0.45,0.1,50,0.09,1,0.38668555240793234,0.0,0.0,0.0
7031,scale_free,inv_degree,7094321,100,291,0.03,3,0.45,0.1,50,0.1,2,0.42176330420969027,0.0,0.0,0.0
7032,scale_free,inv_degree,7095330,100,291,0.03,3,0.45,0.1,50,0.09,1,0.41026747195858493,0.0,0.0,0.0
7033,scale_free,inv_degree,7096339,100,291,0.03,3,0.45,0.1,50,0.11,3,0.43855302279484615,0.0,0.0,0.0
7034,scale_free,inv_degree,7097348,100,291,0.03,3,0.45,0.1,50,0.25,6,0.2245657568238214,0.0,0.0,0.0
7035,scale_free,inv_degree,7098357,100,291,0.03,3,0.45,0.1,50,0.15,4,0.41066997518610426,0.011166253101736976,0.0,0.0
7036,scale_free,inv_degree,7099366,100,291,0.03,3,0.45,0.1,50,0.13,3,0.3774765380604798,0.0,0.0,0.0
7037,scale_free,inv_degree,7100375,100,291,0.03,3,0.45,0.1,50,0.1,2,0.4220018034265103,0.011271415689810639,0.0,0.0
7038,scale_free,inv_degree,7101384,100,291,0.03,3,0.45,0.1,50,0.18,3,0.3200883002207506,0.0,0.0,0.0
7039,scale_free,inv_degree,7102393,100,291,0.03,3,0.45,0.1,50,0.11,2,0.46103896103896114,0.011077158135981669,0.0,0.0
7040,scale_free,inv_degree,7103402,100,291,0.03,3,0.45,0.1,50,0.21,3,0.29065489330389993,0.0,0.0,0.0
7041,scale_free,inv_degree,7104411,100,291,0.03,3,0.45,0.1,50,0.14,2,0.2873436350257542,0.0,0.0,0.0
7042,scale_free,inv_degree,7105420,100,291,0.03,3,0.45,0.1,50,0.07,2,0.47922568460812076,0.0,0.0,0.0
7043,scale_free,inv_degree,7106429,100,291,0.03,3,0.45,0.1,50,0.14,3,0.2871830020562029,0.0,0.0,0.0
7044,scale_free,inv_degree,7107438,100,291,0.03,3,0.45,0.1,50,0.09,2,0.450445986124876,0.0,0.0,0.0
7045,scale_free,inv_degree,7108447,100,291,0.03,3,0.45,0.1,50,0.18,3,0.382908404154863,0.0,0.0,0.0
7046,scale_free,inv_degree,7109456,100,291,0.03,3,0.45,0.1,50,0.17,3,0.2924176507147297,0.010876320696084525,0.0,0.0
7047,scale_free,inv_degree,7110465,100,291,0.03,3,0.45,0.1,50,0.14,3,0.4129301355578729,0.01094890510948905,0.0,0.0
7048,scale_free,inv_degree,7111474,100,291,0.03,3,0.45,0.1,50,0.16,3,0.3584987057808456,0.0,0.0,0.0
7049,scale_free,inv_degree,7112483,100,291,0.03,3,0.45,0.1,50,0.1,2,0.4934123847167327,0.047430830039525716,0.0,0.0
7050,scale_free,inv_degree,7113492,100,291,0.03,3,0.45,0.1,50,0.05,1,0.6138088012139605,0.04552352048558422,0.0,0.0
7051,scale_free,inv_degree,7114501,100,291,0.03,3,0.45,0.1,50,0.13,3,0.41029272898961333,0.011331444759206808,0.0,0.0
7052,scale_free,inv_degree,7115510,100,291,0.03,3,0.45,0.1,50,0.17,3,0.3918791312559018,0.011331444759206801,0.0,0.0
7053,scale_free,inv_degree,7116519,100,291,0.03,3,0.45,0.1,50,0.11,4,0.46923879040667377,0.021897810218978114,0.0,0.0
7054,scale_free,inv_degree,7117528,100,291,0.03,3,0.45,0.1,50,0.16,3,0.3472821397756688,0.0,0.0,0.0
7055,scale_free,inv_degree,7118537,100,291,0.03,3,0.45,0.1,50,0.16,3,0.4490940465918897,0.011216566005176884,0.0,0.0
7056,scale_free,inv_degree,7119546,100,291,0.03,3,0.45,0.1,50,0.13,2,0.33102081268582734,0.0,0.0,0.0
7057,scale_free,inv_degree,7120555,100,291,0.03,3,0.45,0.1,50,0.12,2,0.33915806195393167,0.0,0.0,0.0
7058,scale_free,inv_degree,7121564,100,291,0.03,3,0.45,0.1,50,0.09,1,0.37291501191421744,0.0,0.0,0.0
7059,scale_free,inv_degree,7122573,100,291,0.03,3,0.45,0.1,50,0.1,2,0.4752229930624379,0.022794846382556983,0.0,0.0
7060,scale_free,inv_degree,7123582,100,291,0.03,3,0.45,0.1,50,0.14,2,0.3721207307386816,0.011119936457505959,0.0,0.0
7061,scale_free,inv_degree,7124591,100,291,0.03,3,0.45,0.1,50,0.12,3,0.3293351610692255,0.0,0.0,0.0
7062,scale_free,inv_degree,7125600,100,291,0.03,3,0.45,0.1,50,0.18,6,0.3339085418464195,0.0,0.0,0.0
7063,scale_free,inv_degree,7126609,100,291,0.03,3,0.45,0.1,50,0.16,8,0.3191690273843248,0.0,0.0,0.0
7064,scale_free,inv_degree,7127618,100,291,0.03,3,0.45,0.1,50,0.13,2,0.36062861869313484,0.011166253101736976,0.0,0.0
7065,scale_free,inv_degree,7128627,100,291,0.03,3,0.45,0.1,50,0.13,2,0.3189845474613686,0.0,0.0,0.0
7066,scale_free,inv_degree,7129636,100,291,0.03,3,0.45,0.1,50,0.23,6,0.28642220019821596,0.0,0.0,0.0
7067,scale_free,inv_degree,7130645,100,291,0.03,3,0.45,0.1,50,0.06,1,0.4708470847084712,0.0,0.0,0.0
7068,scale_free,inv_degree,7131654,100,291,0.03,3,0.45,0.1,50,0.16,4,0.30837473385379693,0.0,0.0,0.0
7069,scale_free,inv_degree,7132663,100,291,0.03,3,0.45,0.1,50,0.14,2,0.3764892772041303,0.0,0.0,0.0
7070,scale_free,inv_degree,7133672,100,291,0.03,3,0.45,0.1,50,0.13,2,0.3214049039098742,0.0,0.0,0.0
7071,scale_free,inv_degree,7134681,100,291,0.03,3,0.45,0.1,50,0.14,4,0.27793008910212474,0.010966415352981495,0.0,0.0
7072,scale_free,inv_degree,7135690,100,291,0.03,3,0.45,0.1,50,0.07,3,0.39646246764452114,0.011216566005176879,0.0,0.0
7073,scale_free,inv_degree,7136699,100,291,0.03,3,0.45,0.1,50,0.24,7,0.35442514474772546,0.011166253101736976,0.0,0.0
7074,scale_free,inv_degree,7137708,100,291,0.03,3,0.45,0.1,50,0.11,2,0.38007554296506135,0.0,0.0,0.0
7075,scale_free,inv_degree,7138717,100,291,0.03,3,0.45,0.1,50,0.16,3,0.39449954914337204,0.0,0.0,0.0
7076,scale_free,inv_degree,7139726,100,291,0.03,3,0.45,0.1,50,0.18,3,0.3604201216141515,0.0,0.0,0.0
7077,scale_free,inv_degree,7140735,100,291,0.03,3,0.45,0.1,50,0.15,2,0.34510669610007355,0.0,0.0,0.0
7078,scale_free,inv_degree,7141744,100,291,0.03,3,0.45,0.1,50,0.14,3,0.4254431699687176,0.0,0.0,0.0
7079,scale_free,inv_degree,7142753,100,291,0.03,3,0.45,0.1,50,0.05,1,0.46236559139784955,0.0,0.0,0.0
7080,scale_free,inv_degree,7143762,100,291,0.03,3,0.45,0.1,50,0.09,1,0.4682854311199205,0.0,0.0,0.0
7081,scale_free,inv_degree,7144771,100,291,0.03,3,0.45,0.1,50,0.11,2,0.4238052299368802,0.0,0.0,0.0
7082,scale_free,inv_degree,7145780,100,291,0.03,3,0.45,0.1,50,0.19,3,0.29519071310116096,0.0,0.0,0.0
7083,scale_free,inv_degree,7146789,100,291,0.03,3,0.45,0.1,50,0.1,1,0.41711229946524064,0.0,0.0,0.0
7084,scale_free,inv_degree,7147798,100,291,0.03,3,0.45,0.1,50,0.1,4,0.44004171011470283,0.011470281543274246,0.0,0.0
7085,scale_free,inv_degree,7148807,100,291,0.03,3,0.45,0.1,50,0.09,2,0.38165210484511514,0.0,0.0,0.0
7086,scale_free,inv_degree,7149816,100,291,0.03,3,0.45,0.1,50,0.15,1,0.3179559971611071,0.0,0.0,0.0
7087,scale_free,inv_degree,7150825,100,291,0.03,3,0.45,0.1,50,0.09,1,0.4575070821529744,0.010859301227573179,0.0,0.0
7088,scale_free,inv_degree,7151834,100,291,0.03,3,0.45,0.1,50,0.08,2,0.45099061522419187,0.0,0.0,0.0
7089,scale_free,inv_degree,7152843,100,291,0.03,3,0.45,0.1,50,0.11,2,0.38585607940446653,0.0,0.0,0.0
7090,scale_free,inv_degree,7153852,100,291,0.03,3,0.45,0.1,50,0.11,2,0.3895781637717123,0.0,0.0,0.0
7091,scale_free,inv_degree,7154861,100,291,0.03,3,0.45,0.1,50,0.03,0,0.5414091470951794,0.011742892459826954,0.0,0.0
7092,scale_free,inv_degree,7155870,100,291,0.03,3,0.45,0.1,50,0.15,4,0.355614973262032,0.0,0.0,0.0
7093,scale_free,inv_degree,7156879,100,291,0.03,3,0.45,0.1,50,0.13,2,0.40826052422557596,0.01111993645750596,0.0,0.0
7094,scale_free,inv_degree,7157888,100,291,0.03,3,0.45,0.1,50,0.12,2,0.37646528403967516,0.0,0.0,0.0
7095,scale_free,inv_degree,7158897,100,291,0.03,3,0.45,0.1,50,0.08,2,0.43282236248872863,0.0,0.0,0.0
7096,scale_free,inv_degree,7159906,100,291,0.03,3,0.45,0.1,50,0.12,2,0.41774033696729407,0.011397423191278488,0.0,0.0
7097,scale_free,inv_degree,7160915,100,291,0.03,3,0.45,0.1,50,0.11,3,0.46044499381953047,0.0,0.0,0.0
7098,scale_free,inv_degree,7161924,100,291,0.03,3,0.45,0.1,50,0.11,2,0.4504950495049508,0.0,0.0,0.0
7099,scale_free,inv_degree,7162933,100,291,0.03,3,0.45,0.1,50,0.08,2,0.3951548848292296,0.0,0.0,0.0
7100,scale_free,inv_degree,7163942,100,291,0.03,3,0.45,0.1,50,0.18,3,0.1676702176933765,0.0,0.0,0.0
7101,scale_free,inv_degree,7164951,100,291,0.03,3,0.45,0.1,50,0.11,2,0.417317246273953,0.0,0.0,0.0
7102,scale_free,inv_degree,7165960,100,291,0.03,3,0.45,0.1,50,0.24,8,0.2777421423989734,0.0,0.0,0.0
7103,scale_free,inv_degree,7166969,100,291,0.03,3,0.45,0.1,50,0.1,3,0.39471199244570354,0.0,0.0,0.0
7104,scale_free,inv_degree,7167978,100,291,0.03,3,0.45,0.1,50,0.08,2,0.4277620396600567,0.0,0.0,0.0
7105,scale_free,inv_degree,7168987,100,291,0.03,3,0.45,0.1,50,0.14,2,0.37591240875912413,0.0,0.0,0.0
7106,scale_free,inv_degree,7169996,100,291,0.03,3,0.45,0.1,50,0.1,2,0.36017820424948593,0.010966415352981495,0.0,0.0
7107,scale_free,inv_degree,7171005,100,291,0.03,3,0.45,0.1,50,0.17,2,0.4102564102564103,0.011166253101736976,0.0,0.0
7108,scale_free,inv_degree,7172014,100,291,0.03,3,0.45,0.1,50,0.09,2,0.48949320148331293,0.011742892459826954,0.0,0.0
7109,scale_free,inv_degree,7173023,100,291,0.03,3,0.45,0.1,50,0.07,1,0.5228677379480838,0.011742892459826938,0.0,0.0
7110,scale_free,inv_degree,7174032,100,291,0.03,3,0.45,0.1,50,0.11,2,0.3769161406672678,0.022091974752028853,0.0,0.0
7111,scale_free,inv_degree,7175041,100,291,0.03,3,0.45,0.1,50,0.1,2,0.47601668404588116,0.01094890510948905,0.0,0.0
7112,scale_free,inv_degree,7176050,100,291,0.03,3,0.45,0.1,50,0.13,2,0.382634289919058,0.010669610007358348,0.0,0.0
7113,scale_free,inv_degree,7177059,100,291,0.03,3,0.45,0.1,50,0.13,3,0.3224781572676727,0.0,0.0,0.0
7114,scale_free,inv_degree,7178068,100,291,0.03,3,0.45,0.1,50,0.15,3,0.4521452145214524,0.0,0.0,0.0
7115,scale_free,inv_degree,7179077,100,291,0.03,3,0.45,0.1,50,0.18,6,0.27998345740281233,0.0,0.0,0.0
7116,scale_free,inv_degree,7180086,100,291,0.03,3,0.45,0.1,50,0.12,2,0.47322467986030264,0.0,0.0,0.0
7117,scale_free,inv_degree,7181095,100,291,0.03,3,0.45,0.1,50,0.05,2,0.4807090719499479,0.011470281543274247,0.0,0.0
7118,scale_free,inv_degree,7182104,100,291,0.03,3,0.45,0.1,50,0.1,2,0.388101983002833,0.0,0.0,0.0
7119,scale_free,inv_degree,7183113,100,291,0.03,3,0.45,0.1,50,0.06,1,0.5895915678524375,0.011857707509881427,0.0,0.0
7120,scale_free,inv_degree,7184122,100,291,0.03,3,0.45,0.1,50,0.14,3,0.3342776203966006,0.0,0.0,0.0
7121,scale_free,inv_degree,7185131,100,291,0.03,3,0.45,0.1,50,0.09,2,0.4494264859228363,0.022940563086548495,0.0,0.0
7122,scale_free,inv_degree,7186140,100,291,0.03,3,0.45,0.1,50,0.12,6,0.3543046357615894,0.0,0.0,0.0
7123,scale_free,inv_degree,7187149,100,291,0.03,3,0.45,0.1,50,0.13,2,0.36307837582625124,0.03399433427762041,0.0,0.0
7124,scale_free,inv_degree,7188158,100,291,0.03,3,0.45,0.1,50,0.1,2,0.4060434372049101,0.0,0.0,0.0
7125,scale_free,inv_degree,7189167,100,291,0.03,3,0.45,0.1,50,0.07,2,0.45049504950495073,0.011551155115511557,0.0,0.0
7126,scale_free,inv_degree,7190176,100,291,0.03,3,0.45,0.1,50,0.07,1,0.4191419141914193,0.011551155115511557,0.0,0.0
7127,scale_free,inv_degree,7191185,100,291,0.03,3,0.45,0.1,50,0.17,4,0.28752570253598353,0.02193283070596299,0.0,0.0
7128,scale_free,inv_degree,7192194,100,291,0.03,3,0.45,0.1,50,0.15,3,0.39089269612263294,0.0,0.0,0.0
7129,scale_free,inv_degree,7193203,100,291,0.03,3,0.45,0.1,50,0.07,1,0.38522637013502786,0.0,0.0,0.0
7130,scale_free,inv_degree,7194212,100,291,0.03,3,0.45,0.1,50,0.09,2,0.3539367181751287,0.0,0.0,0.0
7131,scale_free,inv_degree,7195221,100,291,0.03,3,0.45,0.1,50,0.14,3,0.416058394160584,0.0,0.0,0.0
7132,scale_free,inv_degree,7196230,100,291,0.03,3,0.45,0.1,50,0.23,4,0.19520264681555008,0.0,0.0,0.0
7133,scale_free,inv_degree,7197239,100,291,0.03,3,0.45,0.1,50,0.18,5,0.2776673293571903,0.0,0.0,0.0
7134,scale_free,inv_degree,7198248,100,291,0.03,3,0.45,0.1,50,0.12,3,0.3729933899905571,0.0,0.0,0.0
7135,scale_free,inv_degree,7199257,100,291,0.03,3,0.45,0.1,50,0.17,3,0.29933899905571293,0.0,0.0,0.0
7136,scale_free,inv_degree,7200266,100,291,0.03,3,0.45,0.1,50,0.15,2,0.3836053938963804,0.011000709723207948,0.0,0.0
7137,scale_free,inv_degree,7201275,100,291,0.03,3,0.45,0.1,50,0.13,3,0.4593326381647551,0.0,0.0,0.0
7138,scale_free,inv_degree,7202284,100,291,0.03,3,0.45,0.1,50,0.11,1,0.3958793230316409,0.0,0.0,0.0
7139,scale_free,inv_degree,7203293,100,291,0.03,3,0.45,0.1,50,0.19,5,0.36372646184340907,0.01139742319127849,0.0,0.0
7140,scale_free,inv_degree,7204302,100,291,0.03,3,0.45,0.1,50,0.17,3,0.3910323253388947,0.0,0.0,0.0
7141,scale_free,inv_degree,7205311,100,291,0.03,3,0.45,0.1,50,1.0,22,0.0,0.0,0.0,0.0
7142,scale_free,inv_degree,7206320,100,291,0.03,3,0.45,0.1,50,0.13,3,0.3264495631453535,0.0,0.0,0.0
7143,scale_free,inv_degree,7207329,100,291,0.03,3,0.45,0.1,50,0.11,2,0.4108027750247767,0.0,0.0,0.0
7144,scale_free,inv_degree,7208338,100,291,0.03,3,0.45,0.1,50,0.07,1,0.47274529236868174,0.02279484638255698,0.0,0.0
7145,scale_free,inv_degree,7209347,100,291,0.03,3,0.45,0.1,50,0.09,3,0.4114376489277204,0.0,0.0,0.0
7146,scale_free,inv_degree,7210356,100,291,0.03,3,0.45,0.1,50,0.25,4,0.29506990434142755,0.0,0.0,0.0
7147,scale_free,inv_degree,7211365,100,291,0.03,3,0.45,0.1,50,0.09,1,0.34722969338353954,0.0,0.0,0.0
7148,scale_free,inv_degree,7212374,100,291,0.03,3,0.45,0.1,50,0.14,4,0.3261470425649532,0.0,0.0,0.0
7149,scale_free,inv_degree,7213383,100,291,0.03,3,0.45,0.1,50,0.32,6,0.14153529814941754,0.0,0.0,0.0
7150,scale_free,inv_degree,7214392,100,291,0.03,3,0.45,0.1,50,0.13,4,0.3616039744499645,0.011000709723207948,0.0,0.0
7151,scale_free,inv_degree,7215401,100,291,0.03,3,0.45,0.1,50,0.15,3,0.40132200188857414,0.0,0.0,0.0
7152,scale_free,inv_degree,7216410,100,291,0.03,3,0.45,0.1,50,0.13,3,0.42414614773629855,0.0,0.0,0.0
7153,scale_free,inv_degree,7217419,100,291,0.03,3,0.45,0.1,50,0.16,3,0.29666430092264,0.0,0.0,0.0
7154,scale_free,inv_degree,7218428,100,291,0.03,3,0.45,0.1,50,0.13,2,0.35552407932011376,0.0,0.0,0.0
7155,scale_free,inv_degree,7219437,100,291,0.03,3,0.45,0.1,50,0.06,1,0.474388824214203,0.02270081490104775,0.0,0.0
7156,scale_free,inv_degree,7220446,100,291,0.03,3,0.45,0.1,50,0.11,2,0.3018555334658715,0.0,0.0,0.0
7157,scale_free,inv_degree,7221455,100,291,0.03,3,0.45,0.1,50,0.11,2,0.47799779977997825,0.011001100110011004,0.0,0.0
7158,scale_free,inv_degree,7222464,100,291,0.03,3,0.45,0.1,50,0.16,3,0.35195339273474985,0.0,0.0,0.0
7159,scale_free,inv_degree,7223473,100,291,0.03,3,0.45,0.1,50,0.08,1,0.5264026402640262,0.011551155115511547,0.0,0.0
7160,scale_free,inv_degree,7224482,100,291,0.03,3,0.45,0.1,50,0.09,1,0.3220012828736367,0.0,0.0,0.0
7161,scale_free,inv_degree,7225491,100,291,0.03,3,0.45,0.1,50,0.18,4,0.3503649635036497,0.0,0.0,0.0
7162,scale_free,inv_degree,7226500,100,291,0.03,3,0.45,0.1,50,0.08,1,0.4238052299368801,0.011271415689810643,0.0,0.0
7163,scale_free,inv_degree,7227509,100,291,0.03,3,0.45,0.1,50,0.2,5,0.300205620287869,0.0,0.0,0.0
7164,scale_free,inv_degree,7228518,100,291,0.03,3,0.45,0.1,50,0.09,3,0.4986474301172232,0.03201082055906225,0.0,0.0
7165,scale_free,inv_degree,7229527,100,291,0.03,3,0.45,0.1,50,0.1,2,0.4113660062565173,0.0,0.0,0.0
7166,scale_free,inv_degree,7230536,100,291,0.03,3,0.45,0.1,50,0.09,1,0.41866527632951,0.011470281543274249,0.0,0.0
7167,scale_free,inv_degree,7231545,100,291,0.03,3,0.45,0.1,50,0.07,1,0.4761350407450521,0.011641443538998831,0.0,0.0
7168,scale_free,inv_degree,7232554,100,291,0.03,3,0.45,0.1,50,0.16,4,0.3367752184273234,0.0,0.0,0.0
7169,scale_free,inv_degree,7233563,100,291,0.03,3,0.45,0.1,50,0.17,4,0.3984142715559958,0.0,0.0,0.0
7170,scale_free,inv_degree,7234572,100,291,0.03,3,0.45,0.1,50,0.19,7,0.24840312278211518,0.0,0.0,0.0
7171,scale_free,inv_degree,7235581,100,291,0.03,3,0.45,0.1,50,0.3,5,0.16772295156179265,0.0,0.0,0.0
7172,scale_free,inv_degree,7236590,100,291,0.03,3,0.45,0.1,50,0.07,1,0.45214521452145234,0.011001100110011004,0.0,0.0
7173,scale_free,inv_degree,7237599,100,291,0.03,3,0.45,0.1,50,0.06,2,0.5154015401540157,0.011551155115511559,0.0,0.0
7174,scale_free,inv_degree,7238608,100,291,0.03,3,0.45,0.1,50,0.15,4,0.3433919022154317,0.011077158135981664,0.0,0.0
7175,scale_free,inv_degree,7239617,100,291,0.03,3,0.45,0.1,50,0.04,1,0.4679891794409378,0.022091974752028853,0.0,0.0
7176,scale_free,inv_degree,7240626,100,291,0.03,3,0.45,0.1,50,0.14,3,0.3029029793735675,0.0,0.0,0.0
7177,scale_free,inv_degree,7241635,100,291,0.03,3,0.45,0.1,50,0.11,3,0.376747608535688,0.0,0.0,0.0
7178,scale_free,inv_degree,7242644,100,291,0.03,3,0.45,0.1,50,0.25,5,0.3039702233250621,0.0,0.0,0.0
7179,scale_free,inv_degree,7243653,100,291,0.03,3,0.45,0.1,50,0.12,2,0.45874587458745897,0.011551155115511557,0.0,0.0
7180,scale_free,inv_degree,7244662,100,291,0.03,3,0.45,0.1,50,0.1,2,0.3832116788321169,0.011470281543274247,0.0,0.0
7181,scale_free,inv_degree,7245671,100,291,0.03,3,0.45,0.1,50,0.21,3,0.37047551454932587,0.0,0.0,0.0
7182,scale_free,inv_degree,7246680,100,291,0.03,3,0.45,0.1,50,0.1,1,0.4406286379511058,0.01105937136204889,0.0,0.0
7183,scale_free,inv_degree,7247689,100,291,0.03,3,0.45,0.1,50,0.11,2,0.3855776306107431,0.0,0.0,0.0
7184,scale_free,inv_degree,7248698,100,291,0.03,3,0.45,0.1,50,0.14,1,0.31048663468128856,0.0,0.0,0.0
7185,scale_free,inv_degree,7249707,100,291,0.03,3,0.45,0.1,50,0.06,1,0.3684863523573202,0.0,0.0,0.0
7186,scale_free,inv_degree,7250716,100,291,0.03,3,0.45,0.1,50,0.08,2,0.41866527632950995,0.0,0.0,0.0
7187,scale_free,inv_degree,7251725,100,291,0.03,3,0.45,0.1,50,0.11,2,0.4925558312655088,0.0,0.0,0.0
7188,scale_free,inv_degree,7252734,100,291,0.03,3,0.45,0.1,50,0.24,5,0.27821149751596874,0.0,0.0,0.0
7189,scale_free,inv_degree,7253743,100,291,0.03,3,0.45,0.1,50,0.16,2,0.34796978281397545,0.0,0.0,0.0
7190,scale_free,inv_degree,7254752,100,291,0.03,3,0.45,0.1,50,0.07,1,0.47898640296662554,0.0,0.0,0.0
7191,scale_free,inv_degree,7255761,100,291,0.03,3,0.45,0.1,50,0.12,2,0.39430086149768057,0.010934393638170978,0.0,0.0
7192,scale_free,inv_degree,7256770,100,291,0.03,3,0.45,0.1,50,0.12,2,0.3294324166179051,0.0,0.0,0.0
7193,scale_free,inv_degree,7257779,100,291,0.03,3,0.45,0.1,50,0.1,3,0.4206492335437331,0.0,0.0,0.0
7194,scale_free,inv_degree,7258788,100,291,0.03,3,0.45,0.1,50,0.11,2,0.45845136921624174,0.02171860245514636,0.0,0.0
7195,scale_free,inv_degree,7259797,100,291,0.03,3,0.45,0.1,50,0.06,1,0.42440041710114723,0.011470281543274249,0.0,0.0
7196,scale_free,inv_degree,7260806,100,291,0.03,3,0.45,0.1,50,0.09,2,0.4652840396753832,0.0,0.0,0.0
7197,scale_free,inv_degree,7261815,100,291,0.03,3,0.45,0.1,50,0.24,3,0.28246484698097607,0.0,0.0,0.0
7198,scale_free,inv_degree,7262824,100,291,0.03,3,0.45,0.1,50,0.16,1,0.30941602535083745,0.0,0.0,0.0
7199,scale_free,inv_degree,7263833,100,291,0.03,3,0.45,0.1,50,0.14,2,0.29716696805304416,0.0,0.0,0.0
7200,scale_free,inv_degree,7264842,100,291,0.03,3,0.45,0.1,50,0.15,2,0.4131255901794151,0.0,0.0,0.0
7201,scale_free,inv_degree,7265851,100,291,0.03,3,0.45,0.1,50,0.11,2,0.3835202761000865,0.0,0.0,0.0
7202,scale_free,inv_degree,7266860,100,291,0.03,3,0.45,0.1,50,0.13,3,0.35381565906838436,0.0,0.0,0.0
7203,scale_free,inv_degree,7267869,100,291,0.03,3,0.45,0.1,50,0.1,2,0.4062748212867355,0.0,0.0,0.0
7204,scale_free,inv_degree,7268878,100,291,0.03,3,0.45,0.1,50,0.14,2,0.3780971258671951,0.011397423191278485,0.0,0.0
7205,scale_free,inv_degree,7269887,100,291,0.03,3,0.45,0.1,50,0.06,1,0.35126799177518847,0.0,0.0,0.0
7206,scale_free,inv_degree,7270896,100,291,0.03,3,0.45,0.1,50,0.11,3,0.44202180376610484,0.022794846382556976,0.0,0.0
7207,scale_free,inv_degree,7271905,100,291,0.03,3,0.45,0.1,50,0.14,2,0.4686468646864686,0.0,0.0,0.0
7208,scale_free,inv_degree,7272914,100,291,0.03,3,0.45,0.1,50,0.16,2,0.31559963931469787,0.0,0.0,0.0
7209,scale_free,inv_degree,7273923,100,291,0.03,3,0.45,0.1,50,0.09,1,0.4685073339085419,0.022433132010353758,0.0,0.0
7210,scale_free,inv_degree,7274932,100,291,0.03,3,0.45,0.1,50,0.12,1,0.4046862589356632,0.0,0.0,0.0
7211,scale_free,inv_degree,7275941,100,291,0.03,3,0.45,0.1,50,0.21,5,0.2640207075064711,0.0,0.0,0.0
7212,scale_free,inv_degree,7276950,100,291,0.03,3,0.45,0.1,50,0.09,1,0.4229035166816951,0.022542831379621275,0.0,0.0
7213,scale_free,inv_degree,7277959,100,291,0.03,3,0.45,0.1,50,0.21,9,0.31230448383733067,0.0,0.0,0.0
7214,scale_free,inv_degree,7278968,100,291,0.03,3,0.45,0.1,50,0.17,3,0.3076923076923077,0.0,0.0,0.0
7215,scale_free,inv_degree,7279977,100,291,0.03,3,0.45,0.1,50,0.21,5,0.22266401590457266,0.0,0.0,0.0
7216,scale_free,inv_degree,7280986,100,291,0.03,3,0.45,0.1,50,0.11,2,0.44449950445986103,0.0,0.0,0.0
7217,scale_free,inv_degree,7281995,100,291,0.03,3,0.45,0.1,50,0.11,2,0.30564464400256586,0.0,0.0,0.0
7218,scale_free,inv_degree,7283004,100,291,0.03,3,0.45,0.1,50,0.13,2,0.28292862398822666,0.0,0.0,0.0
7219,scale_free,inv_degree,7284013,100,291,0.03,3,0.45,0.1,50,0.11,2,0.4006622516556291,0.0,0.0,0.0
7220,scale_free,inv_degree,7285022,100,291,0.03,3,0.45,0.1,50,0.17,4,0.4207135777998016,0.011397423191278492,0.0,0.0
7221,scale_free,inv_degree,7286031,100,291,0.03,3,0.45,0.1,50,0.1,3,0.39841427155599585,0.022794846382556983,0.0,0.0
7222,scale_free,inv_degree,7287040,100,291,0.03,3,0.45,0.1,50,0.13,4,0.3965896589658966,0.0,0.0,0.0
7223,scale_free,inv_degree,7288049,100,291,0.03,3,0.45,0.1,50,0.22,5,0.27814569536423844,0.0,0.0,0.0
7224,scale_free,inv_degree,7289058,100,291,0.03,3,0.45,0.1,50,0.25,5,0.25529185375240526,0.0,0.0,0.0
7225,scale_free,inv_degree,7290067,100,291,0.03,3,0.45,0.1,50,0.07,1,0.46486870120652923,0.0,0.0,0.0
7226,scale_free,inv_degree,7291076,100,291,0.03,3,0.45,0.1,50,0.16,4,0.4059405940594062,0.0,0.0,0.0
7227,scale_free,inv_degree,7292085,100,291,0.03,3,0.45,0.1,50,0.12,2,0.46893874029335636,0.011216566005176877,0.0,0.0
7228,scale_free,inv_degree,7293094,100,291,0.03,3,0.45,0.1,50,0.28,5,0.20452740270055603,0.0,0.0,0.0
7229,scale_free,inv_degree,7294103,100,291,0.03,3,0.45,0.1,50,0.11,2,0.4857849196538938,0.0,0.0,0.0
7230,scale_free,inv_degree,7295112,100,291,0.03,3,0.45,0.1,50,0.18,4,0.2795513373597929,0.0,0.0,0.0
7231,scale_free,inv_degree,7296121,100,291,0.03,3,0.45,0.1,50,0.17,5,0.24845784784098698,0.0,0.0,0.0
7232,scale_free,inv_degree,7297130,100,291,0.03,3,0.45,0.1,50,0.13,4,0.49670619235836644,0.035573122529644285,0.0,0.0
7233,scale_free,inv_degree,7298139,100,291,0.03,3,0.45,0.1,50,0.1,4,0.47147846332945276,0.0,0.0,0.0
7234,scale_free,inv_degree,7299148,100,291,0.03,3,0.45,0.1,50,0.09,1,0.44046591889559966,0.0,0.0,0.0
7235,scale_free,inv_degree,7300157,100,291,0.03,3,0.45,0.1,50,0.17,6,0.3633993743482795,0.0,0.0,0.0
7236,scale_free,inv_degree,7301166,100,291,0.03,3,0.45,0.1,50,0.05,1,0.4802095459837018,0.0,0.0,0.0
7237,scale_free,inv_degree,7302175,100,291,0.03,3,0.45,0.1,50,0.12,1,0.3240667196187451,0.0,0.0,0.0
7238,scale_free,inv_degree,7303184,100,291,0.03,3,0.45,0.1,50,0.1,2,0.4287646528403969,0.011271415689810643,0.0,0.0
7239,scale_free,inv_degree,7304193,100,291,0.03,3,0.45,0.1,50,0.11,2,0.4281466798810701,0.0,0.0,0.0
7240,scale_free,inv_degree,7305202,100,291,0.03,3,0.45,0.1,50,0.16,3,0.34095427435387754,0.0,0.0,0.0
7241,scale_free,inv_degree,7306211,100,291,0.03,3,0.45,0.1,50,0.12,2,0.28844738778513623,0.0,0.0,0.0
7242,scale_free,inv_degree,7307220,100,291,0.03,3,0.45,0.1,50,0.16,4,0.33814247069431913,0.0,0.0,0.0
7243,scale_free,inv_degree,7308229,100,291,0.03,3,0.45,0.1,50,0.12,5,0.34325889164598894,0.0,0.0,0.0
7244,scale_free,inv_degree,7309238,100,291,0.03,3,0.45,0.1,50,0.07,1,0.4866123399301511,0.0,0.0,0.0
7245,scale_free,inv_degree,7310247,100,291,0.03,3,0.45,0.1,50,0.09,3,0.4044665012406948,0.0,0.0,0.0
7246,scale_free,inv_degree,7311256,100,291,0.03,3,0.45,0.1,50,0.08,2,0.41749323715058617,0.011271415689810643,0.0,0.0
7247,scale_free,inv_degree,7312265,100,291,0.03,3,0.45,0.1,50,0.17,3,0.29849211788896507,0.0,0.0,0.0
7248,scale_free,inv_degree,7313274,100,291,0.03,3,0.45,0.1,50,0.1,1,0.4115250291036086,0.011641443538998831,0.0,0.0
7249,scale_free,inv_degree,7314283,100,291,0.03,3,0.45,0.1,50,0.08,2,0.48414271555996014,0.0,0.0,0.0
7250,scale_free,inv_degree,7315292,100,291,0.03,3,0.45,0.1,50,0.12,1,0.37717121588089336,0.0,0.0,0.0
7251,scale_free,inv_degree,7316301,100,291,0.03,3,0.45,0.1,50,0.14,3,0.4147670961347867,0.0,0.0,0.0
7252,scale_free,inv_degree,7317310,100,291,0.03,3,0.45,0.1,50,0.09,1,0.4481955762514549,0.0,0.0,0.0
7253,scale_free,inv_degree,7318319,100,291,0.03,3,0.45,0.1,50,0.11,2,0.4641532756489494,0.021013597033374545,0.0,0.0
7254,scale_free,inv_degree,7319328,100,291,0.03,3,0.45,0.1,50,0.13,3,0.47125867195242793,0.0,0.0,0.0
7255,scale_free,inv_degree,7320337,100,291,0.03,3,0.45,0.1,50,0.23,4,0.2137601177336276,0.0,0.0,0.0
7256,scale_free,inv_degree,7321346,100,291,0.03,3,0.45,0.1,50,0.13,2,0.3726220016542602,0.0,0.0,0.0
7257,scale_free,inv_degree,7322355,100,291,0.03,3,0.45,0.1,50,0.18,3,0.2712985938792391,0.0,0.0,0.0
7258,scale_free,inv_degree,7323364,100,291,0.03,3,0.45,0.1,50,0.09,1,0.5475718533201187,0.0,0.0,0.0
7259,scale_free,inv_degree,7324373,100,291,0.03,3,0.45,0.1,50,0.1,1,0.47132429614181426,0.0,0.0,0.0
7260,scale_free,inv_degree,7325382,100,291,0.03,3,0.45,0.1,50,0.12,2,0.3827772768259694,0.0,0.0,0.0
7261,scale_free,inv_degree,7326391,100,291,0.03,3,0.45,0.1,50,0.08,2,0.4357231149567369,0.0,0.0,0.0
7262,scale_free,inv_degree,7327400,100,291,0.03,3,0.45,0.1,50,0.15,3,0.37110481586402255,0.0,0.0,0.0
7263,scale_free,inv_degree,7328409,100,291,0.03,3,0.45,0.1,50,0.06,2,0.4079320113314447,0.011331444759206798,0.0,0.0
7264,scale_free,inv_degree,7329418,100,291,0.03,3,0.45,0.1,50,0.09,3,0.5260688216892596,0.04588112617309695,0.0,0.0
7265,scale_free,inv_degree,7330427,100,291,0.03,3,0.45,0.1,50,0.12,2,0.3271327774214242,0.0,0.0,0.0
7266,scale_free,inv_degree,7331436,100,291,0.03,3,0.45,0.1,50,0.1,2,0.3767576509511998,0.011166253101736984,0.0,0.0
7267,scale_free,inv_degree,7332445,100,291,0.03,3,0.45,0.1,50,0.13,2,0.3453267162944584,0.0,0.0,0.0
7268,scale_free,inv_degree,7333454,100,291,0.03,3,0.45,0.1,50,0.19,6,0.3755169561621175,0.011166253101736977,0.0,0.0
7269,scale_free,inv_degree,7334463,100,291,0.03,3,0.45,0.1,50,0.09,2,0.3697024346257889,0.0,0.0,0.0
7270,scale_free,inv_degree,7335472,100,291,0.03,3,0.45,0.1,50,0.1,2,0.42648592283628795,0.0,0.0,0.0
7271,scale_free,inv_degree,7336481,100,291,0.03,3,0.45,0.1,50,0.12,1,0.4007765314926661,0.0,0.0,0.0
7272,scale_free,inv_degree,7337490,100,291,0.03,3,0.45,0.1,50,0.08,1,0.4400417101147029,0.0,0.0,0.0
7273,scale_free,inv_degree,7338499,100,291,0.03,3,0.45,0.1,50,0.13,1,0.3973252804141503,0.0,0.0,0.0
7274,scale_free,inv_degree,7339508,100,291,0.03,3,0.45,0.1,50,0.29,5,0.26459268762026955,0.0,0.0,0.0
7275,scale_free,inv_degree,7340517,100,291,0.03,3,0.45,0.1,50,0.07,1,0.44935972060535484,0.011641443538998831,0.0,0.0
7276,scale_free,inv_degree,7341526,100,291,0.03,3,0.45,0.1,50,0.14,4,0.4417927823050057,0.0,0.0,0.0
7277,scale_free,inv_degree,7342535,100,291,0.03,3,0.45,0.1,50,0.26,8,0.2941454202077431,0.0113314447592068,0.0,0.0
7278,scale_free,inv_degree,7343544,100,291,0.03,3,0.45,0.1,50,0.17,5,0.36559139784946243,0.011166253101736977,0.0,0.0
7279,scale_free,inv_degree,7344553,100,291,0.03,3,0.45,0.1,50,0.08,1,0.43508424182358746,0.0,0.0,0.0
7280,scale_free,inv_degree,7345562,100,291,0.03,3,0.45,0.1,50,0.04,1,0.49233543733092877,0.0,0.0,0.0
7281,scale_free,inv_degree,7346571,100,291,0.03,3,0.45,0.1,50,0.13,2,0.3837380426784399,0.011037527593818978,0.0,0.0
7282,scale_free,inv_degree,7347580,100,291,0.03,3,0.45,0.1,50,0.33,5,0.1702750146284377,0.0,0.0,0.0
7283,scale_free,inv_degree,7348589,100,291,0.03,3,0.45,0.1,50,0.08,2,0.43430099312452264,0.0,0.0,0.0
7284,scale_free,inv_degree,7349598,100,291,0.03,3,0.45,0.1,50,0.11,2,0.35763589301121657,0.0,0.0,0.0
7285,scale_free,inv_degree,7350607,100,291,0.03,3,0.45,0.1,50,0.1,2,0.47819623389494537,0.01139742319127849,0.0,0.0
7286,scale_free,inv_degree,7351616,100,291,0.03,3,0.45,0.1,50,0.18,5,0.35464654487688657,0.0,0.0,0.0
7287,scale_free,inv_degree,7352625,100,291,0.03,3,0.45,0.1,50,0.1,2,0.40653432588916477,0.011166253101736977,0.0,0.0
7288,scale_free,inv_degree,7353634,100,291,0.03,3,0.45,0.1,50,0.13,2,0.3548510313216194,0.0,0.0,0.0
7289,scale_free,inv_degree,7354643,100,291,0.03,3,0.45,0.1,50,0.07,1,0.4602750190985484,0.022154316271963327,0.0,0.0
7290,scale_free,inv_degree,7355652,100,291,0.03,3,0.45,0.1,50,0.31,5,0.28031809145129233,0.0,0.0,0.0
7291,scale_free,inv_degree,7356661,100,291,0.03,3,0.45,0.1,50,0.32,6,0.2272727272727272,0.0,0.0,0.0
7292,scale_free,inv_degree,7357670,100,291,0.03,3,0.45,0.1,50,0.13,2,0.39547635366689515,0.0,0.0,0.0
7293,scale_free,inv_degree,7358679,100,291,0.03,3,0.45,0.1,50,0.15,4,0.3662640207075065,0.01035375323554789,0.0,0.0
7294,scale_free,inv_degree,7359688,100,291,0.03,3,0.45,0.1,50,0.12,2,0.3433919022154316,0.0,0.0,0.0
7295,scale_free,inv_degree,7360697,100,291,0.03,3,0.45,0.1,50,0.17,5,0.30353200883002207,0.0,0.0,0.0
7296,scale_free,inv_degree,7361706,100,291,0.03,3,0.45,0.1,50,0.1,1,0.41846419327005985,0.02243313201035373,0.0,0.0
7297,scale_free,inv_degree,7362715,100,291,0.03,3,0.45,0.1,50,0.21,5,0.3567730802415878,0.0,0.0,0.0
7298,scale_free,inv_degree,7363724,100,291,0.03,3,0.45,0.1,50,0.15,2,0.3557230980123372,0.01062371487320082,0.0,0.0
7299,scale_free,inv_degree,7364733,100,291,0.03,3,0.45,0.1,50,0.14,2,0.3889990089197225,0.0,0.0,0.0
7300,scale_free,inv_degree,7365742,100,291,0.03,3,0.45,0.1,50,0.08,1,0.4383788254755998,0.021505376344086027,0.0,0.0
7301,scale_free,inv_degree,7366751,100,291,0.03,3,0.45,0.1,50,0.05,1,0.45556514236410717,0.0,0.0,0.0
7302,scale_free,inv_degree,7367760,100,291,0.03,3,0.45,0.1,50,0.15,3,0.3409316154608522,0.0,0.0,0.0
7303,scale_free,inv_degree,7368769,100,291,0.03,3,0.45,0.1,50,0.13,4,0.3620309050772625,0.0,0.0,0.0
7304,scale_free,inv_degree,7369778,100,291,0.03,3,0.45,0.1,50,0.07,1,0.5049504950495052,0.022552255225522556,0.0,0.0
7305,scale_free,inv_degree,7370787,100,291,0.03,3,0.45,0.1,50,0.15,3,0.2846876727473743,0.0,0.0,0.0
7306,scale_free,inv_degree,7371796,100,291,0.03,3,0.45,0.1,50,0.17,3,0.29428216283405856,0.0,0.0,0.0
7307,scale_free,inv_degree,7372805,100,291,0.03,3,0.45,0.1,50,0.11,2,0.3653693407466242,0.0,0.0,0.0
7308,scale_free,inv_degree,7373814,100,291,0.03,3,0.45,0.1,50,0.19,5,0.2957619477006312,0.0,0.0,0.0
7309,scale_free,inv_degree,7374823,100,291,0.03,3,0.45,0.1,50,0.07,1,0.41935483870967766,0.011166253101736981,0.0,0.0
7310,scale_free,inv_degree,7375832,100,291,0.03,3,0.45,0.1,50,0.06,1,0.44428706326723316,0.0113314447592068,0.0,0.0
7311,scale_free,inv_degree,7376841,100,291,0.03,3,0.45,0.1,50,0.11,2,0.4082377476538061,0.0,0.0,0.0
7312,scale_free,inv_degree,7377850,100,291,0.03,3,0.45,0.1,50,0.14,3,0.3649742457689476,0.0,0.0,0.0
7313,scale_free,inv_degree,7378859,100,291,0.03,3,0.45,0.1,50,0.11,3,0.46270066100094426,0.0113314447592068,0.0,0.0
7314,scale_free,inv_degree,7379868,100,291,0.03,3,0.45,0.1,50,0.08,1,0.420461834509301,0.0,0.0,0.0
7315,scale_free,inv_degree,7380877,100,291,0.03,3,0.45,0.1,50,0.08,1,0.5083420229405632,0.011470281543274247,0.0,0.0
7316,scale_free,inv_degree,7381886,100,291,0.03,3,0.45,0.1,50,0.13,2,0.36861313868613094,0.0,0.0,0.0
7317,scale_free,inv_degree,7382895,100,291,0.03,3,0.45,0.1,50,0.14,2,0.43015133876600686,0.011641443538998831,0.0,0.0
7318,scale_free,inv_degree,7383904,100,291,0.03,3,0.45,0.1,50,0.11,1,0.35111662531017374,0.0,0.0,0.0
7319,scale_free,inv_degree,7384913,100,291,0.03,3,0.45,0.1,50,0.13,2,0.3362282878411911,0.0,0.0,0.0
7320,scale_free,inv_degree,7385922,100,291,0.03,3,0.45,0.1,50,0.1,2,0.4681960375391032,0.0,0.0,0.0
7321,scale_free,inv_degree,7386931,100,291,0.03,3,0.45,0.1,50,0.2,4,0.37923904052936325,0.011166253101736977,0.0,0.0
7322,scale_free,inv_degree,7387940,100,291,0.03,3,0.45,0.1,50,0.14,2,0.34253127299484915,0.0,0.0,0.0
7323,scale_free,inv_degree,7388949,100,291,0.03,3,0.45,0.1,50,1.0,16,0.0,0.0,0.0,0.0
7324,scale_free,inv_degree,7389958,100,291,0.03,3,0.45,0.1,50,0.09,2,0.4103072348860256,0.0,0.0,0.0
7325,scale_free,inv_degree,7390967,100,291,0.03,3,0.45,0.1,50,0.09,2,0.3855302279484637,0.0,0.0,0.0
7326,scale_free,inv_degree,7391976,100,291,0.03,3,0.45,0.1,50,0.14,3,0.31283422459893045,0.0,0.0,0.0
7327,scale_free,inv_degree,7392985,100,291,0.03,3,0.45,0.1,50,0.1,2,0.4130589070262597,0.0,0.0,0.0
7328,scale_free,inv_degree,7393994,100,291,0.03,3,0.45,0.1,50,0.12,2,0.4363920750782065,0.0,0.0,0.0
7329,scale_free,inv_degree,7395003,100,291,0.03,3,0.45,0.1,50,0.17,2,0.38850346878097136,0.011397423191278502,0.0,0.0
7330,scale_free,inv_degree,7396012,100,291,0.03,3,0.45,0.1,50,0.07,1,0.511059371362049,0.0,0.0,0.0
7331,scale_free,inv_degree,7397021,100,291,0.03,3,0.45,0.1,50,0.06,1,0.3487777146105738,0.0,0.0,0.0
7332,scale_free,inv_degree,7398030,100,291,0.03,3,0.45,0.1,50,0.08,2,0.4041548630783757,0.0,0.0,0.0
7333,scale_free,inv_degree,7399039,100,291,0.03,3,0.45,0.1,50,0.22,5,0.3356341673856774,0.0,0.0,0.0
7334,scale_free,inv_degree,7400048,100,291,0.03,3,0.45,0.1,50,0.09,1,0.4762140733399404,0.0,0.0,0.0
7335,scale_free,inv_degree,7401057,100,291,0.03,3,0.45,0.1,50,0.21,3,0.25368826170622183,0.0,0.0,0.0
7336,scale_free,inv_degree,7402066,100,291,0.03,3,0.45,0.1,50,0.09,2,0.4335976214073339,0.0,0.0,0.0
7337,scale_free,inv_degree,7403075,100,291,0.03,3,0.45,0.1,50,0.13,2,0.33826037521318936,0.0,0.0,0.0
7338,scale_free,inv_degree,7404084,100,291,0.03,3,0.45,0.1,50,0.11,2,0.3657086223984142,0.022794846382556983,0.0,0.0
7339,scale_free,inv_degree,7405093,100,291,0.03,3,0.45,0.1,50,0.19,2,0.3539224526600547,0.0,0.0,0.0
7340,scale_free,inv_degree,7406102,100,291,0.03,3,0.45,0.1,50,0.1,3,0.4400345125107851,0.0,0.0,0.0
7341,scale_free,inv_degree,7407111,100,291,0.03,3,0.45,0.1,50,0.07,2,0.412855910267472,0.0,0.0,0.0
7342,scale_free,inv_degree,7408120,100,291,0.03,3,0.45,0.1,50,0.13,2,0.398789878987899,0.0,0.0,0.0
7343,scale_free,inv_degree,7409129,100,291,0.03,3,0.45,0.1,50,0.13,2,0.3047571853320118,0.0,0.0,0.0
7344,scale_free,inv_degree,7410138,100,291,0.03,3,0.45,0.1,50,0.18,5,0.27892122072391756,0.0,0.0,0.0
7345,scale_free,inv_degree,7411147,100,291,0.03,3,0.45,0.1,50,0.1,3,0.5302843016069222,0.01174289245982695,0.0,0.0
7346,scale_free,inv_degree,7412156,100,291,0.03,3,0.45,0.1,50,0.11,2,0.3440036068530206,0.011271415689810637,0.0,0.0
7347,scale_free,inv_degree,7413165,100,291,0.03,3,0.45,0.1,50,0.14,3,0.32065535400819184,0.0,0.0,0.0
7348,scale_free,inv_degree,7414174,100,291,0.03,3,0.45,0.1,50,0.18,3,0.3525852585258527,0.0,0.0,0.0
7349,scale_free,inv_degree,7415183,100,291,0.03,3,0.45,0.1,50,0.05,1,0.49944994499449974,0.011551155115511557,0.0,0.0
7350,scale_free,inv_degree,7416192,100,291,0.03,3,0.45,0.1,50,0.11,4,0.47450424929178464,0.0,0.0,0.0
7351,scale_free,inv_degree,7417201,100,291,0.03,3,0.45,0.1,50,0.12,1,0.38731856378915186,0.0,0.0,0.0
7352,scale_free,inv_degree,7418210,100,291,0.03,3,0.45,0.1,50,0.18,2,0.23189607517965727,0.0,0.0,0.0
7353,scale_free,inv_degree,7419219,100,291,0.03,3,0.45,0.1,50,0.04,1,0.4283137962128044,0.01127141568981064,0.0,0.0
7354,scale_free,inv_degree,7420228,100,291,0.03,3,0.45,0.1,50,0.15,3,0.3257790368271955,0.0,0.0,0.0
7355,scale_free,inv_degree,7421237,100,291,0.03,3,0.45,0.1,50,0.13,4,0.3449131513647643,0.0,0.0,0.0
7356,scale_free,inv_degree,7422246,100,291,0.03,3,0.45,0.1,50,0.11,2,0.4121813031161472,0.0113314447592068,0.0,0.0
7357,scale_free,inv_degree,7423255,100,291,0.03,3,0.45,0.1,50,0.19,3,0.4272409778812579,0.0,0.0,0.0
7358,scale_free,inv_degree,7424264,100,291,0.03,3,0.45,0.1,50,0.09,2,0.3685464654487688,0.0,0.0,0.0
7359,scale_free,inv_degree,7425273,100,291,0.03,3,0.45,0.1,50,0.12,2,0.3440712816997946,0.010966415352981505,0.0,0.0
7360,scale_free,inv_degree,7426282,100,291,0.03,3,0.45,0.1,50,0.18,3,0.31893121091529286,0.0,0.0,0.0
7361,scale_free,inv_degree,7427291,100,291,0.03,3,0.45,0.1,50,0.07,1,0.47119924457034956,0.011331444759206805,0.0,0.0
7362,scale_free,inv_degree,7428300,100,291,0.03,3,0.45,0.1,50,0.24,4,0.2660702451954938,0.010934393638170982,0.0,0.0
7363,scale_free,inv_degree,7429309,100,291,0.03,3,0.45,0.1,50,0.14,2,0.3827349121466769,0.022154316271963334,0.0,0.0
7364,scale_free,inv_degree,7430318,100,291,0.03,3,0.45,0.1,50,0.08,2,0.5296442687747038,0.0,0.0,0.0
7365,scale_free,inv_degree,7431327,100,291,0.03,3,0.45,0.1,50,0.14,3,0.3760921366163622,0.022239872915011918,0.0,0.0
7366,scale_free,inv_degree,7432336,100,291,0.03,3,0.45,0.1,50,0.14,2,0.379089159717768,0.01058370750481078,0.0,0.0
7367,scale_free,inv_degree,7433345,100,291,0.03,3,0.45,0.1,50,0.16,3,0.4073614557485526,0.0,0.0,0.0
7368,scale_free,inv_degree,7434354,100,291,0.03,3,0.45,0.1,50,0.14,3,0.37122002085505745,0.0,0.0,0.0
7369,scale_free,inv_degree,7435363,100,291,0.03,3,0.45,0.1,50,0.08,3,0.3485752153744202,0.0,0.0,0.0
7370,scale_free,inv_degree,7436372,100,291,0.03,3,0.45,0.1,50,0.45,11,0.11040508339952343,0.0,0.0,0.0
7371,scale_free,inv_degree,7437381,100,291,0.03,3,0.45,0.1,50,0.24,8,0.30475718533201174,0.0,0.0,0.0
7372,scale_free,inv_degree,7438390,100,291,0.03,3,0.45,0.1,50,0.18,4,0.3222605694564282,0.0,0.0,0.0
7373,scale_free,inv_degree,7439399,100,291,0.03,3,0.45,0.1,50,0.15,2,0.31578947368421,0.0,0.0,0.0
7374,scale_free,inv_degree,7440408,100,291,0.03,3,0.45,0.1,50,0.11,1,0.44679891794409377,0.01127141568981064,0.0,0.0
7375,scale_free,inv_degree,7441417,100,291,0.03,3,0.45,0.1,50,0.18,4,0.2531785516860147,0.0,0.0,0.0
7376,scale_free,inv_degree,7442426,100,291,0.03,3,0.45,0.1,50,0.08,1,0.43598233995584984,0.0,0.0,0.0
7377,scale_free,inv_degree,7443435,100,291,0.03,3,0.45,0.1,50,0.11,2,0.36257710760795064,0.0,0.0,0.0
7378,scale_free,inv_degree,7444444,100,291,0.03,3,0.45,0.1,50,0.1,2,0.38477580813347256,0.0,0.0,0.0
7379,scale_free,inv_degree,7445453,100,291,0.03,3,0.45,0.1,50,0.17,3,0.34142715559960324,0.0,0.0,0.0
7380,scale_free,inv_degree,7446462,100,291,0.03,3,0.45,0.1,50,0.09,1,0.36928386540120806,0.01121656600517688,0.0,0.0
7381,scale_free,inv_degree,7447471,100,291,0.03,3,0.45,0.1,50,0.08,2,0.46864686468646877,0.011551155115511556,0.0,0.0
7382,scale_free,inv_degree,7448480,100,291,0.03,3,0.45,0.1,50,0.08,2,0.41419141914191454,0.011551155115511559,0.0,0.0
7383,scale_free,inv_degree,7449489,100,291,0.03,3,0.45,0.1,50,0.11,7,0.46364494806421147,0.021718602455146358,0.0,0.0
7384,scale_free,inv_degree,7450498,100,291,0.03,3,0.45,0.1,50,0.16,4,0.32657463330457287,0.011216566005176877,0.0,0.0
7385,scale_free,inv_degree,7451507,100,291,0.03,3,0.45,0.1,50,0.19,6,0.33498759305210923,0.011166253101736977,0.0,0.0
7386,scale_free,inv_degree,7452516,100,291,0.03,3,0.45,0.1,50,0.26,6,0.1925133689839572,0.0,0.0,0.0
7387,scale_free,inv_degree,7453525,100,291,0.03,3,0.45,0.1,50,0.09,3,0.35273243435060325,0.0,0.0,0.0
7388,scale_free,inv_degree,7454534,100,291,0.03,3,0.45,0.1,50,0.1,2,0.338678640153945,0.010904425914047472,0.0,0.0
7389,scale_free,inv_degree,7455543,100,291,0.03,3,0.45,0.1,50,0.1,2,0.3597835888187556,0.0,0.0,0.0
7390,scale_free,inv_degree,7456552,100,291,0.03,3,0.45,0.1,50,0.12,2,0.4631463146314633,0.0,0.0,0.0
7391,scale_free,inv_degree,7457561,100,291,0.03,3,0.45,0.1,50,0.08,1,0.5625823451910409,0.023056653491436103,0.0,0.0
7392,scale_free,inv_degree,7458570,100,291,0.03,3,0.45,0.1,50,0.12,5,0.38060479666319097,0.0,0.0,0.0
7393,scale_free,inv_degree,7459579,100,291,0.03,3,0.45,0.1,50,0.16,4,0.4324796274738067,0.011641443538998833,0.0,0.0
7394,scale_free,inv_degree,7460588,100,291,0.03,3,0.45,0.1,50,0.17,2,0.3216195569136745,0.011077158135981665,0.0,0.0
7395,scale_free,inv_degree,7461597,100,291,0.03,3,0.45,0.1,50,0.32,10,0.19671504965622613,0.0,0.0,0.0
7396,scale_free,inv_degree,7462606,100,291,0.03,3,0.45,0.1,50,0.14,5,0.34880083420229413,0.011470281543274246,0.0,0.0
7397,scale_free,inv_degree,7463615,100,291,0.03,3,0.45,0.1,50,0.13,2,0.3260437375745528,0.0,0.0,0.0
7398,scale_free,inv_degree,7464624,100,291,0.03,3,0.45,0.1,50,0.14,2,0.35544082605242255,0.0,0.0,0.0
7399,scale_free,inv_degree,7465633,100,291,0.03,3,0.45,0.1,50,0.13,3,0.40297937356760904,0.0,0.0,0.0
7400,scale_free,inv_degree,7466642,100,291,0.03,3,0.45,0.1,50,0.09,2,0.4314063848144951,0.009922346850733392,0.0,0.0
7401,scale_free,inv_degree,7467651,100,291,0.03,3,0.45,0.1,50,1.0,22,0.0,0.0,0.0,0.0
7402,scale_free,inv_degree,7468660,100,291,0.03,3,0.45,0.1,50,0.07,2,0.46939619520264697,0.022332506203473962,0.0,0.0
7403,scale_free,inv_degree,7469669,100,291,0.03,3,0.45,0.1,50,0.1,3,0.3832281334535618,0.011271415689810643,0.0,0.0
7404,scale_free,inv_degree,7470678,100,291,0.03,3,0.45,0.1,50,0.48,14,0.09480375898286347,0.0,0.0,0.0
7405,scale_free,inv_degree,7471687,100,291,0.03,3,0.45,0.1,50,0.19,4,0.3087818696883853,0.011331444759206803,0.0,0.0
7406,scale_free,inv_degree,7472696,100,291,0.03,3,0.45,0.1,50,0.18,3,0.3247011952191234,0.0,0.0,0.0
7407,scale_free,inv_degree,7473705,100,291,0.03,3,0.45,0.1,50,0.09,1,0.5061378659112373,0.022662889518413627,0.0,0.0
7408,scale_free,inv_degree,7474714,100,291,0.03,3,0.45,0.1,50,0.08,2,0.4449944994499452,0.011551155115511557,0.0,0.0
7409,scale_free,inv_degree,7475723,100,291,0.03,3,0.45,0.1,50,0.13,2,0.38751238850346864,0.0,0.0,0.0
7410,scale_free,inv_degree,7476732,100,291,0.03,3,0.45,0.1,50,0.09,1,0.4874892148403795,0.0,0.0,0.0
7411,scale_free,inv_degree,7477741,100,291,0.03,3,0.45,0.1,50,0.1,2,0.3862134088762984,0.011331444759206801,0.0,0.0
7412,scale_free,inv_degree,7478750,100,291,0.03,3,0.45,0.1,50,0.11,2,0.41432488005483203,0.0,0.0,0.0
7413,scale_free,inv_degree,7479759,100,291,0.03,3,0.45,0.1,50,0.07,2,0.34253666954270934,0.0,0.0,0.0
7414,scale_free,inv_degree,7480768,100,291,0.03,3,0.45,0.1,50,0.19,5,0.31588999236058046,0.0,0.0,0.0
7415,scale_free,inv_degree,7481777,100,291,0.03,3,0.45,0.1,50,0.11,2,0.4346257889990977,0.022542831379621264,0.0,0.0
7416,scale_free,inv_degree,7482786,100,291,0.03,3,0.45,0.1,50,0.15,2,0.28827037773359854,0.0,0.0,0.0
7417,scale_free,inv_degree,7483795,100,291,0.03,3,0.45,0.1,50,0.09,1,0.3522200132538105,0.0,0.0,0.0
7418,scale_free,inv_degree,7484804,100,291,0.03,3,0.45,0.1,50,0.11,3,0.2712470214455918,0.0,0.0,0.0
7419,scale_free,inv_degree,7485813,100,291,0.03,3,0.45,0.1,50,0.2,3,0.3081296191017624,0.0,0.0,0.0
7420,scale_free,inv_degree,7486822,100,291,0.03,3,0.45,0.1,50,0.13,2,0.3891977760127086,0.010722795869737888,0.0,0.0
7421,scale_free,inv_degree,7487831,100,291,0.03,3,0.45,0.1,50,0.1,1,0.38574126534466474,0.021718602455146365,0.0,0.0
7422,scale_free,inv_degree,7488840,100,291,0.03,3,0.45,0.1,50,0.1,2,0.3467037331215245,0.0,0.0,0.0
7423,scale_free,inv_degree,7489849,100,291,0.03,3,0.45,0.1,50,0.11,2,0.4462982273201252,0.0,0.0,0.0
7424,scale_free,inv_degree,7490858,100,291,0.03,3,0.45,0.1,50,0.1,1,0.41073038773670045,0.011271415689810655,0.0,0.0
7425,scale_free,inv_degree,7491867,100,291,0.03,3,0.45,0.1,50,0.08,1,0.4873487348734875,0.02310231023102311,0.0,0.0
7426,scale_free,inv_degree,7492876,100,291,0.03,3,0.45,0.1,50,0.13,2,0.3828956706884314,0.0,0.0,0.0
7427,scale_free,inv_degree,7493885,100,291,0.03,3,0.45,0.1,50,0.1,2,0.3744098205854579,0.011331444759206801,0.0,0.0
7428,scale_free,inv_degree,7494894,100,291,0.03,3,0.45,0.1,50,0.1,2,0.30841387151790794,0.0,0.0,0.0
7429,scale_free,inv_degree,7495903,100,291,0.03,3,0.45,0.1,50,0.18,6,0.3200769724182169,0.0,0.0,0.0
7430,scale_free,inv_degree,7496912,100,291,0.03,3,0.45,0.1,50,0.14,4,0.3479697828139759,0.0,0.0,0.0
7431,scale_free,inv_degree,7497921,100,291,0.03,3,0.45,0.1,50,0.13,3,0.2849462365591398,0.02233250620347395,0.0,0.0
7432,scale_free,inv_degree,7498930,100,291,0.03,3,0.45,0.1,50,0.06,1,0.4648331830477909,0.0,0.0,0.0
7433,scale_free,inv_degree,7499939,100,291,0.03,3,0.45,0.1,50,0.18,4,0.26050420168067223,0.0,0.0,0.0
7434,scale_free,inv_degree,7500948,100,291,0.03,3,0.45,0.1,50,0.2,3,0.24834437086092712,0.011037527593818984,0.0,0.0
7435,scale_free,inv_degree,7501957,100,291,0.03,3,0.45,0.1,50,0.08,1,0.407652685798381,0.0,0.0,0.0
7436,scale_free,inv_degree,7502966,100,291,0.03,3,0.45,0.1,50,0.16,6,0.4222001982160553,0.0,0.0,0.0
7437,scale_free,inv_degree,7503975,100,291,0.03,3,0.45,0.1,50,0.25,8,0.15078821110349555,0.0,0.0,0.0
7438,scale_free,inv_degree,7504984,100,291,0.03,3,0.45,0.1,50,0.18,2,0.3502575423105224,0.011037527593818985,0.0,0.0
7439,scale_free,inv_degree,7505993,100,291,0.03,3,0.45,0.1,50,0.18,4,0.3257118205349439,0.0,0.0,0.0
7440,scale_free,inv_degree,7507002,100,291,0.03,3,0.45,0.1,50,0.11,2,0.4666319082377477,0.0,0.0,0.0
7441,scale_free,inv_degree,7508011,100,291,0.03,3,0.45,0.1,50,0.18,3,0.33126550868486365,0.0,0.0,0.0
7442,scale_free,inv_degree,7509020,100,291,0.03,3,0.45,0.1,50,0.17,4,0.36394790952707334,0.0,0.0,0.0
7443,scale_free,inv_degree,7510029,100,291,0.03,3,0.45,0.1,50,0.15,4,0.4163916391639168,0.0,0.0,0.0
7444,scale_free,inv_degree,7511038,100,291,0.03,3,0.45,0.1,50,0.1,2,0.3839516824849008,0.0,0.0,0.0
7445,scale_free,inv_degree,7512047,100,291,0.03,3,0.45,0.1,50,0.26,6,0.27667269439421327,0.0,0.0,0.0
7446,scale_free,inv_degree,7513056,100,291,0.03,3,0.45,0.1,50,0.15,2,0.34032376747608517,0.0,0.0,0.0
7447,scale_free,inv_degree,7514065,100,291,0.03,3,0.45,0.1,50,0.06,1,0.3671952428146678,0.0,0.0,0.0
7448,scale_free,inv_degree,7515074,100,291,0.03,3,0.45,0.1,50,0.07,1,0.39123242349048803,0.0,0.0,0.0
7449,scale_free,inv_degree,7516083,100,291,0.03,3,0.45,0.1,50,0.07,2,0.4587471352177234,0.0106951871657754,0.0,0.0
7450,scale_free,inv_degree,7517092,100,291,0.03,3,0.45,0.1,50,0.13,2,0.3928234183191695,0.0,0.0,0.0
7451,scale_free,inv_degree,7518101,100,291,0.03,3,0.45,0.1,50,0.06,1,0.48116947472745253,0.010901883052527246,0.0,0.0
7452,scale_free,inv_degree,7519110,100,291,0.03,3,0.45,0.1,50,0.17,4,0.3484493856056172,0.0,0.0,0.0
7453,scale_free,inv_degree,7520119,100,291,0.03,3,0.45,0.1,50,0.09,2,0.3996023856858848,0.01093439363817098,0.0,0.0
7454,scale_free,inv_degree,7521128,100,291,0.03,3,0.45,0.1,50,0.12,2,0.40634291377601567,0.0,0.0,0.0
7455,scale_free,inv_degree,7522137,100,291,0.03,3,0.45,0.1,50,0.14,3,0.3156271418779986,0.0,0.0,0.0
7456,scale_free,inv_degree,7523146,100,291,0.03,3,0.45,0.1,50,0.18,5,0.382326420198377,0.011271415689810643,0.0,0.0
7457,scale_free,inv_degree,7524155,100,291,0.03,3,0.45,0.1,50,0.24,5,0.1894123360854783,0.0,0.0,0.0
7458,scale_free,inv_degree,7525164,100,291,0.03,3,0.45,0.1,50,0.15,2,0.36166194523135037,0.0,0.0,0.0
7459,scale_free,inv_degree,7526173,100,291,0.03,3,0.45,0.1,50,0.25,3,0.24470814624759474,0.0,0.0,0.0
7460,scale_free,inv_degree,7527182,100,291,0.03,3,0.45,0.1,50,0.12,1,0.36372646184340945,0.01090188305252726,0.0,0.0
7461,scale_free,inv_degree,7528191,100,291,0.03,3,0.45,0.1,50,0.07,1,0.49196538936959217,0.0,0.0,0.0
7462,scale_free,inv_degree,7529200,100,291,0.03,3,0.45,0.1,50,0.04,1,0.603667136812412,0.023272214386459808,0.0,0.0
7463,scale_free,inv_degree,7530209,100,291,0.03,3,0.45,0.1,50,0.11,2,0.38404360753221006,0.0,0.0,0.0
7464,scale_free,inv_degree,7531218,100,291,0.03,3,0.45,0.1,50,0.14,3,0.4102462271644157,0.0,0.0,0.0
7465,scale_free,inv_degree,7532227,100,291,0.03,3,0.45,0.1,50,1.0,11,0.0,0.0,0.0,0.0
7466,scale_free,inv_degree,7533236,100,291,0.03,3,0.45,0.1,50,0.11,3,0.3833883388338836,0.0,0.0,0.0
7467,scale_free,inv_degree,7534245,100,291,0.03,3,0.45,0.1,50,0.16,3,0.3797121315969842,0.010966415352981502,0.0,0.0
7468,scale_free,inv_degree,7535254,100,291,0.03,3,0.45,0.1,50,0.11,1,0.3399482312338223,0.0,0.0,0.0
7469,scale_free,inv_degree,7536263,100,291,0.03,3,0.45,0.1,50,0.1,3,0.5179233621755255,0.035228677379480856,0.0,0.0
7470,scale_free,inv_degree,7537272,100,291,0.03,3,0.45,0.1,50,0.15,2,0.3632441760138043,0.0,0.0,0.0
7471,scale_free,inv_degree,7538281,100,291,0.03,3,0.45,0.1,50,0.11,1,0.3740241305890702,0.0,0.0,0.0
7472,scale_free,inv_degree,7539290,100,291,0.03,3,0.45,0.1,50,0.2,4,0.2696835908756438,0.0,0.0,0.0
7473,scale_free,inv_degree,7540299,100,291,0.03,3,0.45,0.1,50,0.12,2,0.29397525551371706,0.0,0.0,0.0
7474,scale_free,inv_degree,7541308,100,291,0.03,3,0.45,0.1,50,0.09,5,0.5191594561186651,0.035228677379480856,0.0,0.0
7475,scale_free,inv_degree,7542317,100,291,0.03,3,0.45,0.1,50,0.1,1,0.43328601845280323,0.011000709723207946,0.0,0.0
7476,scale_free,inv_degree,7543326,100,291,0.03,3,0.45,0.1,50,0.05,1,0.44994499449945025,0.023102310231023115,0.0,0.0
7477,scale_free,inv_degree,7544335,100,291,0.03,3,0.45,0.1,50,0.23,5,0.3072482360487493,0.0,0.0,0.0
7478,scale_free,inv_degree,7545344,100,291,0.03,3,0.45,0.1,50,0.17,4,0.32753262896208823,0.010565568676196391,0.0,0.0
7479,scale_free,inv_degree,7546353,100,291,0.03,3,0.45,0.1,50,0.08,1,0.5110011001100109,0.03410341034103412,0.0,0.0
7480,scale_free,inv_degree,7547362,100,291,0.03,3,0.45,0.1,50,0.14,2,0.3566275924256086,0.0,0.0,0.0
7481,scale_free,inv_degree,7548371,100,291,0.03,3,0.45,0.1,50,0.09,2,0.49614961496149645,0.010451045104510458,0.0,0.0
7482,scale_free,inv_degree,7549380,100,291,0.03,3,0.45,0.1,50,0.1,3,0.3110440034512513,0.0,0.0,0.0
7483,scale_free,inv_degree,7550389,100,291,0.03,3,0.45,0.1,50,0.05,1,0.5153617443012881,0.010406342913776005,0.0,0.0
7484,scale_free,inv_degree,7551398,100,291,0.03,3,0.45,0.1,50,0.11,3,0.36861313868613144,0.011470281543274247,0.0,0.0
7485,scale_free,inv_degree,7552407,100,291,0.03,3,0.45,0.1,50,0.19,5,0.28234183191690276,0.0,0.0,0.0
7486,scale_free,inv_degree,7553416,100,291,0.03,3,0.45,0.1,50,0.23,4,0.3376623376623376,0.0,0.0,0.0
7487,scale_free,inv_degree,7554425,100,291,0.03,3,0.45,0.1,50,0.17,5,0.37539103232533905,0.0,0.0,0.0
7488,scale_free,inv_degree,7555434,100,291,0.03,3,0.45,0.1,50,0.09,1,0.401322001888574,0.011331444759206798,0.0,0.0
7489,scale_free,inv_degree,7556443,100,291,0.03,3,0.45,0.1,50,0.07,1,0.37529785544082606,0.011119936457505957,0.0,0.0
7490,scale_free,inv_degree,7557452,100,291,0.03,3,0.45,0.1,50,0.1,3,0.46558915537017737,0.011470281543274247,0.0,0.0
7491,scale_free,inv_degree,7558461,100,291,0.03,3,0.45,0.1,50,0.13,3,0.27793008910212474,0.010966415352981495,0.0,0.0
7492,scale_free,inv_degree,7559470,100,291,0.03,3,0.45,0.1,50,0.32,6,0.19478908188585617,0.0,0.0,0.0
7493,scale_free,inv_degree,7560479,100,291,0.03,3,0.45,0.1,50,0.26,6,0.27719080174021143,0.0,0.0,0.0
7494,scale_free,inv_degree,7561488,100,291,0.03,3,0.45,0.1,50,0.09,2,0.4848800834202295,0.01094890510948905,0.0,0.0
7495,scale_free,inv_degree,7562497,100,291,0.03,3,0.45,0.1,50,0.13,2,0.3865213082259662,0.0,0.0,0.0
7496,scale_free,inv_degree,7563506,100,291,0.03,3,0.45,0.1,50,0.12,1,0.4261645193260657,0.01090188305252726,0.0,0.0
7497,scale_free,inv_degree,7564515,100,291,0.03,3,0.45,0.1,50,0.24,8,0.26433785192909287,0.0,0.0,0.0
7498,scale_free,inv_degree,7565524,100,291,0.03,3,0.45,0.1,50,0.22,3,0.32049245432883244,0.0,0.0,0.0
7499,scale_free,inv_degree,7566533,100,291,0.03,3,0.45,0.1,50,1.0,16,0.0,0.0,0.0,0.0
7500,scale_free,inv_degree,7567542,100,291,0.03,3,0.45,0.1,50,0.13,3,0.3899923605805957,0.02215431627196333,0.0,0.0
7501,scale_free,inv_degree,7568551,100,291,0.03,3,0.45,0.1,50,0.14,2,0.4285146942017475,0.0,0.0,0.0
7502,scale_free,inv_degree,7569560,100,291,0.03,3,0.45,0.1,50,0.11,4,0.451199338296113,0.0,0.0,0.0
7503,scale_free,inv_degree,7570569,100,291,0.03,3,0.45,0.1,50,0.37,11,0.23669579030976964,0.0,0.0,0.0
7504,scale_free,inv_degree,7571578,100,291,0.03,3,0.45,0.1,50,0.17,4,0.37165510406342894,0.010901883052527248,0.0,0.0
7505,scale_free,inv_degree,7572587,100,291,0.03,3,0.45,0.1,50,0.22,4,0.3528329654157467,0.0,0.0,0.0
7506,scale_free,inv_degree,7573596,100,291,0.03,3,0.45,0.1,50,0.04,1,0.5114591291061878,0.011077158135981667,0.0,0.0
7507,scale_free,inv_degree,7574605,100,291,0.03,3,0.45,0.1,50,0.08,1,0.40945194598888,0.011119936457505959,0.0,0.0
7508,scale_free,inv_degree,7575614,100,291,0.03,3,0.45,0.1,50,0.12,3,0.3269362577107608,0.0,0.0,0.0
7509,scale_free,inv_degree,7576623,100,291,0.03,3,0.45,0.1,50,0.1,2,0.42148403796376205,0.0,0.0,0.0
7510,scale_free,inv_degree,7577632,100,291,0.03,3,0.45,0.1,50,0.11,2,0.3866813833701251,0.0,0.0,0.0
7511,scale_free,inv_degree,7578641,100,291,0.03,3,0.45,0.1,50,0.09,4,0.5099188458070334,0.01127141568981064,0.0,0.0
7512,scale_free,inv_degree,7579650,100,291,0.03,3,0.45,0.1,50,0.09,2,0.3970223325062036,0.011166253101736977,0.0,0.0
7513,scale_free,inv_degree,7580659,100,291,0.03,3,0.45,0.1,50,0.09,1,0.4440039643211097,0.0,0.0,0.0
7514,scale_free,inv_degree,7581668,100,291,0.03,3,0.45,0.1,50,0.11,1,0.35654008438818574,0.010849909584086801,0.0,0.0
7515,scale_free,inv_degree,7582677,100,291,0.03,3,0.45,0.1,50,0.07,1,0.4499504459861248,0.0,0.0,0.0
7516,scale_free,inv_degree,7583686,100,291,0.03,3,0.45,0.1,50,0.05,1,0.6168437025796663,0.02427921092564492,0.0,0.0
7517,scale_free,inv_degree,7584695,100,291,0.03,3,0.45,0.1,50,0.12,2,0.5174621653084981,0.02153667054714784,0.0,0.0
7518,scale_free,inv_degree,7585704,100,291,0.03,3,0.45,0.1,50,0.1,1,0.5190409026798308,0.011988716502115658,0.0,0.0
7519,scale_free,inv_degree,7586713,100,291,0.03,3,0.45,0.1,50,1.0,22,0.0,0.0,0.0,0.0
7520,scale_free,inv_degree,7587722,100,291,0.03,3,0.45,0.1,50,0.34,8,0.2295285359801492,0.0,0.0,0.0
7521,scale_free,inv_degree,7588731,100,291,0.03,3,0.45,0.1,50,0.1,1,0.34058421379738985,0.0,0.0,0.0
7522,scale_free,inv_degree,7589740,100,291,0.03,3,0.45,0.1,50,0.09,2,0.5232828870779975,0.011059371362048886,0.0,0.0
7523,scale_free,inv_degree,7590749,100,291,0.03,3,0.45,0.1,50,0.13,2,0.4692765113974228,0.021308225966303263,0.0,0.0
7524,scale_free,inv_degree,7591758,100,291,0.03,3,0.45,0.1,50,0.06,1,0.4801429706115965,0.011119936457505957,0.0,0.0
7525,scale_free,inv_degree,7592767,100,291,0.03,3,0.45,0.1,50,0.11,3,0.3856773080241587,0.0,0.0,0.0
7526,scale_free,inv_degree,7593776,100,291,0.03,3,0.45,0.1,50,0.06,1,0.4068919814446662,0.02153744201457923,0.0,0.0
7527,scale_free,inv_degree,7594785,100,291,0.03,3,0.45,0.1,50,0.15,3,0.2894499549143374,0.0,0.0,0.0
7528,scale_free,inv_degree,7595794,100,291,0.03,3,0.45,0.1,50,0.09,2,0.3611898016997167,0.011331444759206801,0.0,0.0
7529,scale_free,inv_degree,7596803,100,291,0.03,3,0.45,0.1,50,0.07,1,0.39266615737203964,0.0,0.0,0.0
7530,scale_free,inv_degree,7597812,100,291,0.03,3,0.45,0.1,50,0.22,4,0.2526413921690492,0.010876320696084529,0.0,0.0
7531,scale_free,inv_degree,7598821,100,291,0.03,3,0.45,0.1,50,0.15,2,0.4016393442622952,0.0,0.0,0.0
7532,scale_free,inv_degree,7599830,100,291,0.03,3,0.45,0.1,50,0.17,3,0.3559969442322382,0.011077158135981664,0.0,0.0
7533,scale_free,inv_degree,7600839,100,291,0.03,3,0.45,0.1,50,0.2,3,0.3361614979520187,0.0216500877706261,0.0,0.0
7534,scale_free,inv_degree,7601848,100,291,0.03,3,0.45,0.1,50,0.07,2,0.45654565456545676,0.011551155115511554,0.0,0.0
7535,scale_free,inv_degree,7602857,100,291,0.03,3,0.45,0.1,50,0.13,5,0.29151388161341013,0.0,0.0,0.0
7536,scale_free,inv_degree,7603866,100,291,0.03,3,0.45,0.1,50,0.09,3,0.3800755429650618,0.02219074598678,0.0,0.0
7537,scale_free,inv_degree,7604875,100,291,0.03,3,0.45,0.1,50,0.17,7,0.32009531374106437,0.0,0.0,0.0
7538,scale_free,inv_degree,7605884,100,291,0.03,3,0.45,0.1,50,0.17,4,0.3669579030976966,0.0,0.0,0.0
7539,scale_free,inv_degree,7606893,100,291,0.03,3,0.45,0.1,50,0.15,4,0.392374900714853,0.0,0.0,0.0
7540,scale_free,inv_degree,7607902,100,291,0.03,3,0.45,0.1,50,0.13,2,0.4562043795620434,0.022419186652763278,0.0,0.0
7541,scale_free,inv_degree,7608911,100,291,0.03,3,0.45,0.1,50,0.11,2,0.3625893566322479,0.0,0.0,0.0
7542,scale_free,inv_degree,7609920,100,291,0.03,3,0.45,0.1,50,0.2,5,0.25721616420782567,0.0,0.0,0.0
7543,scale_free,inv_degree,7610929,100,291,0.03,3,0.45,0.1,50,0.06,1,0.5568300312825861,0.011470281543274246,0.0,0.0
7544,scale_free,inv_degree,7611938,100,291,0.03,3,0.45,0.1,50,0.11,3,0.45738354806739345,0.0,0.0,0.0
7545,scale_free,inv_degree,7612947,100,291,0.03,3,0.45,0.1,50,0.08,2,0.4499527856468366,0.010859301227573179,0.0,0.0
7546,scale_free,inv_degree,7613956,100,291,0.03,3,0.45,0.1,50,0.19,4,0.40527119938884654,0.011077158135981669,0.0,0.0
7547,scale_free,inv_degree,7614965,100,291,0.03,3,0.45,0.1,50,0.14,2,0.3454420836189175,0.0,0.0,0.0
7548,scale_free,inv_degree,7615974,100,291,0.03,3,0.45,0.1,50,0.13,2,0.400891972249752,0.0,0.0,0.0
7549,scale_free,inv_degree,7616983,100,291,0.03,3,0.45,0.1,50,0.09,2,0.3701165181631255,0.010966415352981502,0.0,0.0
7550,scale_free,inv_degree,7617992,100,291,0.03,3,0.45,0.1,50,0.09,1,0.5469238790406671,0.011470281543274237,0.0,0.0
7551,scale_free,inv_degree,7619001,100,291,0.03,3,0.45,0.1,50,0.17,3,0.3632543926661573,0.0,0.0,0.0
7552,scale_free,inv_degree,7620010,100,291,0.03,3,0.45,0.1,50,0.16,2,0.32287529785544083,0.0,0.0,0.0
7553,scale_free,inv_degree,7621019,100,291,0.03,3,0.45,0.1,50,0.11,2,0.33310486634681336,0.0,0.0,0.0
7554,scale_free,inv_degree,7622028,100,291,0.03,3,0.45,0.1,50,0.07,2,0.4504950495049508,0.0,0.0,0.0
7555,scale_free,inv_degree,7623037,100,291,0.03,3,0.45,0.1,50,0.1,2,0.276258545680547,0.0,0.0,0.0
7556,scale_free,inv_degree,7624046,100,291,0.03,3,0.45,0.1,50,0.11,3,0.3385379701916252,0.011000709723207948,0.0,0.0
7557,scale_free,inv_degree,7625055,100,291,0.03,3,0.45,0.1,50,0.14,2,0.3856773080241583,0.011216566005176868,0.0,0.0
7558,scale_free,inv_degree,7626064,100,291,0.03,3,0.45,0.1,50,0.12,1,0.3829611248966089,0.0,0.0,0.0
7559,scale_free,inv_degree,7627073,100,291,0.03,3,0.45,0.1,50,0.08,1,0.4995685936151856,0.0,0.0,0.0
7560,scale_free,inv_degree,7628082,100,291,0.03,3,0.45,0.1,50,0.07,1,0.4615384615384616,0.0,0.0,0.0
7561,scale_free,inv_degree,7629091,100,291,0.03,3,0.45,0.1,50,0.13,2,0.4344262295081967,0.0,0.0,0.0
7562,scale_free,inv_degree,7630100,100,291,0.03,3,0.45,0.1,50,0.11,2,0.3826342899190581,0.0,0.0,0.0
7563,scale_free,inv_degree,7631109,100,291,0.03,3,0.45,0.1,50,0.13,2,0.40221543162719625,0.03284950343773871,0.0,0.0
7564,scale_free,inv_degree,7632118,100,291,0.03,3,0.45,0.1,50,0.11,2,0.42968075927523725,0.022433132010353754,0.0,0.0
7565,scale_free,inv_degree,7633127,100,291,0.03,3,0.45,0.1,50,0.09,2,0.47849462365591405,0.02191894127377999,0.0,0.0
7566,scale_free,inv_degree,7634136,100,291,0.03,3,0.45,0.1,50,0.25,5,0.2738935214881333,0.0,0.0,0.0
7567,scale_free,inv_degree,7635145,100,291,0.03,3,0.45,0.1,50,0.38,11,0.130242825607064,0.011037527593818984,0.0,0.0
7568,scale_free,inv_degree,7636154,100,291,0.03,3,0.45,0.1,50,0.12,3,0.4240924092409244,0.0,0.0,0.0
7569,scale_free,inv_degree,7637163,100,291,0.03,3,0.45,0.1,50,0.13,1,0.3105423987776929,0.0,0.0,0.0
7570,scale_free,inv_degree,7638172,100,291,0.03,3,0.45,0.1,50,0.12,2,0.44734098018769564,0.0,0.0,0.0
7571,scale_free,inv_degree,7639181,100,291,0.03,3,0.45,0.1,50,0.1,2,0.3949579831932772,0.0,0.0,0.0
7572,scale_free,inv_degree,7640190,100,291,0.03,3,0.45,0.1,50,0.07,2,0.42961418143899904,0.0,0.0,0.0
7573,scale_free,inv_degree,7641199,100,291,0.03,3,0.45,0.1,50,0.07,2,0.40190627482128677,0.0,0.0,0.0
7574,scale_free,inv_degree,7642208,100,291,0.03,3,0.45,0.1,50,0.09,2,0.4995491433724075,0.0,0.0,0.0
7575,scale_free,inv_degree,7643217,100,291,0.03,3,0.45,0.1,50,0.11,2,0.5374037403740376,0.022002200220022014,0.0,0.0
7576,scale_free,inv_degree,7644226,100,291,0.03,3,0.45,0.1,50,0.12,3,0.3185637891520245,0.0,0.0,0.0
7577,scale_free,inv_degree,7645235,100,291,0.03,3,0.45,0.1,50,0.09,1,0.5430733410942954,0.0,0.0,0.0
7578,scale_free,inv_degree,7646244,100,291,0.03,3,0.45,0.1,50,0.12,3,0.4027384324834749,0.0,0.0,0.0
7579,scale_free,inv_degree,7647253,100,291,0.03,3,0.45,0.1,50,1.0,14,0.0,0.0,0.0,0.0
7580,scale_free,inv_degree,7648262,100,291,0.03,3,0.45,0.1,50,0.09,2,0.4688385269121816,0.011331444759206812,0.0,0.0
7581,scale_free,inv_degree,7649271,100,291,0.03,3,0.45,0.1,50,0.13,4,0.4548825710754024,0.0,0.0,0.0
7582,scale_free,inv_degree,7650280,100,291,0.03,3,0.45,0.1,50,0.13,3,0.4174917491749176,0.0,0.0,0.0
7583,scale_free,inv_degree,7651289,100,291,0.03,3,0.45,0.1,50,0.18,3,0.39826302729528545,0.0,0.0,0.0
7584,scale_free,inv_degree,7652298,100,291,0.03,3,0.45,0.1,50,0.06,1,0.416140667267809,0.0,0.0,0.0
7585,scale_free,inv_degree,7653307,100,291,0.03,3,0.45,0.1,50,0.2,2,0.24146147736298645,0.0,0.0,0.0
7586,scale_free,inv_degree,7654316,100,291,0.03,3,0.45,0.1,50,0.2,3,0.36931348221670807,0.0,0.0,0.0
7587,scale_free,inv_degree,7655325,100,291,0.03,3,0.45,0.1,50,0.11,2,0.46531219028741316,0.02229930624380574,0.0,0.0
7588,scale_free,inv_degree,7656334,100,291,0.03,3,0.45,0.1,50,0.11,2,0.402812241521919,0.0,0.0,0.0
7589,scale_free,inv_degree,7657343,100,291,0.03,3,0.45,0.1,50,0.12,1,0.36231369765791344,0.0,0.0,0.0
7590,scale_free,inv_degree,7658352,100,291,0.03,3,0.45,0.1,50,0.12,3,0.4642464246424644,0.0,0.0,0.0
7591,scale_free,inv_degree,7659361,100,291,0.03,3,0.45,0.1,50,0.07,2,0.5297324083250743,0.0,0.0,0.0
7592,scale_free,inv_degree,7660370,100,291,0.03,3,0.45,0.1,50,0.1,3,0.3945409429280398,0.010752688172043013,0.0,0.0
7593,scale_free,inv_degree,7661379,100,291,0.03,3,0.45,0.1,50,0.11,2,0.35694050991501414,0.0,0.0,0.0
7594,scale_free,inv_degree,7662388,100,291,0.03,3,0.45,0.1,50,0.14,2,0.3642384105960263,0.010669610007358341,0.0,0.0
7595,scale_free,inv_degree,7663397,100,291,0.03,3,0.45,0.1,50,0.14,3,0.277825711820535,0.0,0.0,0.0
7596,scale_free,inv_degree,7664406,100,291,0.03,3,0.45,0.1,50,0.28,4,0.16141192597669637,0.0,0.0,0.0
7597,scale_free,inv_degree,7665415,100,291,0.03,3,0.45,0.1,50,0.14,3,0.3223220012828739,0.0,0.0,0.0
7598,scale_free,inv_degree,7666424,100,291,0.03,3,0.45,0.1,50,0.14,1,0.2662782727895819,0.0,0.0,0.0
7599,scale_free,inv_degree,7667433,100,291,0.03,3,0.45,0.1,50,0.11,2,0.4215509467989186,0.0,0.0,0.0
7600,scale_free,inv_degree,7668442,100,291,0.03,3,0.45,0.1,50,0.14,1,0.40179414542020775,0.0,0.0,0.0
7601,scale_free,inv_degree,7669451,100,291,0.03,3,0.45,0.1,50,0.09,2,0.46141814389989577,0.022940563086548495,0.0,0.0
7602,scale_free,inv_degree,7670460,100,291,0.03,3,0.45,0.1,50,0.23,5,0.3335980937251788,0.0,0.0,0.0
7603,scale_free,inv_degree,7671469,100,291,0.03,3,0.45,0.1,50,0.12,4,0.44252163164400504,0.011742892459826952,0.0,0.0
7604,scale_free,inv_degree,7672478,100,291,0.03,3,0.45,0.1,50,0.08,2,0.5519159456118666,0.011742892459826952,0.0,0.0
7605,scale_free,inv_degree,7673487,100,291,0.03,3,0.45,0.1,50,0.08,2,0.4291784702549576,0.022190745986779982,0.0,0.0
7606,scale_free,inv_degree,7674496,100,291,0.03,3,0.45,0.1,50,0.18,3,0.36021505376344104,0.0,0.0,0.0
7607,scale_free,inv_degree,7675505,100,291,0.03,3,0.45,0.1,50,0.09,1,0.4499449944994503,0.0,0.0,0.0
7608,scale_free,inv_degree,7676514,100,291,0.03,3,0.45,0.1,50,0.12,4,0.4180418041804183,0.0,0.0,0.0
7609,scale_free,inv_degree,7677523,100,291,0.03,3,0.45,0.1,50,0.16,2,0.2225785760102631,0.0,0.0,0.0
7610,scale_free,inv_degree,7678532,100,291,0.03,3,0.45,0.1,50,0.1,1,0.4543454345434545,0.0,0.0,0.0
7611,scale_free,inv_degree,7679541,100,291,0.03,3,0.45,0.1,50,0.13,2,0.39089269612263317,0.0,0.0,0.0
7612,scale_free,inv_degree,7680550,100,291,0.03,3,0.45,0.1,50,1.0,14,0.0,0.0,0.0,0.0
7613,scale_free,inv_degree,7681559,100,291,0.03,3,0.45,0.1,50,0.08,2,0.3903743315508021,0.010313216195569137,0.0,0.0
7614,scale_free,inv_degree,7682568,100,291,0.03,3,0.45,0.1,50,0.04,1,0.48265609514370633,0.0,0.0,0.0
7615,scale_free,inv_degree,7683577,100,291,0.03,3,0.45,0.1,50,0.09,2,0.47653806047966646,0.0,0.0,0.0
7616,scale_free,inv_degree,7684586,100,291,0.03,3,0.45,0.1,50,0.12,3,0.2950572634116937,0.0216998191681736,0.0,0.0
7617,scale_free,inv_degree,7685595,100,291,0.03,3,0.45,0.1,50,0.04,1,0.49834574028122425,0.0,0.0,0.0
7618,scale_free,inv_degree,7686604,100,291,0.03,3,0.45,0.1,50,0.21,3,0.30061115355233,0.0,0.0,0.0
7619,scale_free,inv_degree,7687613,100,291,0.03,3,0.45,0.1,50,0.17,4,0.30881378396288944,0.0,0.0,0.0
7620,scale_free,inv_degree,7688622,100,291,0.03,3,0.45,0.1,50,0.16,5,0.2891832229580574,0.0,0.0,0.0
7621,scale_free,inv_degree,7689631,100,291,0.03,3,0.45,0.1,50,0.12,2,0.4046862589356631,0.011119936457505955,0.0,0.0
7622,scale_free,inv_degree,7690640,100,291,0.03,3,0.45,0.1,50,0.14,4,0.3196981731532962,0.0,0.0,0.0
7623,scale_free,inv_degree,7691649,100,291,0.03,3,0.45,0.1,50,0.16,5,0.36476426799007444,0.0,0.0,0.0
7624,scale_free,inv_degree,7692658,100,291,0.03,3,0.45,0.1,50,0.13,2,0.3940397350993376,0.011037527593818984,0.0,0.0
7625,scale_free,inv_degree,7693667,100,291,0.03,3,0.45,0.1,50,0.08,1,0.4027384324834756,0.0,0.0,0.0
7626,scale_free,inv_degree,7694676,100,291,0.03,3,0.45,0.1,50,0.15,3,0.3060907395898074,0.0,0.0,0.0
7627,scale_free,inv_degree,7695685,100,291,0.03,3,0.45,0.1,50,0.16,4,0.39610389610389624,0.011077158135981669,0.0,0.0
7628,scale_free,inv_degree,7696694,100,291,0.03,3,0.45,0.1,50,0.16,3,0.33439237490071444,0.0,0.0,0.0
7629,scale_free,inv_degree,7697703,100,291,0.03,3,0.45,0.1,50,0.09,2,0.515530629853322,0.0,0.0,0.0
7630,scale_free,inv_degree,7698712,100,291,0.03,3,0.45,0.1,50,0.12,2,0.36521308225966287,0.0,0.0,0.0
7631,scale_free,inv_degree,7699721,100,291,0.03,3,0.45,0.1,50,0.14,4,0.3435527502254283,0.0,0.0,0.0
7632,scale_free,inv_degree,7700730,100,291,0.03,3,0.45,0.1,50,0.1,1,0.46774193548387105,0.02233250620347395,0.0,0.0
7633,scale_free,inv_degree,7701739,100,291,0.03,3,0.45,0.1,50,0.17,3,0.38007213706041554,0.0,0.0,0.0
7634,scale_free,inv_degree,7702748,100,291,0.03,3,0.45,0.1,50,0.1,2,0.5027051397655551,0.010820559062218224,0.0,0.0
7635,scale_free,inv_degree,7703757,100,291,0.03,3,0.45,0.1,50,0.14,2,0.4210526315789469,0.0332182916307161,0.0,0.0
7636,scale_free,inv_degree,7704766,100,291,0.03,3,0.45,0.1,50,0.11,3,0.4196740395809078,0.0,0.0,0.0
7637,scale_free,inv_degree,7705775,100,291,0.03,3,0.45,0.1,50,0.13,3,0.36669970267591645,0.0,0.0,0.0
7638,scale_free,inv_degree,7706784,100,291,0.03,3,0.45,0.1,50,0.38,8,0.1068133427963094,0.0,0.0,0.0
7639,scale_free,inv_degree,7707793,100,291,0.03,3,0.45,0.1,50,0.12,3,0.3542494042891185,0.0,0.0,0.0
7640,scale_free,inv_degree,7708802,100,291,0.03,3,0.45,0.1,50,0.16,5,0.41076487252124644,0.0,0.0,0.0
7641,scale_free,inv_degree,7709811,100,291,0.03,3,0.45,0.1,50,0.09,2,0.39449954914337243,0.022542831379621278,0.0,0.0
7642,scale_free,inv_degree,7710820,100,291,0.03,3,0.45,0.1,50,0.21,3,0.30457290767903367,0.0,0.0,0.0
7643,scale_free,inv_degree,7711829,100,291,0.03,3,0.45,0.1,50,0.13,2,0.37440982058545785,0.0,0.0,0.0
7644,scale_free,inv_degree,7712838,100,291,0.03,3,0.45,0.1,50,0.17,3,0.3392476933995741,0.0,0.0,0.0
7645,scale_free,inv_degree,7713847,100,291,0.03,3,0.45,0.1,50,0.08,1,0.37648927720413033,0.0,0.0,0.0
7646,scale_free,inv_degree,7714856,100,291,0.03,3,0.45,0.1,50,0.27,8,0.21540099361249132,0.0,0.0,0.0
7647,scale_free,inv_degree,7715865,100,291,0.03,3,0.45,0.1,50,0.08,2,0.5895627644569817,0.04513399153737661,0.0,0.0
7648,scale_free,inv_degree,7716874,100,291,0.03,3,0.45,0.1,50,0.19,4,0.22332597498160411,0.0,0.0,0.0
7649,scale_free,inv_degree,7717883,100,291,0.03,3,0.45,0.1,50,0.14,5,0.3729595457771468,0.011000709723207946,0.0,0.0
7650,scale_free,inv_degree,7718892,100,291,0.03,3,0.45,0.1,50,0.15,5,0.3341604631927213,0.0,0.0,0.0
7651,scale_free,inv_degree,7719901,100,291,0.03,3,0.45,0.1,50,0.18,2,0.396753832281334,0.0,0.0,0.0
7652,scale_free,inv_degree,7720910,100,291,0.03,3,0.45,0.1,50,0.1,3,0.4009936124911284,0.010645848119233494,0.0,0.0
7653,scale_free,inv_degree,7721919,100,291,0.03,3,0.45,0.1,50,0.23,4,0.39468196037539116,0.0,0.0,0.0
7654,scale_free,inv_degree,7722928,100,291,0.03,3,0.45,0.1,50,0.11,2,0.4183949504057708,0.011271415689810637,0.0,0.0
7655,scale_free,inv_degree,7723937,100,291,0.03,3,0.45,0.1,50,0.12,4,0.45411887382690264,0.04431699687174136,0.0,0.0
7656,scale_free,inv_degree,7724946,100,291,0.03,3,0.45,0.1,50,0.23,6,0.2230371009490941,0.011216566005176879,0.0,0.0
7657,scale_free,inv_degree,7725955,100,291,0.03,3,0.45,0.1,50,0.08,2,0.3983320095313742,0.0,0.0,0.0
7658,scale_free,inv_degree,7726964,100,291,0.03,3,0.45,0.1,50,0.05,1,0.5022002200220025,0.011551155115511557,0.0,0.0
7659,scale_free,inv_degree,7727973,100,291,0.03,3,0.45,0.1,50,0.08,1,0.4371362048894068,0.011059371362048907,0.0,0.0
7660,scale_free,inv_degree,7728982,100,291,0.03,3,0.45,0.1,50,0.12,2,0.42876465284039683,0.010820559062218212,0.0,0.0
7661,scale_free,inv_degree,7729991,100,291,0.03,3,0.45,0.1,50,0.19,6,0.2841191066997519,0.0,0.0,0.0
7662,scale_free,inv_degree,7731000,100,291,0.03,3,0.45,0.1,50,0.06,1,0.5160528800755428,0.011331444759206798,0.0,0.0
7663,scale_free,inv_degree,7732009,100,291,0.03,3,0.45,0.1,50,0.05,1,0.5046923879040669,0.011470281543274247,0.0,0.0
7664,scale_free,inv_degree,7733018,100,291,0.03,3,0.45,0.1,50,0.22,4,0.2962226640159047,0.02186878727634196,0.0,0.0
7665,scale_free,inv_degree,7734027,100,291,0.03,3,0.45,0.1,50,0.14,3,0.3784378437843786,0.0,0.0,0.0
7666,scale_free,inv_degree,7735036,100,291,0.03,3,0.45,0.1,50,0.13,2,0.29403701165181634,0.0,0.0,0.0
7667,scale_free,inv_degree,7736045,100,291,0.03,3,0.45,0.1,50,0.13,2,0.2819698173153296,0.0,0.0,0.0
7668,scale_free,inv_degree,7737054,100,291,0.03,3,0.45,0.1,50,0.05,1,0.5346878097125868,0.03419226957383548,0.0,0.0
7669,scale_free,inv_degree,7738063,100,291,0.03,3,0.45,0.1,50,0.16,4,0.32096635030198445,0.0,0.0,0.0
7670,scale_free,inv_degree,7739072,100,291,0.03,3,0.45,0.1,50,0.09,1,0.5040745052386494,0.03434225844004655,0.0,0.0
7671,scale_free,inv_degree,7740081,100,291,0.03,3,0.45,0.1,50,0.15,3,0.3933002481389579,0.0,0.0,0.0
7672,scale_free,inv_degree,7741090,100,291,0.03,3,0.45,0.1,50,0.15,4,0.3653693407466238,0.011119936457505947,0.0,0.0
7673,scale_free,inv_degree,7742099,100,291,0.03,3,0.45,0.1,50,0.18,3,0.27365883062085594,0.0,0.0,0.0
7674,scale_free,inv_degree,7743108,100,291,0.03,3,0.45,0.1,50,0.15,4,0.3823264201983765,0.0,0.0,0.0
7675,scale_free,inv_degree,7744117,100,291,0.03,3,0.45,0.1,50,0.37,8,0.18488289567068866,0.0,0.0,0.0
7676,scale_free,inv_degree,7745126,100,291,0.03,3,0.45,0.1,50,0.17,3,0.3153053715967623,0.01066961000735835,0.0,0.0
7677,scale_free,inv_degree,7746135,100,291,0.03,3,0.45,0.1,50,0.04,1,0.4456427955133736,0.0,0.0,0.0
7678,scale_free,inv_degree,7747144,100,291,0.03,3,0.45,0.1,50,0.16,3,0.3995037220843674,0.0,0.0,0.0
7679,scale_free,inv_degree,7748153,100,291,0.03,3,0.45,0.1,50,0.11,2,0.36600496277915645,0.0,0.0,0.0
7680,scale_free,inv_degree,7749162,100,291,0.03,3,0.45,0.1,50,0.15,2,0.3532140490390988,0.0,0.0,0.0
7681,scale_free,inv_degree,7750171,100,291,0.03,3,0.45,0.1,50,0.19,4,0.2799827437446075,0.0,0.0,0.0
7682,scale_free,inv_degree,7751180,100,291,0.03,3,0.45,0.1,50,0.08,2,0.47022332506203485,0.011166253101736977,0.0,0.0
7683,scale_free,inv_degree,7752189,100,291,0.03,3,0.45,0.1,50,0.11,1,0.3996151379089157,0.0,0.0,0.0
7684,scale_free,inv_degree,7753198,100,291,0.03,3,0.45,0.1,50,0.12,3,0.38481449525452965,0.0,0.0,0.0
7685,scale_free,inv_degree,7754207,100,291,0.03,3,0.45,0.1,50,0.08,4,0.4752229930624377,0.010901883052527246,0.0,0.0
7686,scale_free,inv_degree,7755216,100,291,0.03,3,0.45,0.1,50,0.16,4,0.3211497515968772,0.0,0.0,0.0
7687,scale_free,inv_degree,7756225,100,291,0.03,3,0.45,0.1,50,0.12,2,0.3737601442741208,0.0,0.0,0.0
7688,scale_free,inv_degree,7757234,100,291,0.03,3,0.45,0.1,50,0.13,1,0.298542080848244,0.0,0.0,0.0
7689,scale_free,inv_degree,7758243,100,291,0.03,3,0.45,0.1,50,0.43,9,0.16288147622427254,0.0,0.0,0.0
7690,scale_free,inv_degree,7759252,100,291,0.03,3,0.45,0.1,50,0.07,2,0.4362606232294617,0.0,0.0,0.0
7691,scale_free,inv_degree,7760261,100,291,0.03,3,0.45,0.1,50,0.06,1,0.4947862356621481,0.0,0.0,0.0
7692,scale_free,inv_degree,7761270,100,291,0.03,3,0.45,0.1,50,0.05,1,0.4924330616996505,0.023282887077997663,0.0,0.0
7693,scale_free,inv_degree,7762279,100,291,0.03,3,0.45,0.1,50,0.15,3,0.4129846708746618,0.0,0.0,0.0
7694,scale_free,inv_degree,7763288,100,291,0.03,3,0.45,0.1,50,0.17,4,0.4435084241823586,0.011397423191278492,0.0,0.0
7695,scale_free,inv_degree,7764297,100,291,0.03,3,0.45,0.1,50,0.15,3,0.4165636588380719,0.011742892459826952,0.0,0.0
7696,scale_free,inv_degree,7765306,100,291,0.03,3,0.45,0.1,50,0.21,5,0.30142970611596465,0.0,0.0,0.0
7697,scale_free,inv_degree,7766315,100,291,0.03,3,0.45,0.1,50,0.2,4,0.20109044259140488,0.0,0.0,0.0
7698,scale_free,inv_degree,7767324,100,291,0.03,3,0.45,0.1,50,0.17,4,0.26135783563042375,0.0,0.0,0.0
7699,scale_free,inv_degree,7768333,100,291,0.03,3,0.45,0.1,50,0.08,1,0.40357852882703804,0.0,0.0,0.0
7700,scale_free,inv_degree,7769342,100,291,0.03,3,0.45,0.1,50,0.08,1,0.4292155094679891,0.0,0.0,0.0
7701,scale_free,inv_degree,7770351,100,291,0.03,3,0.45,0.1,50,0.08,2,0.4094046591889559,0.0,0.0,0.0
7702,scale_free,inv_degree,7771360,100,291,0.03,3,0.45,0.1,50,0.1,3,0.5011001100110013,0.0,0.0,0.0
7703,scale_free,inv_degree,7772369,100,291,0.03,3,0.45,0.1,50,0.15,3,0.4033613445378145,0.0,0.0,0.0
7704,scale_free,inv_degree,7773378,100,291,0.03,3,0.45,0.1,50,0.15,2,0.3482216708023161,0.0,0.0,0.0
7705,scale_free,inv_degree,7774387,100,291,0.03,3,0.45,0.1,50,0.16,3,0.28608082103912774,0.010904425914047475,0.0,0.0
7706,scale_free,inv_degree,7775396,100,291,0.03,3,0.45,0.1,50,0.14,2,0.3974358974358976,0.0,0.0,0.0
7707,scale_free,inv_degree,7776405,100,291,0.03,3,0.45,0.1,50,0.14,3,0.36707410236821997,0.011077158135981664,0.0,0.0
7708,scale_free,inv_degree,7777414,100,291,0.03,3,0.45,0.1,50,0.21,4,0.2688641779189833,0.0,0.0,0.0
7709,scale_free,inv_degree,7778423,100,291,0.03,3,0.45,0.1,50,0.06,1,0.4650560828300261,0.011216566005176886,0.0,0.0
7710,scale_free,inv_degree,7779432,100,291,0.03,3,0.45,0.1,50,0.22,5,0.29831932773109243,0.0,0.0,0.0
7711,scale_free,inv_degree,7780441,100,291,0.03,3,0.45,0.1,50,0.09,1,0.5380818053596618,0.0,0.0,0.0
7712,scale_free,inv_degree,7781450,100,291,0.03,3,0.45,0.1,50,0.21,4,0.3646864686468649,0.011001100110011004,0.0,0.0
7713,scale_free,inv_degree,7782459,100,291,0.03,3,0.45,0.1,50,0.16,2,0.3347497639282341,0.0,0.0,0.0
7714,scale_free,inv_degree,7783468,100,291,0.03,3,0.45,0.1,50,0.16,3,0.3635025754231051,0.0,0.0,0.0
7715,scale_free,inv_degree,7784477,100,291,0.03,3,0.45,0.1,50,0.11,2,0.38137839628893394,0.0,0.0,0.0
7716,scale_free,inv_degree,7785486,100,291,0.03,3,0.45,0.1,50,0.22,4,0.25359835503769707,0.021247429746401644,0.0,0.0
7717,scale_free,inv_degree,7786495,100,291,0.03,3,0.45,0.1,50,0.05,1,0.37929717341482044,0.0,0.0,0.0
7718,scale_free,inv_degree,7787504,100,291,0.03,3,0.45,0.1,50,0.09,2,0.45787908820614454,0.03419226957383547,0.0,0.0
7719,scale_free,inv_degree,7788513,100,291,0.03,3,0.45,0.1,50,0.21,4,0.27998472116119183,0.0,0.0,0.0
7720,scale_free,inv_degree,7789522,100,291,0.03,3,0.45,0.1,50,0.07,1,0.5396039603960395,0.023102310231023097,0.0,0.0
7721,scale_free,inv_degree,7790531,100,291,0.03,3,0.45,0.1,50,0.15,2,0.4118873826903025,0.011470281543274247,0.0,0.0
7722,scale_free,inv_degree,7791540,100,291,0.03,3,0.45,0.1,50,0.1,2,0.3804430863254392,0.0,0.0,0.0
7723,scale_free,inv_degree,7792549,100,291,0.03,3,0.45,0.1,50,0.05,1,0.5089197224975223,0.0,0.0,0.0
7724,scale_free,inv_degree,7793558,100,291,0.03,3,0.45,0.1,50,0.13,2,0.47194719471947216,0.0,0.0,0.0
7725,scale_free,inv_degree,7794567,100,291,0.03,3,0.45,0.1,50,0.11,1,0.3957816377171217,0.0,0.0,0.0
7726,scale_free,inv_degree,7795576,100,291,0.03,3,0.45,0.1,50,0.15,3,0.3421052631578947,0.0,0.0,0.0
7727,scale_free,inv_degree,7796585,100,291,0.03,3,0.45,0.1,50,0.19,3,0.3979187314172446,0.0,0.0,0.0
7728,scale_free,inv_degree,7797594,100,291,0.03,3,0.45,0.1,50,0.09,2,0.33073101490418727,0.011000709723207948,0.0,0.0
7729,scale_free,inv_degree,7798603,100,291,0.03,3,0.45,0.1,50,0.21,6,0.2788815305371597,0.011037527593818985,0.0,0.0
7730,scale_free,inv_degree,7799612,100,291,0.03,3,0.45,0.1,50,0.19,4,0.3172462739531585,0.0,0.0,0.0
7731,scale_free,inv_degree,7800621,100,291,0.03,3,0.45,0.1,50,0.17,2,0.40683845391476686,0.0,0.0,0.0
7732,scale_free,inv_degree,7801630,100,291,0.03,3,0.45,0.1,50,0.11,2,0.46973224679860287,0.0,0.0,0.0
7733,scale_free,inv_degree,7802639,100,291,0.03,3,0.45,0.1,50,0.14,2,0.3606853020739404,0.011271415689810637,0.0,0.0
7734,scale_free,inv_degree,7803648,100,291,0.03,3,0.45,0.1,50,0.15,3,0.39692765113974215,0.01139742319127849,0.0,0.0
7735,scale_free,inv_degree,7804657,100,291,0.03,3,0.45,0.1,50,0.1,2,0.42930897537728285,0.011119936457505945,0.0,0.0
7736,scale_free,inv_degree,7805666,100,291,0.03,3,0.45,0.1,50,0.14,2,0.3697152717860225,0.0,0.0,0.0
7737,scale_free,inv_degree,7806675,100,291,0.03,3,0.45,0.1,50,0.14,2,0.44950405770964835,0.0,0.0,0.0
7738,scale_free,inv_degree,7807684,100,291,0.03,3,0.45,0.1,50,0.18,3,0.2837055417700582,0.0,0.0,0.0
7739,scale_free,inv_degree,7808693,100,291,0.03,3,0.45,0.1,50,0.11,1,0.3760117733627667,0.0,0.0,0.0
7740,scale_free,inv_degree,7809702,100,291,0.03,3,0.45,0.1,50,0.1,2,0.4554455445544558,0.011551155115511559,0.0,0.0
7741,scale_free,inv_degree,7810711,100,291,0.03,3,0.45,0.1,50,0.21,4,0.2812769628990509,0.0,0.0,0.0
7742,scale_free,inv_degree,7811720,100,291,0.03,3,0.45,0.1,50,0.06,1,0.3929359823399558,0.0,0.0,0.0
7743,scale_free,inv_degree,7812729,100,291,0.03,3,0.45,0.1,50,0.14,3,0.3922452660054103,0.0,0.0,0.0
7744,scale_free,inv_degree,7813738,100,291,0.03,3,0.45,0.1,50,0.1,2,0.37260468417317244,0.0,0.0,0.0
7745,scale_free,inv_degree,7814747,100,291,0.03,3,0.45,0.1,50,0.08,1,0.5052386495925494,0.0,0.0,0.0
7746,scale_free,inv_degree,7815756,100,291,0.03,3,0.45,0.1,50,0.11,2,0.34102200141944633,0.0,0.0,0.0
7747,scale_free,inv_degree,7816765,100,291,0.03,3,0.45,0.1,50,0.1,2,0.49355797819623426,0.0,0.0,0.0
7748,scale_free,inv_degree,7817774,100,291,0.03,3,0.45,0.1,50,0.13,2,0.4320148331273183,0.022867737948084076,0.0,0.0
7749,scale_free,inv_degree,7818783,100,291,0.03,3,0.45,0.1,50,0.17,4,0.37724268177525955,0.0,0.0,0.0
7750,scale_free,inv_degree,7819792,100,291,0.03,3,0.45,0.1,50,0.12,2,0.4119911991199123,0.011551155115511557,0.0,0.0
7751,scale_free,inv_degree,7820801,100,291,0.03,3,0.45,0.1,50,0.08,2,0.4980178394449947,0.01139742319127849,0.0,0.0
7752,scale_free,inv_degree,7821810,100,291,0.03,3,0.45,0.1,50,0.1,1,0.4812304483837331,0.034410844629822745,0.0,0.0
7753,scale_free,inv_degree,7822819,100,291,0.03,3,0.45,0.1,50,0.12,2,0.5302843016069216,0.011742892459826931,0.0,0.0
7754,scale_free,inv_degree,7823828,100,291,0.03,3,0.45,0.1,50,0.13,2,0.40084388185653996,0.0,0.0,0.0
7755,scale_free,inv_degree,7824837,100,291,0.03,3,0.45,0.1,50,0.12,3,0.3588074023303633,0.0,0.0,0.0
7756,scale_free,inv_degree,7825846,100,291,0.03,3,0.45,0.1,50,0.1,2,0.40887629839471185,0.0,0.0,0.0
7757,scale_free,inv_degree,7826855,100,291,0.03,3,0.45,0.1,50,0.06,1,0.398961284230406,0.0,0.0,0.0
7758,scale_free,inv_degree,7827864,100,291,0.03,3,0.45,0.1,50,0.06,2,0.44003308519437545,0.0,0.0,0.0
7759,scale_free,inv_degree,7828873,100,291,0.03,3,0.45,0.1,50,0.09,2,0.4984358706986445,0.022940563086548495,0.0,0.0
7760,scale_free,inv_degree,7829882,100,291,0.03,3,0.45,0.1,50,0.13,2,0.37466185752930575,0.011271415689810644,0.0,0.0
7761,scale_free,inv_degree,7830891,100,291,0.03,3,0.45,0.1,50,0.07,1,0.447063688999173,0.011166253101736977,0.0,0.0
7762,scale_free,inv_degree,7831900,100,291,0.03,3,0.45,0.1,50,0.1,2,0.4292155094679893,0.010820559062218214,0.0,0.0
7763,scale_free,inv_degree,7832909,100,291,0.03,3,0.45,0.1,50,0.07,1,0.4747274529236865,0.0,0.0,0.0
7764,scale_free,inv_degree,7833918,100,291,0.03,3,0.45,0.1,50,0.11,1,0.3582755203171455,0.022299306243805734,0.0,0.0
7765,scale_free,inv_degree,7834927,100,291,0.03,3,0.45,0.1,50,0.15,3,0.4202420242024205,0.0,0.0,0.0
7766,scale_free,inv_degree,7835936,100,291,0.03,3,0.45,0.1,50,0.17,3,0.376787678767877,0.011551155115511557,0.0,0.0
7767,scale_free,inv_degree,7836945,100,291,0.03,3,0.45,0.1,50,0.14,2,0.31871144619602465,0.0,0.0,0.0
7768,scale_free,inv_degree,7837954,100,291,0.03,3,0.45,0.1,50,0.16,4,0.33068257123923156,0.0,0.0,0.0
7769,scale_free,inv_degree,7838963,100,291,0.03,3,0.45,0.1,50,0.1,2,0.3826574633304576,0.02243313201035378,0.0,0.0
7770,scale_free,inv_degree,7839972,100,291,0.03,3,0.45,0.1,50,0.17,4,0.3446647780925405,0.011331444759206812,0.0,0.0
7771,scale_free,inv_degree,7840981,100,291,0.03,3,0.45,0.1,50,0.28,5,0.13951250801796033,0.0,0.0,0.0
7772,scale_free,inv_degree,7841990,100,291,0.03,3,0.45,0.1,50,0.09,2,0.44890510948905116,0.0,0.0,0.0
7773,scale_free,inv_degree,7842999,100,291,0.03,3,0.45,0.1,50,0.13,2,0.35922933499067694,0.0,0.0,0.0
7774,scale_free,inv_degree,7844008,100,291,0.03,3,0.45,0.1,50,0.09,1,0.4572471324296141,0.011470281543274247,0.0,0.0
7775,scale_free,inv_degree,7845017,100,291,0.03,3,0.45,0.1,50,0.09,1,0.44381491973560006,0.011331444759206812,0.0,0.0
7776,scale_free,inv_degree,7846026,100,291,0.03,3,0.45,0.1,50,0.12,1,0.3788721207307382,0.0,0.0,0.0
7777,scale_free,inv_degree,7847035,100,291,0.03,3,0.45,0.1,50,1.0,18,0.0,0.0,0.0,0.0
7778,scale_free,inv_degree,7848044,100,291,0.03,3,0.45,0.1,50,0.11,2,0.4042904290429045,0.011551155115511557,0.0,0.0
7779,scale_free,inv_degree,7849053,100,291,0.03,3,0.45,0.1,50,0.2,5,0.2457162440027416,0.0,0.0,0.0
7780,scale_free,inv_degree,7850062,100,291,0.03,3,0.45,0.1,50,0.07,3,0.45339954163483565,0.0,0.0,0.0
7781,scale_free,inv_degree,7851071,100,291,0.03,3,0.45,0.1,50,0.14,4,0.3303293971410815,0.0,0.0,0.0
7782,scale_free,inv_degree,7852080,100,291,0.03,3,0.45,0.1,50,0.09,2,0.4499449944994501,0.022552255225522556,0.0,0.0
7783,scale_free,inv_degree,7853089,100,291,0.03,3,0.45,0.1,50,0.14,2,0.329640947288006,0.011077158135981662,0.0,0.0
7784,scale_free,inv_degree,7854098,100,291,0.03,3,0.45,0.1,50,0.18,2,0.2696948190205819,0.0,0.0,0.0
7785,scale_free,inv_degree,7855107,100,291,0.03,3,0.45,0.1,50,0.12,3,0.3886971527178597,0.0,0.0,0.0
7786,scale_free,inv_degree,7856116,100,291,0.03,3,0.45,0.1,50,0.2,4,0.28926441351888676,0.0,0.0,0.0
7787,scale_free,inv_degree,7857125,100,291,0.03,3,0.45,0.1,50,0.08,2,0.4419404125286478,0.0,0.0,0.0
7788,scale_free,inv_degree,7858134,100,291,0.03,3,0.45,0.1,50,0.1,1,0.558855885588559,0.03465346534653466,0.0,0.0
7789,scale_free,inv_degree,7859143,100,291,0.03,3,0.45,0.1,50,0.1,2,0.5072463768115943,0.04677206851119896,0.0,0.0
7790,scale_free,inv_degree,7860152,100,291,0.03,3,0.45,0.1,50,0.08,1,0.5209545983701984,0.023282887077997697,0.0,0.0
7791,scale_free,inv_degree,7861161,100,291,0.03,3,0.45,0.1,50,0.09,4,0.5098887515451177,0.0,0.0,0.0
7792,scale_free,inv_degree,7862170,100,291,0.03,3,0.45,0.1,50,0.1,1,0.48748696558915483,0.0,0.0,0.0
7793,scale_free,inv_degree,7863179,100,291,0.03,3,0.45,0.1,50,0.34,7,0.10737273259215924,0.0,0.0,0.0
7794,scale_free,inv_degree,7864188,100,291,0.03,3,0.45,0.1,50,0.1,3,0.4355275022542832,0.033814247069431924,0.0,0.0
7795,scale_free,inv_degree,7865197,100,291,0.03,3,0.45,0.1,50,0.08,1,0.46982429335370485,0.01069518716577539,0.0,0.0
7796,scale_free,inv_degree,7866206,100,291,0.03,3,0.45,0.1,50,0.42,10,0.11000794281175533,0.0,0.0,0.0
7797,scale_free,inv_degree,7867215,100,291,0.03,3,0.45,0.1,50,0.17,5,0.32009167303284947,0.0,0.0,0.0
7798,scale_free,inv_degree,7868224,100,291,0.03,3,0.45,0.1,50,0.12,1,0.3384262796027504,0.011077158135981664,0.0,0.0
7799,scale_free,inv_degree,7869233,100,291,0.03,3,0.45,0.1,50,0.13,3,0.3431294678316124,0.0,0.0,0.0
7800,scale_free,inv_degree,7870242,100,291,0.03,3,0.45,0.1,50,0.09,1,0.4641170915958453,0.01133144475920681,0.0,0.0
7801,scale_free,inv_degree,7871251,100,291,0.03,3,0.45,0.1,50,0.11,1,0.41625371655104054,0.0,0.0,0.0
7802,scale_free,inv_degree,7872260,100,291,0.03,3,0.45,0.1,50,0.2,5,0.2586460632818249,0.0,0.0,0.0
7803,scale_free,inv_degree,7873269,100,291,0.03,3,0.45,0.1,50,0.05,1,0.5168483647175419,0.0,0.0,0.0
7804,scale_free,inv_degree,7874278,100,291,0.03,3,0.45,0.1,50,0.13,4,0.41163210099188446,0.0,0.0,0.0
7805,scale_free,inv_degree,7875287,100,291,0.03,3,0.45,0.1,50,0.06,1,0.4517583408476106,0.0,0.0,0.0
7806,scale_free,inv_degree,7876296,100,291,0.03,3,0.45,0.1,50,0.1,2,0.49134734239802236,0.023485784919653904,0.0,0.0
7807,scale_free,inv_degree,7877305,100,291,0.03,3,0.45,0.1,50,0.09,1,0.37331215250198574,0.0,0.0,0.0
7808,scale_free,inv_degree,7878314,100,291,0.03,3,0.45,0.1,50,0.1,2,0.4087089381207028,0.0,0.0,0.0
7809,scale_free,inv_degree,7879323,100,291,0.03,3,0.45,0.1,50,0.12,2,0.42277825711820477,0.021570319240724736,0.0,0.0
7810,scale_free,inv_degree,7880332,100,291,0.03,3,0.45,0.1,50,0.13,3,0.3574366004112406,0.0,0.0,0.0
7811,scale_free,inv_degree,7881341,100,291,0.03,3,0.45,0.1,50,0.05,1,0.461756373937677,0.0,0.0,0.0
7812,scale_free,inv_degree,7882350,100,291,0.03,3,0.45,0.1,50,0.13,3,0.4225844004656577,0.011641443538998835,0.0,0.0
7813,scale_free,inv_degree,7883359,100,291,0.03,3,0.45,0.1,50,0.09,2,0.4632082413539364,0.021707137601177328,0.0,0.0
7814,scale_free,inv_degree,7884368,100,291,0.03,3,0.45,0.1,50,0.22,3,0.3177601060304839,0.0,0.0,0.0
7815,scale_free,inv_degree,7885377,100,291,0.03,3,0.45,0.1,50,0.21,4,0.2740225314777999,0.0,0.0,0.0
7816,scale_free,inv_degree,7886386,100,291,0.03,3,0.45,0.1,50,0.06,1,0.5074331020812686,0.0,0.0,0.0
7817,scale_free,inv_degree,7887395,100,291,0.03,3,0.45,0.1,50,0.15,1,0.2643158529234478,0.0,0.0,0.0
7818,scale_free,inv_degree,7888404,100,291,0.03,3,0.45,0.1,50,0.16,6,0.3584987057808456,0.0,0.0,0.0
7819,scale_free,inv_degree,7889413,100,291,0.03,3,0.45,0.1,50,0.19,4,0.3162283515073767,0.0,0.0,0.0
7820,scale_free,inv_degree,7890422,100,291,0.03,3,0.45,0.1,50,0.12,2,0.45671776375112716,0.010820559062218212,0.0,0.0
7821,scale_free,inv_degree,7891431,100,291,0.03,3,0.45,0.1,50,0.12,2,0.30103256552819707,0.0,0.0,0.0
7822,scale_free,inv_degree,7892440,100,291,0.03,3,0.45,0.1,50,0.11,2,0.4422903516681696,0.022542831379621285,0.0,0.0
7823,scale_free,inv_degree,7893449,100,291,0.03,3,0.45,0.1,50,0.09,2,0.40615224191866534,0.01094890510948905,0.0,0.0
7824,scale_free,inv_degree,7894458,100,291,0.03,3,0.45,0.1,50,0.09,2,0.4499618029029788,0.011077158135981655,0.0,0.0
7825,scale_free,inv_degree,7895467,100,291,0.03,3,0.45,0.1,50,1.0,11,0.0,0.0,0.0,0.0
7826,scale_free,inv_degree,7896476,100,291,0.03,3,0.45,0.1,50,0.11,2,0.3511866581141758,0.0,0.0,0.0
7827,scale_free,inv_degree,7897485,100,291,0.03,3,0.45,0.1,50,0.09,2,0.4491660047656871,0.02184273232724384,0.0,0.0
7828,scale_free,inv_degree,7898494,100,291,0.03,3,0.45,0.1,50,0.14,3,0.2829043224866445,0.0,0.0,0.0
7829,scale_free,inv_degree,7899503,100,291,0.03,3,0.45,0.1,50,0.13,2,0.4169976171564736,0.0,0.0,0.0
7830,scale_free,inv_degree,7900512,100,291,0.03,3,0.45,0.1,50,0.14,2,0.3363154406891983,0.0,0.0,0.0
7831,scale_free,inv_degree,7901521,100,291,0.03,3,0.45,0.1,50,0.48,6,0.0533443891652847,0.0,0.0,0.0
7832,scale_free,inv_degree,7902530,100,291,0.03,3,0.45,0.1,50,0.13,4,0.32503928758512307,0.0,0.0,0.0
7833,scale_free,inv_degree,7903539,100,291,0.03,3,0.45,0.1,50,0.16,5,0.3039702233250625,0.0,0.0,0.0
7834,scale_free,inv_degree,7904548,100,291,0.03,3,0.45,0.1,50,0.16,3,0.24593128390596775,0.0,0.0,0.0
7835,scale_free,inv_degree,7905557,100,291,0.03,3,0.45,0.1,50,0.09,1,0.49426485922836305,0.0,0.0,0.0
7836,scale_free,inv_degree,7906566,100,291,0.03,3,0.45,0.1,50,0.11,1,0.44428706326723316,0.0,0.0,0.0
7837,scale_free,inv_degree,7907575,100,291,0.03,3,0.45,0.1,50,0.37,9,0.20205259781911494,0.0,0.0,0.0
7838,scale_free,inv_degree,7908584,100,291,0.03,3,0.45,0.1,50,0.17,6,0.3429137760158571,0.0,0.0,0.0
7839,scale_free,inv_degree,7909593,100,291,0.03,3,0.45,0.1,50,0.12,1,0.4400396432110998,0.011397423191278488,0.0,0.0
7840,scale_free,inv_degree,7910602,100,291,0.03,3,0.45,0.1,50,0.14,3,0.3101391650099405,0.0,0.0,0.0
7841,scale_free,inv_degree,7911611,100,291,0.03,3,0.45,0.1,50,0.15,3,0.372735116479724,0.0,0.0,0.0
7842,scale_free,inv_degree,7912620,100,291,0.03,3,0.45,0.1,50,0.1,2,0.3963029756537422,0.0,0.0,0.0
7843,scale_free,inv_degree,7913629,100,291,0.03,3,0.45,0.1,50,0.15,2,0.3598673300165842,0.0,0.0,0.0
7844,scale_free,inv_degree,7914638,100,291,0.03,3,0.45,0.1,50,0.09,1,0.440033085194376,0.011166253101736983,0.0,0.0
7845,scale_free,inv_degree,7915647,100,291,0.03,3,0.45,0.1,50,0.13,2,0.381709741550696,0.0,0.0,0.0
7846,scale_free,inv_degree,7916656,100,291,0.03,3,0.45,0.1,50,0.08,1,0.5494437577255867,0.0,0.0,0.0
7847,scale_free,inv_degree,7917665,100,291,0.03,3,0.45,0.1,50,0.15,2,0.3805004314063849,0.0,0.0,0.0
7848,scale_free,inv_degree,7918674,100,291,0.03,3,0.45,0.1,50,0.13,2,0.28413488114980656,0.0,0.0,0.0
7849,scale_free,inv_degree,7919683,100,291,0.03,3,0.45,0.1,50,0.12,2,0.44089732528041414,0.0,0.0,0.0
7850,scale_free,inv_degree,7920692,100,291,0.03,3,0.45,0.1,50,0.1,1,0.5436554132712454,0.011641443538998831,0.0,0.0
7851,scale_free,inv_degree,7921701,100,291,0.03,3,0.45,0.1,50,0.1,4,0.38668320926385435,0.0,0.0,0.0
7852,scale_free,inv_degree,7922710,100,291,0.03,3,0.45,0.1,50,0.08,1,0.47072710103871584,0.022662889518413602,0.0,0.0
7853,scale_free,inv_degree,7923719,100,291,0.03,3,0.45,0.1,50,0.12,3,0.39952343129467827,0.0,0.0,0.0
7854,scale_free,inv_degree,7924728,100,291,0.03,3,0.45,0.1,50,0.21,4,0.26552139843279077,0.010849909584086798,0.0,0.0
7855,scale_free,inv_degree,7925737,100,291,0.03,3,0.45,0.1,50,0.14,3,0.42648592283628795,0.0,0.0,0.0
7856,scale_free,inv_degree,7926746,100,291,0.03,3,0.45,0.1,50,0.11,1,0.3806927517639513,0.0,0.0,0.0
7857,scale_free,inv_degree,7927755,100,291,0.03,3,0.45,0.1,50,0.19,5,0.32051282051282065,0.0,0.0,0.0
7858,scale_free,inv_degree,7928764,100,291,0.03,3,0.45,0.1,50,0.08,2,0.44169416941694195,0.0,0.0,0.0
7859,scale_free,inv_degree,7929773,100,291,0.03,3,0.45,0.1,50,0.1,2,0.4004400440044006,0.0,0.0,0.0
7860,scale_free,inv_degree,7930782,100,291,0.03,3,0.45,0.1,50,0.07,1,0.4440039643211097,0.02279484638255698,0.0,0.0
7861,scale_free,inv_degree,7931791,100,291,0.03,3,0.45,0.1,50,0.12,2,0.48231233822260566,0.03364969801553064,0.0,0.0
7862,scale_free,inv_degree,7932800,100,291,0.03,3,0.45,0.1,50,0.18,4,0.2687661777394306,0.0,0.0,0.0
7863,scale_free,inv_degree,7933809,100,291,0.03,3,0.45,0.1,50,0.08,1,0.4826560951437065,0.022794846382556966,0.0,0.0
7864,scale_free,inv_degree,7934818,100,291,0.03,3,0.45,0.1,50,0.13,4,0.3869715271786023,0.0,0.0,0.0
7865,scale_free,inv_degree,7935827,100,291,0.03,3,0.45,0.1,50,0.08,2,0.5374037403740378,0.02145214521452147,0.0,0.0
7866,scale_free,inv_degree,7936836,100,291,0.03,3,0.45,0.1,50,0.1,2,0.33144073811213626,0.0,0.0,0.0
7867,scale_free,inv_degree,7937845,100,291,0.03,3,0.45,0.1,50,0.22,4,0.32416591523895405,0.0,0.0,0.0
7868,scale_free,inv_degree,7938854,100,291,0.03,3,0.45,0.1,50,0.15,3,0.43183779119930965,0.0,0.0,0.0
7869,scale_free,inv_degree,7939863,100,291,0.03,3,0.45,0.1,50,0.17,3,0.31902058197303046,0.0,0.0,0.0
7870,scale_free,inv_degree,7940872,100,291,0.03,3,0.45,0.1,50,0.08,3,0.48894062863795085,0.0,0.0,0.0
7871,scale_free,inv_degree,7941881,100,291,0.03,3,0.45,0.1,50,0.11,2,0.33405842137973907,0.0,0.0,0.0
7872,scale_free,inv_degree,7942890,100,291,0.03,3,0.45,0.1,50,0.09,1,0.46212804328223633,0.021190261496844002,0.0,0.0
7873,scale_free,inv_degree,7943899,100,291,0.03,3,0.45,0.1,50,0.11,3,0.5242024202420237,0.01100110011001099,0.0,0.0
7874,scale_free,inv_degree,7944908,100,291,0.03,3,0.45,0.1,50,0.11,2,0.3966005665722378,0.0113314447592068,0.0,0.0
7875,scale_free,inv_degree,7945917,100,291,0.03,3,0.45,0.1,50,0.25,4,0.23368551895587328,0.0,0.0,0.0
7876,scale_free,inv_degree,7946926,100,291,0.03,3,0.45,0.1,50,0.08,1,0.4186401833460656,0.0,0.0,0.0
7877,scale_free,inv_degree,7947935,100,291,0.03,3,0.45,0.1,50,0.18,3,0.37346553352219075,0.0,0.0,0.0
7878,scale_free,inv_degree,7948944,100,291,0.03,3,0.45,0.1,50,0.31,5,0.2248115147361208,0.0,0.0,0.0
7879,scale_free,inv_degree,7949953,100,291,0.03,3,0.45,0.1,50,0.11,2,0.43056807935076613,0.0,0.0,0.0
7880,scale_free,inv_degree,7950962,100,291,0.03,3,0.45,0.1,50,0.15,3,0.3356990773598295,0.011000709723207948,0.0,0.0
7881,scale_free,inv_degree,7951971,100,291,0.03,3,0.45,0.1,50,0.13,3,0.3882657463330457,0.011216566005176877,0.0,0.0
7882,scale_free,inv_degree,7952980,100,291,0.03,3,0.45,0.1,50,0.12,3,0.3723325974981604,0.0,0.0,0.0
7883,scale_free,inv_degree,7953989,100,291,0.03,3,0.45,0.1,50,0.26,7,0.3676592224979323,0.0,0.0,0.0
7884,scale_free,inv_degree,7954998,100,291,0.03,3,0.45,0.1,50,0.17,5,0.2683347713546161,0.0,0.0,0.0
7885,scale_free,inv_degree,7956007,100,291,0.03,3,0.45,0.1,50,0.15,7,0.4276082327892122,0.0,0.0,0.0
7886,scale_free,inv_degree,7957016,100,291,0.03,3,0.45,0.1,50,0.11,4,0.41563275434243185,0.011166253101736977,0.0,0.0
7887,scale_free,inv_degree,7958025,100,291,0.03,3,0.45,0.1,50,0.09,1,0.4856293359762138,0.02279484638255698,0.0,0.0
7888,scale_free,inv_degree,7959034,100,291,0.03,3,0.45,0.1,50,0.09,2,0.45104510451045104,0.0,0.0,0.0
7889,scale_free,inv_degree,7960043,100,291,0.03,3,0.45,0.1,50,0.11,3,0.363262508567512,0.0,0.0,0.0
7890,scale_free,inv_degree,7961052,100,291,0.03,3,0.45,0.1,50,0.08,1,0.3922452660054102,0.011271415689810637,0.0,0.0
7891,scale_free,inv_degree,7962061,100,291,0.03,3,0.45,0.1,50,0.11,3,0.36360520904729265,0.01062371487320082,0.0,0.0
7892,scale_free,inv_degree,7963070,100,291,0.03,3,0.45,0.1,50,0.13,2,0.32299421009098445,0.0,0.0,0.0
7893,scale_free,inv_degree,7964079,100,291,0.03,3,0.45,0.1,50,0.09,2,0.4427412082957618,0.0,0.0,0.0
7894,scale_free,inv_degree,7965088,100,291,0.03,3,0.45,0.1,50,0.07,1,0.5506798516687268,0.0,0.0,0.0
7895,scale_free,inv_degree,7966097,100,291,0.03,3,0.45,0.1,50,0.08,3,0.48761149653121894,0.0,0.0,0.0
7896,scale_free,inv_degree,7967106,100,291,0.03,3,0.45,0.1,50,0.11,2,0.34710087370929293,0.0,0.0,0.0
7897,scale_free,inv_degree,7968115,100,291,0.03,3,0.45,0.1,50,0.18,3,0.31492666091458166,0.0,0.0,0.0
7898,scale_free,inv_degree,7969124,100,291,0.03,3,0.45,0.1,50,0.14,2,0.2866224433388613,0.0,0.0,0.0
7899,scale_free,inv_degree,7970133,100,291,0.03,3,0.45,0.1,50,0.15,2,0.3259081562714188,0.010966415352981495,0.0,0.0
7900,scale_free,inv_degree,7971142,100,291,0.03,3,0.45,0.1,50,0.14,2,0.3778178539224526,0.0,0.0,0.0
7901,scale_free,inv_degree,7972151,100,291,0.03,3,0.45,0.1,50,0.11,3,0.2958359229334992,0.0,0.0,0.0
7902,scale_free,inv_degree,7973160,100,291,0.03,3,0.45,0.1,50,0.15,4,0.41419141914191443,0.0,0.0,0.0
7903,scale_free,inv_degree,7974169,100,291,0.03,3,0.45,0.1,50,0.11,1,0.3844738778513613,0.0,0.0,0.0
7904,scale_free,inv_degree,7975178,100,291,0.03,3,0.45,0.1,50,0.19,4,0.3344334433443345,0.0,0.0,0.0
7905,scale_free,inv_degree,7976187,100,291,0.03,3,0.45,0.1,50,0.08,1,0.5157159487776481,0.0,0.0,0.0
7906,scale_free,inv_degree,7977196,100,291,0.03,3,0.45,0.1,50,0.17,3,0.33822260569456436,0.011216566005176884,0.0,0.0
7907,scale_free,inv_degree,7978205,100,291,0.03,3,0.45,0.1,50,0.18,4,0.3189457601222305,0.0,0.0,0.0
7908,scale_free,inv_degree,7979214,100,291,0.03,3,0.45,0.1,50,0.08,3,0.43631100082712987,0.0,0.0,0.0
7909,scale_free,inv_degree,7980223,100,291,0.03,3,0.45,0.1,50,0.15,2,0.30660042583392466,0.0,0.0,0.0
7910,scale_free,inv_degree,7981232,100,291,0.03,3,0.45,0.1,50,0.11,3,0.2995031937544358,0.0,0.0,0.0
7911,scale_free,inv_degree,7982241,100,291,0.03,3,0.45,0.1,50,0.14,3,0.47218788627935737,0.011742892459826952,0.0,0.0
7912,scale_free,inv_degree,7983250,100,291,0.03,3,0.45,0.1,50,0.13,3,0.37776484284051204,0.0,0.0,0.0
7913,scale_free,inv_degree,7984259,100,291,0.03,3,0.45,0.1,50,0.11,2,0.45136921624173737,0.0,0.0,0.0
7914,scale_free,inv_degree,7985268,100,291,0.03,3,0.45,0.1,50,0.14,1,0.36195883605393897,0.01100070972320795,0.0,0.0
7915,scale_free,inv_degree,7986277,100,291,0.03,3,0.45,0.1,50,0.15,3,0.474697469746975,0.0,0.0,0.0
7916,scale_free,inv_degree,7987286,100,291,0.03,3,0.45,0.1,50,0.11,3,0.47340980187695497,0.0,0.0,0.0
7917,scale_free,inv_degree,7988295,100,291,0.03,3,0.45,0.1,50,0.08,1,0.47139713971397174,0.023102310231023118,0.0,0.0
7918,scale_free,inv_degree,7989304,100,291,0.03,3,0.45,0.1,50,0.13,2,0.28672225785760114,0.0,0.0,0.0
7919,scale_free,inv_degree,7990313,100,291,0.03,3,0.45,0.1,50,0.06,1,0.48472116119174935,0.02215431627196333,0.0,0.0
7920,scale_free,inv_degree,7991322,100,291,0.03,3,0.45,0.1,50,0.16,3,0.21381306865177846,0.0,0.0,0.0
7921,scale_free,inv_degree,7992331,100,291,0.03,3,0.45,0.1,50,0.27,5,0.1991662806855025,0.0,0.0,0.0
7922,scale_free,inv_degree,7993340,100,291,0.03,3,0.45,0.1,50,0.05,2,0.3813068651778329,0.0,0.0,0.0
7923,scale_free,inv_degree,7994349,100,291,0.03,3,0.45,0.1,50,0.09,2,0.47031431897555276,0.022118742724097782,0.0,0.0
7924,scale_free,inv_degree,7995358,100,291,0.03,3,0.45,0.1,50,0.1,1,0.3792062122519413,0.0,0.0,0.0
7925,scale_free,inv_degree,7996367,100,291,0.03,3,0.45,0.1,50,0.17,4,0.42966636609558106,0.010820559062218207,0.0,0.0
7926,scale_free,inv_degree,7997376,100,291,0.03,3,0.45,0.1,50,0.12,4,0.4412107101280562,0.011641443538998849,0.0,0.0
7927,scale_free,inv_degree,7998385,100,291,0.03,3,0.45,0.1,50,0.09,2,0.35126799177518897,0.0,0.0,0.0
7928,scale_free,inv_degree,7999394,100,291,0.03,3,0.45,0.1,50,0.14,3,0.4075743913435526,0.0,0.0,0.0
7929,scale_free,inv_degree,8000403,100,291,0.03,3,0.45,0.1,50,0.09,2,0.43101893597835905,0.010820559062218214,0.0,0.0
7930,scale_free,inv_degree,8001412,100,291,0.03,3,0.45,0.1,50,0.13,3,0.45887016848364703,0.0,0.0,0.0
7931,scale_free,inv_degree,8002421,100,291,0.03,3,0.45,0.1,50,0.11,1,0.409054805401112,0.0,0.0,0.0
7932,scale_free,inv_degree,8003430,100,291,0.03,3,0.45,0.1,50,0.05,1,0.49008498583569404,0.011331444759206801,0.0,0.0
7933,scale_free,inv_degree,8004439,100,291,0.03,3,0.45,0.1,50,0.15,3,0.3739376770538247,0.0,0.0,0.0
7934,scale_free,inv_degree,8005448,100,291,0.03,3,0.45,0.1,50,0.13,2,0.42283628779979154,0.0,0.0,0.0
7935,scale_free,inv_degree,8006457,100,291,0.03,3,0.45,0.1,50,0.1,2,0.4439171699741156,0.0,0.0,0.0
7936,scale_free,inv_degree,8007466,100,291,0.03,3,0.45,0.1,50,0.06,2,0.418394950405771,0.0,0.0,0.0
7937,scale_free,inv_degree,8008475,100,291,0.03,3,0.45,0.1,50,0.07,1,0.3999137187230371,0.0,0.0,0.0
7938,scale_free,inv_degree,8009484,100,291,0.03,3,0.45,0.1,50,0.08,1,0.4492273730684325,0.0,0.0,0.0
7939,scale_free,inv_degree,8010493,100,291,0.03,3,0.45,0.1,50,0.2,7,0.2998580553584102,0.0,0.0,0.0
7940,scale_free,inv_degree,8011502,100,291,0.03,3,0.45,0.1,50,0.11,2,0.42142025611175765,0.01164144353899883,0.0,0.0
7941,scale_free,inv_degree,8012511,100,291,0.03,3,0.45,0.1,50,0.12,2,0.42666005946481655,0.01139742319127849,0.0,0.0
7942,scale_free,inv_degree,8013520,100,291,0.03,3,0.45,0.1,50,0.12,2,0.3388520971302428,0.02207505518763797,0.0,0.0
7943,scale_free,inv_degree,8014529,100,291,0.03,3,0.45,0.1,50,0.17,4,0.4114411441144116,0.0,0.0,0.0
7944,scale_free,inv_degree,8015538,100,291,0.03,3,0.45,0.1,50,0.19,4,0.3094764744864149,0.0,0.0,0.0
7945,scale_free,inv_degree,8016547,100,291,0.03,3,0.45,0.1,50,0.06,1,0.3647642679900744,0.0,0.0,0.0
7946,scale_free,inv_degree,8017556,100,291,0.03,3,0.45,0.1,50,0.12,4,0.2337217272104181,0.0,0.0,0.0
7947,scale_free,inv_degree,8018565,100,291,0.03,3,0.45,0.1,50,0.13,3,0.37066402378592644,0.0,0.0,0.0
7948,scale_free,inv_degree,8019574,100,291,0.03,3,0.45,0.1,50,0.1,1,0.45278564683663836,0.0,0.0,0.0
7949,scale_free,inv_degree,8020583,100,291,0.03,3,0.45,0.1,50,0.15,3,0.33399523431294653,0.0,0.0,0.0
7950,scale_free,inv_degree,8021592,100,291,0.03,3,0.45,0.1,50,0.2,4,0.2882111034955449,0.0,0.0,0.0
7951,scale_free,inv_degree,8022601,100,291,0.03,3,0.45,0.1,50,0.16,3,0.37731322823851954,0.010966415352981495,0.0,0.0
7952,scale_free,inv_degree,8023610,100,291,0.03,3,0.45,0.1,50,0.1,2,0.43658326143226917,0.011216566005176879,0.0,0.0
7953,scale_free,inv_degree,8024619,100,291,0.03,3,0.45,0.1,50,0.08,2,0.42470694319206537,0.011271415689810651,0.0,0.0
7954,scale_free,inv_degree,8025628,100,291,0.03,3,0.45,0.1,50,0.06,2,0.4395203336809177,0.0,0.0,0.0
7955,scale_free,inv_degree,8026637,100,291,0.03,3,0.45,0.1,50,0.17,4,0.34702549575070823,0.0,0.0,0.0
7956,scale_free,inv_degree,8027646,100,291,0.03,3,0.45,0.1,50,0.09,2,0.442021803766105,0.010901883052527251,0.0,0.0
7957,scale_free,inv_degree,8028655,100,291,0.03,3,0.45,0.1,50,0.15,4,0.34459907223326713,0.0,0.0,0.0
7958,scale_free,inv_degree,8029664,100,291,0.03,3,0.45,0.1,50,0.11,1,0.42351274787535426,0.0,0.0,0.0
7959,scale_free,inv_degree,8030673,100,291,0.03,3,0.45,0.1,50,0.12,2,0.388242142025611,0.0,0.0,0.0
7960,scale_free,inv_degree,8031682,100,291,0.03,3,0.45,0.1,50,0.11,2,0.35415188076650095,0.0,0.0,0.0
7961,scale_free,inv_degree,8032691,100,291,0.03,3,0.45,0.1,50,0.08,2,0.5358467243510509,0.0,0.0,0.0
7962,scale_free,inv_degree,8033700,100,291,0.03,3,0.45,0.1,50,0.12,2,0.3863134657836643,0.0,0.0,0.0
7963,scale_free,inv_degree,8034709,100,291,0.03,3,0.45,0.1,50,0.1,1,0.5080264400377718,0.02219074598678001,0.0,0.0
7964,scale_free,inv_degree,8035718,100,291,0.03,3,0.45,0.1,50,0.07,1,0.49843587069864453,0.011470281543274249,0.0,0.0
7965,scale_free,inv_degree,8036727,100,291,0.03,3,0.45,0.1,50,0.26,7,0.2455268389662029,0.0,0.0,0.0
7966,scale_free,inv_degree,8037736,100,291,0.03,3,0.45,0.1,50,0.08,3,0.4679860302677529,0.0,0.0,0.0
7967,scale_free,inv_degree,8038745,100,291,0.03,3,0.45,0.1,50,0.07,1,0.42838654012079375,0.0,0.0,0.0
7968,scale_free,inv_degree,8039754,100,291,0.03,3,0.45,0.1,50,0.11,2,0.37114461960246764,0.0,0.0,0.0
7969,scale_free,inv_degree,8040763,100,291,0.03,3,0.45,0.1,50,0.09,2,0.4113318616629876,0.011037527593818987,0.0,0.0
7970,scale_free,inv_degree,8041772,100,291,0.03,3,0.45,0.1,50,0.07,1,0.4641170915958457,0.0,0.0,0.0
7971,scale_free,inv_degree,8042781,100,291,0.03,3,0.45,0.1,50,0.13,3,0.38863841298467094,0.0,0.0,0.0
7972,scale_free,inv_degree,8043790,100,291,0.03,3,0.45,0.1,50,0.4,11,0.2079378774805868,0.0,0.0,0.0
7973,scale_free,inv_degree,8044799,100,291,0.03,3,0.45,0.1,50,0.04,1,0.5208550573514078,0.034410844629822745,0.0,0.0
7974,scale_free,inv_degree,8045808,100,291,0.03,3,0.45,0.1,50,0.1,2,0.37609213661636165,0.011119936457505947,0.0,0.0
7975,scale_free,inv_degree,8046817,100,291,0.03,3,0.45,0.1,50,1.0,27,0.0,0.0,0.0,0.0
7976,scale_free,inv_degree,8047826,100,291,0.03,3,0.45,0.1,50,0.24,7,0.23399558498896236,0.0,0.0,0.0
7977,scale_free,inv_degree,8048835,100,291,0.03,3,0.45,0.1,50,0.16,2,0.3643507030603805,0.0,0.0,0.0
7978,scale_free,inv_degree,8049844,100,291,0.03,3,0.45,0.1,50,0.14,2,0.24093925472179686,0.0,0.0,0.0
7979,scale_free,inv_degree,8050853,100,291,0.03,3,0.45,0.1,50,0.21,7,0.30236171535114936,0.0,0.0,0.0
7980,scale_free,inv_degree,8051862,100,291,0.03,3,0.45,0.1,50,0.13,2,0.36641852770885047,0.0,0.0,0.0
7981,scale_free,inv_degree,8052871,100,291,0.03,3,0.45,0.1,50,0.12,3,0.389991371872304,0.0,0.0,0.0
7982,scale_free,inv_degree,8053880,100,291,0.03,3,0.45,0.1,50,0.25,6,0.2430358158044344,0.0,0.0,0.0
7983,scale_free,inv_degree,8054889,100,291,0.03,3,0.45,0.1,50,0.2,3,0.4159663865546217,0.0,0.0,0.0
7984,scale_free,inv_degree,8055898,100,291,0.03,3,0.45,0.1,50,0.25,5,0.313347236704901,0.011470281543274247,0.0,0.0
7985,scale_free,inv_degree,8056907,100,291,0.03,3,0.45,0.1,50,0.1,2,0.4077750206782466,0.0,0.0,0.0
7986,scale_free,inv_degree,8057916,100,291,0.03,3,0.45,0.1,50,0.05,1,0.49999999999999967,0.011397423191278488,0.0,0.0
7987,scale_free,inv_degree,8058925,100,291,0.03,3,0.45,0.1,50,0.14,2,0.37662337662337597,0.0,0.0,0.0
7988,scale_free,inv_degree,8059934,100,291,0.03,3,0.45,0.1,50,0.09,3,0.4369747899159663,0.0106951871657754,0.0,0.0
7989,scale_free,inv_degree,8060943,100,291,0.03,3,0.45,0.1,50,0.13,4,0.4524103831891225,0.023485784919653904,0.0,0.0
7990,scale_free,inv_degree,8061952,100,291,0.03,3,0.45,0.1,50,0.06,1,0.44935972060535484,0.011641443538998831,0.0,0.0
7991,scale_free,inv_degree,8062961,100,291,0.03,3,0.45,0.1,50,0.14,3,0.2841348811498066,0.0,0.0,0.0
7992,scale_free,inv_degree,8063970,100,291,0.03,3,0.45,0.1,50,0.14,4,0.4820585457979227,0.022662889518413606,0.0,0.0
7993,scale_free,inv_degree,8064979,100,291,0.03,3,0.45,0.1,50,0.15,3,0.37601442741208296,0.0,0.0,0.0
7994,scale_free,inv_degree,8065988,100,291,0.03,3,0.45,0.1,50,0.08,2,0.4284928492849287,0.0,0.0,0.0
7995,scale_free,inv_degree,8066997,100,291,0.03,3,0.45,0.1,50,0.11,2,0.35294117647058826,0.0,0.0,0.0
7996,scale_free,inv_degree,8068006,100,291,0.03,3,0.45,0.1,50,0.09,2,0.3553345388788427,0.0,0.0,0.0
7997,scale_free,inv_degree,8069015,100,291,0.03,3,0.45,0.1,50,0.17,4,0.35933273219116324,0.01127141568981064,0.0,0.0
7998,scale_free,inv_degree,8070024,100,291,0.03,3,0.45,0.1,50,0.09,1,0.4009384775808134,0.0,0.0,0.0
7999,scale_free,inv_degree,8071033,100,291,0.03,3,0.45,0.1,50,0.07,1,0.5514809590973204,0.011988716502115662,0.0,0.0
8000,scale_free,inv_degree,8072042,100,291,0.03,3,0.45,0.1,50,0.11,2,0.3903605592347313,0.011037527593818984,0.0,0.0
8001,small_world,inv_degree,8073051,100,300,0.03,3,0.45,0.1,50,0.03,0,0.7500000000000001,0.39000000000000035,0.07000000000000003,0.0
8002,small_world,inv_degree,8074060,100,300,0.03,3,0.45,0.1,50,0.03,0,0.7999999999999998,0.46999999999999953,0.06499999999999996,0.0
8003,small_world,inv_degree,8075069,100,300,0.03,3,0.45,0.1,50,0.03,0,0.7950000000000003,0.5000000000000003,0.14000000000000012,0.0
8004,small_world,inv_degree,8076078,100,300,0.03,3,0.45,0.1,50,0.03,0,0.7800000000000001,0.3150000000000004,0.020000000000000035,0.0
8005,small_world,inv_degree,8077087,100,300,0.03,3,0.45,0.1,50,0.05,1,0.7350000000000001,0.4800000000000002,0.14000000000000024,0.0
8006,small_world,inv_degree,8078096,100,300,0.03,3,0.45,0.1,50,0.03,0,0.8799999999999997,0.6199999999999997,0.25999999999999995,0.0
8007,small_world,inv_degree,8079105,100,300,0.03,3,0.45,0.1,50,0.07,3,0.83,0.45500000000000024,0.07000000000000009,0.0
8008,small_world,inv_degree,8080114,100,300,0.03,3,0.45,0.1,50,0.03,0,0.765,0.42999999999999966,0.09999999999999992,0.0
8009,small_world,inv_degree,8081123,100,300,0.03,3,0.45,0.1,50,0.03,0,0.8099999999999998,0.5649999999999996,0.2899999999999999,0.0
8010,small_world,inv_degree,8082132,100,300,0.03,3,0.45,0.1,50,0.04,1,0.7400000000000002,0.41500000000000037,0.12500000000000022,0.0
8011,small_world,inv_degree,8083141,100,300,0.03,3,0.45,0.1,50,0.03,0,0.7900000000000003,0.38000000000000017,0.050000000000000044,0.0
8012,small_world,inv_degree,8084150,100,300,0.03,3,0.45,0.1,50,0.03,0,0.8200000000000003,0.4400000000000006,0.1300000000000003,0.0
8013,small_world,inv_degree,8085159,100,300,0.03,3,0.45,0.1,50,0.06,2,0.8050000000000002,0.37000000000000016,0.045000000000000054,0.0
8014,small_world,inv_degree,8086168,100,300,0.03,3,0.45,0.1,50,0.03,0,0.8266666666666662,0.4866666666666666,0.09666666666666661,0.0
8015,small_world,inv_degree,8087177,100,300,0.03,3,0.45,0.1,50,0.03,0,0.7600000000000001,0.4400000000000003,0.17000000000000026,0.0
8016,small_world,inv_degree,8088186,100,300,0.03,3,0.45,0.1,50,0.08,5,0.8,0.555,0.21000000000000016,0.0
8017,small_world,inv_degree,8089195,100,300,0.03,3,0.45,0.1,50,0.03,0,0.7949999999999996,0.45499999999999924,0.09499999999999986,0.0
8018,small_world,inv_degree,8090204,100,300,0.03,3,0.45,0.1,50,0.15,9,0.6950000000000002,0.46000000000000046,0.17500000000000027,0.0
8019,small_world,inv_degree,8091213,100,300,0.03,3,0.45,0.1,50,0.03,0,0.81,0.4250000000000003,0.1500000000000002,0.0
8020,small_world,inv_degree,8092222,100,300,0.03,3,0.45,0.1,50,0.03,0,0.7850000000000001,0.3950000000000005,0.025000000000000022,0.0
8021,small_world,inv_degree,8093231,100,300,0.03,3,0.45,0.1,50,0.03,0,0.7800000000000001,0.5450000000000003,0.12000000000000004,0.0
8022,small_world,inv_degree,8094240,100,300,0.03,3,0.45,0.1,50,0.03,0,0.7749999999999999,0.44499999999999923,0.1399999999999998,0.0
8023,small_world,inv_degree,8095249,100,300,0.03,3,0.45,0.1,50,0.03,0,0.7899999999999999,0.32000000000000034,0.05500000000000004,0.0
8024,small_world,inv_degree,8096258,100,300,0.03,3,0.45,0.1,50,0.03,0,0.8050000000000002,0.5150000000000002,0.1250000000000002,0.0
8025,small_world,inv_degree,8097267,100,300,0.03,3,0.45,0.1,50,0.03,0,0.7550000000000002,0.4250000000000005,0.16000000000000028,0.0
8026,small_world,inv_degree,8098276,100,300,0.03,3,0.45,0.1,50,0.04,1,0.8350000000000001,0.515,0.13000000000000012,0.0
8027,small_world,inv_degree,8099285,100,300,0.03,3,0.45,0.1,50,0.04,1,0.7549999999999998,0.3649999999999995,0.029999999999999933,0.0
8028,small_world,inv_degree,8100294,100,300,0.03,3,0.45,0.1,50,0.03,0,0.7799999999999999,0.5199999999999999,0.0,0.0
8029,small_world,inv_degree,8101303,100,300,0.03,3,0.45,0.1,50,0.03,0,0.8200000000000003,0.3900000000000005,0.06500000000000006,0.0
8030,small_world,inv_degree,8102312,100,300,0.03,3,0.45,0.1,50,0.04,1,0.7400000000000001,0.34000000000000047,0.05500000000000003,0.0
8031,small_world,inv_degree,8103321,100,300,0.03,3,0.45,0.1,50,0.03,0,0.7366666666666666,0.3233333333333331,0.010000000000000004,0.0
8032,small_world,inv_degree,8104330,100,300,0.03,3,0.45,0.1,50,0.03,0,0.7700000000000002,0.4350000000000005,0.1300000000000002,0.0
8033,small_world,inv_degree,8105339,100,300,0.03,3,0.45,0.1,50,0.07,4,0.7100000000000002,0.4500000000000003,0.015000000000000005,0.0
8034,small_world,inv_degree,8106348,100,300,0.03,3,0.45,0.1,50,0.03,0,0.785,0.5050000000000002,0.14000000000000015,0.0
8035,small_world,inv_degree,8107357,100,300,0.03,3,0.45,0.1,50,0.1,7,0.7599999999999999,0.4099999999999995,0.039999999999999925,0.0
8036,small_world,inv_degree,8108366,100,300,0.03,3,0.45,0.1,50,0.04,1,0.7774999999999997,0.38749999999999946,0.07249999999999991,0.0
8037,small_world,inv_degree,8109375,100,300,0.03,3,0.45,0.1,50,0.03,0,0.7550000000000001,0.3600000000000006,0.08000000000000017,0.0
8038,small_world,inv_degree,8110384,100,300,0.03,3,0.45,0.1,50,0.03,0,0.7850000000000003,0.45500000000000057,0.12500000000000025,0.0
8039,small_world,inv_degree,8111393,100,300,0.03,3,0.45,0.1,50,0.04,1,0.7499999999999997,0.5299999999999998,0.27666666666666656,0.0
8040,small_world,inv_degree,8112402,100,300,0.03,3,0.45,0.1,50,0.03,0,0.7450000000000002,0.3950000000000006,0.13000000000000014,0.0
8041,small_world,inv_degree,8113411,100,300,0.03,3,0.45,0.1,50,0.12,7,0.6666666666666667,0.2933333333333335,0.04666666666666668,0.0
8042,small_world,inv_degree,8114420,100,300,0.03,3,0.45,0.1,50,0.03,0,0.7899999999999999,0.3699999999999999,0.05666666666666665,0.0
8043,small_world,inv_degree,8115429,100,300,0.03,3,0.45,0.1,50,0.03,0,0.7850000000000001,0.38000000000000045,0.025000000000000022,0.0
8044,small_world,inv_degree,8116438,100,300,0.03,3,0.45,0.1,50,0.04,1,0.7666666666666667,0.44999999999999973,0.06333333333333334,0.0
8045,small_world,inv_degree,8117447,100,300,0.03,3,0.45,0.1,50,0.03,0,0.8199999999999998,0.635,0.3800000000000003,0.0
8046,small_world,inv_degree,8118456,100,300,0.03,3,0.45,0.1,50,0.03,0,0.8099999999999998,0.3933333333333332,0.07999999999999997,0.0
8047,small_world,inv_degree,8119465,100,300,0.03,3,0.45,0.1,50,0.03,0,0.7850000000000001,0.4250000000000003,0.09000000000000011,0.0
8048,small_world,inv_degree,8120474,100,300,0.03,3,0.45,0.1,50,0.04,1,0.7400000000000002,0.4800000000000003,0.08500000000000008,0.0
8049,small_world,inv_degree,8121483,100,300,0.03,3,0.45,0.1,50,0.03,0,0.7750000000000001,0.40999999999999975,0.059999999999999956,0.0
8050,small_world,inv_degree,8122492,100,300,0.03,3,0.45,0.1,50,0.06,2,0.9099999999999998,0.7200000000000002,0.3599999999999998,0.0
8051,small_world,inv_degree,8123501,100,300,0.03,3,0.45,0.1,50,0.03,0,0.81,0.3066666666666664,0.010000000000000007,0.0
8052,small_world,inv_degree,8124510,100,300,0.03,3,0.45,0.1,50,0.03,0,0.7900000000000003,0.47500000000000037,0.2550000000000004,0.0
8053,small_world,inv_degree,8125519,100,300,0.03,3,0.45,0.1,50,0.03,0,0.7949999999999999,0.4250000000000004,0.11500000000000021,0.0
8054,small_world,inv_degree,8126528,100,300,0.03,3,0.45,0.1,50,0.03,0,0.8000000000000002,0.5400000000000003,0.1750000000000003,0.0
8055,small_world,inv_degree,8127537,100,300,0.03,3,0.45,0.1,50,0.03,0,0.845,0.4799999999999995,0.14999999999999986,0.0
8056,small_world,inv_degree,8128546,100,300,0.03,3,0.45,0.1,50,0.03,0,0.7725,0.42249999999999943,0.05249999999999994,0.0
8057,small_world,inv_degree,8129555,100,300,0.03,3,0.45,0.1,50,0.03,0,0.7566666666666664,0.32333333333333314,0.023333333333333317,0.0
8058,small_world,inv_degree,8130564,100,300,0.03,3,0.45,0.1,50,0.05,2,0.7450000000000001,0.2650000000000003,0.05500000000000003,0.0
8059,small_world,inv_degree,8131573,100,300,0.03,3,0.45,0.1,50,0.03,0,0.7650000000000001,0.39000000000000035,0.15500000000000014,0.0
8060,small_world,inv_degree,8132582,100,300,0.03,3,0.45,0.1,50,0.03,0,0.7900000000000001,0.4200000000000003,0.1750000000000003,0.0
8061,small_world,inv_degree,8133591,100,300,0.03,3,0.45,0.1,50,0.08,3,0.8400000000000001,0.5750000000000004,0.3150000000000005,0.0
8062,small_world,inv_degree,8134600,100,300,0.03,3,0.45,0.1,50,0.03,0,0.7450000000000001,0.4850000000000003,0.07500000000000007,0.0
8063,small_world,inv_degree,8135609,100,300,0.03,3,0.45,0.1,50,0.03,0,0.7574999999999998,0.19999999999999982,0.0,0.0
8064,small_world,inv_degree,8136618,100,300,0.03,3,0.45,0.1,50,0.03,0,0.8000000000000002,0.5049999999999994,0.22499999999999978,0.0
8065,small_world,inv_degree,8137627,100,300,0.03,3,0.45,0.1,50,0.03,0,0.795,0.4600000000000002,0.11000000000000011,0.0
8066,small_world,inv_degree,8138636,100,300,0.03,3,0.45,0.1,50,0.05,2,0.7949999999999998,0.49499999999999966,0.18999999999999984,0.0
8067,small_world,inv_degree,8139645,100,300,0.03,3,0.45,0.1,50,0.03,0,0.7850000000000003,0.42000000000000026,0.060000000000000116,0.0
8068,small_world,inv_degree,8140654,100,300,0.03,3,0.45,0.1,50,0.07,3,0.7750000000000001,0.32000000000000034,0.05000000000000005,0.0
8069,small_world,inv_degree,8141663,100,300,0.03,3,0.45,0.1,50,0.03,0,0.8100000000000009,0.415,0.06,0.0
8070,small_world,inv_degree,8142672,100,300,0.03,3,0.45,0.1,50,0.08,4,0.7850000000000001,0.49000000000000027,0.060000000000000116,0.0
8071,small_world,inv_degree,8143681,100,300,0.03,3,0.45,0.1,50,0.03,0,0.7800000000000002,0.3850000000000004,0.11000000000000013,0.0
8072,small_world,inv_degree,8144690,100,300,0.03,3,0.45,0.1,50,0.03,0,0.7800000000000001,0.5200000000000001,0.13500000000000012,0.0
8073,small_world,inv_degree,8145699,100,300,0.03,3,0.45,0.1,50,0.03,0,0.8000000000000003,0.5500000000000003,0.2850000000000004,0.0
8074,small_world,inv_degree,8146708,100,300,0.03,3,0.45,0.1,50,0.03,0,0.7850000000000001,0.4450000000000004,0.19500000000000042,0.0
8075,small_world,inv_degree,8147717,100,300,0.03,3,0.45,0.1,50,0.03,0,0.84,0.62,0.2800000000000002,0.0
8076,small_world,inv_degree,8148726,100,300,0.03,3,0.45,0.1,50,0.03,0,0.7900000000000003,0.4050000000000004,0.030000000000000013,0.0
8077,small_world,inv_degree,8149735,100,300,0.03,3,0.45,0.1,50,0.03,0,0.7550000000000001,0.33500000000000046,0.010000000000000021,0.0
8078,small_world,inv_degree,8150744,100,300,0.03,3,0.45,0.1,50,0.03,0,0.77,0.5000000000000003,0.29500000000000054,0.0
8079,small_world,inv_degree,8151753,100,300,0.03,3,0.45,0.1,50,0.03,0,0.78,0.3700000000000003,0.015000000000000005,0.0
8080,small_world,inv_degree,8152762,100,300,0.03,3,0.45,0.1,50,0.07,3,0.7233333333333334,0.4033333333333334,0.07333333333333339,0.0
8081,small_world,inv_degree,8153771,100,300,0.03,3,0.45,0.1,50,0.03,0,0.7849999999999999,0.37499999999999956,0.03999999999999997,0.0
8082,small_world,inv_degree,8154780,100,300,0.03,3,0.45,0.1,50,0.03,0,0.8266666666666669,0.5066666666666665,0.14666666666666664,0.0
8083,small_world,inv_degree,8155789,100,300,0.03,3,0.45,0.1,50,0.03,0,0.7800000000000008,0.4450000000000004,0.1250000000000001,0.0
8084,small_world,inv_degree,8156798,100,300,0.03,3,0.45,0.1,50,0.1,5,0.7250000000000004,0.2950000000000001,0.0,0.0
8085,small_world,inv_degree,8157807,100,300,0.03,3,0.45,0.1,50,0.05,1,0.8050000000000002,0.5150000000000002,0.12000000000000015,0.0
8086,small_world,inv_degree,8158816,100,300,0.03,3,0.45,0.1,50,0.03,0,0.7733333333333334,0.39333333333333315,0.11999999999999995,0.0
8087,small_world,inv_degree,8159825,100,300,0.03,3,0.45,0.1,50,0.03,0,0.7500000000000001,0.4600000000000002,0.12000000000000008,0.0
8088,small_world,inv_degree,8160834,100,300,0.03,3,0.45,0.1,50,0.03,0,0.8166666666666667,0.34666666666666646,0.02333333333333332,0.0
8089,small_world,inv_degree,8161843,100,300,0.03,3,0.45,0.1,50,0.03,0,0.7950000000000002,0.29000000000000026,0.04000000000000002,0.0
8090,small_world,inv_degree,8162852,100,300,0.03,3,0.45,0.1,50,0.03,0,0.7750000000000001,0.3600000000000004,0.05500000000000003,0.0
8091,small_world,inv_degree,8163861,100,300,0.03,3,0.45,0.1,50,0.03,0,0.81,0.47000000000000025,0.12000000000000022,0.0
8092,small_world,inv_degree,8164870,100,300,0.03,3,0.45,0.1,50,0.03,0,0.805,0.4450000000000003,0.08500000000000016,0.0
8093,small_world,inv_degree,8165879,100,300,0.03,3,0.45,0.1,50,0.09,4,0.7549999999999998,0.45499999999999946,0.2199999999999998,0.0
8094,small_world,inv_degree,8166888,100,300,0.03,3,0.45,0.1,50,0.03,0,0.8350000000000001,0.3950000000000003,0.07000000000000003,0.0
8095,small_world,inv_degree,8167897,100,300,0.03,3,0.45,0.1,50,0.03,0,0.7366666666666665,0.35333333333333306,0.033333333333333326,0.0
8096,small_world,inv_degree,8168906,100,300,0.03,3,0.45,0.1,50,0.03,0,0.7866666666666666,0.5033333333333332,0.15999999999999995,0.0
8097,small_world,inv_degree,8169915,100,300,0.03,3,0.45,0.1,50,0.03,0,0.7733333333333332,0.49333333333333346,0.2133333333333336,0.0
8098,small_world,inv_degree,8170924,100,300,0.03,3,0.45,0.1,50,0.03,0,0.77,0.3800000000000004,0.0800000000000001,0.0
8099,small_world,inv_degree,8171933,100,300,0.03,3,0.45,0.1,50,0.07,2,0.7950000000000002,0.5350000000000003,0.24500000000000038,0.0
8100,small_world,inv_degree,8172942,100,300,0.03,3,0.45,0.1,50,0.07,3,0.7250000000000001,0.3800000000000004,0.045000000000000054,0.0
8101,small_world,inv_degree,8173951,100,300,0.03,3,0.45,0.1,50,0.03,0,0.8000000000000002,0.4700000000000003,0.2300000000000003,0.0
8102,small_world,inv_degree,8174960,100,300,0.03,3,0.45,0.1,50,0.03,0,0.7300000000000002,0.4400000000000004,0.16000000000000025,0.0
8103,small_world,inv_degree,8175969,100,300,0.03,3,0.45,0.1,50,0.03,0,0.7800000000000001,0.35000000000000037,0.03499999999999999,0.0
8104,small_world,inv_degree,8176978,100,300,0.03,3,0.45,0.1,50,0.03,0,0.7850000000000001,0.49000000000000027,0.11000000000000015,0.0
8105,small_world,inv_degree,8177987,100,300,0.03,3,0.45,0.1,50,0.03,0,0.79,0.4566666666666666,0.14,0.0
8106,small_world,inv_degree,8178996,100,300,0.03,3,0.45,0.1,50,0.03,0,0.7800000000000002,0.31500000000000045,0.0,0.0
8107,small_world,inv_degree,8180005,100,300,0.03,3,0.45,0.1,50,0.05,2,0.7133333333333336,0.32333333333333364,0.0533333333333334,0.0
8108,small_world,inv_degree,8181014,100,300,0.03,3,0.45,0.1,50,0.12,4,0.6700000000000002,0.13,0.020000000000000014,0.0
8109,small_world,inv_degree,8182023,100,300,0.03,3,0.45,0.1,50,0.03,0,0.77,0.22000000000000028,0.0,0.0
8110,small_world,inv_degree,8183032,100,300,0.03,3,0.45,0.1,50,0.09,5,0.7350000000000002,0.4250000000000004,0.13000000000000025,0.0
8111,small_world,inv_degree,8184041,100,300,0.03,3,0.45,0.1,50,0.04,1,0.7650000000000001,0.43000000000000027,0.12500000000000022,0.0
8112,small_world,inv_degree,8185050,100,300,0.03,3,0.45,0.1,50,0.03,0,0.7800000000000001,0.2550000000000003,0.06000000000000007,0.0
8113,small_world,inv_degree,8186059,100,300,0.03,3,0.45,0.1,50,0.03,0,0.7650000000000001,0.39500000000000035,0.07500000000000008,0.0
8114,small_world,inv_degree,8187068,100,300,0.03,3,0.45,0.1,50,0.03,0,0.7749999999999995,0.44499999999999945,0.09499999999999992,0.0
8115,small_world,inv_degree,8188077,100,300,0.03,3,0.45,0.1,50,0.04,1,0.7949999999999998,0.4899999999999993,0.19499999999999973,0.0
8116,small_world,inv_degree,8189086,100,300,0.03,3,0.45,0.1,50,0.05,1,0.7850000000000008,0.37000000000000005,0.05500000000000003,0.0
8117,small_world,inv_degree,8190095,100,300,0.03,3,0.45,0.1,50,0.03,0,0.7650000000000001,0.4050000000000004,0.1450000000000002,0.0
8118,small_world,inv_degree,8191104,100,300,0.03,3,0.45,0.1,50,0.03,0,0.7399999999999998,0.3333333333333331,0.04333333333333329,0.0
8119,small_world,inv_degree,8192113,100,300,0.03,3,0.45,0.1,50,0.03,0,0.78,0.38500000000000006,0.050000000000000044,0.0
8120,small_world,inv_degree,8193122,100,300,0.03,3,0.45,0.1,50,0.03,0,0.7750000000000001,0.4750000000000003,0.1250000000000002,0.0
8121,small_world,inv_degree,8194131,100,300,0.03,3,0.45,0.1,50,0.03,0,0.7750000000000001,0.4350000000000003,0.1250000000000001,0.0
8122,small_world,inv_degree,8195140,100,300,0.03,3,0.45,0.1,50,0.21,14,0.6050000000000003,0.27500000000000024,0.030000000000000058,0.0
8123,small_world,inv_degree,8196149,100,300,0.03,3,0.45,0.1,50,0.04,1,0.7700000000000001,0.4050000000000002,0.06000000000000005,0.0
8124,small_world,inv_degree,8197158,100,300,0.03,3,0.45,0.1,50,0.03,0,0.765,0.3400000000000003,0.04500000000000006,0.0
8125,small_world,inv_degree,8198167,100,300,0.03,3,0.45,0.1,50,0.1,6,0.8100000000000004,0.4500000000000002,0.19000000000000014,0.0
8126,small_world,inv_degree,8199176,100,300,0.03,3,0.45,0.1,50,0.03,0,0.78,0.30500000000000027,0.015000000000000001,0.0
8127,small_world,inv_degree,8200185,100,300,0.03,3,0.45,0.1,50,0.03,0,0.8099999999999998,0.3866666666666664,0.05666666666666665,0.0
8128,small_world,inv_degree,8201194,100,300,0.03,3,0.45,0.1,50,0.07,3,0.7800000000000001,0.29000000000000026,0.010000000000000021,0.0
8129,small_world,inv_degree,8202203,100,300,0.03,3,0.45,0.1,50,0.09,3,0.7700000000000004,0.4400000000000004,0.06000000000000007,0.0
8130,small_world,inv_degree,8203212,100,300,0.03,3,0.45,0.1,50,0.03,0,0.7399999999999999,0.4666666666666664,0.14999999999999994,0.0
8131,small_world,inv_degree,8204221,100,300,0.03,3,0.45,0.1,50,0.03,0,0.8699999999999998,0.6499999999999998,0.3,0.0
8132,small_world,inv_degree,8205230,100,300,0.03,3,0.45,0.1,50,0.03,0,0.7750000000000001,0.38000000000000045,0.035000000000000045,0.0
8133,small_world,inv_degree,8206239,100,300,0.03,3,0.45,0.1,50,0.03,0,0.8200000000000001,0.47000000000000025,0.06500000000000006,0.0
8134,small_world,inv_degree,8207248,100,300,0.03,3,0.45,0.1,50,0.03,0,0.7650000000000008,0.40500000000000014,0.095,0.0
8135,small_world,inv_degree,8208257,100,300,0.03,3,0.45,0.1,50,0.03,0,0.7550000000000007,0.41499999999999987,0.13499999999999995,0.0
8136,small_world,inv_degree,8209266,100,300,0.03,3,0.45,0.1,50,0.04,1,0.7650000000000001,0.5400000000000003,0.23000000000000043,0.0
8137,small_world,inv_degree,8210275,100,300,0.03,3,0.45,0.1,50,0.03,0,0.7650000000000001,0.3500000000000004,0.020000000000000046,0.0
8138,small_world,inv_degree,8211284,100,300,0.03,3,0.45,0.1,50,0.09,6,0.7850000000000001,0.4900000000000002,0.07000000000000003,0.0
8139,small_world,inv_degree,8212293,100,300,0.03,3,0.45,0.1,50,0.03,0,0.7599999999999995,0.44999999999999907,0.07999999999999985,0.0
8140,small_world,inv_degree,8213302,100,300,0.03,3,0.45,0.1,50,0.03,0,0.76,0.40999999999999986,0.08666666666666666,0.0
8141,small_world,inv_degree,8214311,100,300,0.03,3,0.45,0.1,50,0.03,0,0.7724999999999999,0.36999999999999966,0.07249999999999994,0.0
8142,small_world,inv_degree,8215320,100,300,0.03,3,0.45,0.1,50,0.03,0,0.7600000000000001,0.40500000000000036,0.06000000000000002,0.0
8143,small_world,inv_degree,8216329,100,300,0.03,3,0.45,0.1,50,0.03,0,0.775000000000001,0.4600000000000004,0.085,0.0
8144,small_world,inv_degree,8217338,100,300,0.03,3,0.45,0.1,50,0.03,0,0.7800000000000001,0.44500000000000023,0.13000000000000014,0.0
8145,small_world,inv_degree,8218347,100,300,0.03,3,0.45,0.1,50,0.03,0,0.8100000000000002,0.4566666666666665,0.07999999999999999,0.0
8146,small_world,inv_degree,8219356,100,300,0.03,3,0.45,0.1,50,0.03,0,0.7650000000000001,0.4300000000000003,0.08000000000000013,0.0
8147,small_world,inv_degree,8220365,100,300,0.03,3,0.45,0.1,50,0.03,0,0.7466666666666666,0.2166666666666665,0.0,0.0
8148,small_world,inv_degree,8221374,100,300,0.03,3,0.45,0.1,50,0.03,0,0.7600000000000002,0.31500000000000045,0.004999999999999984,0.0
8149,small_world,inv_degree,8222383,100,300,0.03,3,0.45,0.1,50,0.03,0,0.7599999999999999,0.41000000000000003,0.049999999999999954,0.0
8150,small_world,inv_degree,8223392,100,300,0.03,3,0.45,0.1,50,0.03,0,0.8,0.42999999999999966,0.0949999999999999,0.0
8151,small_world,inv_degree,8224401,100,300,0.03,3,0.45,0.1,50,0.03,0,0.7900000000000003,0.3200000000000004,0.08000000000000004,0.0
8152,small_world,inv_degree,8225410,100,300,0.03,3,0.45,0.1,50,0.03,0,0.7650000000000001,0.3900000000000003,0.0650000000000001,0.0
8153,small_world,inv_degree,8226419,100,300,0.03,3,0.45,0.1,50,0.03,0,0.7650000000000001,0.3500000000000005,0.055000000000000084,0.0
8154,small_world,inv_degree,8227428,100,300,0.03,3,0.45,0.1,50,0.03,0,0.7850000000000001,0.3700000000000004,0.03000000000000001,0.0
8155,small_world,inv_degree,8228437,100,300,0.03,3,0.45,0.1,50,0.04,1,0.7650000000000001,0.5050000000000002,0.24000000000000027,0.0
8156,small_world,inv_degree,8229446,100,300,0.03,3,0.45,0.1,50,0.03,0,0.7850000000000001,0.36000000000000043,0.0850000000000001,0.0
8157,small_world,inv_degree,8230455,100,300,0.03,3,0.45,0.1,50,0.03,0,0.7700000000000002,0.38000000000000034,0.10500000000000015,0.0
8158,small_world,inv_degree,8231464,100,300,0.03,3,0.45,0.1,50,0.03,0,0.7649999999999995,0.5199999999999991,0.17499999999999977,0.0
8159,small_world,inv_degree,8232473,100,300,0.03,3,0.45,0.1,50,0.03,0,0.7899999999999996,0.38499999999999934,0.11499999999999982,0.0
8160,small_world,inv_degree,8233482,100,300,0.03,3,0.45,0.1,50,0.03,0,0.7966666666666666,0.5233333333333331,0.1233333333333333,0.0
8161,small_world,inv_degree,8234491,100,300,0.03,3,0.45,0.1,50,0.03,0,0.7900000000000001,0.38500000000000006,0.050000000000000044,0.0
8162,small_world,inv_degree,8235500,100,300,0.03,3,0.45,0.1,50,0.03,0,0.7650000000000001,0.35500000000000037,0.04000000000000008,0.0
8163,small_world,inv_degree,8236509,100,300,0.03,3,0.45,0.1,50,0.03,0,0.75,0.3500000000000005,0.09000000000000008,0.0
8164,small_world,inv_degree,8237518,100,300,0.03,3,0.45,0.1,50,0.03,0,0.795,0.4150000000000002,0.11000000000000004,0.0
8165,small_world,inv_degree,8238527,100,300,0.03,3,0.45,0.1,50,0.03,0,0.7650000000000001,0.4250000000000003,0.20500000000000013,0.0
8166,small_world,inv_degree,8239536,100,300,0.03,3,0.45,0.1,50,0.09,4,0.8499999999999998,0.6699999999999998,0.4599999999999998,0.0
8167,small_world,inv_degree,8240545,100,300,0.03,3,0.45,0.1,50,0.03,0,0.7950000000000002,0.4200000000000003,0.09000000000000011,0.0
8168,small_world,inv_degree,8241554,100,300,0.03,3,0.45,0.1,50,0.03,0,0.7550000000000001,0.4100000000000002,0.14000000000000018,0.0
8169,small_world,inv_degree,8242563,100,300,0.03,3,0.45,0.1,50,0.03,0,0.7650000000000001,0.31500000000000045,0.02000000000000004,0.0
8170,small_world,inv_degree,8243572,100,300,0.03,3,0.45,0.1,50,0.03,0,0.7650000000000011,0.4150000000000001,0.18000000000000005,0.0
8171,small_world,inv_degree,8244581,100,300,0.03,3,0.45,0.1,50,0.03,0,0.7950000000000003,0.38000000000000034,0.035000000000000045,0.0
8172,small_world,inv_degree,8245590,100,300,0.03,3,0.45,0.1,50,0.03,0,0.7274999999999998,0.3024999999999996,0.1599999999999998,0.0
8173,small_world,inv_degree,8246599,100,300,0.03,3,0.45,0.1,50,0.07,3,0.795,0.45000000000000034,0.13500000000000023,0.0
8174,small_world,inv_degree,8247608,100,300,0.03,3,0.45,0.1,50,0.03,0,0.8099999999999999,0.4150000000000003,0.07000000000000003,0.0
8175,small_world,inv_degree,8248617,100,300,0.03,3,0.45,0.1,50,0.03,0,0.8099999999999996,0.5049999999999991,0.25499999999999956,0.0
8176,small_world,inv_degree,8249626,100,300,0.03,3,0.45,0.1,50,0.04,1,0.7500000000000002,0.3950000000000004,0.09500000000000011,0.0
8177,small_world,inv_degree,8250635,100,300,0.03,3,0.45,0.1,50,0.03,0,0.8099999999999998,0.5899999999999999,0.3700000000000001,0.0
8178,small_world,inv_degree,8251644,100,300,0.03,3,0.45,0.1,50,0.04,1,0.715,0.38000000000000034,0.029999999999999957,0.0
8179,small_world,inv_degree,8252653,100,300,0.03,3,0.45,0.1,50,0.04,1,0.7450000000000004,0.3050000000000004,0.040000000000000036,0.0
8180,small_world,inv_degree,8253662,100,300,0.03,3,0.45,0.1,50,0.03,0,0.7850000000000003,0.5050000000000004,0.09500000000000007,0.0
8181,small_world,inv_degree,8254671,100,300,0.03,3,0.45,0.1,50,0.03,0,0.7800000000000006,0.5200000000000008,0.23000000000000045,0.0
8182,small_world,inv_degree,8255680,100,300,0.03,3,0.45,0.1,50,0.03,0,0.785,0.3400000000000004,0.030000000000000054,0.0
8183,small_world,inv_degree,8256689,100,300,0.03,3,0.45,0.1,50,0.03,0,0.7650000000000001,0.3350000000000004,0.02000000000000004,0.0
8184,small_world,inv_degree,8257698,100,300,0.03,3,0.45,0.1,50,0.03,0,0.7900000000000001,0.4750000000000004,0.08000000000000011,0.0
8185,small_world,inv_degree,8258707,100,300,0.03,3,0.45,0.1,50,0.07,2,0.84,0.41999999999999993,0.039999999999999994,0.0
8186,small_world,inv_degree,8259716,100,300,0.03,3,0.45,0.1,50,0.03,0,0.7866666666666666,0.36333333333333345,0.06333333333333341,0.0
8187,small_world,inv_degree,8260725,100,300,0.03,3,0.45,0.1,50,0.03,0,0.8350000000000011,0.5250000000000007,0.17500000000000013,0.0
8188,small_world,inv_degree,8261734,100,300,0.03,3,0.45,0.1,50,0.14,8,0.7400000000000005,0.4500000000000004,0.11000000000000015,0.0
8189,small_world,inv_degree,8262743,100,300,0.03,3,0.45,0.1,50,0.03,0,0.8500000000000002,0.6150000000000003,0.20500000000000027,0.0
8190,small_world,inv_degree,8263752,100,300,0.03,3,0.45,0.1,50,0.03,0,0.7566666666666666,0.3799999999999999,0.013333333333333317,0.0
8191,small_world,inv_degree,8264761,100,300,0.03,3,0.45,0.1,50,0.03,0,0.7750000000000001,0.3550000000000004,0.05000000000000005,0.0
8192,small_world,inv_degree,8265770,100,300,0.03,3,0.45,0.1,50,0.03,0,0.75,0.2766666666666668,0.08666666666666677,0.0
8193,small_world,inv_degree,8266779,100,300,0.03,3,0.45,0.1,50,0.03,0,0.7999999999999998,0.5999999999999998,0.3500000000000001,0.0
8194,small_world,inv_degree,8267788,100,300,0.03,3,0.45,0.1,50,0.05,1,0.76,0.3750000000000003,0.10500000000000008,0.0
8195,small_world,inv_degree,8268797,100,300,0.03,3,0.45,0.1,50,0.03,0,0.7566666666666665,0.3733333333333332,0.13666666666666663,0.0
8196,small_world,inv_degree,8269806,100,300,0.03,3,0.45,0.1,50,0.03,0,0.8000000000000003,0.43500000000000033,0.09000000000000012,0.0
8197,small_world,inv_degree,8270815,100,300,0.03,3,0.45,0.1,50,0.04,1,0.7550000000000002,0.3500000000000006,0.04500000000000007,0.0
8198,small_world,inv_degree,8271824,100,300,0.03,3,0.45,0.1,50,0.03,0,0.8099999999999998,0.5249999999999996,0.12999999999999998,0.0
8199,small_world,inv_degree,8272833,100,300,0.03,3,0.45,0.1,50,0.04,1,0.7600000000000001,0.3100000000000004,0.07000000000000009,0.0
8200,small_world,inv_degree,8273842,100,300,0.03,3,0.45,0.1,50,0.03,0,0.815,0.3499999999999998,0.06999999999999998,0.0
8201,small_world,inv_degree,8274851,100,300,0.03,3,0.45,0.1,50,0.03,0,0.81,0.42999999999999994,0.15333333333333335,0.0
8202,small_world,inv_degree,8275860,100,300,0.03,3,0.45,0.1,50,0.03,0,0.7550000000000002,0.34000000000000047,0.06000000000000005,0.0
8203,small_world,inv_degree,8276869,100,300,0.03,3,0.45,0.1,50,0.03,0,0.7699999999999997,0.3949999999999996,0.19999999999999987,0.0
8204,small_world,inv_degree,8277878,100,300,0.03,3,0.45,0.1,50,0.03,0,0.7700000000000001,0.3400000000000005,0.0650000000000001,0.0
8205,small_world,inv_degree,8278887,100,300,0.03,3,0.45,0.1,50,0.1,6,0.71,0.27499999999999974,0.09999999999999995,0.0
8206,small_world,inv_degree,8279896,100,300,0.03,3,0.45,0.1,50,0.1,5,0.7800000000000002,0.6000000000000002,0.3700000000000002,0.0
8207,small_world,inv_degree,8280905,100,300,0.03,3,0.45,0.1,50,0.04,1,0.7850000000000001,0.5500000000000004,0.2600000000000005,0.0
8208,small_world,inv_degree,8281914,100,300,0.03,3,0.45,0.1,50,0.03,0,0.7900000000000001,0.3950000000000003,0.09500000000000014,0.0
8209,small_world,inv_degree,8282923,100,300,0.03,3,0.45,0.1,50,0.03,0,0.7800000000000004,0.45000000000000046,0.08000000000000011,0.0
8210,small_world,inv_degree,8283932,100,300,0.03,3,0.45,0.1,50,0.03,0,0.7700000000000002,0.3800000000000005,0.07500000000000008,0.0
8211,small_world,inv_degree,8284941,100,300,0.03,3,0.45,0.1,50,0.03,0,0.7849999999999997,0.30249999999999966,0.07249999999999993,0.0
8212,small_world,inv_degree,8285950,100,300,0.03,3,0.45,0.1,50,0.03,0,0.7933333333333333,0.4633333333333331,0.1433333333333332,0.0
8213,small_world,inv_degree,8286959,100,300,0.03,3,0.45,0.1,50,0.03,0,0.7933333333333332,0.44333333333333313,0.12333333333333328,0.0
8214,small_world,inv_degree,8287968,100,300,0.03,3,0.45,0.1,50,0.03,0,0.7525000000000001,0.3599999999999997,0.06749999999999998,0.0
8215,small_world,inv_degree,8288977,100,300,0.03,3,0.45,0.1,50,0.03,0,0.8100000000000002,0.3850000000000003,0.045000000000000054,0.0
8216,small_world,inv_degree,8289986,100,300,0.03,3,0.45,0.1,50,0.05,2,0.7950000000000002,0.4050000000000004,0.09000000000000011,0.0
8217,small_world,inv_degree,8290995,100,300,0.03,3,0.45,0.1,50,0.03,0,0.8100000000000002,0.4850000000000004,0.1700000000000002,0.0
8218,small_world,inv_degree,8292004,100,300,0.03,3,0.45,0.1,50,0.03,0,0.7733333333333333,0.27666666666666656,0.0,0.0
8219,small_world,inv_degree,8293013,100,300,0.03,3,0.45,0.1,50,0.04,1,0.75,0.3566666666666668,0.010000000000000014,0.0
8220,small_world,inv_degree,8294022,100,300,0.03,3,0.45,0.1,50,0.03,0,0.7566666666666666,0.4233333333333332,0.16333333333333327,0.0
8221,small_world,inv_degree,8295031,100,300,0.03,3,0.45,0.1,50,0.03,0,0.8150000000000002,0.2950000000000004,0.0,0.0
8222,small_world,inv_degree,8296040,100,300,0.03,3,0.45,0.1,50,0.03,0,0.7533333333333334,0.45666666666666667,0.22,0.0
8223,small_world,inv_degree,8297049,100,300,0.03,3,0.45,0.1,50,0.03,0,0.7333333333333336,0.2266666666666669,0.0,0.0
8224,small_world,inv_degree,8298058,100,300,0.03,3,0.45,0.1,50,0.03,0,0.7900000000000001,0.3600000000000002,0.07666666666666674,0.0
8225,small_world,inv_degree,8299067,100,300,0.03,3,0.45,0.1,50,0.03,0,0.735,0.23999999999999985,0.024999999999999974,0.0
8226,small_world,inv_degree,8300076,100,300,0.03,3,0.45,0.1,50,0.03,0,0.74,0.36000000000000015,0.023333333333333345,0.0
8227,small_world,inv_degree,8301085,100,300,0.03,3,0.45,0.1,50,0.12,7,0.7550000000000002,0.3600000000000003,0.05000000000000004,0.0
8228,small_world,inv_degree,8302094,100,300,0.03,3,0.45,0.1,50,0.03,0,0.7900000000000001,0.4200000000000003,0.10500000000000008,0.0
8229,small_world,inv_degree,8303103,100,300,0.03,3,0.45,0.1,50,0.05,2,0.7800000000000001,0.5150000000000002,0.22000000000000022,0.0
8230,small_world,inv_degree,8304112,100,300,0.03,3,0.45,0.1,50,0.06,3,0.8200000000000001,0.4850000000000002,0.12500000000000017,0.0
8231,small_world,inv_degree,8305121,100,300,0.03,3,0.45,0.1,50,0.03,0,0.7566666666666667,0.3566666666666668,0.010000000000000014,0.0
8232,small_world,inv_degree,8306130,100,300,0.03,3,0.45,0.1,50,0.04,1,0.7366666666666666,0.2866666666666665,0.020000000000000014,0.0
8233,small_world,inv_degree,8307139,100,300,0.03,3,0.45,0.1,50,0.07,3,0.8500000000000001,0.45000000000000023,0.17000000000000015,0.0
8234,small_world,inv_degree,8308148,100,300,0.03,3,0.45,0.1,50,0.03,0,0.7500000000000002,0.4650000000000003,0.1450000000000001,0.0
8235,small_world,inv_degree,8309157,100,300,0.03,3,0.45,0.1,50,0.03,0,0.77,0.27999999999999986,0.010000000000000009,0.0
8236,small_world,inv_degree,8310166,100,300,0.03,3,0.45,0.1,50,0.03,0,0.74,0.2966666666666666,0.00666666666666666,0.0
8237,small_world,inv_degree,8311175,100,300,0.03,3,0.45,0.1,50,0.03,0,0.8350000000000001,0.6300000000000002,0.18500000000000014,0.0
8238,small_world,inv_degree,8312184,100,300,0.03,3,0.45,0.1,50,0.04,1,0.8150000000000001,0.5100000000000002,0.08500000000000003,0.0
8239,small_world,inv_degree,8313193,100,300,0.03,3,0.45,0.1,50,0.03,0,0.7500000000000001,0.37500000000000033,0.060000000000000074,0.0
8240,small_world,inv_degree,8314202,100,300,0.03,3,0.45,0.1,50,0.03,0,0.7600000000000001,0.4500000000000005,0.2000000000000004,0.0
8241,small_world,inv_degree,8315211,100,300,0.03,3,0.45,0.1,50,0.03,0,0.7850000000000001,0.32000000000000034,0.06000000000000008,0.0
8242,small_world,inv_degree,8316220,100,300,0.03,3,0.45,0.1,50,0.05,1,0.82,0.5599999999999997,0.22999999999999998,0.0
8243,small_world,inv_degree,8317229,100,300,0.03,3,0.45,0.1,50,0.03,0,0.8049999999999999,0.44500000000000023,0.1900000000000003,0.0
8244,small_world,inv_degree,8318238,100,300,0.03,3,0.45,0.1,50,0.03,0,0.7850000000000003,0.40500000000000047,0.07000000000000015,0.0
8245,small_world,inv_degree,8319247,100,300,0.03,3,0.45,0.1,50,0.03,0,0.8050000000000003,0.4150000000000004,0.12000000000000016,0.0
8246,small_world,inv_degree,8320256,100,300,0.03,3,0.45,0.1,50,0.03,0,0.7766666666666667,0.3666666666666666,0.05333333333333336,0.0
8247,small_world,inv_degree,8321265,100,300,0.03,3,0.45,0.1,50,0.03,0,0.7700000000000009,0.4300000000000002,0.07000000000000005,0.0
8248,small_world,inv_degree,8322274,100,300,0.03,3,0.45,0.1,50,0.03,0,0.7850000000000001,0.36500000000000044,0.030000000000000058,0.0
8249,small_world,inv_degree,8323283,100,300,0.03,3,0.45,0.1,50,0.03,0,0.7800000000000001,0.47500000000000053,0.12000000000000016,0.0
8250,small_world,inv_degree,8324292,100,300,0.03,3,0.45,0.1,50,0.1,5,0.8200000000000002,0.6200000000000002,0.3300000000000006,0.0
8251,small_world,inv_degree,8325301,100,300,0.03,3,0.45,0.1,50,0.03,0,0.7533333333333334,0.44333333333333336,0.1266666666666667,0.0
8252,small_world,inv_degree,8326310,100,300,0.03,3,0.45,0.1,50,0.03,0,0.7650000000000001,0.5050000000000004,0.3050000000000005,0.0
8253,small_world,inv_degree,8327319,100,300,0.03,3,0.45,0.1,50,0.03,0,0.765,0.3750000000000005,0.11000000000000017,0.0
8254,small_world,inv_degree,8328328,100,300,0.03,3,0.45,0.1,50,0.03,0,0.7550000000000001,0.3900000000000004,0.06000000000000012,0.0
8255,small_world,inv_degree,8329337,100,300,0.03,3,0.45,0.1,50,0.03,0,0.7533333333333332,0.24999999999999986,0.06333333333333334,0.0
8256,small_world,inv_degree,8330346,100,300,0.03,3,0.45,0.1,50,0.03,0,0.7650000000000001,0.45000000000000023,0.10000000000000016,0.0
8257,small_world,inv_degree,8331355,100,300,0.03,3,0.45,0.1,50,0.03,0,0.7733333333333333,0.3199999999999999,0.03666666666666666,0.0
8258,small_world,inv_degree,8332364,100,300,0.03,3,0.45,0.1,50,0.03,0,0.7800000000000001,0.37500000000000044,0.0,0.0
8259,small_world,inv_degree,8333373,100,300,0.03,3,0.45,0.1,50,0.05,1,0.8699999999999999,0.41000000000000025,0.10500000000000012,0.0
8260,small_world,inv_degree,8334382,100,300,0.03,3,0.45,0.1,50,0.04,1,0.7150000000000002,0.2950000000000004,0.02000000000000004,0.0
8261,small_world,inv_degree,8335391,100,300,0.03,3,0.45,0.1,50,0.03,0,0.755000000000001,0.4300000000000004,0.10000000000000012,0.0
8262,small_world,inv_degree,8336400,100,300,0.03,3,0.45,0.1,50,0.04,1,0.7450000000000003,0.4600000000000003,0.07500000000000002,0.0
8263,small_world,inv_degree,8337409,100,300,0.03,3,0.45,0.1,50,0.03,0,0.7433333333333333,0.3833333333333332,0.05,0.0
8264,small_world,inv_degree,8338418,100,300,0.03,3,0.45,0.1,50,0.03,0,0.7649999999999998,0.3699999999999996,0.10999999999999992,0.0
8265,small_world,inv_degree,8339427,100,300,0.03,3,0.45,0.1,50,0.03,0,0.7650000000000001,0.33500000000000035,0.015000000000000003,0.0
8266,small_world,inv_degree,8340436,100,300,0.03,3,0.45,0.1,50,0.04,1,0.8400000000000001,0.5100000000000002,0.13500000000000018,0.0
8267,small_world,inv_degree,8341445,100,300,0.03,3,0.45,0.1,50,0.05,1,0.7500000000000001,0.5150000000000002,0.28000000000000036,0.0
8268,small_world,inv_degree,8342454,100,300,0.03,3,0.45,0.1,50,0.14,9,0.6866666666666669,0.3766666666666666,0.12,0.0
8269,small_world,inv_degree,8343463,100,300,0.03,3,0.45,0.1,50,0.03,0,0.85,0.6800000000000004,0.43000000000000044,0.0
8270,small_world,inv_degree,8344472,100,300,0.03,3,0.45,0.1,50,0.03,0,0.7766666666666667,0.4733333333333335,0.13333333333333333,0.0
8271,small_world,inv_degree,8345481,100,300,0.03,3,0.45,0.1,50,0.04,1,0.7450000000000001,0.3550000000000004,0.04000000000000009,0.0
8272,small_world,inv_degree,8346490,100,300,0.03,3,0.45,0.1,50,0.03,0,0.82,0.5250000000000002,0.17500000000000018,0.0
8273,small_world,inv_degree,8347499,100,300,0.03,3,0.45,0.1,50,0.03,0,0.775,0.3750000000000004,0.07500000000000012,0.0
8274,small_world,inv_degree,8348508,100,300,0.03,3,0.45,0.1,50,0.06,3,0.7800000000000001,0.41000000000000025,0.1000000000000001,0.0
8275,small_world,inv_degree,8349517,100,300,0.03,3,0.45,0.1,50,0.03,0,0.7666666666666665,0.3699999999999999,0.12666666666666665,0.0
8276,small_world,inv_degree,8350526,100,300,0.03,3,0.45,0.1,50,0.03,0,0.7900000000000001,0.39000000000000046,0.1250000000000002,0.0
8277,small_world,inv_degree,8351535,100,300,0.03,3,0.45,0.1,50,0.04,1,0.7933333333333334,0.49333333333333346,0.17000000000000018,0.0
8278,small_world,inv_degree,8352544,100,300,0.03,3,0.45,0.1,50,0.03,0,0.8500000000000001,0.4850000000000004,0.04500000000000006,0.0
8279,small_world,inv_degree,8353553,100,300,0.03,3,0.45,0.1,50,0.03,0,0.7750000000000001,0.4900000000000002,0.19000000000000025,0.0
8280,small_world,inv_degree,8354562,100,300,0.03,3,0.45,0.1,50,0.03,0,0.7750000000000008,0.4100000000000002,0.034999999999999996,0.0
8281,small_world,inv_degree,8355571,100,300,0.03,3,0.45,0.1,50,0.03,0,0.78,0.3200000000000002,0.030000000000000006,0.0
8282,small_world,inv_degree,8356580,100,300,0.03,3,0.45,0.1,50,0.04,1,0.79,0.3499999999999998,0.01666666666666663,0.0
8283,small_world,inv_degree,8357589,100,300,0.03,3,0.45,0.1,50,0.04,1,0.7500000000000001,0.4000000000000003,0.02500000000000002,0.0
8284,small_world,inv_degree,8358598,100,300,0.03,3,0.45,0.1,50,0.03,0,0.7650000000000002,0.3250000000000003,0.04000000000000003,0.0
8285,small_world,inv_degree,8359607,100,300,0.03,3,0.45,0.1,50,0.04,1,0.8200000000000003,0.48500000000000015,0.21000000000000035,0.0
8286,small_world,inv_degree,8360616,100,300,0.03,3,0.45,0.1,50,0.06,3,0.7800000000000001,0.44000000000000034,0.1350000000000002,0.0
8287,small_world,inv_degree,8361625,100,300,0.03,3,0.45,0.1,50,0.03,0,0.7749999999999998,0.4599999999999992,0.19499999999999973,0.0
8288,small_world,inv_degree,8362634,100,300,0.03,3,0.45,0.1,50,0.03,0,0.7549999999999997,0.3849999999999996,0.059999999999999935,0.0
8289,small_world,inv_degree,8363643,100,300,0.03,3,0.45,0.1,50,0.03,0,0.7850000000000003,0.40500000000000047,0.05000000000000011,0.0
8290,small_world,inv_degree,8364652,100,300,0.03,3,0.45,0.1,50,0.03,0,0.795,0.42500000000000043,0.1000000000000002,0.0
8291,small_world,inv_degree,8365661,100,300,0.03,3,0.45,0.1,50,0.04,1,0.7999999999999999,0.36333333333333323,0.08666666666666664,0.0
8292,small_world,inv_degree,8366670,100,300,0.03,3,0.45,0.1,50,0.15,10,0.6700000000000002,0.26000000000000034,0.0,0.0
8293,small_world,inv_degree,8367679,100,300,0.03,3,0.45,0.1,50,0.14,9,0.71,0.3799999999999996,0.03999999999999987,0.0
8294,small_world,inv_degree,8368688,100,300,0.03,3,0.45,0.1,50,0.03,0,0.8100000000000002,0.4400000000000004,0.16000000000000025,0.0
8295,small_world,inv_degree,8369697,100,300,0.03,3,0.45,0.1,50,0.03,0,0.8100000000000003,0.43500000000000033,0.18000000000000027,0.0
8296,small_world,inv_degree,8370706,100,300,0.03,3,0.45,0.1,50,0.03,0,0.7300000000000002,0.4250000000000004,0.12000000000000015,0.0
8297,small_world,inv_degree,8371715,100,300,0.03,3,0.45,0.1,50,0.05,1,0.795,0.35500000000000037,0.04000000000000008,0.0
8298,small_world,inv_degree,8372724,100,300,0.03,3,0.45,0.1,50,0.03,0,0.7599999999999996,0.4499999999999992,0.11499999999999985,0.0
8299,small_world,inv_degree,8373733,100,300,0.03,3,0.45,0.1,50,0.03,0,0.7399999999999999,0.44666666666666666,0.16,0.0
8300,small_world,inv_degree,8374742,100,300,0.03,3,0.45,0.1,50,0.03,0,0.7600000000000002,0.47000000000000036,0.17000000000000023,0.0
8301,small_world,inv_degree,8375751,100,300,0.03,3,0.45,0.1,50,0.06,3,0.7766666666666666,0.44333333333333336,0.010000000000000014,0.0
8302,small_world,inv_degree,8376760,100,300,0.03,3,0.45,0.1,50,0.03,0,0.7933333333333333,0.44666666666666643,0.14999999999999988,0.0
8303,small_world,inv_degree,8377769,100,300,0.03,3,0.45,0.1,50,0.04,1,0.8150000000000003,0.49000000000000027,0.14500000000000016,0.0
8304,small_world,inv_degree,8378778,100,300,0.03,3,0.45,0.1,50,0.03,0,0.765,0.4750000000000001,0.1650000000000002,0.0
8305,small_world,inv_degree,8379787,100,300,0.03,3,0.45,0.1,50,0.03,0,0.7700000000000001,0.3250000000000004,0.04000000000000008,0.0
8306,small_world,inv_degree,8380796,100,300,0.03,3,0.45,0.1,50,0.03,0,0.79,0.5050000000000001,0.15500000000000022,0.0
8307,small_world,inv_degree,8381805,100,300,0.03,3,0.45,0.1,50,0.03,0,0.7750000000000001,0.40500000000000025,0.03000000000000001,0.0
8308,small_world,inv_degree,8382814,100,300,0.03,3,0.45,0.1,50,0.03,0,0.8250000000000003,0.3850000000000004,0.020000000000000042,0.0
8309,small_world,inv_degree,8383823,100,300,0.03,3,0.45,0.1,50,0.03,0,0.775000000000001,0.29500000000000004,0.07500000000000002,0.0
8310,small_world,inv_degree,8384832,100,300,0.03,3,0.45,0.1,50,0.03,0,0.7650000000000001,0.3600000000000003,0.050000000000000044,0.0
8311,small_world,inv_degree,8385841,100,300,0.03,3,0.45,0.1,50,0.04,1,0.7600000000000003,0.31,0.03500000000000002,0.0
8312,small_world,inv_degree,8386850,100,300,0.03,3,0.45,0.1,50,0.03,0,0.78,0.39000000000000035,0.11500000000000013,0.0
8313,small_world,inv_degree,8387859,100,300,0.03,3,0.45,0.1,50,0.03,0,0.7566666666666665,0.3799999999999999,0.09666666666666669,0.0
8314,small_world,inv_degree,8388868,100,300,0.03,3,0.45,0.1,50,0.03,0,0.81,0.46500000000000014,0.12499999999999996,0.0
8315,small_world,inv_degree,8389877,100,300,0.03,3,0.45,0.1,50,0.03,0,0.7499999999999999,0.27999999999999986,0.07666666666666665,0.0
8316,small_world,inv_degree,8390886,100,300,0.03,3,0.45,0.1,50,0.11,7,0.7350000000000002,0.3700000000000004,0.02000000000000004,0.0
8317,small_world,inv_degree,8391895,100,300,0.03,3,0.45,0.1,50,0.03,0,0.7850000000000001,0.4800000000000003,0.13500000000000015,0.0
8318,small_world,inv_degree,8392904,100,300,0.03,3,0.45,0.1,50,0.03,0,0.8033333333333332,0.4299999999999998,0.1066666666666666,0.0
8319,small_world,inv_degree,8393913,100,300,0.03,3,0.45,0.1,50,0.03,0,0.7850000000000001,0.3450000000000004,0.040000000000000036,0.0
8320,small_world,inv_degree,8394922,100,300,0.03,3,0.45,0.1,50,0.03,0,0.8300000000000001,0.5450000000000003,0.1850000000000002,0.0
8321,small_world,inv_degree,8395931,100,300,0.03,3,0.45,0.1,50,0.03,0,0.7250000000000002,0.36500000000000027,0.04500000000000001,0.0
8322,small_world,inv_degree,8396940,100,300,0.03,3,0.45,0.1,50,0.03,0,0.7766666666666665,0.4533333333333332,0.10999999999999999,0.0
8323,small_world,inv_degree,8397949,100,300,0.03,3,0.45,0.1,50,0.03,0,0.7499999999999997,0.3599999999999996,0.04499999999999994,0.0
8324,small_world,inv_degree,8398958,100,300,0.03,3,0.45,0.1,50,0.03,0,0.805,0.44000000000000045,0.24000000000000044,0.0
8325,small_world,inv_degree,8399967,100,300,0.03,3,0.45,0.1,50,0.03,0,0.7533333333333332,0.3566666666666667,0.04333333333333334,0.0
8326,small_world,inv_degree,8400976,100,300,0.03,3,0.45,0.1,50,0.03,0,0.7950000000000003,0.37000000000000033,0.07500000000000008,0.0
8327,small_world,inv_degree,8401985,100,300,0.03,3,0.45,0.1,50,0.04,1,0.7400000000000002,0.28000000000000036,0.0,0.0
8328,small_world,inv_degree,8402994,100,300,0.03,3,0.45,0.1,50,0.03,0,0.7700000000000001,0.4150000000000004,0.12000000000000022,0.0
8329,small_world,inv_degree,8404003,100,300,0.03,3,0.45,0.1,50,0.1,5,0.8000000000000002,0.5,0.20000000000000018,0.0
8330,small_world,inv_degree,8405012,100,300,0.03,3,0.45,0.1,50,0.03,0,0.7766666666666665,0.4599999999999999,0.09333333333333334,0.0
8331,small_world,inv_degree,8406021,100,300,0.03,3,0.45,0.1,50,0.03,0,0.76,0.3750000000000004,0.12500000000000017,0.0
8332,small_world,inv_degree,8407030,100,300,0.03,3,0.45,0.1,50,0.03,0,0.7800000000000014,0.3800000000000001,0.1150000000000001,0.0
8333,small_world,inv_degree,8408039,100,300,0.03,3,0.45,0.1,50,0.03,0,0.7966666666666664,0.5299999999999996,0.14999999999999986,0.0
8334,small_world,inv_degree,8409048,100,300,0.03,3,0.45,0.1,50,0.03,0,0.7850000000000008,0.43000000000000005,0.12500000000000006,0.0
8335,small_world,inv_degree,8410057,100,300,0.03,3,0.45,0.1,50,0.03,0,0.8050000000000002,0.4000000000000003,0.0,0.0
8336,small_world,inv_degree,8411066,100,300,0.03,3,0.45,0.1,50,0.04,1,0.7866666666666665,0.4466666666666664,0.10999999999999989,0.0
8337,small_world,inv_degree,8412075,100,300,0.03,3,0.45,0.1,50,0.07,3,0.8,0.3550000000000003,0.0,0.0
8338,small_world,inv_degree,8413084,100,300,0.03,3,0.45,0.1,50,0.03,0,0.81,0.46000000000000035,0.11500000000000017,0.0
8339,small_world,inv_degree,8414093,100,300,0.03,3,0.45,0.1,50,0.03,0,0.7850000000000001,0.3450000000000004,0.015000000000000003,0.0
8340,small_world,inv_degree,8415102,100,300,0.03,3,0.45,0.1,50,0.03,0,0.7900000000000001,0.4050000000000002,0.10500000000000013,0.0
8341,small_world,inv_degree,8416111,100,300,0.03,3,0.45,0.1,50,0.03,0,0.7900000000000003,0.4700000000000003,0.07000000000000003,0.0
8342,small_world,inv_degree,8417120,100,300,0.03,3,0.45,0.1,50,0.04,1,0.7750000000000002,0.26000000000000034,0.0,0.0
8343,small_world,inv_degree,8418129,100,300,0.03,3,0.45,0.1,50,0.03,0,0.7666666666666669,0.47333333333333344,0.18333333333333338,0.0
8344,small_world,inv_degree,8419138,100,300,0.03,3,0.45,0.1,50,0.03,0,0.7750000000000004,0.5350000000000001,0.21500000000000025,0.0
8345,small_world,inv_degree,8420147,100,300,0.03,3,0.45,0.1,50,0.03,0,0.7800000000000001,0.32000000000000023,0.0,0.0
8346,small_world,inv_degree,8421156,100,300,0.03,3,0.45,0.1,50,0.03,0,0.8050000000000002,0.4600000000000003,0.15000000000000027,0.0
8347,small_world,inv_degree,8422165,100,300,0.03,3,0.45,0.1,50,0.08,4,0.7750000000000002,0.38000000000000045,0.15000000000000024,0.0
8348,small_world,inv_degree,8423174,100,300,0.03,3,0.45,0.1,50,0.03,0,0.815,0.45000000000000023,0.1500000000000002,0.0
8349,small_world,inv_degree,8424183,100,300,0.03,3,0.45,0.1,50,0.03,0,0.8300000000000001,0.4800000000000003,0.10500000000000013,0.0
8350,small_world,inv_degree,8425192,100,300,0.03,3,0.45,0.1,50,0.03,0,0.7699999999999997,0.4899999999999993,0.13499999999999976,0.0
8351,small_world,inv_degree,8426201,100,300,0.03,3,0.45,0.1,50,0.04,1,0.7800000000000008,0.46500000000000036,0.1300000000000001,0.0
8352,small_world,inv_degree,8427210,100,300,0.03,3,0.45,0.1,50,0.03,0,0.7649999999999999,0.3749999999999998,0.08000000000000002,0.0
8353,small_world,inv_degree,8428219,100,300,0.03,3,0.45,0.1,50,0.03,0,0.7299999999999996,0.3666666666666666,0.07333333333333336,0.0
8354,small_world,inv_degree,8429228,100,300,0.03,3,0.45,0.1,50,0.15,9,0.7100000000000007,0.3900000000000002,0.02999999999999997,0.0
8355,small_world,inv_degree,8430237,100,300,0.03,3,0.45,0.1,50,0.03,0,0.7724999999999997,0.34249999999999975,0.07749999999999993,0.0
8356,small_world,inv_degree,8431246,100,300,0.03,3,0.45,0.1,50,0.06,3,0.7500000000000001,0.3700000000000003,0.04500000000000001,0.0
8357,small_world,inv_degree,8432255,100,300,0.03,3,0.45,0.1,50,0.07,4,0.7000000000000002,0.4100000000000004,0.050000000000000044,0.0
8358,small_world,inv_degree,8433264,100,300,0.03,3,0.45,0.1,50,0.03,0,0.8,0.4150000000000002,0.07000000000000003,0.0
8359,small_world,inv_degree,8434273,100,300,0.03,3,0.45,0.1,50,0.03,0,0.8099999999999999,0.5999999999999999,0.31999999999999995,0.0
8360,small_world,inv_degree,8435282,100,300,0.03,3,0.45,0.1,50,0.03,0,0.77,0.3850000000000002,0.02500000000000002,0.0
8361,small_world,inv_degree,8436291,100,300,0.03,3,0.45,0.1,50,0.03,0,0.8000000000000002,0.45000000000000034,0.05500000000000008,0.0
8362,small_world,inv_degree,8437300,100,300,0.03,3,0.45,0.1,50,0.03,0,0.7500000000000002,0.4300000000000004,0.12000000000000023,0.0
8363,small_world,inv_degree,8438309,100,300,0.03,3,0.45,0.1,50,0.03,0,0.8199999999999997,0.46999999999999986,0.04999999999999998,0.0
8364,small_world,inv_degree,8439318,100,300,0.03,3,0.45,0.1,50,0.05,2,0.8200000000000012,0.49500000000000055,0.10000000000000006,0.0
8365,small_world,inv_degree,8440327,100,300,0.03,3,0.45,0.1,50,0.03,0,0.7750000000000006,0.3500000000000001,0.07500000000000001,0.0
8366,small_world,inv_degree,8441336,100,300,0.03,3,0.45,0.1,50,0.03,0,0.7950000000000003,0.2900000000000003,0.0,0.0
8367,small_world,inv_degree,8442345,100,300,0.03,3,0.45,0.1,50,0.04,1,0.7299999999999994,0.41499999999999954,0.08999999999999987,0.0
8368,small_world,inv_degree,8443354,100,300,0.03,3,0.45,0.1,50,0.03,0,0.8150000000000002,0.5650000000000003,0.26000000000000034,0.0
8369,small_world,inv_degree,8444363,100,300,0.03,3,0.45,0.1,50,0.03,0,0.7550000000000002,0.3250000000000005,0.11000000000000015,0.0
8370,small_world,inv_degree,8445372,100,300,0.03,3,0.45,0.1,50,0.03,0,0.765,0.3850000000000003,0.01999999999999999,0.0
8371,small_world,inv_degree,8446381,100,300,0.03,3,0.45,0.1,50,0.03,0,0.7733333333333333,0.4533333333333331,0.09999999999999996,0.0
8372,small_world,inv_degree,8447390,100,300,0.03,3,0.45,0.1,50,0.03,0,0.7666666666666667,0.4199999999999999,0.12333333333333334,0.0
8373,small_world,inv_degree,8448399,100,300,0.03,3,0.45,0.1,50,0.12,8,0.7000000000000002,0.33000000000000024,0.0,0.0
8374,small_world,inv_degree,8449408,100,300,0.03,3,0.45,0.1,50,0.03,0,0.7533333333333334,0.3966666666666669,0.060000000000000095,0.0
8375,small_world,inv_degree,8450417,100,300,0.03,3,0.45,0.1,50,0.03,0,0.7649999999999996,0.37499999999999944,0.13499999999999981,0.0
8376,small_world,inv_degree,8451426,100,300,0.03,3,0.45,0.1,50,0.03,0,0.7600000000000001,0.39000000000000024,0.015000000000000003,0.0
8377,small_world,inv_degree,8452435,100,300,0.03,3,0.45,0.1,50,0.03,0,0.7650000000000001,0.3550000000000003,0.12000000000000013,0.0
8378,small_world,inv_degree,8453444,100,300,0.03,3,0.45,0.1,50,0.03,0,0.81,0.6599999999999999,0.3500000000000002,0.0
8379,small_world,inv_degree,8454453,100,300,0.03,3,0.45,0.1,50,0.03,0,0.8200000000000002,0.5550000000000003,0.1900000000000002,0.0
8380,small_world,inv_degree,8455462,100,300,0.03,3,0.45,0.1,50,0.03,0,0.7650000000000003,0.4600000000000003,0.11500000000000005,0.0
8381,small_world,inv_degree,8456471,100,300,0.03,3,0.45,0.1,50,0.03,0,0.78,0.40000000000000024,0.055000000000000014,0.0
8382,small_world,inv_degree,8457480,100,300,0.03,3,0.45,0.1,50,0.03,0,0.7800000000000001,0.41500000000000037,0.15500000000000022,0.0
8383,small_world,inv_degree,8458489,100,300,0.03,3,0.45,0.1,50,0.04,1,0.8300000000000001,0.5150000000000005,0.18500000000000033,0.0
8384,small_world,inv_degree,8459498,100,300,0.03,3,0.45,0.1,50,0.04,1,0.7566666666666665,0.3333333333333334,0.05000000000000004,0.0
8385,small_world,inv_degree,8460507,100,300,0.03,3,0.45,0.1,50,0.03,0,0.7900000000000001,0.4350000000000004,0.05000000000000011,0.0
8386,small_world,inv_degree,8461516,100,300,0.03,3,0.45,0.1,50,0.05,2,0.7700000000000002,0.5200000000000002,0.15000000000000016,0.0
8387,small_world,inv_degree,8462525,100,300,0.03,3,0.45,0.1,50,0.03,0,0.7899999999999998,0.5066666666666666,0.12666666666666668,0.0
8388,small_world,inv_degree,8463534,100,300,0.03,3,0.45,0.1,50,0.04,1,0.7533333333333333,0.35999999999999993,0.09666666666666664,0.0
8389,small_world,inv_degree,8464543,100,300,0.03,3,0.45,0.1,50,0.09,4,0.6950000000000002,0.24000000000000035,0.03500000000000005,0.0
8390,small_world,inv_degree,8465552,100,300,0.03,3,0.45,0.1,50,0.03,0,0.8550000000000002,0.4150000000000003,0.05500000000000003,0.0
8391,small_world,inv_degree,8466561,100,300,0.03,3,0.45,0.1,50,0.03,0,0.7999999999999998,0.41000000000000014,0.07000000000000003,0.0
8392,small_world,inv_degree,8467570,100,300,0.03,3,0.45,0.1,50,0.03,0,0.7500000000000001,0.37500000000000033,0.12500000000000022,0.0
8393,small_world,inv_degree,8468579,100,300,0.03,3,0.45,0.1,50,0.04,1,0.7166666666666666,0.26666666666666655,0.02333333333333332,0.0
8394,small_world,inv_degree,8469588,100,300,0.03,3,0.45,0.1,50,0.03,0,0.81,0.4950000000000003,0.1800000000000003,0.0
8395,small_world,inv_degree,8470597,100,300,0.03,3,0.45,0.1,50,0.03,0,0.7433333333333331,0.3466666666666666,0.11333333333333334,0.0
8396,small_world,inv_degree,8471606,100,300,0.03,3,0.45,0.1,50,0.03,0,0.7499999999999999,0.43666666666666637,0.10666666666666658,0.0
8397,small_world,inv_degree,8472615,100,300,0.03,3,0.45,0.1,50,0.04,1,0.7449999999999994,0.45499999999999907,0.1899999999999997,0.0
8398,small_world,inv_degree,8473624,100,300,0.03,3,0.45,0.1,50,0.03,0,0.7649999999999998,0.4049999999999996,0.039999999999999994,0.0
8399,small_world,inv_degree,8474633,100,300,0.03,3,0.45,0.1,50,0.03,0,0.7749999999999997,0.4649999999999994,0.1199999999999999,0.0
8400,small_world,inv_degree,8475642,100,300,0.03,3,0.45,0.1,50,0.11,6,0.7200000000000002,0.3400000000000005,0.08000000000000015,0.0
8401,small_world,inv_degree,8476651,100,300,0.03,3,0.45,0.1,50,0.03,0,0.8499999999999998,0.6499999999999998,0.3199999999999998,0.0
8402,small_world,inv_degree,8477660,100,300,0.03,3,0.45,0.1,50,0.03,0,0.7800000000000006,0.5700000000000005,0.3300000000000003,0.0
8403,small_world,inv_degree,8478669,100,300,0.03,3,0.45,0.1,50,0.15,11,0.6833333333333331,0.32666666666666666,0.07333333333333338,0.0
8404,small_world,inv_degree,8479678,100,300,0.03,3,0.45,0.1,50,0.06,2,0.8500000000000002,0.4550000000000003,0.020000000000000042,0.0
8405,small_world,inv_degree,8480687,100,300,0.03,3,0.45,0.1,50,0.03,0,0.7600000000000001,0.3300000000000003,0.08000000000000006,0.0
8406,small_world,inv_degree,8481696,100,300,0.03,3,0.45,0.1,50,0.03,0,0.7900000000000001,0.42500000000000043,0.13500000000000023,0.0
8407,small_world,inv_degree,8482705,100,300,0.03,3,0.45,0.1,50,0.03,0,0.8050000000000002,0.4550000000000004,0.20500000000000035,0.0
8408,small_world,inv_degree,8483714,100,300,0.03,3,0.45,0.1,50,0.03,0,0.803333333333333,0.5433333333333331,0.1799999999999999,0.0
8409,small_world,inv_degree,8484723,100,300,0.03,3,0.45,0.1,50,0.03,0,0.8150000000000002,0.5600000000000003,0.18500000000000014,0.0
8410,small_world,inv_degree,8485732,100,300,0.03,3,0.45,0.1,50,0.03,0,0.7950000000000002,0.6050000000000002,0.3650000000000004,0.0
8411,small_world,inv_degree,8486741,100,300,0.03,3,0.45,0.1,50,0.03,0,0.8150000000000002,0.45000000000000034,0.09000000000000011,0.0
8412,small_world,inv_degree,8487750,100,300,0.03,3,0.45,0.1,50,0.03,0,0.7600000000000002,0.4800000000000004,0.15500000000000028,0.0
8413,small_world,inv_degree,8488759,100,300,0.03,3,0.45,0.1,50,0.03,0,0.7850000000000001,0.4900000000000004,0.16500000000000023,0.0
8414,small_world,inv_degree,8489768,100,300,0.03,3,0.45,0.1,50,0.05,2,0.7599999999999999,0.39500000000000024,0.050000000000000044,0.0
8415,small_world,inv_degree,8490777,100,300,0.03,3,0.45,0.1,50,0.03,0,0.76,0.40500000000000036,0.07000000000000009,0.0
8416,small_world,inv_degree,8491786,100,300,0.03,3,0.45,0.1,50,0.05,2,0.7266666666666666,0.37333333333333324,0.09333333333333334,0.0
8417,small_world,inv_degree,8492795,100,300,0.03,3,0.45,0.1,50,0.03,0,0.7666666666666665,0.3433333333333334,0.023333333333333338,0.0
8418,small_world,inv_degree,8493804,100,300,0.03,3,0.45,0.1,50,0.03,0,0.7174999999999999,0.34249999999999964,0.024999999999999956,0.0
8419,small_world,inv_degree,8494813,100,300,0.03,3,0.45,0.1,50,0.1,5,0.7850000000000001,0.43500000000000033,0.13500000000000015,0.0
8420,small_world,inv_degree,8495822,100,300,0.03,3,0.45,0.1,50,0.04,1,0.7450000000000002,0.34000000000000036,0.15500000000000022,0.0
8421,small_world,inv_degree,8496831,100,300,0.03,3,0.45,0.1,50,0.04,1,0.7500000000000001,0.3900000000000002,0.049999999999999996,0.0
8422,small_world,inv_degree,8497840,100,300,0.03,3,0.45,0.1,50,0.03,0,0.775,0.5300000000000001,0.15000000000000013,0.0
8423,small_world,inv_degree,8498849,100,300,0.03,3,0.45,0.1,50,0.03,0,0.7749999999999997,0.5399999999999994,0.18999999999999984,0.0
8424,small_world,inv_degree,8499858,100,300,0.03,3,0.45,0.1,50,0.03,0,0.765,0.46000000000000024,0.08499999999999998,0.0
8425,small_world,inv_degree,8500867,100,300,0.03,3,0.45,0.1,50,0.03,0,0.7466666666666667,0.3766666666666668,0.06333333333333335,0.0
8426,small_world,inv_degree,8501876,100,300,0.03,3,0.45,0.1,50,0.14,8,0.6700000000000005,0.33000000000000007,0.09000000000000007,0.0
8427,small_world,inv_degree,8502885,100,300,0.03,3,0.45,0.1,50,0.1,4,0.8499999999999998,0.5999999999999999,0.22999999999999984,0.0
8428,small_world,inv_degree,8503894,100,300,0.03,3,0.45,0.1,50,0.03,0,0.755,0.3900000000000003,0.07000000000000008,0.0
8429,small_world,inv_degree,8504903,100,300,0.03,3,0.45,0.1,50,0.03,0,0.765,0.4050000000000004,0.0650000000000001,0.0
8430,small_world,inv_degree,8505912,100,300,0.03,3,0.45,0.1,50,0.12,7,0.7650000000000001,0.3050000000000003,0.07500000000000008,0.0
8431,small_world,inv_degree,8506921,100,300,0.03,3,0.45,0.1,50,0.09,5,0.7450000000000002,0.4850000000000003,0.12000000000000009,0.0
8432,small_world,inv_degree,8507930,100,300,0.03,3,0.45,0.1,50,0.03,0,0.7850000000000001,0.3700000000000003,0.13000000000000025,0.0
8433,small_world,inv_degree,8508939,100,300,0.03,3,0.45,0.1,50,0.04,1,0.7499999999999997,0.44999999999999973,0.15666666666666657,0.0
8434,small_world,inv_degree,8509948,100,300,0.03,3,0.45,0.1,50,0.03,0,0.7500000000000001,0.4200000000000004,0.08000000000000007,0.0
8435,small_world,inv_degree,8510957,100,300,0.03,3,0.45,0.1,50,0.03,0,0.7400000000000001,0.3350000000000005,0.020000000000000042,0.0
8436,small_world,inv_degree,8511966,100,300,0.03,3,0.45,0.1,50,0.03,0,0.7966666666666666,0.5166666666666665,0.23333333333333314,0.0
8437,small_world,inv_degree,8512975,100,300,0.03,3,0.45,0.1,50,0.03,0,0.76,0.39000000000000035,0.015000000000000003,0.0
8438,small_world,inv_degree,8513984,100,300,0.03,3,0.45,0.1,50,0.03,0,0.8200000000000003,0.45000000000000046,0.07500000000000008,0.0
8439,small_world,inv_degree,8514993,100,300,0.03,3,0.45,0.1,50,0.03,0,0.7733333333333332,0.35666666666666647,0.020000000000000014,0.0
8440,small_world,inv_degree,8516002,100,300,0.03,3,0.45,0.1,50,0.03,0,0.8200000000000002,0.46000000000000046,0.09500000000000014,0.0
8441,small_world,inv_degree,8517011,100,300,0.03,3,0.45,0.1,50,0.03,0,0.7550000000000002,0.33500000000000035,0.03000000000000006,0.0
8442,small_world,inv_degree,8518020,100,300,0.03,3,0.45,0.1,50,0.04,1,0.7966666666666666,0.4166666666666668,0.10333333333333343,0.0
8443,small_world,inv_degree,8519029,100,300,0.03,3,0.45,0.1,50,0.03,0,0.7850000000000005,0.4800000000000001,0.11500000000000003,0.0
8444,small_world,inv_degree,8520038,100,300,0.03,3,0.45,0.1,50,0.03,0,0.7433333333333333,0.4966666666666666,0.19333333333333327,0.0
8445,small_world,inv_degree,8521047,100,300,0.03,3,0.45,0.1,50,0.03,0,0.77,0.3900000000000004,0.0650000000000001,0.0
8446,small_world,inv_degree,8522056,100,300,0.03,3,0.45,0.1,50,0.1,6,0.7466666666666666,0.38,0.16000000000000011,0.0
8447,small_world,inv_degree,8523065,100,300,0.03,3,0.45,0.1,50,0.03,0,0.7799999999999997,0.3533333333333332,0.05999999999999997,0.0
8448,small_world,inv_degree,8524074,100,300,0.03,3,0.45,0.1,50,0.03,0,0.77,0.4200000000000002,0.07500000000000001,0.0
8449,small_world,inv_degree,8525083,100,300,0.03,3,0.45,0.1,50,0.03,0,0.8250000000000001,0.4850000000000004,0.15000000000000024,0.0
8450,small_world,inv_degree,8526092,100,300,0.03,3,0.45,0.1,50,0.03,0,0.7650000000000001,0.5250000000000001,0.19500000000000028,0.0
8451,small_world,inv_degree,8527101,100,300,0.03,3,0.45,0.1,50,0.03,0,0.7800000000000001,0.22000000000000036,0.025000000000000026,0.0
8452,small_world,inv_degree,8528110,100,300,0.03,3,0.45,0.1,50,0.03,0,0.7399999999999992,0.29399999999999954,0.021999999999999974,0.0
8453,small_world,inv_degree,8529119,100,300,0.03,3,0.45,0.1,50,0.04,1,0.7799999999999998,0.37333333333333313,0.06999999999999997,0.0
8454,small_world,inv_degree,8530128,100,300,0.03,3,0.45,0.1,50,0.03,0,0.7899999999999999,0.43333333333333346,0.10333333333333336,0.0
8455,small_world,inv_degree,8531137,100,300,0.03,3,0.45,0.1,50,0.14,7,0.7549999999999992,0.40499999999999914,0.09999999999999984,0.0
8456,small_world,inv_degree,8532146,100,300,0.03,3,0.45,0.1,50,0.03,0,0.7949999999999999,0.36000000000000043,0.07000000000000009,0.0
8457,small_world,inv_degree,8533155,100,300,0.03,3,0.45,0.1,50,0.04,1,0.7166666666666666,0.3599999999999999,0.04000000000000003,0.0
8458,small_world,inv_degree,8534164,100,300,0.03,3,0.45,0.1,50,0.03,0,0.8,0.3599999999999998,0.07666666666666666,0.0
8459,small_world,inv_degree,8535173,100,300,0.03,3,0.45,0.1,50,0.03,0,0.7749999999999995,0.28999999999999954,0.0,0.0
8460,small_world,inv_degree,8536182,100,300,0.03,3,0.45,0.1,50,0.03,0,0.8050000000000002,0.4000000000000004,0.08500000000000014,0.0
8461,small_world,inv_degree,8537191,100,300,0.03,3,0.45,0.1,50,0.05,2,0.7900000000000004,0.3849999999999999,0.02499999999999999,0.0
8462,small_world,inv_degree,8538200,100,300,0.03,3,0.45,0.1,50,0.03,0,0.7600000000000002,0.47666666666666685,0.1166666666666667,0.0
8463,small_world,inv_degree,8539209,100,300,0.03,3,0.45,0.1,50,0.03,0,0.7800000000000002,0.48500000000000043,0.15500000000000028,0.0
8464,small_world,inv_degree,8540218,100,300,0.03,3,0.45,0.1,50,0.03,0,0.7499999999999997,0.4399999999999994,0.09499999999999993,0.0
8465,small_world,inv_degree,8541227,100,300,0.03,3,0.45,0.1,50,0.03,0,0.7999999999999999,0.5033333333333332,0.1466666666666666,0.0
8466,small_world,inv_degree,8542236,100,300,0.03,3,0.45,0.1,50,0.03,0,0.795,0.4500000000000004,0.10000000000000014,0.0
8467,small_world,inv_degree,8543245,100,300,0.03,3,0.45,0.1,50,0.03,0,0.7799999999999997,0.39999999999999963,0.07499999999999997,0.0
8468,small_world,inv_degree,8544254,100,300,0.03,3,0.45,0.1,50,0.04,1,0.825,0.5700000000000002,0.2950000000000005,0.0
8469,small_world,inv_degree,8545263,100,300,0.03,3,0.45,0.1,50,0.04,1,0.7350000000000001,0.33500000000000035,0.03000000000000001,0.0
8470,small_world,inv_degree,8546272,100,300,0.03,3,0.45,0.1,50,0.04,1,0.73,0.3600000000000004,0.040000000000000084,0.0
8471,small_world,inv_degree,8547281,100,300,0.03,3,0.45,0.1,50,0.03,0,0.7450000000000002,0.3250000000000004,0.030000000000000006,0.0
8472,small_world,inv_degree,8548290,100,300,0.03,3,0.45,0.1,50,0.03,0,0.7800000000000002,0.47000000000000025,0.1200000000000002,0.0
8473,small_world,inv_degree,8549299,100,300,0.03,3,0.45,0.1,50,0.03,0,0.8150000000000011,0.5350000000000003,0.13499999999999995,0.0
8474,small_world,inv_degree,8550308,100,300,0.03,3,0.45,0.1,50,0.03,0,0.7650000000000001,0.41500000000000037,0.08500000000000008,0.0
8475,small_world,inv_degree,8551317,100,300,0.03,3,0.45,0.1,50,0.03,0,0.7650000000000001,0.3850000000000004,0.04500000000000006,0.0
8476,small_world,inv_degree,8552326,100,300,0.03,3,0.45,0.1,50,0.03,0,0.7650000000000001,0.3450000000000005,0.09500000000000017,0.0
8477,small_world,inv_degree,8553335,100,300,0.03,3,0.45,0.1,50,0.03,0,0.7900000000000001,0.42500000000000027,0.07500000000000007,0.0
8478,small_world,inv_degree,8554344,100,300,0.03,3,0.45,0.1,50,0.04,1,0.7650000000000002,0.45000000000000034,0.04000000000000002,0.0
8479,small_world,inv_degree,8555353,100,300,0.03,3,0.45,0.1,50,0.03,0,0.8050000000000002,0.4600000000000004,0.14500000000000024,0.0
8480,small_world,inv_degree,8556362,100,300,0.03,3,0.45,0.1,50,0.03,0,0.78,0.4300000000000003,0.10500000000000008,0.0
8481,small_world,inv_degree,8557371,100,300,0.03,3,0.45,0.1,50,0.03,0,0.7399999999999999,0.37666666666666665,0.08666666666666666,0.0
8482,small_world,inv_degree,8558380,100,300,0.03,3,0.45,0.1,50,0.04,1,0.7550000000000002,0.42000000000000054,0.10500000000000018,0.0
8483,small_world,inv_degree,8559389,100,300,0.03,3,0.45,0.1,50,0.04,1,0.7800000000000001,0.4800000000000003,0.2200000000000004,0.0
8484,small_world,inv_degree,8560398,100,300,0.03,3,0.45,0.1,50,0.03,0,0.8150000000000001,0.49500000000000044,0.12000000000000022,0.0
8485,small_world,inv_degree,8561407,100,300,0.03,3,0.45,0.1,50,0.04,1,0.7866666666666667,0.3466666666666668,0.08000000000000008,0.0
8486,small_world,inv_degree,8562416,100,300,0.03,3,0.45,0.1,50,0.04,1,0.745,0.4550000000000003,0.11000000000000011,0.0
8487,small_world,inv_degree,8563425,100,300,0.03,3,0.45,0.1,50,0.03,0,0.765,0.4600000000000002,0.05000000000000006,0.0
8488,small_world,inv_degree,8564434,100,300,0.03,3,0.45,0.1,50,0.04,1,0.8150000000000002,0.44500000000000023,0.13000000000000012,0.0
8489,small_world,inv_degree,8565443,100,300,0.03,3,0.45,0.1,50,0.12,6,0.7166666666666665,0.2233333333333333,0.0,0.0
8490,small_world,inv_degree,8566452,100,300,0.03,3,0.45,0.1,50,0.03,0,0.7950000000000002,0.4350000000000003,0.10000000000000016,0.0
8491,small_world,inv_degree,8567461,100,300,0.03,3,0.45,0.1,50,0.04,1,0.7900000000000005,0.4500000000000002,0.12500000000000006,0.0
8492,small_world,inv_degree,8568470,100,300,0.03,3,0.45,0.1,50,0.03,0,0.7333333333333332,0.4433333333333333,0.036666666666666695,0.0
8493,small_world,inv_degree,8569479,100,300,0.03,3,0.45,0.1,50,0.05,2,0.7999999999999999,0.4850000000000002,0.14000000000000026,0.0
8494,small_world,inv_degree,8570488,100,300,0.03,3,0.45,0.1,50,0.03,0,0.8250000000000001,0.5600000000000003,0.32000000000000045,0.0
8495,small_world,inv_degree,8571497,100,300,0.03,3,0.45,0.1,50,0.03,0,0.7600000000000001,0.40000000000000047,0.025000000000000026,0.0
8496,small_world,inv_degree,8572506,100,300,0.03,3,0.45,0.1,50,0.04,1,0.7700000000000001,0.4550000000000004,0.13500000000000018,0.0
8497,small_world,inv_degree,8573515,100,300,0.03,3,0.45,0.1,50,0.04,1,0.785,0.4750000000000002,0.14000000000000012,0.0
8498,small_world,inv_degree,8574524,100,300,0.03,3,0.45,0.1,50,0.03,0,0.7850000000000001,0.41000000000000025,0.07000000000000003,0.0
8499,small_world,inv_degree,8575533,100,300,0.03,3,0.45,0.1,50,0.03,0,0.7800000000000001,0.4350000000000001,0.04000000000000003,0.0
8500,small_world,inv_degree,8576542,100,300,0.03,3,0.45,0.1,50,0.11,6,0.6600000000000003,0.3200000000000004,0.07000000000000009,0.0
8501,small_world,inv_degree,8577551,100,300,0.03,3,0.45,0.1,50,0.03,0,0.8250000000000002,0.47500000000000014,0.12000000000000013,0.0
8502,small_world,inv_degree,8578560,100,300,0.03,3,0.45,0.1,50,0.03,0,0.7649999999999998,0.3999999999999995,0.07999999999999988,0.0
8503,small_world,inv_degree,8579569,100,300,0.03,3,0.45,0.1,50,0.03,0,0.7700000000000001,0.4000000000000004,0.07500000000000001,0.0
8504,small_world,inv_degree,8580578,100,300,0.03,3,0.45,0.1,50,0.03,0,0.7566666666666667,0.3700000000000002,0.09333333333333343,0.0
8505,small_world,inv_degree,8581587,100,300,0.03,3,0.45,0.1,50,0.03,0,0.8050000000000008,0.4050000000000001,0.06499999999999999,0.0
8506,small_world,inv_degree,8582596,100,300,0.03,3,0.45,0.1,50,0.03,0,0.7733333333333332,0.30666666666666653,0.050000000000000024,0.0
8507,small_world,inv_degree,8583605,100,300,0.03,3,0.45,0.1,50,0.12,7,0.79,0.44500000000000034,0.1300000000000002,0.0
8508,small_world,inv_degree,8584614,100,300,0.03,3,0.45,0.1,50,0.03,0,0.7733333333333332,0.47999999999999987,0.20666666666666655,0.0
8509,small_world,inv_degree,8585623,100,300,0.03,3,0.45,0.1,50,0.03,0,0.78,0.36666666666666653,0.03333333333333333,0.0
8510,small_world,inv_degree,8586632,100,300,0.03,3,0.45,0.1,50,0.03,0,0.7433333333333332,0.18333333333333324,0.0,0.0
8511,small_world,inv_degree,8587641,100,300,0.03,3,0.45,0.1,50,0.03,0,0.8250000000000001,0.5300000000000002,0.1550000000000002,0.0
8512,small_world,inv_degree,8588650,100,300,0.03,3,0.45,0.1,50,0.09,5,0.8000000000000004,0.4800000000000005,0.2700000000000003,0.0
8513,small_world,inv_degree,8589659,100,300,0.03,3,0.45,0.1,50,0.03,0,0.7449999999999998,0.4199999999999997,0.07499999999999994,0.0
8514,small_world,inv_degree,8590668,100,300,0.03,3,0.45,0.1,50,0.03,0,0.8350000000000002,0.5200000000000002,0.07500000000000007,0.0
8515,small_world,inv_degree,8591677,100,300,0.03,3,0.45,0.1,50,0.03,0,0.7699999999999999,0.2999999999999999,0.04666666666666664,0.0
8516,small_world,inv_degree,8592686,100,300,0.03,3,0.45,0.1,50,0.19,7,0.7100000000000002,0.35000000000000014,0.05000000000000015,0.0
8517,small_world,inv_degree,8593695,100,300,0.03,3,0.45,0.1,50,0.05,2,0.7499999999999998,0.36333333333333334,0.04333333333333334,0.0
8518,small_world,inv_degree,8594704,100,300,0.03,3,0.45,0.1,50,0.03,0,0.7550000000000001,0.4600000000000003,0.08500000000000009,0.0
8519,small_world,inv_degree,8595713,100,300,0.03,3,0.45,0.1,50,0.03,0,0.7799999999999999,0.3250000000000003,0.055000000000000084,0.0
8520,small_world,inv_degree,8596722,100,300,0.03,3,0.45,0.1,50,0.03,0,0.7800000000000005,0.4600000000000001,0.155,0.0
8521,small_world,inv_degree,8597731,100,300,0.03,3,0.45,0.1,50,0.03,0,0.7850000000000004,0.41,0.034999999999999955,0.0
8522,small_world,inv_degree,8598740,100,300,0.03,3,0.45,0.1,50,0.03,0,0.7550000000000001,0.43,0.06500000000000003,0.0
8523,small_world,inv_degree,8599749,100,300,0.03,3,0.45,0.1,50,0.03,0,0.7849999999999998,0.4299999999999996,0.23499999999999993,0.0
8524,small_world,inv_degree,8600758,100,300,0.03,3,0.45,0.1,50,0.06,3,0.7650000000000002,0.4450000000000003,0.05500000000000005,0.0
8525,small_world,inv_degree,8601767,100,300,0.03,3,0.45,0.1,50,0.04,1,0.7650000000000001,0.3550000000000004,0.02500000000000003,0.0
8526,small_world,inv_degree,8602776,100,300,0.03,3,0.45,0.1,50,0.08,5,0.7550000000000002,0.3849999999999998,0.024999999999999984,0.0
8527,small_world,inv_degree,8603785,100,300,0.03,3,0.45,0.1,50,0.03,0,0.8099999999999999,0.4650000000000003,0.09500000000000014,0.0
8528,small_world,inv_degree,8604794,100,300,0.03,3,0.45,0.1,50,0.03,0,0.8200000000000001,0.46000000000000046,0.13000000000000017,0.0
8529,small_world,inv_degree,8605803,100,300,0.03,3,0.45,0.1,50,0.03,0,0.7700000000000001,0.4300000000000003,0.15000000000000024,0.0
8530,small_world,inv_degree,8606812,100,300,0.03,3,0.45,0.1,50,0.07,3,0.7733333333333334,0.5433333333333331,0.09999999999999991,0.0
8531,small_world,inv_degree,8607821,100,300,0.03,3,0.45,0.1,50,0.03,0,0.7650000000000001,0.5200000000000005,0.20500000000000035,0.0
8532,small_world,inv_degree,8608830,100,300,0.03,3,0.45,0.1,50,0.03,0,0.7450000000000001,0.38000000000000034,0.025000000000000026,0.0
8533,small_world,inv_degree,8609839,100,300,0.03,3,0.45,0.1,50,0.04,1,0.7900000000000008,0.4199999999999999,0.13000000000000006,0.0
8534,small_world,inv_degree,8610848,100,300,0.03,3,0.45,0.1,50,0.03,0,0.7650000000000002,0.34500000000000036,0.015000000000000005,0.0
8535,small_world,inv_degree,8611857,100,300,0.03,3,0.45,0.1,50,0.03,0,0.8400000000000002,0.5300000000000002,0.21500000000000027,0.0
8536,small_world,inv_degree,8612866,100,300,0.03,3,0.45,0.1,50,0.03,0,0.7750000000000004,0.34000000000000047,0.09500000000000017,0.0
8537,small_world,inv_degree,8613875,100,300,0.03,3,0.45,0.1,50,0.03,0,0.7950000000000003,0.46500000000000036,0.025000000000000026,0.0
8538,small_world,inv_degree,8614884,100,300,0.03,3,0.45,0.1,50,0.03,0,0.7733333333333334,0.5199999999999999,0.14999999999999994,0.0
8539,small_world,inv_degree,8615893,100,300,0.03,3,0.45,0.1,50,0.05,2,0.7950000000000002,0.4600000000000003,0.09500000000000013,0.0
8540,small_world,inv_degree,8616902,100,300,0.03,3,0.45,0.1,50,0.03,0,0.7849999999999998,0.3499999999999996,0.039999999999999945,0.0
8541,small_world,inv_degree,8617911,100,300,0.03,3,0.45,0.1,50,0.05,1,0.7399999999999999,0.3074999999999996,0.02249999999999997,0.0
8542,small_world,inv_degree,8618920,100,300,0.03,3,0.45,0.1,50,0.03,0,0.7600000000000008,0.6000000000000012,0.3700000000000006,0.0
8543,small_world,inv_degree,8619929,100,300,0.03,3,0.45,0.1,50,0.03,0,0.7650000000000003,0.4050000000000002,0.0800000000000001,0.0
8544,small_world,inv_degree,8620938,100,300,0.03,3,0.45,0.1,50,0.03,0,0.8200000000000001,0.66,0.23000000000000007,0.0
8545,small_world,inv_degree,8621947,100,300,0.03,3,0.45,0.1,50,0.03,0,0.8100000000000003,0.48500000000000015,0.11500000000000019,0.0
8546,small_world,inv_degree,8622956,100,300,0.03,3,0.45,0.1,50,0.03,0,0.7466666666666666,0.37333333333333335,0.1066666666666667,0.0
8547,small_world,inv_degree,8623965,100,300,0.03,3,0.45,0.1,50,0.03,0,0.7433333333333334,0.27666666666666656,0.0,0.0
8548,small_world,inv_degree,8624974,100,300,0.03,3,0.45,0.1,50,0.03,0,0.785,0.47500000000000014,0.1300000000000001,0.0
8549,small_world,inv_degree,8625983,100,300,0.03,3,0.45,0.1,50,0.03,0,0.8250000000000002,0.44000000000000034,0.1650000000000002,0.0
8550,small_world,inv_degree,8626992,100,300,0.03,3,0.45,0.1,50,0.03,0,0.7950000000000003,0.4000000000000006,0.14000000000000024,0.0
8551,small_world,inv_degree,8628001,100,300,0.03,3,0.45,0.1,50,0.03,0,0.770000000000001,0.4800000000000009,0.2300000000000004,0.0
8552,small_world,inv_degree,8629010,100,300,0.03,3,0.45,0.1,50,0.03,0,0.7799999999999999,0.4499999999999997,0.10999999999999995,0.0
8553,small_world,inv_degree,8630019,100,300,0.03,3,0.45,0.1,50,0.03,0,0.7466666666666665,0.25666666666666643,0.010000000000000002,0.0
8554,small_world,inv_degree,8631028,100,300,0.03,3,0.45,0.1,50,0.03,0,0.8300000000000001,0.40500000000000047,0.10000000000000014,0.0
8555,small_world,inv_degree,8632037,100,300,0.03,3,0.45,0.1,50,0.07,3,0.7200000000000003,0.3550000000000005,0.11000000000000018,0.0
8556,small_world,inv_degree,8633046,100,300,0.03,3,0.45,0.1,50,0.03,0,0.7750000000000001,0.5250000000000002,0.10000000000000009,0.0
8557,small_world,inv_degree,8634055,100,300,0.03,3,0.45,0.1,50,0.03,0,0.8250000000000003,0.5500000000000005,0.21000000000000027,0.0
8558,small_world,inv_degree,8635064,100,300,0.03,3,0.45,0.1,50,0.03,0,0.8600000000000001,0.6299999999999998,0.2999999999999999,0.0
8559,small_world,inv_degree,8636073,100,300,0.03,3,0.45,0.1,50,0.04,1,0.7700000000000001,0.4600000000000003,0.13000000000000012,0.0
8560,small_world,inv_degree,8637082,100,300,0.03,3,0.45,0.1,50,0.03,0,0.8300000000000002,0.4549999999999996,0.08499999999999998,0.0
8561,small_world,inv_degree,8638091,100,300,0.03,3,0.45,0.1,50,0.05,1,0.7450000000000002,0.49500000000000044,0.22000000000000042,0.0
8562,small_world,inv_degree,8639100,100,300,0.03,3,0.45,0.1,50,0.03,0,0.82,0.54,0.2800000000000002,0.0
8563,small_world,inv_degree,8640109,100,300,0.03,3,0.45,0.1,50,0.03,0,0.7700000000000001,0.32999999999999985,0.04333333333333333,0.0
8564,small_world,inv_degree,8641118,100,300,0.03,3,0.45,0.1,50,0.03,0,0.7700000000000001,0.44000000000000017,0.09500000000000007,0.0
8565,small_world,inv_degree,8642127,100,300,0.03,3,0.45,0.1,50,0.03,0,0.7666666666666665,0.32999999999999985,0.07666666666666666,0.0
8566,small_world,inv_degree,8643136,100,300,0.03,3,0.45,0.1,50,0.1,6,0.7500000000000001,0.5400000000000004,0.24000000000000044,0.0
8567,small_world,inv_degree,8644145,100,300,0.03,3,0.45,0.1,50,0.03,0,0.7899999999999999,0.44,0.07333333333333335,0.0
8568,small_world,inv_degree,8645154,100,300,0.03,3,0.45,0.1,50,0.03,0,0.7833333333333332,0.29999999999999993,0.04666666666666666,0.0
8569,small_world,inv_degree,8646163,100,300,0.03,3,0.45,0.1,50,0.03,0,0.7566666666666667,0.3566666666666667,0.1466666666666667,0.0
8570,small_world,inv_degree,8647172,100,300,0.03,3,0.45,0.1,50,0.12,7,0.7124999999999997,0.31249999999999967,0.03999999999999997,0.0
8571,small_world,inv_degree,8648181,100,300,0.03,3,0.45,0.1,50,0.03,0,0.8700000000000007,0.5400000000000003,0.18000000000000005,0.0
8572,small_world,inv_degree,8649190,100,300,0.03,3,0.45,0.1,50,0.08,4,0.7400000000000004,0.36499999999999994,0.025,0.0
8573,small_world,inv_degree,8650199,100,300,0.03,3,0.45,0.1,50,0.03,0,0.8350000000000001,0.5100000000000002,0.2400000000000003,0.0
8574,small_world,inv_degree,8651208,100,300,0.03,3,0.45,0.1,50,0.04,1,0.7650000000000001,0.3350000000000002,0.05500000000000008,0.0
8575,small_world,inv_degree,8652217,100,300,0.03,3,0.45,0.1,50,0.03,0,0.7800000000000002,0.3650000000000004,0.11000000000000011,0.0
8576,small_world,inv_degree,8653226,100,300,0.03,3,0.45,0.1,50,0.03,0,0.8299999999999998,0.38999999999999974,0.06666666666666665,0.0
8577,small_world,inv_degree,8654235,100,300,0.03,3,0.45,0.1,50,0.04,1,0.7799999999999996,0.3099999999999997,0.05000000000000001,0.0
8578,small_world,inv_degree,8655244,100,300,0.03,3,0.45,0.1,50,0.03,0,0.8000000000000002,0.5700000000000003,0.2500000000000003,0.0
8579,small_world,inv_degree,8656253,100,300,0.03,3,0.45,0.1,50,0.03,0,0.7750000000000001,0.3650000000000002,0.04000000000000008,0.0
8580,small_world,inv_degree,8657262,100,300,0.03,3,0.45,0.1,50,0.03,0,0.7600000000000001,0.3800000000000004,0.0650000000000001,0.0
8581,small_world,inv_degree,8658271,100,300,0.03,3,0.45,0.1,50,0.03,0,0.7950000000000002,0.43500000000000033,0.09500000000000011,0.0
8582,small_world,inv_degree,8659280,100,300,0.03,3,0.45,0.1,50,0.03,0,0.7599999999999997,0.35333333333333317,0.0833333333333333,0.0
8583,small_world,inv_degree,8660289,100,300,0.03,3,0.45,0.1,50,0.03,0,0.7500000000000004,0.29666666666666697,0.06333333333333342,0.0
8584,small_world,inv_degree,8661298,100,300,0.03,3,0.45,0.1,50,0.03,0,0.7300000000000002,0.3300000000000004,0.010000000000000021,0.0
8585,small_world,inv_degree,8662307,100,300,0.03,3,0.45,0.1,50,0.03,0,0.8349999999999997,0.49999999999999933,0.1999999999999998,0.0
8586,small_world,inv_degree,8663316,100,300,0.03,3,0.45,0.1,50,0.03,0,0.7950000000000002,0.37000000000000016,0.01999999999999999,0.0
8587,small_world,inv_degree,8664325,100,300,0.03,3,0.45,0.1,50,0.03,0,0.7799999999999998,0.34499999999999953,0.014999999999999963,0.0
8588,small_world,inv_degree,8665334,100,300,0.03,3,0.45,0.1,50,0.09,5,0.7750000000000002,0.4950000000000003,0.20500000000000027,0.0
8589,small_world,inv_degree,8666343,100,300,0.03,3,0.45,0.1,50,0.03,0,0.8300000000000001,0.4150000000000003,0.10500000000000012,0.0
8590,small_world,inv_degree,8667352,100,300,0.03,3,0.45,0.1,50,0.03,0,0.7600000000000002,0.43999999999999945,0.10999999999999989,0.0
8591,small_world,inv_degree,8668361,100,300,0.03,3,0.45,0.1,50,0.03,0,0.8,0.4700000000000003,0.19500000000000028,0.0
8592,small_world,inv_degree,8669370,100,300,0.03,3,0.45,0.1,50,0.03,0,0.7800000000000002,0.28500000000000053,0.05000000000000011,0.0
8593,small_world,inv_degree,8670379,100,300,0.03,3,0.45,0.1,50,0.03,0,0.8050000000000003,0.5000000000000003,0.2200000000000003,0.0
8594,small_world,inv_degree,8671388,100,300,0.03,3,0.45,0.1,50,0.03,0,0.7950000000000002,0.43000000000000027,0.1350000000000002,0.0
8595,small_world,inv_degree,8672397,100,300,0.03,3,0.45,0.1,50,0.03,0,0.8150000000000003,0.5150000000000005,0.2250000000000003,0.0
8596,small_world,inv_degree,8673406,100,300,0.03,3,0.45,0.1,50,0.06,3,0.7650000000000009,0.49500000000000083,0.14500000000000013,0.0
8597,small_world,inv_degree,8674415,100,300,0.03,3,0.45,0.1,50,0.05,2,0.7850000000000003,0.4450000000000004,0.08000000000000013,0.0
8598,small_world,inv_degree,8675424,100,300,0.03,3,0.45,0.1,50,0.03,0,0.8200000000000002,0.6550000000000002,0.3450000000000005,0.0
8599,small_world,inv_degree,8676433,100,300,0.03,3,0.45,0.1,50,0.03,0,0.7750000000000001,0.4750000000000003,0.1850000000000002,0.0
8600,small_world,inv_degree,8677442,100,300,0.03,3,0.45,0.1,50,0.09,3,0.7649999999999998,0.4549999999999995,0.20499999999999982,0.0
8601,small_world,inv_degree,8678451,100,300,0.03,3,0.45,0.1,50,0.03,0,0.7366666666666664,0.4266666666666666,0.06666666666666671,0.0
8602,small_world,inv_degree,8679460,100,300,0.03,3,0.45,0.1,50,0.04,1,0.8200000000000001,0.46000000000000046,0.25000000000000044,0.0
8603,small_world,inv_degree,8680469,100,300,0.03,3,0.45,0.1,50,0.04,1,0.7250000000000002,0.32500000000000034,0.035000000000000045,0.0
8604,small_world,inv_degree,8681478,100,300,0.03,3,0.45,0.1,50,0.03,0,0.7499999999999999,0.36,0.06333333333333335,0.0
8605,small_world,inv_degree,8682487,100,300,0.03,3,0.45,0.1,50,0.03,0,0.8250000000000001,0.4850000000000004,0.05500000000000003,0.0
8606,small_world,inv_degree,8683496,100,300,0.03,3,0.45,0.1,50,0.08,4,0.7600000000000001,0.48500000000000043,0.1950000000000003,0.0
8607,small_world,inv_degree,8684505,100,300,0.03,3,0.45,0.1,50,0.05,1,0.7650000000000001,0.49500000000000016,0.20500000000000007,0.0
8608,small_world,inv_degree,8685514,100,300,0.03,3,0.45,0.1,50,0.03,0,0.7550000000000002,0.3400000000000002,0.0,0.0
8609,small_world,inv_degree,8686523,100,300,0.03,3,0.45,0.1,50,0.03,0,0.7800000000000002,0.4600000000000003,0.15500000000000014,0.0
8610,small_world,inv_degree,8687532,100,300,0.03,3,0.45,0.1,50,0.03,0,0.7366666666666664,0.4466666666666666,0.20999999999999996,0.0
8611,small_world,inv_degree,8688541,100,300,0.03,3,0.45,0.1,50,0.03,0,0.7950000000000002,0.4550000000000003,0.1700000000000003,0.0
8612,small_world,inv_degree,8689550,100,300,0.03,3,0.45,0.1,50,0.03,0,0.7750000000000001,0.3700000000000004,0.07500000000000001,0.0
8613,small_world,inv_degree,8690559,100,300,0.03,3,0.45,0.1,50,0.03,0,0.8200000000000003,0.5300000000000004,0.12500000000000022,0.0
8614,small_world,inv_degree,8691568,100,300,0.03,3,0.45,0.1,50,0.04,1,0.7750000000000001,0.49000000000000027,0.2550000000000004,0.0
8615,small_world,inv_degree,8692577,100,300,0.03,3,0.45,0.1,50,0.15,6,0.6733333333333336,0.19666666666666682,0.0,0.0
8616,small_world,inv_degree,8693586,100,300,0.03,3,0.45,0.1,50,0.03,0,0.7366666666666667,0.26333333333333314,0.05333333333333334,0.0
8617,small_world,inv_degree,8694595,100,300,0.03,3,0.45,0.1,50,0.03,0,0.8000000000000002,0.3300000000000005,0.025000000000000026,0.0
8618,small_world,inv_degree,8695604,100,300,0.03,3,0.45,0.1,50,0.03,0,0.7850000000000003,0.4550000000000003,0.19500000000000028,0.0
8619,small_world,inv_degree,8696613,100,300,0.03,3,0.45,0.1,50,0.03,0,0.7900000000000003,0.46000000000000035,0.20000000000000023,0.0
8620,small_world,inv_degree,8697622,100,300,0.03,3,0.45,0.1,50,0.04,1,0.7650000000000001,0.4400000000000003,0.1150000000000001,0.0
8621,small_world,inv_degree,8698631,100,300,0.03,3,0.45,0.1,50,0.04,1,0.8300000000000001,0.46,0.15000000000000022,0.0
8622,small_world,inv_degree,8699640,100,300,0.03,3,0.45,0.1,50,0.03,0,0.81,0.4600000000000003,0.13000000000000012,0.0
8623,small_world,inv_degree,8700649,100,300,0.03,3,0.45,0.1,50,0.03,0,0.7750000000000001,0.36000000000000043,0.05500000000000009,0.0
8624,small_world,inv_degree,8701658,100,300,0.03,3,0.45,0.1,50,0.03,0,0.7750000000000002,0.37500000000000033,0.03000000000000001,0.0
8625,small_world,inv_degree,8702667,100,300,0.03,3,0.45,0.1,50,0.03,0,0.7650000000000001,0.35500000000000054,0.13000000000000017,0.0
8626,small_world,inv_degree,8703676,100,300,0.03,3,0.45,0.1,50,0.03,0,0.8099999999999998,0.5233333333333332,0.11666666666666663,0.0
8627,small_world,inv_degree,8704685,100,300,0.03,3,0.45,0.1,50,0.03,0,0.7800000000000005,0.31999999999999995,0.0,0.0
8628,small_world,inv_degree,8705694,100,300,0.03,3,0.45,0.1,50,0.03,0,0.7700000000000002,0.4750000000000004,0.08500000000000003,0.0
8629,small_world,inv_degree,8706703,100,300,0.03,3,0.45,0.1,50,0.03,0,0.7950000000000002,0.40500000000000036,0.08500000000000008,0.0
8630,small_world,inv_degree,8707712,100,300,0.03,3,0.45,0.1,50,0.03,0,0.8200000000000001,0.5199999999999996,0.18499999999999991,0.0
8631,small_world,inv_degree,8708721,100,300,0.03,3,0.45,0.1,50,0.03,0,0.7500000000000001,0.5350000000000003,0.24000000000000024,0.0
8632,small_world,inv_degree,8709730,100,300,0.03,3,0.45,0.1,50,0.03,0,0.765,0.41000000000000025,0.060000000000000074,0.0
8633,small_world,inv_degree,8710739,100,300,0.03,3,0.45,0.1,50,0.03,0,0.8050000000000002,0.46500000000000014,0.10500000000000005,0.0
8634,small_world,inv_degree,8711748,100,300,0.03,3,0.45,0.1,50,0.03,0,0.7699999999999997,0.35666666666666647,0.04666666666666663,0.0
8635,small_world,inv_degree,8712757,100,300,0.03,3,0.45,0.1,50,0.03,0,0.78,0.43999999999999967,0.11666666666666659,0.0
8636,small_world,inv_degree,8713766,100,300,0.03,3,0.45,0.1,50,0.03,0,0.79,0.45000000000000023,0.14000000000000012,0.0
8637,small_world,inv_degree,8714775,100,300,0.03,3,0.45,0.1,50,0.03,0,0.7199999999999999,0.34749999999999964,0.03999999999999998,0.0
8638,small_world,inv_degree,8715784,100,300,0.03,3,0.45,0.1,50,0.04,1,0.7850000000000001,0.4600000000000003,0.08500000000000005,0.0
8639,small_world,inv_degree,8716793,100,300,0.03,3,0.45,0.1,50,0.04,1,0.7299999999999998,0.3599999999999997,0.010000000000000004,0.0
8640,small_world,inv_degree,8717802,100,300,0.03,3,0.45,0.1,50,0.04,1,0.7333333333333332,0.35333333333333317,0.11999999999999998,0.0
8641,small_world,inv_degree,8718811,100,300,0.03,3,0.45,0.1,50,0.03,0,0.805,0.5100000000000002,0.15500000000000017,0.0
8642,small_world,inv_degree,8719820,100,300,0.03,3,0.45,0.1,50,0.11,6,0.7450000000000001,0.28500000000000025,0.055000000000000084,0.0
8643,small_world,inv_degree,8720829,100,300,0.03,3,0.45,0.1,50,0.03,0,0.7550000000000002,0.4050000000000004,0.05000000000000005,0.0
8644,small_world,inv_degree,8721838,100,300,0.03,3,0.45,0.1,50,0.04,1,0.8300000000000001,0.45500000000000024,0.13000000000000014,0.0
8645,small_world,inv_degree,8722847,100,300,0.03,3,0.45,0.1,50,0.03,0,0.7650000000000002,0.39000000000000057,0.05000000000000005,0.0
8646,small_world,inv_degree,8723856,100,300,0.03,3,0.45,0.1,50,0.03,0,0.7466666666666666,0.28999999999999987,0.02333333333333332,0.0
8647,small_world,inv_degree,8724865,100,300,0.03,3,0.45,0.1,50,0.03,0,0.8000000000000003,0.4600000000000003,0.17000000000000015,0.0
8648,small_world,inv_degree,8725874,100,300,0.03,3,0.45,0.1,50,0.03,0,0.7450000000000001,0.33500000000000046,0.06500000000000006,0.0
8649,small_world,inv_degree,8726883,100,300,0.03,3,0.45,0.1,50,0.03,0,0.7850000000000001,0.3500000000000006,0.0,0.0
8650,small_world,inv_degree,8727892,100,300,0.03,3,0.45,0.1,50,0.03,0,0.785,0.44000000000000034,0.13000000000000017,0.0
8651,small_world,inv_degree,8728901,100,300,0.03,3,0.45,0.1,50,0.03,0,0.7799999999999999,0.44,0.20999999999999996,0.0
8652,small_world,inv_degree,8729910,100,300,0.03,3,0.45,0.1,50,0.03,0,0.7700000000000001,0.34666666666666657,0.06000000000000001,0.0
8653,small_world,inv_degree,8730919,100,300,0.03,3,0.45,0.1,50,0.08,3,0.8150000000000003,0.5750000000000004,0.27000000000000035,0.0
8654,small_world,inv_degree,8731928,100,300,0.03,3,0.45,0.1,50,0.06,2,0.7,0.2333333333333334,0.01666666666666664,0.0
8655,small_world,inv_degree,8732937,100,300,0.03,3,0.45,0.1,50,0.09,3,0.8299999999999998,0.6699999999999996,0.36999999999999966,0.0
8656,small_world,inv_degree,8733946,100,300,0.03,3,0.45,0.1,50,0.03,0,0.7966666666666667,0.43333333333333307,0.10999999999999995,0.0
8657,small_world,inv_degree,8734955,100,300,0.03,3,0.45,0.1,50,0.03,0,0.8150000000000001,0.4300000000000004,0.015000000000000005,0.0
8658,small_world,inv_degree,8735964,100,300,0.03,3,0.45,0.1,50,0.03,0,0.7866666666666665,0.43666666666666665,0.22333333333333324,0.0
8659,small_world,inv_degree,8736973,100,300,0.03,3,0.45,0.1,50,0.03,0,0.81,0.47000000000000036,0.1000000000000001,0.0
8660,small_world,inv_degree,8737982,100,300,0.03,3,0.45,0.1,50,0.03,0,0.795,0.4450000000000003,0.07500000000000002,0.0
8661,small_world,inv_degree,8738991,100,300,0.03,3,0.45,0.1,50,0.03,0,0.7750000000000002,0.35500000000000037,0.015000000000000005,0.0
8662,small_world,inv_degree,8740000,100,300,0.03,3,0.45,0.1,50,0.03,0,0.765,0.4850000000000003,0.13500000000000012,0.0
8663,small_world,inv_degree,8741009,100,300,0.03,3,0.45,0.1,50,0.03,0,0.8300000000000001,0.4100000000000004,0.03000000000000001,0.0
8664,small_world,inv_degree,8742018,100,300,0.03,3,0.45,0.1,50,0.03,0,0.855,0.5350000000000001,0.19500000000000026,0.0
8665,small_world,inv_degree,8743027,100,300,0.03,3,0.45,0.1,50,0.03,0,0.7400000000000001,0.4450000000000002,0.07500000000000002,0.0
8666,small_world,inv_degree,8744036,100,300,0.03,3,0.45,0.1,50,0.03,0,0.7700000000000001,0.4500000000000003,0.15500000000000017,0.0
8667,small_world,inv_degree,8745045,100,300,0.03,3,0.45,0.1,50,0.04,1,0.81,0.39000000000000035,0.09999999999999998,0.0
8668,small_world,inv_degree,8746054,100,300,0.03,3,0.45,0.1,50,0.05,1,0.7499999999999999,0.4399999999999996,0.2099999999999998,0.0
8669,small_world,inv_degree,8747063,100,300,0.03,3,0.45,0.1,50,0.03,0,0.7333333333333332,0.32999999999999985,0.016666666666666663,0.0
8670,small_world,inv_degree,8748072,100,300,0.03,3,0.45,0.1,50,0.03,0,0.7500000000000003,0.36000000000000054,0.015000000000000003,0.0
8671,small_world,inv_degree,8749081,100,300,0.03,3,0.45,0.1,50,0.03,0,0.7374999999999997,0.29499999999999954,0.09499999999999988,0.0
8672,small_world,inv_degree,8750090,100,300,0.03,3,0.45,0.1,50,0.03,0,0.8000000000000002,0.5200000000000005,0.1950000000000002,0.0
8673,small_world,inv_degree,8751099,100,300,0.03,3,0.45,0.1,50,0.03,0,0.7566666666666667,0.3799999999999997,0.03666666666666664,0.0
8674,small_world,inv_degree,8752108,100,300,0.03,3,0.45,0.1,50,0.03,0,0.7566666666666665,0.38333333333333336,0.03333333333333333,0.0
8675,small_world,inv_degree,8753117,100,300,0.03,3,0.45,0.1,50,0.03,0,0.7366666666666661,0.3633333333333331,0.06666666666666657,0.0
8676,small_world,inv_degree,8754126,100,300,0.03,3,0.45,0.1,50,0.04,1,0.8000000000000002,0.5550000000000003,0.23000000000000037,0.0
8677,small_world,inv_degree,8755135,100,300,0.03,3,0.45,0.1,50,0.03,0,0.7750000000000002,0.40500000000000036,0.020000000000000035,0.0
8678,small_world,inv_degree,8756144,100,300,0.03,3,0.45,0.1,50,0.03,0,0.775,0.42500000000000027,0.07000000000000008,0.0
8679,small_world,inv_degree,8757153,100,300,0.03,3,0.45,0.1,50,0.03,0,0.7950000000000002,0.4300000000000005,0.03000000000000001,0.0
8680,small_world,inv_degree,8758162,100,300,0.03,3,0.45,0.1,50,0.08,3,0.7550000000000002,0.27500000000000013,0.004999999999999983,0.0
8681,small_world,inv_degree,8759171,100,300,0.03,3,0.45,0.1,50,0.14,8,0.7450000000000001,0.46500000000000025,0.0900000000000001,0.0
8682,small_world,inv_degree,8760180,100,300,0.03,3,0.45,0.1,50,0.04,1,0.7733333333333333,0.4033333333333332,0.0566666666666667,0.0
8683,small_world,inv_degree,8761189,100,300,0.03,3,0.45,0.1,50,0.03,0,0.775,0.5300000000000002,0.19500000000000028,0.0
8684,small_world,inv_degree,8762198,100,300,0.03,3,0.45,0.1,50,0.03,0,0.8050000000000002,0.4100000000000003,0.09000000000000008,0.0
8685,small_world,inv_degree,8763207,100,300,0.03,3,0.45,0.1,50,0.03,0,0.8200000000000006,0.6100000000000009,0.3200000000000002,0.0
8686,small_world,inv_degree,8764216,100,300,0.03,3,0.45,0.1,50,0.03,0,0.7800000000000001,0.3900000000000003,0.01000000000000002,0.0
8687,small_world,inv_degree,8765225,100,300,0.03,3,0.45,0.1,50,0.06,3,0.7900000000000001,0.5550000000000003,0.24000000000000035,0.0
8688,small_world,inv_degree,8766234,100,300,0.03,3,0.45,0.1,50,0.03,0,0.7933333333333331,0.41999999999999976,0.049999999999999996,0.0
8689,small_world,inv_degree,8767243,100,300,0.03,3,0.45,0.1,50,0.03,0,0.7600000000000003,0.4350000000000005,0.1550000000000002,0.0
8690,small_world,inv_degree,8768252,100,300,0.03,3,0.45,0.1,50,0.03,0,0.7800000000000001,0.44500000000000034,0.18000000000000033,0.0
8691,small_world,inv_degree,8769261,100,300,0.03,3,0.45,0.1,50,0.04,1,0.7400000000000002,0.5200000000000006,0.18000000000000002,0.0
8692,small_world,inv_degree,8770270,100,300,0.03,3,0.45,0.1,50,0.04,1,0.7500000000000004,0.39500000000000013,0.045000000000000026,0.0
8693,small_world,inv_degree,8771279,100,300,0.03,3,0.45,0.1,50,0.03,0,0.8200000000000002,0.6150000000000001,0.3000000000000004,0.0
8694,small_world,inv_degree,8772288,100,300,0.03,3,0.45,0.1,50,0.03,0,0.7899999999999998,0.4999999999999999,0.24000000000000024,0.0
8695,small_world,inv_degree,8773297,100,300,0.03,3,0.45,0.1,50,0.03,0,0.7750000000000002,0.38000000000000034,0.015000000000000005,0.0
8696,small_world,inv_degree,8774306,100,300,0.03,3,0.45,0.1,50,0.03,0,0.7499999999999999,0.3533333333333333,0.03666666666666664,0.0
8697,small_world,inv_degree,8775315,100,300,0.03,3,0.45,0.1,50,0.03,0,0.7800000000000002,0.47500000000000037,0.10000000000000013,0.0
8698,small_world,inv_degree,8776324,100,300,0.03,3,0.45,0.1,50,0.06,2,0.7466666666666668,0.32666666666666705,0.14333333333333356,0.0
8699,small_world,inv_degree,8777333,100,300,0.03,3,0.45,0.1,50,0.14,8,0.6550000000000002,0.2000000000000003,0.025000000000000026,0.0
8700,small_world,inv_degree,8778342,100,300,0.03,3,0.45,0.1,50,0.04,1,0.7650000000000002,0.5150000000000002,0.23000000000000034,0.0
8701,small_world,inv_degree,8779351,100,300,0.03,3,0.45,0.1,50,0.03,0,0.7599999999999998,0.23999999999999985,0.009999999999999998,0.0
8702,small_world,inv_degree,8780360,100,300,0.03,3,0.45,0.1,50,0.03,0,0.7850000000000001,0.40500000000000025,0.05000000000000006,0.0
8703,small_world,inv_degree,8781369,100,300,0.03,3,0.45,0.1,50,0.03,0,0.7800000000000002,0.4150000000000004,0.035000000000000045,0.0
8704,small_world,inv_degree,8782378,100,300,0.03,3,0.45,0.1,50,0.03,0,0.7800000000000001,0.4300000000000002,0.1450000000000001,0.0
8705,small_world,inv_degree,8783387,100,300,0.03,3,0.45,0.1,50,0.03,0,0.8133333333333332,0.4433333333333335,0.08666666666666674,0.0
8706,small_world,inv_degree,8784396,100,300,0.03,3,0.45,0.1,50,0.03,0,0.76,0.41666666666666663,0.16000000000000003,0.0
8707,small_world,inv_degree,8785405,100,300,0.03,3,0.45,0.1,50,0.03,0,0.7650000000000001,0.4900000000000004,0.23500000000000038,0.0
8708,small_world,inv_degree,8786414,100,300,0.03,3,0.45,0.1,50,0.08,4,0.7500000000000002,0.40000000000000047,0.05500000000000007,0.0
8709,small_world,inv_degree,8787423,100,300,0.03,3,0.45,0.1,50,0.03,0,0.7533333333333332,0.3233333333333331,0.043333333333333335,0.0
8710,small_world,inv_degree,8788432,100,300,0.03,3,0.45,0.1,50,0.03,0,0.7733333333333332,0.28666666666666657,0.046666666666666655,0.0
8711,small_world,inv_degree,8789441,100,300,0.03,3,0.45,0.1,50,0.03,0,0.7649999999999997,0.49999999999999917,0.1299999999999998,0.0
8712,small_world,inv_degree,8790450,100,300,0.03,3,0.45,0.1,50,0.03,0,0.8500000000000001,0.5950000000000003,0.2450000000000003,0.0
8713,small_world,inv_degree,8791459,100,300,0.03,3,0.45,0.1,50,0.03,0,0.76,0.3266666666666665,0.04666666666666664,0.0
8714,small_world,inv_degree,8792468,100,300,0.03,3,0.45,0.1,50,0.07,2,0.7650000000000001,0.34000000000000036,0.025000000000000026,0.0
8715,small_world,inv_degree,8793477,100,300,0.03,3,0.45,0.1,50,0.03,0,0.7966666666666669,0.37666666666666687,0.030000000000000054,0.0
8716,small_world,inv_degree,8794486,100,300,0.03,3,0.45,0.1,50,0.03,0,0.7900000000000001,0.3500000000000003,0.05500000000000003,0.0
8717,small_world,inv_degree,8795495,100,300,0.03,3,0.45,0.1,50,0.07,3,0.7400000000000001,0.2550000000000002,0.0,0.0
8718,small_world,inv_degree,8796504,100,300,0.03,3,0.45,0.1,50,0.04,1,0.7450000000000001,0.47500000000000037,0.18500000000000025,0.0
8719,small_world,inv_degree,8797513,100,300,0.03,3,0.45,0.1,50,0.03,0,0.7800000000000001,0.3650000000000004,0.025000000000000026,0.0
8720,small_world,inv_degree,8798522,100,300,0.03,3,0.45,0.1,50,0.03,0,0.7750000000000002,0.4200000000000002,0.01999999999999999,0.0
8721,small_world,inv_degree,8799531,100,300,0.03,3,0.45,0.1,50,0.09,4,0.7349999999999995,0.35999999999999943,0.059999999999999894,0.0
8722,small_world,inv_degree,8800540,100,300,0.03,3,0.45,0.1,50,0.03,0,0.8000000000000002,0.41000000000000025,0.08500000000000009,0.0
8723,small_world,inv_degree,8801549,100,300,0.03,3,0.45,0.1,50,0.03,0,0.8249999999999998,0.4799999999999995,0.08999999999999994,0.0
8724,small_world,inv_degree,8802558,100,300,0.03,3,0.45,0.1,50,0.07,3,0.7033333333333334,0.27333333333333315,0.01666666666666663,0.0
8725,small_world,inv_degree,8803567,100,300,0.03,3,0.45,0.1,50,0.03,0,0.7599999999999997,0.4933333333333329,0.06999999999999994,0.0
8726,small_world,inv_degree,8804576,100,300,0.03,3,0.45,0.1,50,0.04,1,0.74,0.4850000000000002,0.13000000000000023,0.0
8727,small_world,inv_degree,8805585,100,300,0.03,3,0.45,0.1,50,0.13,5,0.7200000000000002,0.3550000000000003,0.15000000000000016,0.0
8728,small_world,inv_degree,8806594,100,300,0.03,3,0.45,0.1,50,0.03,0,0.8450000000000002,0.4850000000000005,0.26500000000000035,0.0
8729,small_world,inv_degree,8807603,100,300,0.03,3,0.45,0.1,50,0.03,0,0.7500000000000001,0.42000000000000054,0.025000000000000026,0.0
8730,small_world,inv_degree,8808612,100,300,0.03,3,0.45,0.1,50,0.03,0,0.76,0.45499999999999946,0.09499999999999992,0.0
8731,small_world,inv_degree,8809621,100,300,0.03,3,0.45,0.1,50,0.03,0,0.7850000000000001,0.5200000000000004,0.10000000000000012,0.0
8732,small_world,inv_degree,8810630,100,300,0.03,3,0.45,0.1,50,0.04,1,0.82,0.5850000000000003,0.2850000000000004,0.0
8733,small_world,inv_degree,8811639,100,300,0.03,3,0.45,0.1,50,0.03,0,0.7700000000000001,0.3700000000000005,0.06500000000000004,0.0
8734,small_world,inv_degree,8812648,100,300,0.03,3,0.45,0.1,50,0.03,0,0.7600000000000001,0.4550000000000004,0.11500000000000014,0.0
8735,small_world,inv_degree,8813657,100,300,0.03,3,0.45,0.1,50,0.03,0,0.8650000000000005,0.5450000000000005,0.10999999999999999,0.0
8736,small_world,inv_degree,8814666,100,300,0.03,3,0.45,0.1,50,0.07,4,0.7799999999999997,0.5199999999999995,0.10999999999999988,0.0
8737,small_world,inv_degree,8815675,100,300,0.03,3,0.45,0.1,50,0.03,0,0.7599999999999999,0.4149999999999997,0.15499999999999986,0.0
8738,small_world,inv_degree,8816684,100,300,0.03,3,0.45,0.1,50,0.03,0,0.7550000000000002,0.3800000000000004,0.09500000000000004,0.0
8739,small_world,inv_degree,8817693,100,300,0.03,3,0.45,0.1,50,0.05,2,0.7600000000000002,0.48000000000000037,0.1250000000000002,0.0
8740,small_world,inv_degree,8818702,100,300,0.03,3,0.45,0.1,50,0.1,3,0.7474999999999997,0.4124999999999995,0.09249999999999986,0.0
8741,small_world,inv_degree,8819711,100,300,0.03,3,0.45,0.1,50,0.03,0,0.7450000000000002,0.3450000000000005,0.045000000000000054,0.0
8742,small_world,inv_degree,8820720,100,300,0.03,3,0.45,0.1,50,0.03,0,0.75,0.30999999999999994,0.04000000000000004,0.0
8743,small_world,inv_degree,8821729,100,300,0.03,3,0.45,0.1,50,0.03,0,0.78,0.3300000000000004,0.06000000000000002,0.0
8744,small_world,inv_degree,8822738,100,300,0.03,3,0.45,0.1,50,0.03,0,0.7649999999999996,0.4849999999999994,0.16499999999999973,0.0
8745,small_world,inv_degree,8823747,100,300,0.03,3,0.45,0.1,50,0.03,0,0.785,0.3450000000000004,0.015000000000000003,0.0
8746,small_world,inv_degree,8824756,100,300,0.03,3,0.45,0.1,50,0.1,3,0.77,0.42999999999999966,0.10499999999999994,0.0
8747,small_world,inv_degree,8825765,100,300,0.03,3,0.45,0.1,50,0.06,2,0.7950000000000002,0.3600000000000004,0.025000000000000022,0.0
8748,small_world,inv_degree,8826774,100,300,0.03,3,0.45,0.1,50,0.05,2,0.6900000000000002,0.39000000000000035,0.09000000000000012,0.0
8749,small_world,inv_degree,8827783,100,300,0.03,3,0.45,0.1,50,0.04,1,0.7799999999999997,0.4166666666666663,0.08666666666666667,0.0
8750,small_world,inv_degree,8828792,100,300,0.03,3,0.45,0.1,50,0.04,1,0.7933333333333332,0.4166666666666665,0.08999999999999997,0.0
8751,small_world,inv_degree,8829801,100,300,0.03,3,0.45,0.1,50,0.03,0,0.7424999999999996,0.3299999999999995,0.12249999999999986,0.0
8752,small_world,inv_degree,8830810,100,300,0.03,3,0.45,0.1,50,0.03,0,0.78,0.3899999999999999,0.1533333333333333,0.0
8753,small_world,inv_degree,8831819,100,300,0.03,3,0.45,0.1,50,0.03,0,0.7800000000000002,0.45000000000000046,0.08000000000000011,0.0
8754,small_world,inv_degree,8832828,100,300,0.03,3,0.45,0.1,50,0.03,0,0.7399999999999999,0.32333333333333314,0.02333333333333332,0.0
8755,small_world,inv_degree,8833837,100,300,0.03,3,0.45,0.1,50,0.11,5,0.7350000000000002,0.44000000000000034,0.10500000000000011,0.0
8756,small_world,inv_degree,8834846,100,300,0.03,3,0.45,0.1,50,0.03,0,0.7600000000000005,0.4299999999999999,0.03500000000000002,0.0
8757,small_world,inv_degree,8835855,100,300,0.03,3,0.45,0.1,50,0.03,0,0.7699999999999997,0.3833333333333331,0.056666666666666636,0.0
8758,small_world,inv_degree,8836864,100,300,0.03,3,0.45,0.1,50,0.03,0,0.7750000000000001,0.31500000000000034,0.0,0.0
8759,small_world,inv_degree,8837873,100,300,0.03,3,0.45,0.1,50,0.03,0,0.7650000000000007,0.2799999999999999,0.030000000000000034,0.0
8760,small_world,inv_degree,8838882,100,300,0.03,3,0.45,0.1,50,0.03,0,0.7850000000000003,0.3500000000000005,0.02000000000000004,0.0
8761,small_world,inv_degree,8839891,100,300,0.03,3,0.45,0.1,50,0.12,4,0.6650000000000004,0.29500000000000054,0.0650000000000001,0.0
8762,small_world,inv_degree,8840900,100,300,0.03,3,0.45,0.1,50,0.03,0,0.8250000000000002,0.3650000000000004,0.12500000000000017,0.0
8763,small_world,inv_degree,8841909,100,300,0.03,3,0.45,0.1,50,0.03,0,0.7900000000000001,0.4400000000000002,0.025000000000000026,0.0
8764,small_world,inv_degree,8842918,100,300,0.03,3,0.45,0.1,50,0.03,0,0.7700000000000001,0.3700000000000004,0.08500000000000014,0.0
8765,small_world,inv_degree,8843927,100,300,0.03,3,0.45,0.1,50,0.03,0,0.76,0.47000000000000014,0.15000000000000002,0.0
8766,small_world,inv_degree,8844936,100,300,0.03,3,0.45,0.1,50,0.03,0,0.7900000000000001,0.4800000000000002,0.2250000000000003,0.0
8767,small_world,inv_degree,8845945,100,300,0.03,3,0.45,0.1,50,0.08,5,0.78,0.4400000000000004,0.13500000000000018,0.0
8768,small_world,inv_degree,8846954,100,300,0.03,3,0.45,0.1,50,0.03,0,0.7950000000000003,0.48000000000000037,0.14000000000000012,0.0
8769,small_world,inv_degree,8847963,100,300,0.03,3,0.45,0.1,50,0.03,0,0.7450000000000001,0.37500000000000033,0.1300000000000002,0.0
8770,small_world,inv_degree,8848972,100,300,0.03,3,0.45,0.1,50,0.03,0,0.805,0.47000000000000025,0.24500000000000044,0.0
8771,small_world,inv_degree,8849981,100,300,0.03,3,0.45,0.1,50,0.03,0,0.7950000000000002,0.41000000000000036,0.10000000000000003,0.0
8772,small_world,inv_degree,8850990,100,300,0.03,3,0.45,0.1,50,0.05,2,0.7600000000000001,0.5400000000000003,0.2900000000000004,0.0
8773,small_world,inv_degree,8851999,100,300,0.03,3,0.45,0.1,50,0.03,0,0.8250000000000003,0.5200000000000002,0.13500000000000015,0.0
8774,small_world,inv_degree,8853008,100,300,0.03,3,0.45,0.1,50,0.03,0,0.7566666666666666,0.37999999999999984,0.08333333333333329,0.0
8775,small_world,inv_degree,8854017,100,300,0.03,3,0.45,0.1,50,0.04,1,0.7549999999999997,0.4399999999999993,0.07499999999999991,0.0
8776,small_world,inv_degree,8855026,100,300,0.03,3,0.45,0.1,50,0.03,0,0.79,0.4700000000000003,0.14000000000000018,0.0
8777,small_world,inv_degree,8856035,100,300,0.03,3,0.45,0.1,50,0.03,0,0.785,0.3900000000000003,0.0500000000000001,0.0
8778,small_world,inv_degree,8857044,100,300,0.03,3,0.45,0.1,50,0.03,0,0.7650000000000001,0.4500000000000004,0.15500000000000022,0.0
8779,small_world,inv_degree,8858053,100,300,0.03,3,0.45,0.1,50,0.03,0,0.7450000000000001,0.4000000000000003,0.1000000000000001,0.0
8780,small_world,inv_degree,8859062,100,300,0.03,3,0.45,0.1,50,0.03,0,0.81,0.4900000000000005,0.14500000000000024,0.0
8781,small_world,inv_degree,8860071,100,300,0.03,3,0.45,0.1,50,0.05,2,0.83,0.4850000000000002,0.15000000000000016,0.0
8782,small_world,inv_degree,8861080,100,300,0.03,3,0.45,0.1,50,0.06,3,0.7650000000000002,0.45000000000000046,0.1250000000000001,0.0
8783,small_world,inv_degree,8862089,100,300,0.03,3,0.45,0.1,50,0.03,0,0.8033333333333333,0.4533333333333334,0.21666666666666687,0.0
8784,small_world,inv_degree,8863098,100,300,0.03,3,0.45,0.1,50,0.07,3,0.7566666666666668,0.3233333333333331,0.04333333333333333,0.0
8785,small_world,inv_degree,8864107,100,300,0.03,3,0.45,0.1,50,0.03,0,0.7366666666666666,0.40666666666666645,0.10333333333333325,0.0
8786,small_world,inv_degree,8865116,100,300,0.03,3,0.45,0.1,50,0.03,0,0.7524999999999998,0.28999999999999965,0.04499999999999994,0.0
8787,small_world,inv_degree,8866125,100,300,0.03,3,0.45,0.1,50,0.16,8,0.7233333333333333,0.45999999999999985,0.1433333333333334,0.0
8788,small_world,inv_degree,8867134,100,300,0.03,3,0.45,0.1,50,0.07,4,0.7650000000000001,0.33500000000000035,0.015000000000000006,0.0
8789,small_world,inv_degree,8868143,100,300,0.03,3,0.45,0.1,50,0.03,0,0.8033333333333335,0.5099999999999999,0.18666666666666665,0.0
8790,small_world,inv_degree,8869152,100,300,0.03,3,0.45,0.1,50,0.03,0,0.7799999999999999,0.44000000000000034,0.17500000000000024,0.0
8791,small_world,inv_degree,8870161,100,300,0.03,3,0.45,0.1,50,0.03,0,0.7433333333333333,0.3999999999999997,0.1266666666666666,0.0
8792,small_world,inv_degree,8871170,100,300,0.03,3,0.45,0.1,50,0.03,0,0.83,0.42000000000000043,0.1250000000000001,0.0
8793,small_world,inv_degree,8872179,100,300,0.03,3,0.45,0.1,50,0.06,3,0.7550000000000001,0.37500000000000056,0.15500000000000033,0.0
8794,small_world,inv_degree,8873188,100,300,0.03,3,0.45,0.1,50,0.03,0,0.805,0.46500000000000025,0.09000000000000008,0.0
8795,small_world,inv_degree,8874197,100,300,0.03,3,0.45,0.1,50,0.03,0,0.7650000000000006,0.44000000000000006,0.03500000000000001,0.0
8796,small_world,inv_degree,8875206,100,300,0.03,3,0.45,0.1,50,0.03,0,0.755,0.33000000000000035,0.025000000000000022,0.0
8797,small_world,inv_degree,8876215,100,300,0.03,3,0.45,0.1,50,0.03,0,0.8150000000000002,0.45000000000000046,0.10500000000000012,0.0
8798,small_world,inv_degree,8877224,100,300,0.03,3,0.45,0.1,50,0.03,0,0.7450000000000002,0.29500000000000026,0.035000000000000045,0.0
8799,small_world,inv_degree,8878233,100,300,0.03,3,0.45,0.1,50,0.03,0,0.8100000000000003,0.43000000000000055,0.11500000000000007,0.0
8800,small_world,inv_degree,8879242,100,300,0.03,3,0.45,0.1,50,0.03,0,0.7700000000000002,0.3199999999999998,0.056666666666666664,0.0
8801,small_world,inv_degree,8880251,100,300,0.03,3,0.45,0.1,50,0.03,0,0.7450000000000008,0.335,0.07500000000000008,0.0
8802,small_world,inv_degree,8881260,100,300,0.03,3,0.45,0.1,50,0.03,0,0.85,0.6599999999999998,0.3100000000000003,0.0
8803,small_world,inv_degree,8882269,100,300,0.03,3,0.45,0.1,50,0.16,7,0.7366666666666668,0.46333333333333343,0.2,0.0
8804,small_world,inv_degree,8883278,100,300,0.03,3,0.45,0.1,50,0.03,0,0.82,0.5549999999999997,0.25999999999999973,0.0
8805,small_world,inv_degree,8884287,100,300,0.03,3,0.45,0.1,50,0.09,4,0.7899999999999999,0.41,0.1699999999999999,0.0
8806,small_world,inv_degree,8885296,100,300,0.03,3,0.45,0.1,50,0.03,0,0.7550000000000002,0.4200000000000003,0.1000000000000001,0.0
8807,small_world,inv_degree,8886305,100,300,0.03,3,0.45,0.1,50,0.03,0,0.7366666666666667,0.2933333333333333,0.07000000000000006,0.0
8808,small_world,inv_degree,8887314,100,300,0.03,3,0.45,0.1,50,0.03,0,0.7599999999999999,0.4800000000000002,0.22999999999999987,0.0
8809,small_world,inv_degree,8888323,100,300,0.03,3,0.45,0.1,50,0.03,0,0.7666666666666665,0.4099999999999997,0.05333333333333334,0.0
8810,small_world,inv_degree,8889332,100,300,0.03,3,0.45,0.1,50,0.1,7,0.78,0.41,0.09999999999999999,0.0
8811,small_world,inv_degree,8890341,100,300,0.03,3,0.45,0.1,50,0.06,3,0.7650000000000005,0.27500000000000036,0.03000000000000006,0.0
8812,small_world,inv_degree,8891350,100,300,0.03,3,0.45,0.1,50,0.03,0,0.7799999999999999,0.5250000000000002,0.19500000000000034,0.0
8813,small_world,inv_degree,8892359,100,300,0.03,3,0.45,0.1,50,0.03,0,0.7800000000000001,0.41000000000000025,0.02000000000000004,0.0
8814,small_world,inv_degree,8893368,100,300,0.03,3,0.45,0.1,50,0.03,0,0.7800000000000009,0.29500000000000026,0.03500000000000004,0.0
8815,small_world,inv_degree,8894377,100,300,0.03,3,0.45,0.1,50,0.07,4,0.7800000000000001,0.4250000000000002,0.07500000000000008,0.0
8816,small_world,inv_degree,8895386,100,300,0.03,3,0.45,0.1,50,0.03,0,0.74,0.4250000000000003,0.12500000000000014,0.0
8817,small_world,inv_degree,8896395,100,300,0.03,3,0.45,0.1,50,0.03,0,0.8350000000000001,0.5050000000000002,0.16000000000000023,0.0
8818,small_world,inv_degree,8897404,100,300,0.03,3,0.45,0.1,50,0.03,0,0.7800000000000001,0.3800000000000002,0.05000000000000011,0.0
8819,small_world,inv_degree,8898413,100,300,0.03,3,0.45,0.1,50,0.03,0,0.75,0.36666666666666653,0.08666666666666667,0.0
8820,small_world,inv_degree,8899422,100,300,0.03,3,0.45,0.1,50,0.13,7,0.7400000000000001,0.5100000000000005,0.2500000000000005,0.0
8821,small_world,inv_degree,8900431,100,300,0.03,3,0.45,0.1,50,0.03,0,0.7750000000000001,0.4450000000000004,0.035000000000000045,0.0
8822,small_world,inv_degree,8901440,100,300,0.03,3,0.45,0.1,50,0.04,1,0.7400000000000001,0.4500000000000003,0.1850000000000001,0.0
8823,small_world,inv_degree,8902449,100,300,0.03,3,0.45,0.1,50,0.03,0,0.8033333333333335,0.3466666666666669,0.13000000000000014,0.0
8824,small_world,inv_degree,8903458,100,300,0.03,3,0.45,0.1,50,0.04,1,0.7800000000000001,0.4150000000000003,0.040000000000000036,0.0
8825,small_world,inv_degree,8904467,100,300,0.03,3,0.45,0.1,50,0.03,0,0.8200000000000001,0.5400000000000004,0.2900000000000005,0.0
8826,small_world,inv_degree,8905476,100,300,0.03,3,0.45,0.1,50,0.03,0,0.8000000000000003,0.4800000000000003,0.20000000000000032,0.0
8827,small_world,inv_degree,8906485,100,300,0.03,3,0.45,0.1,50,0.03,0,0.8150000000000001,0.3600000000000004,0.04000000000000003,0.0
8828,small_world,inv_degree,8907494,100,300,0.03,3,0.45,0.1,50,0.05,1,0.7599999999999997,0.3699999999999999,0.08999999999999996,0.0
8829,small_world,inv_degree,8908503,100,300,0.03,3,0.45,0.1,50,0.03,0,0.8250000000000001,0.40500000000000036,0.05500000000000003,0.0
8830,small_world,inv_degree,8909512,100,300,0.03,3,0.45,0.1,50,0.08,4,0.7550000000000001,0.3900000000000005,0.15500000000000022,0.0
8831,small_world,inv_degree,8910521,100,300,0.03,3,0.45,0.1,50,0.04,1,0.7233333333333334,0.39666666666666656,0.13999999999999996,0.0
8832,small_world,inv_degree,8911530,100,300,0.03,3,0.45,0.1,50,0.03,0,0.7849999999999998,0.44999999999999934,0.05499999999999991,0.0
8833,small_world,inv_degree,8912539,100,300,0.03,3,0.45,0.1,50,0.03,0,0.8050000000000006,0.38499999999999995,0.030000000000000034,0.0
8834,small_world,inv_degree,8913548,100,300,0.03,3,0.45,0.1,50,0.03,0,0.7700000000000002,0.4200000000000004,0.06500000000000006,0.0
8835,small_world,inv_degree,8914557,100,300,0.03,3,0.45,0.1,50,0.03,0,0.7666666666666666,0.3966666666666668,0.10000000000000007,0.0
8836,small_world,inv_degree,8915566,100,300,0.03,3,0.45,0.1,50,0.03,0,0.84,0.45500000000000024,0.09500000000000011,0.0
8837,small_world,inv_degree,8916575,100,300,0.03,3,0.45,0.1,50,0.03,0,0.7600000000000001,0.38500000000000034,0.0800000000000001,0.0
8838,small_world,inv_degree,8917584,100,300,0.03,3,0.45,0.1,50,0.03,0,0.7850000000000001,0.5250000000000002,0.18500000000000025,0.0
8839,small_world,inv_degree,8918593,100,300,0.03,3,0.45,0.1,50,0.03,0,0.7549999999999997,0.32999999999999957,0.07499999999999991,0.0
8840,small_world,inv_degree,8919602,100,300,0.03,3,0.45,0.1,50,0.03,0,0.7599999999999999,0.2766666666666666,0.03999999999999997,0.0
8841,small_world,inv_degree,8920611,100,300,0.03,3,0.45,0.1,50,0.03,0,0.7500000000000003,0.35500000000000037,0.030000000000000006,0.0
8842,small_world,inv_degree,8921620,100,300,0.03,3,0.45,0.1,50,0.04,1,0.8000000000000002,0.5300000000000001,0.21500000000000036,0.0
8843,small_world,inv_degree,8922629,100,300,0.03,3,0.45,0.1,50,0.03,0,0.7850000000000001,0.37500000000000033,0.04500000000000006,0.0
8844,small_world,inv_degree,8923638,100,300,0.03,3,0.45,0.1,50,0.04,1,0.8200000000000001,0.46500000000000025,0.05500000000000004,0.0
8845,small_world,inv_degree,8924647,100,300,0.03,3,0.45,0.1,50,0.04,1,0.7200000000000001,0.4300000000000003,0.1300000000000002,0.0
8846,small_world,inv_degree,8925656,100,300,0.03,3,0.45,0.1,50,0.03,0,0.7900000000000001,0.5000000000000003,0.14000000000000018,0.0
8847,small_world,inv_degree,8926665,100,300,0.03,3,0.45,0.1,50,0.03,0,0.7300000000000002,0.47000000000000025,0.22000000000000042,0.0
8848,small_world,inv_degree,8927674,100,300,0.03,3,0.45,0.1,50,0.03,0,0.7366666666666667,0.3866666666666666,0.09999999999999995,0.0
8849,small_world,inv_degree,8928683,100,300,0.03,3,0.45,0.1,50,0.03,0,0.755,0.4350000000000003,0.15500000000000017,0.0
8850,small_world,inv_degree,8929692,100,300,0.03,3,0.45,0.1,50,0.03,0,0.7600000000000001,0.3550000000000005,0.020000000000000042,0.0
8851,small_world,inv_degree,8930701,100,300,0.03,3,0.45,0.1,50,0.1,5,0.8300000000000001,0.4999999999999993,0.12499999999999982,0.0
8852,small_world,inv_degree,8931710,100,300,0.03,3,0.45,0.1,50,0.11,7,0.7400000000000001,0.5200000000000005,0.24500000000000036,0.0
8853,small_world,inv_degree,8932719,100,300,0.03,3,0.45,0.1,50,0.04,1,0.7500000000000002,0.3100000000000004,0.10000000000000009,0.0
8854,small_world,inv_degree,8933728,100,300,0.03,3,0.45,0.1,50,0.03,0,0.7800000000000001,0.4250000000000003,0.1300000000000002,0.0
8855,small_world,inv_degree,8934737,100,300,0.03,3,0.45,0.1,50,0.03,0,0.81,0.5300000000000002,0.18500000000000033,0.0
8856,small_world,inv_degree,8935746,100,300,0.03,3,0.45,0.1,50,0.03,0,0.7750000000000001,0.47000000000000036,0.07500000000000008,0.0
8857,small_world,inv_degree,8936755,100,300,0.03,3,0.45,0.1,50,0.03,0,0.825,0.5199999999999995,0.15499999999999983,0.0
8858,small_world,inv_degree,8937764,100,300,0.03,3,0.45,0.1,50,0.03,0,0.7399999999999998,0.3566666666666667,0.04000000000000004,0.0
8859,small_world,inv_degree,8938773,100,300,0.03,3,0.45,0.1,50,0.03,0,0.8200000000000002,0.5350000000000004,0.22500000000000034,0.0
8860,small_world,inv_degree,8939782,100,300,0.03,3,0.45,0.1,50,0.03,0,0.83,0.5166666666666666,0.18666666666666662,0.0
8861,small_world,inv_degree,8940791,100,300,0.03,3,0.45,0.1,50,0.04,1,0.7800000000000002,0.4250000000000003,0.05500000000000003,0.0
8862,small_world,inv_degree,8941800,100,300,0.03,3,0.45,0.1,50,0.05,2,0.8049999999999999,0.4150000000000003,0.1350000000000002,0.0
8863,small_world,inv_degree,8942809,100,300,0.03,3,0.45,0.1,50,0.03,0,0.7800000000000001,0.4300000000000003,0.050000000000000044,0.0
8864,small_world,inv_degree,8943818,100,300,0.03,3,0.45,0.1,50,0.07,3,0.7850000000000001,0.47500000000000037,0.05500000000000002,0.0
8865,small_world,inv_degree,8944827,100,300,0.03,3,0.45,0.1,50,0.04,1,0.780000000000001,0.3900000000000001,0.11500000000000007,0.0
8866,small_world,inv_degree,8945836,100,300,0.03,3,0.45,0.1,50,0.13,5,0.7399999999999999,0.46999999999999986,0.16000000000000006,0.0
8867,small_world,inv_degree,8946845,100,300,0.03,3,0.45,0.1,50,0.03,0,0.7650000000000001,0.38500000000000034,0.1600000000000002,0.0
8868,small_world,inv_degree,8947854,100,300,0.03,3,0.45,0.1,50,0.03,0,0.7525,0.37749999999999984,0.05499999999999996,0.0
8869,small_world,inv_degree,8948863,100,300,0.03,3,0.45,0.1,50,0.05,2,0.7599999999999999,0.3899999999999999,0.05000000000000004,0.0
8870,small_world,inv_degree,8949872,100,300,0.03,3,0.45,0.1,50,0.03,0,0.82,0.49000000000000027,0.1450000000000002,0.0
8871,small_world,inv_degree,8950881,100,300,0.03,3,0.45,0.1,50,0.03,0,0.8,0.36500000000000027,0.08000000000000007,0.0
8872,small_world,inv_degree,8951890,100,300,0.03,3,0.45,0.1,50,0.03,0,0.8133333333333332,0.40666666666666645,0.1233333333333333,0.0
8873,small_world,inv_degree,8952899,100,300,0.03,3,0.45,0.1,50,0.03,0,0.76,0.2800000000000002,0.010000000000000014,0.0
8874,small_world,inv_degree,8953908,100,300,0.03,3,0.45,0.1,50,0.03,0,0.7699999999999997,0.4299999999999997,0.09999999999999994,0.0
8875,small_world,inv_degree,8954917,100,300,0.03,3,0.45,0.1,50,0.03,0,0.7799999999999995,0.40333333333333304,0.12666666666666662,0.0
8876,small_world,inv_degree,8955926,100,300,0.03,3,0.45,0.1,50,0.03,0,0.7800000000000001,0.2500000000000003,0.060000000000000074,0.0
8877,small_world,inv_degree,8956935,100,300,0.03,3,0.45,0.1,50,0.03,0,0.8100000000000002,0.5700000000000003,0.21000000000000021,0.0
8878,small_world,inv_degree,8957944,100,300,0.03,3,0.45,0.1,50,0.03,0,0.7600000000000002,0.3833333333333333,0.10000000000000002,0.0
8879,small_world,inv_degree,8958953,100,300,0.03,3,0.45,0.1,50,0.04,1,0.7850000000000001,0.4800000000000003,0.19000000000000014,0.0
8880,small_world,inv_degree,8959962,100,300,0.03,3,0.45,0.1,50,0.03,0,0.76,0.4199999999999999,0.10999999999999996,0.0
8881,small_world,inv_degree,8960971,100,300,0.03,3,0.45,0.1,50,0.03,0,0.7299999999999996,0.40999999999999953,0.07999999999999993,0.0
8882,small_world,inv_degree,8961980,100,300,0.03,3,0.45,0.1,50,0.04,1,0.7099999999999999,0.29333333333333295,0.019999999999999962,0.0
8883,small_world,inv_degree,8962989,100,300,0.03,3,0.45,0.1,50,0.04,1,0.825,0.48999999999999944,0.11999999999999984,0.0
8884,small_world,inv_degree,8963998,100,300,0.03,3,0.45,0.1,50,0.04,1,0.76,0.4050000000000003,0.09000000000000012,0.0
8885,small_world,inv_degree,8965007,100,300,0.03,3,0.45,0.1,50,0.13,6,0.8050000000000002,0.5050000000000002,0.1700000000000003,0.0
8886,small_world,inv_degree,8966016,100,300,0.03,3,0.45,0.1,50,0.03,0,0.8350000000000001,0.4850000000000004,0.13000000000000017,0.0
8887,small_world,inv_degree,8967025,100,300,0.03,3,0.45,0.1,50,0.03,0,0.7650000000000001,0.5400000000000003,0.21500000000000033,0.0
8888,small_world,inv_degree,8968034,100,300,0.03,3,0.45,0.1,50,0.03,0,0.7799999999999997,0.5099999999999996,0.20999999999999985,0.0
8889,small_world,inv_degree,8969043,100,300,0.03,3,0.45,0.1,50,0.03,0,0.7950000000000002,0.3750000000000003,0.09500000000000006,0.0
8890,small_world,inv_degree,8970052,100,300,0.03,3,0.45,0.1,50,0.03,0,0.81,0.4550000000000005,0.13000000000000025,0.0
8891,small_world,inv_degree,8971061,100,300,0.03,3,0.45,0.1,50,0.03,0,0.7566666666666668,0.3999999999999997,0.06333333333333326,0.0
8892,small_world,inv_degree,8972070,100,300,0.03,3,0.45,0.1,50,0.05,1,0.7200000000000002,0.2525,0.04750000000000003,0.0
8893,small_world,inv_degree,8973079,100,300,0.03,3,0.45,0.1,50,0.03,0,0.7499999999999996,0.4649999999999992,0.08499999999999988,0.0
8894,small_world,inv_degree,8974088,100,300,0.03,3,0.45,0.1,50,0.03,0,0.8150000000000001,0.4600000000000005,0.10500000000000016,0.0
8895,small_world,inv_degree,8975097,100,300,0.03,3,0.45,0.1,50,0.13,8,0.7850000000000001,0.5000000000000003,0.18000000000000035,0.0
8896,small_world,inv_degree,8976106,100,300,0.03,3,0.45,0.1,50,0.03,0,0.7499999999999999,0.42999999999999977,0.09666666666666661,0.0
8897,small_world,inv_degree,8977115,100,300,0.03,3,0.45,0.1,50,0.03,0,0.77,0.4600000000000003,0.17500000000000024,0.0
8898,small_world,inv_degree,8978124,100,300,0.03,3,0.45,0.1,50,0.03,0,0.77,0.4900000000000002,0.11500000000000017,0.0
8899,small_world,inv_degree,8979133,100,300,0.03,3,0.45,0.1,50,0.03,0,0.7466666666666668,0.36666666666666675,0.1133333333333334,0.0
8900,small_world,inv_degree,8980142,100,300,0.03,3,0.45,0.1,50,0.03,0,0.8050000000000002,0.5550000000000003,0.21000000000000024,0.0
8901,small_world,inv_degree,8981151,100,300,0.03,3,0.45,0.1,50,0.05,2,0.7950000000000003,0.4400000000000004,0.08000000000000007,0.0
8902,small_world,inv_degree,8982160,100,300,0.03,3,0.45,0.1,50,0.03,0,0.7866666666666665,0.3333333333333331,0.06333333333333334,0.0
8903,small_world,inv_degree,8983169,100,300,0.03,3,0.45,0.1,50,0.03,0,0.7400000000000002,0.3350000000000004,0.04000000000000002,0.0
8904,small_world,inv_degree,8984178,100,300,0.03,3,0.45,0.1,50,0.03,0,0.7333333333333333,0.3533333333333333,0.11999999999999997,0.0
8905,small_world,inv_degree,8985187,100,300,0.03,3,0.45,0.1,50,0.03,0,0.81,0.5000000000000004,0.18000000000000024,0.0
8906,small_world,inv_degree,8986196,100,300,0.03,3,0.45,0.1,50,0.03,0,0.7650000000000002,0.4300000000000003,0.08500000000000009,0.0
8907,small_world,inv_degree,8987205,100,300,0.03,3,0.45,0.1,50,0.03,0,0.83,0.5133333333333332,0.2233333333333332,0.0
8908,small_world,inv_degree,8988214,100,300,0.03,3,0.45,0.1,50,0.03,0,0.7966666666666664,0.42666666666666647,0.03666666666666664,0.0
8909,small_world,inv_degree,8989223,100,300,0.03,3,0.45,0.1,50,0.03,0,0.7766666666666667,0.32999999999999985,0.036666666666666646,0.0
8910,small_world,inv_degree,8990232,100,300,0.03,3,0.45,0.1,50,0.03,0,0.8100000000000002,0.5300000000000002,0.20000000000000026,0.0
8911,small_world,inv_degree,8991241,100,300,0.03,3,0.45,0.1,50,0.04,1,0.7350000000000002,0.43500000000000033,0.07000000000000009,0.0
8912,small_world,inv_degree,8992250,100,300,0.03,3,0.45,0.1,50,0.03,0,0.7650000000000001,0.2500000000000001,0.025000000000000026,0.0
8913,small_world,inv_degree,8993259,100,300,0.03,3,0.45,0.1,50,0.03,0,0.7366666666666668,0.4700000000000002,0.07000000000000003,0.0
8914,small_world,inv_degree,8994268,100,300,0.03,3,0.45,0.1,50,0.03,0,0.7850000000000003,0.4800000000000003,0.12000000000000027,0.0
8915,small_world,inv_degree,8995277,100,300,0.03,3,0.45,0.1,50,0.03,0,0.7899999999999998,0.4800000000000001,0.31999999999999995,0.0
8916,small_world,inv_degree,8996286,100,300,0.03,3,0.45,0.1,50,0.03,0,0.8500000000000001,0.5950000000000002,0.2650000000000005,0.0
8917,small_world,inv_degree,8997295,100,300,0.03,3,0.45,0.1,50,0.03,0,0.8,0.5150000000000003,0.1950000000000003,0.0
8918,small_world,inv_degree,8998304,100,300,0.03,3,0.45,0.1,50,0.04,1,0.7300000000000002,0.45500000000000046,0.16500000000000015,0.0
8919,small_world,inv_degree,8999313,100,300,0.03,3,0.45,0.1,50,0.03,0,0.7433333333333336,0.34666666666666646,0.04333333333333331,0.0
8920,small_world,inv_degree,9000322,100,300,0.03,3,0.45,0.1,50,0.09,4,0.7900000000000001,0.3800000000000003,0.05500000000000009,0.0
8921,small_world,inv_degree,9001331,100,300,0.03,3,0.45,0.1,50,0.04,1,0.7700000000000001,0.4650000000000005,0.09000000000000012,0.0
8922,small_world,inv_degree,9002340,100,300,0.03,3,0.45,0.1,50,0.03,0,0.8250000000000003,0.5500000000000004,0.20000000000000037,0.0
8923,small_world,inv_degree,9003349,100,300,0.03,3,0.45,0.1,50,0.03,0,0.7599999999999997,0.4599999999999992,0.08999999999999983,0.0
8924,small_world,inv_degree,9004358,100,300,0.03,3,0.45,0.1,50,0.03,0,0.7600000000000001,0.33500000000000024,0.010000000000000021,0.0
8925,small_world,inv_degree,9005367,100,300,0.03,3,0.45,0.1,50,0.03,0,0.7600000000000001,0.35000000000000037,0.03500000000000005,0.0
8926,small_world,inv_degree,9006376,100,300,0.03,3,0.45,0.1,50,0.03,0,0.7650000000000001,0.3900000000000004,0.07500000000000008,0.0
8927,small_world,inv_degree,9007385,100,300,0.03,3,0.45,0.1,50,0.08,4,0.7050000000000003,0.34000000000000047,0.055000000000000084,0.0
8928,small_world,inv_degree,9008394,100,300,0.03,3,0.45,0.1,50,0.03,0,0.7849999999999995,0.45499999999999935,0.14499999999999982,0.0
8929,small_world,inv_degree,9009403,100,300,0.03,3,0.45,0.1,50,0.04,1,0.8099999999999999,0.5350000000000004,0.18000000000000022,0.0
8930,small_world,inv_degree,9010412,100,300,0.03,3,0.45,0.1,50,0.03,0,0.7649999999999995,0.3449999999999996,0.01,0.0
8931,small_world,inv_degree,9011421,100,300,0.03,3,0.45,0.1,50,0.03,0,0.7450000000000002,0.34000000000000047,0.0,0.0
8932,small_world,inv_degree,9012430,100,300,0.03,3,0.45,0.1,50,0.03,0,0.76,0.3400000000000002,0.10000000000000013,0.0
8933,small_world,inv_degree,9013439,100,300,0.03,3,0.45,0.1,50,0.03,0,0.77,0.45500000000000024,0.05500000000000007,0.0
8934,small_world,inv_degree,9014448,100,300,0.03,3,0.45,0.1,50,0.15,9,0.6600000000000003,0.2550000000000004,0.01000000000000002,0.0
8935,small_world,inv_degree,9015457,100,300,0.03,3,0.45,0.1,50,0.03,0,0.7849999999999996,0.4749999999999992,0.25999999999999956,0.0
8936,small_world,inv_degree,9016466,100,300,0.03,3,0.45,0.1,50,0.03,0,0.813333333333333,0.35333333333333306,0.029999999999999978,0.0
8937,small_world,inv_degree,9017475,100,300,0.03,3,0.45,0.1,50,0.04,1,0.7750000000000001,0.3550000000000005,0.0500000000000001,0.0
8938,small_world,inv_degree,9018484,100,300,0.03,3,0.45,0.1,50,0.16,8,0.6500000000000002,0.21000000000000024,0.0,0.0
8939,small_world,inv_degree,9019493,100,300,0.03,3,0.45,0.1,50,0.03,0,0.7566666666666663,0.32333333333333325,0.03000000000000002,0.0
8940,small_world,inv_degree,9020502,100,300,0.03,3,0.45,0.1,50,0.03,0,0.7599999999999998,0.4599999999999993,0.17499999999999977,0.0
8941,small_world,inv_degree,9021511,100,300,0.03,3,0.45,0.1,50,0.03,0,0.75,0.40999999999999975,0.06333333333333328,0.0
8942,small_world,inv_degree,9022520,100,300,0.03,3,0.45,0.1,50,0.07,3,0.8100000000000004,0.5900000000000004,0.2700000000000005,0.0
8943,small_world,inv_degree,9023529,100,300,0.03,3,0.45,0.1,50,0.1,5,0.7250000000000002,0.2400000000000001,0.0,0.0
8944,small_world,inv_degree,9024538,100,300,0.03,3,0.45,0.1,50,0.03,0,0.7633333333333333,0.3866666666666667,0.12333333333333332,0.0
8945,small_world,inv_degree,9025547,100,300,0.03,3,0.45,0.1,50,0.07,2,0.7866666666666666,0.4599999999999998,0.20333333333333323,0.0
8946,small_world,inv_degree,9026556,100,300,0.03,3,0.45,0.1,50,0.03,0,0.7499999999999998,0.23666666666666664,0.04666666666666668,0.0
8947,small_world,inv_degree,9027565,100,300,0.03,3,0.45,0.1,50,0.15,7,0.6474999999999999,0.20999999999999996,0.0,0.0
8948,small_world,inv_degree,9028574,100,300,0.03,3,0.45,0.1,50,0.03,0,0.7533333333333333,0.4533333333333332,0.15666666666666665,0.0
8949,small_world,inv_degree,9029583,100,300,0.03,3,0.45,0.1,50,0.04,1,0.7600000000000001,0.47000000000000053,0.17500000000000032,0.0
8950,small_world,inv_degree,9030592,100,300,0.03,3,0.45,0.1,50,0.03,0,0.7950000000000003,0.46500000000000036,0.1850000000000003,0.0
8951,small_world,inv_degree,9031601,100,300,0.03,3,0.45,0.1,50,0.03,0,0.795,0.3850000000000003,0.030000000000000013,0.0
8952,small_world,inv_degree,9032610,100,300,0.03,3,0.45,0.1,50,0.03,0,0.8350000000000001,0.3700000000000002,0.04500000000000006,0.0
8953,small_world,inv_degree,9033619,100,300,0.03,3,0.45,0.1,50,0.03,0,0.7566666666666667,0.3400000000000002,0.03333333333333336,0.0
8954,small_world,inv_degree,9034628,100,300,0.03,3,0.45,0.1,50,0.06,3,0.7733333333333334,0.35999999999999993,0.05000000000000002,0.0
8955,small_world,inv_degree,9035637,100,300,0.03,3,0.45,0.1,50,0.03,0,0.7599999999999999,0.4399999999999998,0.1333333333333333,0.0
8956,small_world,inv_degree,9036646,100,300,0.03,3,0.45,0.1,50,0.03,0,0.7600000000000002,0.43500000000000055,0.18000000000000038,0.0
8957,small_world,inv_degree,9037655,100,300,0.03,3,0.45,0.1,50,0.04,1,0.74,0.5,0.24666666666666673,0.0
8958,small_world,inv_degree,9038664,100,300,0.03,3,0.45,0.1,50,0.03,0,0.8299999999999998,0.5399999999999994,0.22499999999999962,0.0
8959,small_world,inv_degree,9039673,100,300,0.03,3,0.45,0.1,50,0.08,4,0.7850000000000003,0.3750000000000004,0.09000000000000014,0.0
8960,small_world,inv_degree,9040682,100,300,0.03,3,0.45,0.1,50,0.03,0,0.7900000000000001,0.47000000000000025,0.13500000000000023,0.0
8961,small_world,inv_degree,9041691,100,300,0.03,3,0.45,0.1,50,0.03,0,0.7800000000000006,0.40500000000000014,0.11500000000000007,0.0
8962,small_world,inv_degree,9042700,100,300,0.03,3,0.45,0.1,50,0.03,0,0.7499999999999999,0.34999999999999976,0.04999999999999995,0.0
8963,small_world,inv_degree,9043709,100,300,0.03,3,0.45,0.1,50,0.03,0,0.8100000000000003,0.41500000000000026,0.07000000000000005,0.0
8964,small_world,inv_degree,9044718,100,300,0.03,3,0.45,0.1,50,0.03,0,0.795,0.41500000000000054,0.1650000000000002,0.0
8965,small_world,inv_degree,9045727,100,300,0.03,3,0.45,0.1,50,0.11,4,0.7500000000000002,0.4150000000000004,0.0650000000000001,0.0
8966,small_world,inv_degree,9046736,100,300,0.03,3,0.45,0.1,50,0.03,0,0.7950000000000002,0.38000000000000034,0.09000000000000012,0.0
8967,small_world,inv_degree,9047745,100,300,0.03,3,0.45,0.1,50,0.04,1,0.7750000000000006,0.43999999999999984,0.11000000000000003,0.0
8968,small_world,inv_degree,9048754,100,300,0.03,3,0.45,0.1,50,0.03,0,0.8200000000000001,0.5100000000000002,0.1650000000000002,0.0
8969,small_world,inv_degree,9049763,100,300,0.03,3,0.45,0.1,50,0.03,0,0.7750000000000001,0.46500000000000047,0.17500000000000035,0.0
8970,small_world,inv_degree,9050772,100,300,0.03,3,0.45,0.1,50,0.04,1,0.7700000000000001,0.42500000000000027,0.11000000000000015,0.0
8971,small_world,inv_degree,9051781,100,300,0.03,3,0.45,0.1,50,0.03,0,0.7550000000000001,0.38500000000000034,0.015000000000000005,0.0
8972,small_world,inv_degree,9052790,100,300,0.03,3,0.45,0.1,50,0.03,0,0.7700000000000001,0.3600000000000003,0.11500000000000017,0.0
8973,small_world,inv_degree,9053799,100,300,0.03,3,0.45,0.1,50,0.03,0,0.7666666666666665,0.4266666666666666,0.11666666666666665,0.0
8974,small_world,inv_degree,9054808,100,300,0.03,3,0.45,0.1,50,0.07,3,0.7650000000000001,0.5000000000000002,0.18500000000000025,0.0
8975,small_world,inv_degree,9055817,100,300,0.03,3,0.45,0.1,50,0.14,4,0.7300000000000002,0.32500000000000046,0.060000000000000074,0.0
8976,small_world,inv_degree,9056826,100,300,0.03,3,0.45,0.1,50,0.03,0,0.7550000000000003,0.3950000000000004,0.13500000000000018,0.0
8977,small_world,inv_degree,9057835,100,300,0.03,3,0.45,0.1,50,0.03,0,0.8300000000000001,0.4150000000000003,0.08500000000000014,0.0
8978,small_world,inv_degree,9058844,100,300,0.03,3,0.45,0.1,50,0.03,0,0.7650000000000002,0.38000000000000045,0.04500000000000006,0.0
8979,small_world,inv_degree,9059853,100,300,0.03,3,0.45,0.1,50,0.05,2,0.8100000000000005,0.5200000000000002,0.065,0.0
8980,small_world,inv_degree,9060862,100,300,0.03,3,0.45,0.1,50,0.04,1,0.7199999999999999,0.383333333333333,0.013333333333333313,0.0
8981,small_world,inv_degree,9061871,100,300,0.03,3,0.45,0.1,50,0.03,0,0.76,0.35000000000000037,0.004999999999999982,0.0
8982,small_world,inv_degree,9062880,100,300,0.03,3,0.45,0.1,50,0.04,1,0.7650000000000001,0.3950000000000002,0.025000000000000026,0.0
8983,small_world,inv_degree,9063889,100,300,0.03,3,0.45,0.1,50,0.03,0,0.7850000000000004,0.38000000000000056,0.06500000000000006,0.0
8984,small_world,inv_degree,9064898,100,300,0.03,3,0.45,0.1,50,0.12,7,0.7150000000000002,0.45000000000000034,0.2150000000000003,0.0
8985,small_world,inv_degree,9065907,100,300,0.03,3,0.45,0.1,50,0.09,3,0.79,0.5,0.11000000000000008,0.0
8986,small_world,inv_degree,9066916,100,300,0.03,3,0.45,0.1,50,0.03,0,0.7800000000000001,0.4350000000000003,0.1250000000000002,0.0
8987,small_world,inv_degree,9067925,100,300,0.03,3,0.45,0.1,50,0.03,0,0.8000000000000003,0.3800000000000004,0.13500000000000015,0.0
8988,small_world,inv_degree,9068934,100,300,0.03,3,0.45,0.1,50,0.1,3,0.7700000000000001,0.48000000000000037,0.3000000000000005,0.0
8989,small_world,inv_degree,9069943,100,300,0.03,3,0.45,0.1,50,0.03,0,0.7749999999999999,0.455,0.2200000000000002,0.0
8990,small_world,inv_degree,9070952,100,300,0.03,3,0.45,0.1,50,0.03,0,0.7833333333333333,0.4999999999999999,0.1866666666666666,0.0
8991,small_world,inv_degree,9071961,100,300,0.03,3,0.45,0.1,50,0.03,0,0.7500000000000003,0.40500000000000047,0.0650000000000001,0.0
8992,small_world,inv_degree,9072970,100,300,0.03,3,0.45,0.1,50,0.03,0,0.7399999999999997,0.4566666666666664,0.1566666666666665,0.0
8993,small_world,inv_degree,9073979,100,300,0.03,3,0.45,0.1,50,0.04,1,0.7299999999999999,0.3449999999999996,0.034999999999999976,0.0
8994,small_world,inv_degree,9074988,100,300,0.03,3,0.45,0.1,50,0.03,0,0.7833333333333333,0.5533333333333333,0.20333333333333328,0.0
8995,small_world,inv_degree,9075997,100,300,0.03,3,0.45,0.1,50,0.09,3,0.78,0.5200000000000002,0.24500000000000038,0.0
8996,small_world,inv_degree,9077006,100,300,0.03,3,0.45,0.1,50,0.03,0,0.8300000000000001,0.5400000000000003,0.16000000000000028,0.0
8997,small_world,inv_degree,9078015,100,300,0.03,3,0.45,0.1,50,0.03,0,0.7466666666666666,0.3666666666666666,0.10666666666666669,0.0
8998,small_world,inv_degree,9079024,100,300,0.03,3,0.45,0.1,50,0.04,1,0.7900000000000001,0.44000000000000034,0.12000000000000009,0.0
8999,small_world,inv_degree,9080033,100,300,0.03,3,0.45,0.1,50,0.03,0,0.7749999999999995,0.42499999999999943,0.15999999999999984,0.0
9000,small_world,inv_degree,9081042,100,300,0.03,3,0.45,0.1,50,0.03,0,0.78,0.3900000000000004,0.09000000000000011,0.0
