run_id,kind,weight_type,targeting,rng_seed,n,edges,seed_frac,seed_count,theta_mean,theta_sd,max_steps,final_adoption,steps_to_converge,xi_d_1,xi_a_1.5
181,random,uniform,degree,182671,1000,3080,0.03,30,0.45,0.1,50,0.043,3,0.643,0.5704527728847492
182,random,uniform,degree,183680,1000,2932,0.03,30,0.45,0.1,50,0.054,3,0.633,0.5536048739120168
183,random,uniform,degree,184689,1000,3087,0.03,30,0.45,0.1,50,0.046,2,0.657,0.57830150523494
184,random,uniform,degree,185698,1000,2964,0.03,30,0.45,0.1,50,0.049,2,0.651,0.5663669141787652
185,random,uniform,degree,186707,1000,2985,0.03,30,0.45,0.1,50,0.048,3,0.633,0.5611701208197853
186,random,uniform,degree,187716,1000,2991,0.03,30,0.45,0.1,50,0.053,2,0.646,0.5493464608849493
187,random,uniform,degree,188725,1000,3068,0.03,30,0.45,0.1,50,0.042,2,0.667,0.6031991227963613
188,random,uniform,degree,189734,1000,2914,0.03,30,0.45,0.1,50,0.04,1,0.672,0.6200331199847795
189,random,uniform,degree,190743,1000,2977,0.03,30,0.45,0.1,50,0.044,2,0.658,0.5969162238984114
190,random,uniform,degree,191752,1000,2941,0.03,30,0.45,0.1,50,0.055,2,0.659,0.5416862409705471
191,random,uniform,degree,192761,1000,3002,0.03,30,0.45,0.1,50,0.05,2,0.648,0.5586995850851995
192,random,uniform,degree,193770,1000,3093,0.03,30,0.45,0.1,50,0.045,2,0.646,0.5819768968439865
193,random,uniform,degree,194779,1000,3037,0.03,30,0.45,0.1,50,0.051,2,0.651,0.5538769352049008
194,random,uniform,degree,195788,1000,3051,0.03,30,0.45,0.1,50,0.041,3,0.669,0.6048052278529635
195,random,uniform,degree,196797,1000,3014,0.03,30,0.45,0.1,50,0.047,2,0.641,0.5759660691837498
196,random,uniform,degree,197806,1000,3077,0.03,30,0.45,0.1,50,0.038,1,0.658,0.6018923992839524
197,random,uniform,degree,198815,1000,2996,0.03,30,0.45,0.1,50,0.043,3,0.646,0.592337863458271
198,random,uniform,degree,199824,1000,2937,0.03,30,0.45,0.1,50,0.047,2,0.668,0.5907706557355464
199,random,uniform,degree,200833,1000,2963,0.03,30,0.45,0.1,50,0.052,2,0.641,0.5578346682962263
200,random,uniform,degree,201842,1000,2924,0.03,30,0.45,0.1,50,0.042,2,0.659,0.6119027270866666
141,random,uniform,degree,142311,1000,3022,0.03,30,0.45,0.1,50,0.043,2,0.666,0.5877122881391968
142,random,uniform,degree,143320,1000,3017,0.03,30,0.45,0.1,50,0.047,2,0.641,0.5499490952601642
143,random,uniform,degree,144329,1000,3054,0.03,30,0.45,0.1,50,0.051,2,0.649,0.5578998425972032
144,random,uniform,degree,145338,1000,3018,0.03,30,0.45,0.1,50,0.049,3,0.642,0.5438009565201292
145,random,uniform,degree,146347,1000,3058,0.03,30,0.45,0.1,50,0.039,2,0.642,0.6000937786170137
146,random,uniform,degree,147356,1000,3029,0.03,30,0.45,0.1,50,0.047,1,0.659,0.5894500300297985
147,random,uniform,degree,148365,1000,3025,0.03,30,0.45,0.1,50,0.043,2,0.653,0.5882933505738828
148,random,uniform,degree,149374,1000,3018,0.03,30,0.45,0.1,50,0.053,2,0.642,0.5427152275435622
149,random,uniform,degree,150383,1000,2983,0.03,30,0.45,0.1,50,0.053,3,0.648,0.5516413612493793
150,random,uniform,degree,151392,1000,3060,0.03,30,0.45,0.1,50,0.049,2,0.666,0.5847951561866159
151,random,uniform,degree,152401,1000,3047,0.03,30,0.45,0.1,50,0.048,4,0.662,0.568319850864482
152,random,uniform,degree,153410,1000,2962,0.03,30,0.45,0.1,50,0.048,2,0.655,0.5861729598809067
153,random,uniform,degree,154419,1000,3125,0.03,30,0.45,0.1,50,0.051,3,0.644,0.5444724659491308
154,random,uniform,degree,155428,1000,3033,0.03,30,0.45,0.1,50,0.045,2,0.663,0.5844125303834314
155,random,uniform,degree,156437,1000,3020,0.03,30,0.45,0.1,50,0.044,2,0.661,0.5801811358629643
156,random,uniform,degree,157446,1000,3046,0.03,30,0.45,0.1,50,0.05,2,0.649,0.552621724437456
157,random,uniform,degree,158455,1000,3017,0.03,30,0.45,0.1,50,0.046,2,0.653,0.5682219636359546
158,random,uniform,degree,159464,1000,2989,0.03,30,0.45,0.1,50,0.047,1,0.66,0.593759714692113
159,random,uniform,degree,160473,1000,2994,0.03,30,0.45,0.1,50,0.042,1,0.671,0.6093411858311991
160,random,uniform,degree,161482,1000,3110,0.03,30,0.45,0.1,50,0.049,1,0.643,0.534295746589903
1,random,uniform,degree,1051,1000,3025,0.03,30,0.45,0.1,50,0.047,2,0.633,0.5707356954014229
2,random,uniform,degree,2060,1000,2902,0.03,30,0.45,0.1,50,0.048,2,0.652,0.577936277473663
3,random,uniform,degree,3069,1000,3043,0.03,30,0.45,0.1,50,0.044,2,0.65,0.5744596698513307
4,random,uniform,degree,4078,1000,3040,0.03,30,0.45,0.1,50,0.051,2,0.636,0.5411053962531384
5,random,uniform,degree,5087,1000,2962,0.03,30,0.45,0.1,50,0.046,2,0.651,0.5757272598863468
6,random,uniform,degree,6096,1000,3004,0.03,30,0.45,0.1,50,0.049,2,0.651,0.576855011503856
7,random,uniform,degree,7105,1000,3079,0.03,30,0.45,0.1,50,0.047,3,0.663,0.5685351942089331
8,random,uniform,degree,8114,1000,3021,0.03,30,0.45,0.1,50,0.054,3,0.646,0.5309984847568406
9,random,uniform,degree,9123,1000,2998,0.03,30,0.45,0.1,50,0.04,1,0.644,0.5833353303807465
10,random,uniform,degree,10132,1000,2967,0.03,30,0.45,0.1,50,0.052,2,0.629,0.5467170604828941
11,random,uniform,degree,11141,1000,3045,0.03,30,0.45,0.1,50,0.048,2,0.653,0.5525443279438325
12,random,uniform,degree,12150,1000,2954,0.03,30,0.45,0.1,50,0.045,2,0.642,0.5675974853978764
13,random,uniform,degree,13159,1000,2978,0.03,30,0.45,0.1,50,0.038,1,0.664,0.6287535740620263
14,random,uniform,degree,14168,1000,3006,0.03,30,0.45,0.1,50,0.042,1,0.67,0.6014345572038254
15,random,uniform,degree,15177,1000,3045,0.03,30,0.45,0.1,50,0.041,2,0.67,0.6129544728852824
16,random,uniform,degree,16186,1000,2999,0.03,30,0.45,0.1,50,0.057,3,0.636,0.5422301757627452
17,random,uniform,degree,17195,1000,3007,0.03,30,0.45,0.1,50,0.043,2,0.661,0.5867779143782732
18,random,uniform,degree,18204,1000,3151,0.03,30,0.45,0.1,50,0.04,1,0.646,0.5856411571083736
19,random,uniform,degree,19213,1000,3019,0.03,30,0.45,0.1,50,0.047,2,0.629,0.5586305762626429
20,random,uniform,degree,20222,1000,3032,0.03,30,0.45,0.1,50,0.039,1,0.658,0.6042625483882383
61,random,uniform,degree,61591,1000,2923,0.03,30,0.45,0.1,50,0.045,2,0.652,0.6054861575317834
62,random,uniform,degree,62600,1000,3030,0.03,30,0.45,0.1,50,0.044,2,0.641,0.5765969222160026
63,random,uniform,degree,63609,1000,3114,0.03,30,0.45,0.1,50,0.037,1,0.654,0.599081350144199
64,random,uniform,degree,64618,1000,3059,0.03,30,0.45,0.1,50,0.045,2,0.64,0.5767718897827963
65,random,uniform,degree,65627,1000,2996,0.03,30,0.45,0.1,50,0.044,3,0.659,0.5958529473728175
66,random,uniform,degree,66636,1000,3062,0.03,30,0.45,0.1,50,0.046,1,0.646,0.5781858114532882
67,random,uniform,degree,67645,1000,3017,0.03,30,0.45,0.1,50,0.04,1,0.662,0.6007504361577131
68,random,uniform,degree,68654,1000,3075,0.03,30,0.45,0.1,50,0.039,2,0.663,0.5958363366389028
69,random,uniform,degree,69663,1000,2961,0.03,30,0.45,0.1,50,0.043,2,0.648,0.5935913793524442
70,random,uniform,degree,70672,1000,3027,0.03,30,0.45,0.1,50,0.049,2,0.645,0.5674874345938082
71,random,uniform,degree,71681,1000,3042,0.03,30,0.45,0.1,50,0.043,2,0.653,0.585483323036705
72,random,uniform,degree,72690,1000,3068,0.03,30,0.45,0.1,50,0.047,2,0.651,0.5627563726900511
73,random,uniform,degree,73699,1000,3098,0.03,30,0.45,0.1,50,0.043,2,0.652,0.5778068969475334
74,random,uniform,degree,74708,1000,3000,0.03,30,0.45,0.1,50,0.043,3,0.665,0.6059987021582904
75,random,uniform,degree,75717,1000,2978,0.03,30,0.45,0.1,50,0.043,2,0.662,0.5983920876650014
76,random,uniform,degree,76726,1000,2975,0.03,30,0.45,0.1,50,0.045,3,0.661,0.5823566162044292
77,random,uniform,degree,77735,1000,3036,0.03,30,0.45,0.1,50,0.041,1,0.659,0.5929211189805835
78,random,uniform,degree,78744,1000,2826,0.03,30,0.45,0.1,50,0.052,2,0.669,0.5930194993956477
79,random,uniform,degree,79753,1000,3004,0.03,30,0.45,0.1,50,0.048,2,0.663,0.5817830397132806
80,random,uniform,degree,80762,1000,3066,0.03,30,0.45,0.1,50,0.048,3,0.636,0.5566886608773283
101,random,uniform,degree,101951,1000,3040,0.03,30,0.45,0.1,50,0.044,2,0.659,0.5833837549515264
102,random,uniform,degree,102960,1000,2965,0.03,30,0.45,0.1,50,0.042,2,0.657,0.6076990354125953
103,random,uniform,degree,103969,1000,2958,0.03,30,0.45,0.1,50,0.051,2,0.639,0.5578818339156629
104,random,uniform,degree,104978,1000,2951,0.03,30,0.45,0.1,50,0.053,4,0.646,0.5585043848794902
105,random,uniform,degree,105987,1000,3050,0.03,30,0.45,0.1,50,0.042,1,0.654,0.5834982036104229
106,random,uniform,degree,106996,1000,3038,0.03,30,0.45,0.1,50,0.04,2,0.663,0.6000366578079973
107,random,uniform,degree,108005,1000,3064,0.03,30,0.45,0.1,50,0.048,3,0.637,0.5478828244858684
108,random,uniform,degree,109014,1000,2992,0.03,30,0.45,0.1,50,0.043,1,0.657,0.5948780427344577
109,random,uniform,degree,110023,1000,3000,0.03,30,0.45,0.1,50,0.038,1,0.668,0.617625833520689
110,random,uniform,degree,111032,1000,3104,0.03,30,0.45,0.1,50,0.047,2,0.649,0.5616652343433707
111,random,uniform,degree,112041,1000,3019,0.03,30,0.45,0.1,50,0.044,2,0.678,0.6107015334221274
112,random,uniform,degree,113050,1000,2996,0.03,30,0.45,0.1,50,0.048,2,0.669,0.5844328418598504
113,random,uniform,degree,114059,1000,3006,0.03,30,0.45,0.1,50,0.047,2,0.657,0.5758058432418326
114,random,uniform,degree,115068,1000,3039,0.03,30,0.45,0.1,50,0.04,2,0.669,0.5954285424683246
115,random,uniform,degree,116077,1000,3035,0.03,30,0.45,0.1,50,0.05,2,0.655,0.5539614619162845
116,random,uniform,degree,117086,1000,3037,0.03,30,0.45,0.1,50,0.049,4,0.636,0.5586427947005301
117,random,uniform,degree,118095,1000,2997,0.03,30,0.45,0.1,50,0.049,2,0.662,0.5728181812912302
118,random,uniform,degree,119104,1000,3017,0.03,30,0.45,0.1,50,0.051,2,0.654,0.5587050964915101
119,random,uniform,degree,120113,1000,3018,0.03,30,0.45,0.1,50,0.043,2,0.654,0.592701346412752
120,random,uniform,degree,121122,1000,3076,0.03,30,0.45,0.1,50,0.056,4,0.632,0.5220548507600363
81,random,uniform,degree,81771,1000,2980,0.03,30,0.45,0.1,50,0.055,2,0.653,0.547504684648572
82,random,uniform,degree,82780,1000,3018,0.03,30,0.45,0.1,50,0.045,2,0.657,0.5809066232822173
83,random,uniform,degree,83789,1000,2974,0.03,30,0.45,0.1,50,0.047,2,0.649,0.573895803687362
84,random,uniform,degree,84798,1000,2968,0.03,30,0.45,0.1,50,0.054,2,0.643,0.5415790743278464
85,random,uniform,degree,85807,1000,2931,0.03,30,0.45,0.1,50,0.05,2,0.656,0.5724866478815751
86,random,uniform,degree,86816,1000,3084,0.03,30,0.45,0.1,50,0.044,2,0.647,0.5763485583337322
87,random,uniform,degree,87825,1000,2930,0.03,30,0.45,0.1,50,0.057,2,0.639,0.5329498841397645
88,random,uniform,degree,88834,1000,3014,0.03,30,0.45,0.1,50,0.048,3,0.636,0.5639984897724011
89,random,uniform,degree,89843,1000,2990,0.03,30,0.45,0.1,50,0.053,3,0.638,0.536511515957576
90,random,uniform,degree,90852,1000,3029,0.03,30,0.45,0.1,50,0.038,2,0.655,0.6160590704245068
91,random,uniform,degree,91861,1000,2972,0.03,30,0.45,0.1,50,0.053,3,0.646,0.5418258325772372
92,random,uniform,degree,92870,1000,3027,0.03,30,0.45,0.1,50,0.044,2,0.656,0.5841241100255123
93,random,uniform,degree,93879,1000,2928,0.03,30,0.45,0.1,50,0.047,3,0.639,0.5800718187871454
94,random,uniform,degree,94888,1000,2992,0.03,30,0.45,0.1,50,0.041,2,0.67,0.6100247984038712
95,random,uniform,degree,95897,1000,2999,0.03,30,0.45,0.1,50,0.05,2,0.655,0.5673562663656074
96,random,uniform,degree,96906,1000,3039,0.03,30,0.45,0.1,50,0.042,2,0.655,0.5926477543094709
97,random,uniform,degree,97915,1000,3045,0.03,30,0.45,0.1,50,0.051,2,0.652,0.5487975958220263
98,random,uniform,degree,98924,1000,3049,0.03,30,0.45,0.1,50,0.043,2,0.647,0.5647671685256463
99,random,uniform,degree,99933,1000,3065,0.03,30,0.45,0.1,50,0.046,3,0.671,0.5695994069559922
100,random,uniform,degree,100942,1000,3026,0.03,30,0.45,0.1,50,0.044,2,0.644,0.5835919554699384
41,random,uniform,degree,41411,1000,2932,0.03,30,0.45,0.1,50,0.053,2,0.644,0.5589847541590355
42,random,uniform,degree,42420,1000,2992,0.03,30,0.45,0.1,50,0.047,2,0.651,0.5692623294770094
43,random,uniform,degree,43429,1000,2998,0.03,30,0.45,0.1,50,0.052,3,0.653,0.5543342862409105
44,random,uniform,degree,44438,1000,3092,0.03,30,0.45,0.1,50,0.046,2,0.646,0.5597212620527533
45,random,uniform,degree,45447,1000,2919,0.03,30,0.45,0.1,50,0.052,2,0.651,0.5669462038329403
46,random,uniform,degree,46456,1000,3048,0.03,30,0.45,0.1,50,0.048,3,0.651,0.560059898753621
47,random,uniform,degree,47465,1000,3000,0.03,30,0.45,0.1,50,0.059,3,0.628,0.511042044524777
48,random,uniform,degree,48474,1000,3006,0.03,30,0.45,0.1,50,0.04,1,0.672,0.6030618786605823
49,random,uniform,degree,49483,1000,3035,0.03,30,0.45,0.1,50,0.048,2,0.64,0.5546135070131132
50,random,uniform,degree,50492,1000,3040,0.03,30,0.45,0.1,50,0.042,1,0.648,0.5919127821214955
51,random,uniform,degree,51501,1000,3037,0.03,30,0.45,0.1,50,0.04,2,0.662,0.5955653775241455
52,random,uniform,degree,52510,1000,3045,0.03,30,0.45,0.1,50,0.045,1,0.65,0.5750392894109706
53,random,uniform,degree,53519,1000,3126,0.03,30,0.45,0.1,50,0.05,2,0.642,0.549045301628014
54,random,uniform,degree,54528,1000,2987,0.03,30,0.45,0.1,50,0.051,2,0.642,0.5408862136737572
55,random,uniform,degree,55537,1000,3016,0.03,30,0.45,0.1,50,0.044,3,0.649,0.5926732166940072
56,random,uniform,degree,56546,1000,3133,0.03,30,0.45,0.1,50,0.039,1,0.658,0.5946203109811253
57,random,uniform,degree,57555,1000,2996,0.03,30,0.45,0.1,50,0.051,3,0.646,0.5452906337101414
58,random,uniform,degree,58564,1000,3021,0.03,30,0.45,0.1,50,0.052,2,0.649,0.5492987978654367
59,random,uniform,degree,59573,1000,3053,0.03,30,0.45,0.1,50,0.048,4,0.648,0.5558636646574391
60,random,uniform,degree,60582,1000,3048,0.03,30,0.45,0.1,50,0.045,1,0.672,0.5877983240100646
121,random,uniform,degree,122131,1000,3038,0.03,30,0.45,0.1,50,0.05,2,0.651,0.5467925798989427
122,random,uniform,degree,123140,1000,2991,0.03,30,0.45,0.1,50,0.043,2,0.674,0.5999825614528991
123,random,uniform,degree,124149,1000,3009,0.03,30,0.45,0.1,50,0.047,2,0.654,0.5689994964996137
124,random,uniform,degree,125158,1000,3047,0.03,30,0.45,0.1,50,0.052,2,0.643,0.5187691002620972
125,random,uniform,degree,126167,1000,2971,0.03,30,0.45,0.1,50,0.046,3,0.672,0.5935522867579676
126,random,uniform,degree,127176,1000,3019,0.03,30,0.45,0.1,50,0.044,3,0.657,0.5825962359466047
127,random,uniform,degree,128185,1000,2956,0.03,30,0.45,0.1,50,0.048,3,0.654,0.5902089032336243
128,random,uniform,degree,129194,1000,3022,0.03,30,0.45,0.1,50,0.044,2,0.66,0.5770339393676336
129,random,uniform,degree,130203,1000,3071,0.03,30,0.45,0.1,50,0.054,3,0.623,0.5258016762613358
130,random,uniform,degree,131212,1000,2954,0.03,30,0.45,0.1,50,0.047,2,0.65,0.5860928737636967
131,random,uniform,degree,132221,1000,2977,0.03,30,0.45,0.1,50,0.058,3,0.659,0.5312767495716179
132,random,uniform,degree,133230,1000,3010,0.03,30,0.45,0.1,50,0.056,3,0.641,0.5350665745810002
133,random,uniform,degree,134239,1000,3062,0.03,30,0.45,0.1,50,0.051,3,0.646,0.540400825195282
134,random,uniform,degree,135248,1000,2952,0.03,30,0.45,0.1,50,0.048,3,0.649,0.5824839838892133
135,random,uniform,degree,136257,1000,3092,0.03,30,0.45,0.1,50,0.041,2,0.642,0.577864705186703
136,random,uniform,degree,137266,1000,3004,0.03,30,0.45,0.1,50,0.056,3,0.621,0.5097839648791983
137,random,uniform,degree,138275,1000,3034,0.03,30,0.45,0.1,50,0.047,2,0.654,0.5750764022413773
138,random,uniform,degree,139284,1000,2978,0.03,30,0.45,0.1,50,0.046,1,0.655,0.5913871382911445
139,random,uniform,degree,140293,1000,3125,0.03,30,0.45,0.1,50,0.046,2,0.642,0.5559206090730641
140,random,uniform,degree,141302,1000,3039,0.03,30,0.45,0.1,50,0.046,4,0.64,0.5724566064075048
21,random,uniform,degree,21231,1000,3089,0.03,30,0.45,0.1,50,0.045,3,0.659,0.5668382681818841
22,random,uniform,degree,22240,1000,3033,0.03,30,0.45,0.1,50,0.042,1,0.672,0.6075246292595169
23,random,uniform,degree,23249,1000,3006,0.03,30,0.45,0.1,50,0.052,3,0.654,0.5478797208038404
24,random,uniform,degree,24258,1000,3117,0.03,30,0.45,0.1,50,0.04,1,0.667,0.5904644827674261
25,random,uniform,degree,25267,1000,2969,0.03,30,0.45,0.1,50,0.043,2,0.672,0.6119486290227059
26,random,uniform,degree,26276,1000,2985,0.03,30,0.45,0.1,50,0.045,3,0.661,0.580465113947882
27,random,uniform,degree,27285,1000,3086,0.03,30,0.45,0.1,50,0.048,2,0.643,0.5482367674863449
28,random,uniform,degree,28294,1000,3089,0.03,30,0.45,0.1,50,0.044,2,0.639,0.5698484279640206
29,random,uniform,degree,29303,1000,2942,0.03,30,0.45,0.1,50,0.044,3,0.675,0.6081554979159832
30,random,uniform,degree,30312,1000,2900,0.03,30,0.45,0.1,50,0.043,2,0.658,0.587266900021958
31,random,uniform,degree,31321,1000,3005,0.03,30,0.45,0.1,50,0.047,1,0.648,0.5661397440872175
32,random,uniform,degree,32330,1000,2972,0.03,30,0.45,0.1,50,0.045,1,0.663,0.6022025331203816
33,random,uniform,degree,33339,1000,3050,0.03,30,0.45,0.1,50,0.042,2,0.647,0.5856310264184446
34,random,uniform,degree,34348,1000,3053,0.03,30,0.45,0.1,50,0.052,2,0.651,0.5555709512107259
35,random,uniform,degree,35357,1000,3039,0.03,30,0.45,0.1,50,0.051,4,0.638,0.5457850579274639
36,random,uniform,degree,36366,1000,3016,0.03,30,0.45,0.1,50,0.045,3,0.659,0.5828986547779222
37,random,uniform,degree,37375,1000,2978,0.03,30,0.45,0.1,50,0.051,3,0.641,0.5495036480841544
38,random,uniform,degree,38384,1000,3036,0.03,30,0.45,0.1,50,0.045,2,0.657,0.5911560507520767
39,random,uniform,degree,39393,1000,3000,0.03,30,0.45,0.1,50,0.047,3,0.653,0.563848084814399
40,random,uniform,degree,40402,1000,2961,0.03,30,0.45,0.1,50,0.045,2,0.654,0.5869470418890856
161,random,uniform,degree,162491,1000,3026,0.03,30,0.45,0.1,50,0.045,2,0.657,0.5768177173612288
162,random,uniform,degree,163500,1000,3087,0.03,30,0.45,0.1,50,0.049,3,0.624,0.5452789765823197
163,random,uniform,degree,164509,1000,3039,0.03,30,0.45,0.1,50,0.048,2,0.645,0.5598013073953431
164,random,uniform,degree,165518,1000,3012,0.03,30,0.45,0.1,50,0.053,2,0.666,0.5588088399423802
165,random,uniform,degree,166527,1000,3028,0.03,30,0.45,0.1,50,0.047,2,0.657,0.5784509110532844
166,random,uniform,degree,167536,1000,2956,0.03,30,0.45,0.1,50,0.041,1,0.672,0.6053553511625595
167,random,uniform,degree,168545,1000,3068,0.03,30,0.45,0.1,50,0.052,3,0.63,0.5257407696549373
168,random,uniform,degree,169554,1000,3018,0.03,30,0.45,0.1,50,0.051,2,0.654,0.5565131954212463
169,random,uniform,degree,170563,1000,3046,0.03,30,0.45,0.1,50,0.052,2,0.636,0.5344794696945596
170,random,uniform,degree,171572,1000,3096,0.03,30,0.45,0.1,50,0.041,1,0.661,0.6089567711480076
171,random,uniform,degree,172581,1000,3017,0.03,30,0.45,0.1,50,0.041,3,0.665,0.6080928973063908
172,random,uniform,degree,173590,1000,3044,0.03,30,0.45,0.1,50,0.044,3,0.647,0.5727944548328502
173,random,uniform,degree,174599,1000,3005,0.03,30,0.45,0.1,50,0.051,2,0.64,0.5549910570962603
174,random,uniform,degree,175608,1000,2994,0.03,30,0.45,0.1,50,0.043,2,0.668,0.5904769244386304
175,random,uniform,degree,176617,1000,2953,0.03,30,0.45,0.1,50,0.051,3,0.645,0.557405744671909
176,random,uniform,degree,177626,1000,2980,0.03,30,0.45,0.1,50,0.043,2,0.676,0.6200169144585541
177,random,uniform,degree,178635,1000,2968,0.03,30,0.45,0.1,50,0.06,3,0.623,0.5129827728867751
178,random,uniform,degree,179644,1000,3017,0.03,30,0.45,0.1,50,0.05,3,0.64,0.5476471599411524
179,random,uniform,degree,180653,1000,3124,0.03,30,0.45,0.1,50,0.047,2,0.639,0.5466268504707871
180,random,uniform,degree,181662,1000,3058,0.03,30,0.45,0.1,50,0.044,2,0.662,0.5837948961771465
201,scale_free,uniform,degree,202851,1000,2991,0.03,30,0.45,0.1,50,0.333,17,0.163,9.080739542789818e-05
202,scale_free,uniform,degree,203860,1000,2991,0.03,30,0.45,0.1,50,0.207,6,0.253,0.005056128512408279
203,scale_free,uniform,degree,204869,1000,2991,0.03,30,0.45,0.1,50,1.0,24,0.0,0.0
204,scale_free,uniform,degree,205878,1000,2991,0.03,30,0.45,0.1,50,0.285,11,0.183,0.0007764158347560308
205,scale_free,uniform,degree,206887,1000,2991,0.03,30,0.45,0.1,50,1.0,30,0.0,0.0
206,scale_free,uniform,degree,207896,1000,2991,0.03,30,0.45,0.1,50,0.275,10,0.193,0.0010762626569448997
207,scale_free,uniform,degree,208905,1000,2991,0.03,30,0.45,0.1,50,1.0,39,0.0,0.0
208,scale_free,uniform,degree,209914,1000,2991,0.03,30,0.45,0.1,50,1.0,32,0.0,0.0
209,scale_free,uniform,degree,210923,1000,2991,0.03,30,0.45,0.1,50,0.256,9,0.231,0.0012769260003155183
210,scale_free,uniform,degree,211932,1000,2991,0.03,30,0.45,0.1,50,1.0,23,0.0,0.0
211,scale_free,uniform,degree,212941,1000,2991,0.03,30,0.45,0.1,50,0.29,8,0.196,0.0007268601508931962
212,scale_free,uniform,degree,213950,1000,2991,0.03,30,0.45,0.1,50,0.429,31,0.116,0.0
213,scale_free,uniform,degree,214959,1000,2991,0.03,30,0.45,0.1,50,0.363,16,0.154,0.0
214,scale_free,uniform,degree,215968,1000,2991,0.03,30,0.45,0.1,50,1.0,18,0.0,0.0
215,scale_free,uniform,degree,216977,1000,2991,0.03,30,0.45,0.1,50,1.0,24,0.0,0.0
216,scale_free,uniform,degree,217986,1000,2991,0.03,30,0.45,0.1,50,0.275,24,0.188,0.0006946455552345412
217,scale_free,uniform,degree,218995,1000,2991,0.03,30,0.45,0.1,50,0.28,9,0.183,0.0010967901375647743
218,scale_free,uniform,degree,220004,1000,2991,0.03,30,0.45,0.1,50,0.249,12,0.218,0.0018674558591914995
219,scale_free,uniform,degree,221013,1000,2991,0.03,30,0.45,0.1,50,1.0,32,0.0,0.0
220,scale_free,uniform,degree,222022,1000,2991,0.03,30,0.45,0.1,50,0.305,13,0.166,0.00040765684868937355
241,scale_free,uniform,degree,243211,1000,2991,0.03,30,0.45,0.1,50,1.0,20,0.0,0.0
242,scale_free,uniform,degree,244220,1000,2991,0.03,30,0.45,0.1,50,0.306,30,0.187,0.0006002851749491003
243,scale_free,uniform,degree,245229,1000,2991,0.03,30,0.45,0.1,50,0.221,9,0.25,0.002707363577574309
244,scale_free,uniform,degree,246238,1000,2991,0.03,30,0.45,0.1,50,0.278,13,0.211,0.00034150273874189474
245,scale_free,uniform,degree,247247,1000,2991,0.03,30,0.45,0.1,50,0.371,23,0.13,0.0
246,scale_free,uniform,degree,248256,1000,2991,0.03,30,0.45,0.1,50,1.0,32,0.0,0.0
247,scale_free,uniform,degree,249265,1000,2991,0.03,30,0.45,0.1,50,0.407,22,0.126,0.00014726375167498806
248,scale_free,uniform,degree,250274,1000,2991,0.03,30,0.45,0.1,50,1.0,28,0.0,0.0
249,scale_free,uniform,degree,251283,1000,2991,0.03,30,0.45,0.1,50,1.0,25,0.0,0.0
250,scale_free,uniform,degree,252292,1000,2991,0.03,30,0.45,0.1,50,0.415,25,0.11,0.0
251,scale_free,uniform,degree,253301,1000,2991,0.03,30,0.45,0.1,50,1.0,23,0.0,0.0
252,scale_free,uniform,degree,254310,1000,2991,0.03,30,0.45,0.1,50,1.0,20,0.0,0.0
253,scale_free,uniform,degree,255319,1000,2991,0.03,30,0.45,0.1,50,1.0,19,0.0,0.0
254,scale_free,uniform,degree,256328,1000,2991,0.03,30,0.45,0.1,50,1.0,25,0.0,0.0
255,scale_free,uniform,degree,257337,1000,2991,0.03,30,0.45,0.1,50,0.198,6,0.266,0.0084665921284266
256,scale_free,uniform,degree,258346,1000,2991,0.03,30,0.45,0.1,50,0.269,9,0.181,0.0007415050584491001
257,scale_free,uniform,degree,259355,1000,2991,0.03,30,0.45,0.1,50,1.0,36,0.0,0.0
258,scale_free,uniform,degree,260364,1000,2991,0.03,30,0.45,0.1,50,1.0,46,0.0,0.0
259,scale_free,uniform,degree,261373,1000,2991,0.03,30,0.45,0.1,50,0.329,11,0.164,9.595642545399796e-05
260,scale_free,uniform,degree,262382,1000,2991,0.03,30,0.45,0.1,50,0.405,23,0.121,0.0
221,scale_free,uniform,degree,223031,1000,2991,0.03,30,0.45,0.1,50,0.238,6,0.244,0.0017791943564599059
222,scale_free,uniform,degree,224040,1000,2991,0.03,30,0.45,0.1,50,1.0,29,0.0,0.0
223,scale_free,uniform,degree,225049,1000,2991,0.03,30,0.45,0.1,50,0.326,11,0.149,0.00017531113229357197
224,scale_free,uniform,degree,226058,1000,2991,0.03,30,0.45,0.1,50,1.0,34,0.0,0.0
225,scale_free,uniform,degree,227067,1000,2991,0.03,30,0.45,0.1,50,0.314,12,0.162,0.0006784464920774782
226,scale_free,uniform,degree,228076,1000,2991,0.03,30,0.45,0.1,50,1.0,29,0.0,0.0
227,scale_free,uniform,degree,229085,1000,2991,0.03,30,0.45,0.1,50,1.0,42,0.0,0.0
228,scale_free,uniform,degree,230094,1000,2991,0.03,30,0.45,0.1,50,0.253,9,0.215,0.0016868849005844196
229,scale_free,uniform,degree,231103,1000,2991,0.03,30,0.45,0.1,50,0.308,13,0.194,0.0008797994399613719
230,scale_free,uniform,degree,232112,1000,2991,0.03,30,0.45,0.1,50,1.0,18,0.0,0.0
231,scale_free,uniform,degree,233121,1000,2991,0.03,30,0.45,0.1,50,0.318,11,0.151,0.00019068758457036695
232,scale_free,uniform,degree,234130,1000,2991,0.03,30,0.45,0.1,50,0.253,7,0.197,0.000793076490620719
233,scale_free,uniform,degree,235139,1000,2991,0.03,30,0.45,0.1,50,1.0,33,0.0,0.0
234,scale_free,uniform,degree,236148,1000,2991,0.03,30,0.45,0.1,50,1.0,37,0.0,0.0
235,scale_free,uniform,degree,237157,1000,2991,0.03,30,0.45,0.1,50,1.0,19,0.0,0.0
236,scale_free,uniform,degree,238166,1000,2991,0.03,30,0.45,0.1,50,0.302,10,0.174,0.000463429796389727
237,scale_free,uniform,degree,239175,1000,2991,0.03,30,0.45,0.1,50,1.0,24,0.0,0.0
238,scale_free,uniform,degree,240184,1000,2991,0.03,30,0.45,0.1,50,0.373,15,0.157,0.0
239,scale_free,uniform,degree,241193,1000,2991,0.03,30,0.45,0.1,50,1.0,26,0.0,0.0
240,scale_free,uniform,degree,242202,1000,2991,0.03,30,0.45,0.1,50,0.396,38,0.124,8.226873560850345e-05
281,scale_free,uniform,degree,283571,1000,2991,0.03,30,0.45,0.1,50,0.316,16,0.178,0.00047748866941181746
282,scale_free,uniform,degree,284580,1000,2991,0.03,30,0.45,0.1,50,1.0,21,0.0,0.0
283,scale_free,uniform,degree,285589,1000,2991,0.03,30,0.45,0.1,50,1.0,36,0.0,0.0
284,scale_free,uniform,degree,286598,1000,2991,0.03,30,0.45,0.1,50,0.319,16,0.162,0.00024935056367527406
285,scale_free,uniform,degree,287607,1000,2991,0.03,30,0.45,0.1,50,1.0,19,0.0,0.0
286,scale_free,uniform,degree,288616,1000,2991,0.03,30,0.45,0.1,50,0.27,15,0.208,0.0008427663196105869
287,scale_free,uniform,degree,289625,1000,2991,0.03,30,0.45,0.1,50,1.0,19,0.0,0.0
288,scale_free,uniform,degree,290634,1000,2991,0.03,30,0.45,0.1,50,1.0,27,0.0,0.0
289,scale_free,uniform,degree,291643,1000,2991,0.03,30,0.45,0.1,50,0.304,15,0.161,0.0002178658257811008
290,scale_free,uniform,degree,292652,1000,2991,0.03,30,0.45,0.1,50,0.285,13,0.182,0.00032484752909316307
291,scale_free,uniform,degree,293661,1000,2991,0.03,30,0.45,0.1,50,0.352,17,0.147,0.0
292,scale_free,uniform,degree,294670,1000,2991,0.03,30,0.45,0.1,50,0.296,9,0.174,0.0007376217822528804
293,scale_free,uniform,degree,295679,1000,2991,0.03,30,0.45,0.1,50,0.345,15,0.159,3.851032111589714e-05
294,scale_free,uniform,degree,296688,1000,2991,0.03,30,0.45,0.1,50,1.0,36,0.0,0.0
295,scale_free,uniform,degree,297697,1000,2991,0.03,30,0.45,0.1,50,1.0,18,0.0,0.0
296,scale_free,uniform,degree,298706,1000,2991,0.03,30,0.45,0.1,50,1.0,30,0.0,0.0
297,scale_free,uniform,degree,299715,1000,2991,0.03,30,0.45,0.1,50,0.375,15,0.144,0.0
298,scale_free,uniform,degree,300724,1000,2991,0.03,30,0.45,0.1,50,0.328,14,0.167,0.00025377507080288865
299,scale_free,uniform,degree,301733,1000,2991,0.03,30,0.45,0.1,50,0.342,14,0.137,0.0
300,scale_free,uniform,degree,302742,1000,2991,0.03,30,0.45,0.1,50,0.269,11,0.199,0.0009240769542661932
261,scale_free,uniform,degree,263391,1000,2991,0.03,30,0.45,0.1,50,1.0,23,0.0,0.0
262,scale_free,uniform,degree,264400,1000,2991,0.03,30,0.45,0.1,50,0.268,9,0.177,0.0006933739376029246
263,scale_free,uniform,degree,265409,1000,2991,0.03,30,0.45,0.1,50,0.358,13,0.145,0.0
264,scale_free,uniform,degree,266418,1000,2991,0.03,30,0.45,0.1,50,1.0,38,0.0,0.0
265,scale_free,uniform,degree,267427,1000,2991,0.03,30,0.45,0.1,50,0.347,33,0.146,6.436120413472657e-05
266,scale_free,uniform,degree,268436,1000,2991,0.03,30,0.45,0.1,50,1.0,20,0.0,0.0
267,scale_free,uniform,degree,269445,1000,2991,0.03,30,0.45,0.1,50,1.0,26,0.0,0.0
268,scale_free,uniform,degree,270454,1000,2991,0.03,30,0.45,0.1,50,0.364,14,0.138,0.0
269,scale_free,uniform,degree,271463,1000,2991,0.03,30,0.45,0.1,50,1.0,19,0.0,0.0
270,scale_free,uniform,degree,272472,1000,2991,0.03,30,0.45,0.1,50,1.0,20,0.0,0.0
271,scale_free,uniform,degree,273481,1000,2991,0.03,30,0.45,0.1,50,1.0,36,0.0,0.0
272,scale_free,uniform,degree,274490,1000,2991,0.03,30,0.45,0.1,50,1.0,21,0.0,0.0
273,scale_free,uniform,degree,275499,1000,2991,0.03,30,0.45,0.1,50,0.225,8,0.228,0.002767222032549439
274,scale_free,uniform,degree,276508,1000,2991,0.03,30,0.45,0.1,50,0.336,20,0.161,0.00028960003584985525
275,scale_free,uniform,degree,277517,1000,2991,0.03,30,0.45,0.1,50,1.0,25,0.0,0.0
276,scale_free,uniform,degree,278526,1000,2991,0.03,30,0.45,0.1,50,0.449,29,0.093,0.0
277,scale_free,uniform,degree,279535,1000,2991,0.03,30,0.45,0.1,50,0.259,9,0.192,0.0015008939947951526
278,scale_free,uniform,degree,280544,1000,2991,0.03,30,0.45,0.1,50,0.279,10,0.169,0.001521559720371666
279,scale_free,uniform,degree,281553,1000,2991,0.03,30,0.45,0.1,50,1.0,31,0.0,0.0
280,scale_free,uniform,degree,282562,1000,2991,0.03,30,0.45,0.1,50,1.0,23,0.0,0.0
301,scale_free,uniform,degree,303751,1000,2991,0.03,30,0.45,0.1,50,0.307,10,0.17,0.00045565165015350553
302,scale_free,uniform,degree,304760,1000,2991,0.03,30,0.45,0.1,50,0.365,13,0.148,3.179786789541961e-05
303,scale_free,uniform,degree,305769,1000,2991,0.03,30,0.45,0.1,50,0.191,7,0.258,0.00775690509293611
304,scale_free,uniform,degree,306778,1000,2991,0.03,30,0.45,0.1,50,0.258,19,0.2,0.002155766955822315
305,scale_free,uniform,degree,307787,1000,2991,0.03,30,0.45,0.1,50,0.276,12,0.201,0.0017280285571537263
306,scale_free,uniform,degree,308796,1000,2991,0.03,30,0.45,0.1,50,0.299,14,0.173,4.39995568852376e-05
307,scale_free,uniform,degree,309805,1000,2991,0.03,30,0.45,0.1,50,0.32,20,0.173,0.0003111042180015976
308,scale_free,uniform,degree,310814,1000,2991,0.03,30,0.45,0.1,50,0.369,16,0.129,0.00013541190849472028
309,scale_free,uniform,degree,311823,1000,2991,0.03,30,0.45,0.1,50,1.0,26,0.0,0.0
310,scale_free,uniform,degree,312832,1000,2991,0.03,30,0.45,0.1,50,0.309,10,0.199,0.0008026006889810688
311,scale_free,uniform,degree,313841,1000,2991,0.03,30,0.45,0.1,50,0.296,8,0.193,0.0006698034770809829
312,scale_free,uniform,degree,314850,1000,2991,0.03,30,0.45,0.1,50,0.382,20,0.137,0.00021849263833635646
313,scale_free,uniform,degree,315859,1000,2991,0.03,30,0.45,0.1,50,0.308,17,0.178,0.0004217412867311341
314,scale_free,uniform,degree,316868,1000,2991,0.03,30,0.45,0.1,50,1.0,27,0.0,0.0
315,scale_free,uniform,degree,317877,1000,2991,0.03,30,0.45,0.1,50,0.326,16,0.153,0.00012813022714061684
316,scale_free,uniform,degree,318886,1000,2991,0.03,30,0.45,0.1,50,0.259,11,0.201,0.000940927970287713
317,scale_free,uniform,degree,319895,1000,2991,0.03,30,0.45,0.1,50,1.0,22,0.0,0.0
318,scale_free,uniform,degree,320904,1000,2991,0.03,30,0.45,0.1,50,1.0,29,0.0,0.0
319,scale_free,uniform,degree,321913,1000,2991,0.03,30,0.45,0.1,50,1.0,37,0.0,0.0
320,scale_free,uniform,degree,322922,1000,2991,0.03,30,0.45,0.1,50,0.316,16,0.18,0.0004629877016301069
341,scale_free,uniform,degree,344111,1000,2991,0.03,30,0.45,0.1,50,1.0,26,0.0,0.0
342,scale_free,uniform,degree,345120,1000,2991,0.03,30,0.45,0.1,50,0.359,17,0.138,0.0
343,scale_free,uniform,degree,346129,1000,2991,0.03,30,0.45,0.1,50,1.0,24,0.0,0.0
344,scale_free,uniform,degree,347138,1000,2991,0.03,30,0.45,0.1,50,0.27,7,0.191,0.0007409236615893842
345,scale_free,uniform,degree,348147,1000,2991,0.03,30,0.45,0.1,50,1.0,25,0.0,0.0
346,scale_free,uniform,degree,349156,1000,2991,0.03,30,0.45,0.1,50,0.295,13,0.197,0.001034243579262394
347,scale_free,uniform,degree,350165,1000,2991,0.03,30,0.45,0.1,50,1.0,23,0.0,0.0
348,scale_free,uniform,degree,351174,1000,2991,0.03,30,0.45,0.1,50,1.0,24,0.0,0.0
349,scale_free,uniform,degree,352183,1000,2991,0.03,30,0.45,0.1,50,0.297,20,0.184,0.00011668157028486225
350,scale_free,uniform,degree,353192,1000,2991,0.03,30,0.45,0.1,50,1.0,24,0.0,0.0
351,scale_free,uniform,degree,354201,1000,2991,0.03,30,0.45,0.1,50,0.363,16,0.162,0.00013648639378201278
352,scale_free,uniform,degree,355210,1000,2991,0.03,30,0.45,0.1,50,0.313,13,0.155,5.577830258264083e-05
353,scale_free,uniform,degree,356219,1000,2991,0.03,30,0.45,0.1,50,1.0,22,0.0,0.0
354,scale_free,uniform,degree,357228,1000,2991,0.03,30,0.45,0.1,50,0.278,11,0.192,0.001292141323841676
355,scale_free,uniform,degree,358237,1000,2991,0.03,30,0.45,0.1,50,0.304,11,0.168,0.0003841682953522617
356,scale_free,uniform,degree,359246,1000,2991,0.03,30,0.45,0.1,50,1.0,30,0.0,0.0
357,scale_free,uniform,degree,360255,1000,2991,0.03,30,0.45,0.1,50,0.371,19,0.134,0.00017484125538718442
358,scale_free,uniform,degree,361264,1000,2991,0.03,30,0.45,0.1,50,0.38,14,0.14,0.0
359,scale_free,uniform,degree,362273,1000,2991,0.03,30,0.45,0.1,50,0.307,14,0.171,9.732257725079407e-05
360,scale_free,uniform,degree,363282,1000,2991,0.03,30,0.45,0.1,50,0.254,9,0.24,0.0010894309675961225
321,scale_free,uniform,degree,323931,1000,2991,0.03,30,0.45,0.1,50,1.0,18,0.0,0.0
322,scale_free,uniform,degree,324940,1000,2991,0.03,30,0.45,0.1,50,1.0,34,0.0,0.0
323,scale_free,uniform,degree,325949,1000,2991,0.03,30,0.45,0.1,50,0.315,14,0.152,2.9421386210014112e-05
324,scale_free,uniform,degree,326958,1000,2991,0.03,30,0.45,0.1,50,0.343,19,0.157,5.6447304013284236e-05
325,scale_free,uniform,degree,327967,1000,2991,0.03,30,0.45,0.1,50,0.353,12,0.16,0.0
326,scale_free,uniform,degree,328976,1000,2991,0.03,30,0.45,0.1,50,1.0,23,0.0,0.0
327,scale_free,uniform,degree,329985,1000,2991,0.03,30,0.45,0.1,50,1.0,38,0.0,0.0
328,scale_free,uniform,degree,330994,1000,2991,0.03,30,0.45,0.1,50,1.0,29,0.0,0.0
329,scale_free,uniform,degree,332003,1000,2991,0.03,30,0.45,0.1,50,0.325,10,0.171,0.00027672907762386055
330,scale_free,uniform,degree,333012,1000,2991,0.03,30,0.45,0.1,50,1.0,22,0.0,0.0
331,scale_free,uniform,degree,334021,1000,2991,0.03,30,0.45,0.1,50,1.0,42,0.0,0.0
332,scale_free,uniform,degree,335030,1000,2991,0.03,30,0.45,0.1,50,1.0,22,0.0,0.0
333,scale_free,uniform,degree,336039,1000,2991,0.03,30,0.45,0.1,50,0.261,13,0.221,0.0023262789251622426
334,scale_free,uniform,degree,337048,1000,2991,0.03,30,0.45,0.1,50,0.336,16,0.148,0.0
335,scale_free,uniform,degree,338057,1000,2991,0.03,30,0.45,0.1,50,1.0,27,0.0,0.0
336,scale_free,uniform,degree,339066,1000,2991,0.03,30,0.45,0.1,50,0.269,10,0.194,0.0012609232660021647
337,scale_free,uniform,degree,340075,1000,2991,0.03,30,0.45,0.1,50,0.316,11,0.174,9.311463272602216e-05
338,scale_free,uniform,degree,341084,1000,2991,0.03,30,0.45,0.1,50,1.0,41,0.0,0.0
339,scale_free,uniform,degree,342093,1000,2991,0.03,30,0.45,0.1,50,1.0,24,0.0,0.0
340,scale_free,uniform,degree,343102,1000,2991,0.03,30,0.45,0.1,50,0.3,12,0.167,0.0006070213350292412
361,scale_free,uniform,degree,364291,1000,2991,0.03,30,0.45,0.1,50,0.269,8,0.188,0.0008932508330978842
362,scale_free,uniform,degree,365300,1000,2991,0.03,30,0.45,0.1,50,0.273,9,0.199,0.0007519637481654386
363,scale_free,uniform,degree,366309,1000,2991,0.03,30,0.45,0.1,50,1.0,31,0.0,0.0
364,scale_free,uniform,degree,367318,1000,2991,0.03,30,0.45,0.1,50,0.29,9,0.175,0.00019830656000918012
365,scale_free,uniform,degree,368327,1000,2991,0.03,30,0.45,0.1,50,0.305,15,0.157,0.000669548166725042
366,scale_free,uniform,degree,369336,1000,2991,0.03,30,0.45,0.1,50,0.268,20,0.199,0.0012699083078486458
367,scale_free,uniform,degree,370345,1000,2991,0.03,30,0.45,0.1,50,1.0,22,0.0,0.0
368,scale_free,uniform,degree,371354,1000,2991,0.03,30,0.45,0.1,50,1.0,21,0.0,0.0
369,scale_free,uniform,degree,372363,1000,2991,0.03,30,0.45,0.1,50,0.284,8,0.187,0.0011085868425537034
370,scale_free,uniform,degree,373372,1000,2991,0.03,30,0.45,0.1,50,1.0,14,0.0,0.0
371,scale_free,uniform,degree,374381,1000,2991,0.03,30,0.45,0.1,50,1.0,42,0.0,0.0
372,scale_free,uniform,degree,375390,1000,2991,0.03,30,0.45,0.1,50,0.292,10,0.171,0.0010257407593610322
373,scale_free,uniform,degree,376399,1000,2991,0.03,30,0.45,0.1,50,0.25,13,0.213,0.0019027831832945528
374,scale_free,uniform,degree,377408,1000,2991,0.03,30,0.45,0.1,50,0.295,9,0.193,0.0001706424049331554
375,scale_free,uniform,degree,378417,1000,2991,0.03,30,0.45,0.1,50,1.0,36,0.0,0.0
376,scale_free,uniform,degree,379426,1000,2991,0.03,30,0.45,0.1,50,1.0,27,0.0,0.0
377,scale_free,uniform,degree,380435,1000,2991,0.03,30,0.45,0.1,50,0.33,10,0.175,0.00044089870717758895
378,scale_free,uniform,degree,381444,1000,2991,0.03,30,0.45,0.1,50,0.24,8,0.229,0.0025447399820479823
379,scale_free,uniform,degree,382453,1000,2991,0.03,30,0.45,0.1,50,0.269,11,0.19,0.0011854231122065055
380,scale_free,uniform,degree,383462,1000,2991,0.03,30,0.45,0.1,50,1.0,23,0.0,0.0
381,scale_free,uniform,degree,384471,1000,2991,0.03,30,0.45,0.1,50,0.377,28,0.127,0.00011276945004283845
382,scale_free,uniform,degree,385480,1000,2991,0.03,30,0.45,0.1,50,0.35,16,0.149,0.0
383,scale_free,uniform,degree,386489,1000,2991,0.03,30,0.45,0.1,50,0.31,10,0.178,0.0
384,scale_free,uniform,degree,387498,1000,2991,0.03,30,0.45,0.1,50,0.265,8,0.169,0.00045207565020495143
385,scale_free,uniform,degree,388507,1000,2991,0.03,30,0.45,0.1,50,0.333,14,0.179,0.0005489223769507371
386,scale_free,uniform,degree,389516,1000,2991,0.03,30,0.45,0.1,50,0.294,11,0.183,0.00014846050856117144
387,scale_free,uniform,degree,390525,1000,2991,0.03,30,0.45,0.1,50,1.0,25,0.0,0.0
388,scale_free,uniform,degree,391534,1000,2991,0.03,30,0.45,0.1,50,1.0,20,0.0,0.0
389,scale_free,uniform,degree,392543,1000,2991,0.03,30,0.45,0.1,50,0.442,26,0.107,0.0
390,scale_free,uniform,degree,393552,1000,2991,0.03,30,0.45,0.1,50,1.0,32,0.0,0.0
391,scale_free,uniform,degree,394561,1000,2991,0.03,30,0.45,0.1,50,1.0,25,0.0,0.0
392,scale_free,uniform,degree,395570,1000,2991,0.03,30,0.45,0.1,50,0.313,12,0.174,0.0005339044133280455
393,scale_free,uniform,degree,396579,1000,2991,0.03,30,0.45,0.1,50,1.0,20,0.0,0.0
394,scale_free,uniform,degree,397588,1000,2991,0.03,30,0.45,0.1,50,1.0,42,0.0,0.0
395,scale_free,uniform,degree,398597,1000,2991,0.03,30,0.45,0.1,50,1.0,36,0.0,0.0
396,scale_free,uniform,degree,399606,1000,2991,0.03,30,0.45,0.1,50,1.0,27,0.0,0.0
397,scale_free,uniform,degree,400615,1000,2991,0.03,30,0.45,0.1,50,0.297,16,0.182,0.0005889984142627573
398,scale_free,uniform,degree,401624,1000,2991,0.03,30,0.45,0.1,50,1.0,30,0.0,0.0
399,scale_free,uniform,degree,402633,1000,2991,0.03,30,0.45,0.1,50,1.0,30,0.0,0.0
400,scale_free,uniform,degree,403642,1000,2991,0.03,30,0.45,0.1,50,1.0,40,0.0,0.0
401,small_world,uniform,degree,404651,1000,3000,0.03,30,0.45,0.1,50,0.05,9,0.753,0.8176607972623798
402,small_world,uniform,degree,405660,1000,3000,0.03,30,0.45,0.1,50,0.056,10,0.767,0.8094869784075043
403,small_world,uniform,degree,406669,1000,3000,0.03,30,0.45,0.1,50,0.041,2,0.754,0.8379765789191744
404,small_world,uniform,degree,407678,1000,3000,0.03,30,0.45,0.1,50,0.047,10,0.76,0.8331421783067507
405,small_world,uniform,degree,408687,1000,3000,0.03,30,0.45,0.1,50,0.031,1,0.763,0.8632863652577242
406,small_world,uniform,degree,409696,1000,3000,0.03,30,0.45,0.1,50,0.035,2,0.745,0.8408244035203173
407,small_world,uniform,degree,410705,1000,3000,0.03,30,0.45,0.1,50,0.036,5,0.757,0.8478595641825986
408,small_world,uniform,degree,411714,1000,3000,0.03,30,0.45,0.1,50,0.064,11,0.779,0.8068077252905175
409,small_world,uniform,degree,412723,1000,3000,0.03,30,0.45,0.1,50,0.069,9,0.737,0.786724657835931
410,small_world,uniform,degree,413732,1000,3000,0.03,30,0.45,0.1,50,0.059,7,0.774,0.8221275321462617
411,small_world,uniform,degree,414741,1000,3000,0.03,30,0.45,0.1,50,0.055,11,0.735,0.8096253045379395
412,small_world,uniform,degree,415750,1000,3000,0.03,30,0.45,0.1,50,0.044,4,0.757,0.8194622755476301
413,small_world,uniform,degree,416759,1000,3000,0.03,30,0.45,0.1,50,0.05,10,0.755,0.8253935586113678
414,small_world,uniform,degree,417768,1000,3000,0.03,30,0.45,0.1,50,0.046,5,0.755,0.8359731264764207
415,small_world,uniform,degree,418777,1000,3000,0.03,30,0.45,0.1,50,0.04,3,0.744,0.8352699903244115
416,small_world,uniform,degree,419786,1000,3000,0.03,30,0.45,0.1,50,0.031,1,0.748,0.8536282086403492
417,small_world,uniform,degree,420795,1000,3000,0.03,30,0.45,0.1,50,0.031,1,0.753,0.8571752069208157
418,small_world,uniform,degree,421804,1000,3000,0.03,30,0.45,0.1,50,0.042,4,0.766,0.8323183104736722
419,small_world,uniform,degree,422813,1000,3000,0.03,30,0.45,0.1,50,0.064,7,0.762,0.7976134129109621
420,small_world,uniform,degree,423822,1000,3000,0.03,30,0.45,0.1,50,0.057,6,0.743,0.8066089766357165
461,small_world,uniform,degree,465191,1000,3000,0.03,30,0.45,0.1,50,0.052,8,0.742,0.810848783155677
462,small_world,uniform,degree,466200,1000,3000,0.03,30,0.45,0.1,50,0.044,9,0.765,0.8406652450970372
463,small_world,uniform,degree,467209,1000,3000,0.03,30,0.45,0.1,50,0.052,6,0.766,0.8242618131189708
464,small_world,uniform,degree,468218,1000,3000,0.03,30,0.45,0.1,50,0.065,9,0.742,0.7916131235209611
465,small_world,uniform,degree,469227,1000,3000,0.03,30,0.45,0.1,50,0.051,3,0.756,0.8250316130976045
466,small_world,uniform,degree,470236,1000,3000,0.03,30,0.45,0.1,50,0.091,14,0.743,0.7520658987352417
467,small_world,uniform,degree,471245,1000,3000,0.03,30,0.45,0.1,50,0.047,6,0.749,0.8391833873601966
468,small_world,uniform,degree,472254,1000,3000,0.03,30,0.45,0.1,50,0.043,5,0.742,0.8167843406086839
469,small_world,uniform,degree,473263,1000,3000,0.03,30,0.45,0.1,50,0.061,10,0.776,0.8142914599674425
470,small_world,uniform,degree,474272,1000,3000,0.03,30,0.45,0.1,50,0.048,6,0.744,0.822070647785953
471,small_world,uniform,degree,475281,1000,3000,0.03,30,0.45,0.1,50,0.057,7,0.773,0.8329542394045211
472,small_world,uniform,degree,476290,1000,3000,0.03,30,0.45,0.1,50,0.058,9,0.757,0.8251430488848586
473,small_world,uniform,degree,477299,1000,3000,0.03,30,0.45,0.1,50,0.047,9,0.753,0.8345296973991149
474,small_world,uniform,degree,478308,1000,3000,0.03,30,0.45,0.1,50,0.038,6,0.762,0.8439126713498328
475,small_world,uniform,degree,479317,1000,3000,0.03,30,0.45,0.1,50,0.047,3,0.76,0.8388274601262493
476,small_world,uniform,degree,480326,1000,3000,0.03,30,0.45,0.1,50,0.038,5,0.758,0.8401335973556827
477,small_world,uniform,degree,481335,1000,3000,0.03,30,0.45,0.1,50,0.054,5,0.75,0.809526140051422
478,small_world,uniform,degree,482344,1000,3000,0.03,30,0.45,0.1,50,0.039,5,0.76,0.8511998289064812
479,small_world,uniform,degree,483353,1000,3000,0.03,30,0.45,0.1,50,0.032,1,0.771,0.8509365788041332
480,small_world,uniform,degree,484362,1000,3000,0.03,30,0.45,0.1,50,0.044,6,0.759,0.8314119531954076
441,small_world,uniform,degree,445011,1000,3000,0.03,30,0.45,0.1,50,0.058,12,0.756,0.8043887112321375
442,small_world,uniform,degree,446020,1000,3000,0.03,30,0.45,0.1,50,0.053,8,0.74,0.8144317994335527
443,small_world,uniform,degree,447029,1000,3000,0.03,30,0.45,0.1,50,0.055,8,0.756,0.8038521521168854
444,small_world,uniform,degree,448038,1000,3000,0.03,30,0.45,0.1,50,0.044,5,0.751,0.836797479754001
445,small_world,uniform,degree,449047,1000,3000,0.03,30,0.45,0.1,50,0.033,2,0.746,0.8521597414196529
446,small_world,uniform,degree,450056,1000,3000,0.03,30,0.45,0.1,50,0.032,1,0.739,0.8492334369856122
447,small_world,uniform,degree,451065,1000,3000,0.03,30,0.45,0.1,50,0.032,1,0.761,0.8567866493812598
448,small_world,uniform,degree,452074,1000,3000,0.03,30,0.45,0.1,50,0.035,2,0.747,0.8383901900655992
449,small_world,uniform,degree,453083,1000,3000,0.03,30,0.45,0.1,50,0.042,5,0.737,0.8221484042392656
450,small_world,uniform,degree,454092,1000,3000,0.03,30,0.45,0.1,50,0.039,3,0.754,0.8383282839182289
451,small_world,uniform,degree,455101,1000,3000,0.03,30,0.45,0.1,50,0.041,5,0.783,0.8519215203065867
452,small_world,uniform,degree,456110,1000,3000,0.03,30,0.45,0.1,50,0.056,5,0.775,0.8384950810334364
453,small_world,uniform,degree,457119,1000,3000,0.03,30,0.45,0.1,50,0.052,8,0.74,0.8034350199861114
454,small_world,uniform,degree,458128,1000,3000,0.03,30,0.45,0.1,50,0.039,7,0.736,0.8324515710170883
455,small_world,uniform,degree,459137,1000,3000,0.03,30,0.45,0.1,50,0.06,9,0.754,0.8162939993491665
456,small_world,uniform,degree,460146,1000,3000,0.03,30,0.45,0.1,50,0.045,4,0.739,0.8173531052768463
457,small_world,uniform,degree,461155,1000,3000,0.03,30,0.45,0.1,50,0.032,1,0.748,0.8503385685538467
458,small_world,uniform,degree,462164,1000,3000,0.03,30,0.45,0.1,50,0.05,11,0.769,0.834456117747371
459,small_world,uniform,degree,463173,1000,3000,0.03,30,0.45,0.1,50,0.046,4,0.756,0.8201048797859587
460,small_world,uniform,degree,464182,1000,3000,0.03,30,0.45,0.1,50,0.041,6,0.761,0.8457289867870881
421,small_world,uniform,degree,424831,1000,3000,0.03,30,0.45,0.1,50,0.064,7,0.74,0.7830697871453667
422,small_world,uniform,degree,425840,1000,3000,0.03,30,0.45,0.1,50,0.044,6,0.748,0.8335622918018937
423,small_world,uniform,degree,426849,1000,3000,0.03,30,0.45,0.1,50,0.048,6,0.764,0.8264438916910094
424,small_world,uniform,degree,427858,1000,3000,0.03,30,0.45,0.1,50,0.055,8,0.761,0.820749760183358
425,small_world,uniform,degree,428867,1000,3000,0.03,30,0.45,0.1,50,0.05,9,0.742,0.8203177352665261
426,small_world,uniform,degree,429876,1000,3000,0.03,30,0.45,0.1,50,0.057,10,0.734,0.8005836379407901
427,small_world,uniform,degree,430885,1000,3000,0.03,30,0.45,0.1,50,0.054,6,0.762,0.8305756874416345
428,small_world,uniform,degree,431894,1000,3000,0.03,30,0.45,0.1,50,0.032,1,0.755,0.8506541929928014
429,small_world,uniform,degree,432903,1000,3000,0.03,30,0.45,0.1,50,0.032,1,0.748,0.8511828678167233
430,small_world,uniform,degree,433912,1000,3000,0.03,30,0.45,0.1,50,0.052,6,0.757,0.8148501414087644
431,small_world,uniform,degree,434921,1000,3000,0.03,30,0.45,0.1,50,0.048,7,0.732,0.8217943260658064
432,small_world,uniform,degree,435930,1000,3000,0.03,30,0.45,0.1,50,0.043,5,0.734,0.8227689610097925
433,small_world,uniform,degree,436939,1000,3000,0.03,30,0.45,0.1,50,0.053,8,0.728,0.8063099306114259
434,small_world,uniform,degree,437948,1000,3000,0.03,30,0.45,0.1,50,0.051,9,0.755,0.8276612047222234
435,small_world,uniform,degree,438957,1000,3000,0.03,30,0.45,0.1,50,0.058,10,0.768,0.8291458422341283
436,small_world,uniform,degree,439966,1000,3000,0.03,30,0.45,0.1,50,0.045,5,0.763,0.8256392087364838
437,small_world,uniform,degree,440975,1000,3000,0.03,30,0.45,0.1,50,0.05,5,0.745,0.8178004021348926
438,small_world,uniform,degree,441984,1000,3000,0.03,30,0.45,0.1,50,0.043,5,0.752,0.8242836306636775
439,small_world,uniform,degree,442993,1000,3000,0.03,30,0.45,0.1,50,0.066,9,0.75,0.7942035272380282
440,small_world,uniform,degree,444002,1000,3000,0.03,30,0.45,0.1,50,0.052,9,0.737,0.8235196853336151
481,small_world,uniform,degree,485371,1000,3000,0.03,30,0.45,0.1,50,0.065,10,0.739,0.7921519492887049
482,small_world,uniform,degree,486380,1000,3000,0.03,30,0.45,0.1,50,0.056,11,0.736,0.8068548563841657
483,small_world,uniform,degree,487389,1000,3000,0.03,30,0.45,0.1,50,0.06,15,0.752,0.8197890588027297
484,small_world,uniform,degree,488398,1000,3000,0.03,30,0.45,0.1,50,0.032,1,0.754,0.850673208416639
485,small_world,uniform,degree,489407,1000,3000,0.03,30,0.45,0.1,50,0.039,4,0.748,0.8315063669376678
486,small_world,uniform,degree,490416,1000,3000,0.03,30,0.45,0.1,50,0.043,5,0.779,0.8445728454363268
487,small_world,uniform,degree,491425,1000,3000,0.03,30,0.45,0.1,50,0.051,7,0.739,0.8120045902377574
488,small_world,uniform,degree,492434,1000,3000,0.03,30,0.45,0.1,50,0.041,3,0.745,0.8286509068812186
489,small_world,uniform,degree,493443,1000,3000,0.03,30,0.45,0.1,50,0.046,4,0.754,0.8122919816524545
490,small_world,uniform,degree,494452,1000,3000,0.03,30,0.45,0.1,50,0.03,0,0.752,0.8579397989648632
491,small_world,uniform,degree,495461,1000,3000,0.03,30,0.45,0.1,50,0.035,2,0.765,0.857264049017189
492,small_world,uniform,degree,496470,1000,3000,0.03,30,0.45,0.1,50,0.033,1,0.751,0.8491825009669765
493,small_world,uniform,degree,497479,1000,3000,0.03,30,0.45,0.1,50,0.052,12,0.728,0.8058932666826841
494,small_world,uniform,degree,498488,1000,3000,0.03,30,0.45,0.1,50,0.065,9,0.735,0.795865386753163
495,small_world,uniform,degree,499497,1000,3000,0.03,30,0.45,0.1,50,0.04,3,0.749,0.8314530175356194
496,small_world,uniform,degree,500506,1000,3000,0.03,30,0.45,0.1,50,0.06,10,0.741,0.8032946565477644
497,small_world,uniform,degree,501515,1000,3000,0.03,30,0.45,0.1,50,0.037,6,0.744,0.839363546400927
498,small_world,uniform,degree,502524,1000,3000,0.03,30,0.45,0.1,50,0.053,6,0.747,0.8123296701970304
499,small_world,uniform,degree,503533,1000,3000,0.03,30,0.45,0.1,50,0.04,3,0.744,0.834137075355769
500,small_world,uniform,degree,504542,1000,3000,0.03,30,0.45,0.1,50,0.036,5,0.754,0.8437736913031076
501,small_world,uniform,degree,505551,1000,3000,0.03,30,0.45,0.1,50,0.041,2,0.743,0.8353344136124475
502,small_world,uniform,degree,506560,1000,3000,0.03,30,0.45,0.1,50,0.058,11,0.771,0.8182825750414568
503,small_world,uniform,degree,507569,1000,3000,0.03,30,0.45,0.1,50,0.072,10,0.735,0.790771629063021
504,small_world,uniform,degree,508578,1000,3000,0.03,30,0.45,0.1,50,0.044,4,0.772,0.8328904081840766
505,small_world,uniform,degree,509587,1000,3000,0.03,30,0.45,0.1,50,0.039,3,0.781,0.8447423217003023
506,small_world,uniform,degree,510596,1000,3000,0.03,30,0.45,0.1,50,0.053,8,0.774,0.8343408571834022
507,small_world,uniform,degree,511605,1000,3000,0.03,30,0.45,0.1,50,0.055,8,0.737,0.801351307646515
508,small_world,uniform,degree,512614,1000,3000,0.03,30,0.45,0.1,50,0.043,6,0.755,0.8395585137214774
509,small_world,uniform,degree,513623,1000,3000,0.03,30,0.45,0.1,50,0.051,7,0.738,0.8015739702377349
510,small_world,uniform,degree,514632,1000,3000,0.03,30,0.45,0.1,50,0.052,6,0.738,0.8054216013706069
511,small_world,uniform,degree,515641,1000,3000,0.03,30,0.45,0.1,50,0.042,4,0.745,0.8273617716704056
512,small_world,uniform,degree,516650,1000,3000,0.03,30,0.45,0.1,50,0.037,4,0.768,0.8555804830364019
513,small_world,uniform,degree,517659,1000,3000,0.03,30,0.45,0.1,50,0.062,10,0.751,0.7942533492902666
514,small_world,uniform,degree,518668,1000,3000,0.03,30,0.45,0.1,50,0.04,5,0.746,0.8341835968973628
515,small_world,uniform,degree,519677,1000,3000,0.03,30,0.45,0.1,50,0.05,7,0.732,0.8149861878277055
516,small_world,uniform,degree,520686,1000,3000,0.03,30,0.45,0.1,50,0.051,8,0.774,0.827544613589527
517,small_world,uniform,degree,521695,1000,3000,0.03,30,0.45,0.1,50,0.04,6,0.75,0.8364301122331851
518,small_world,uniform,degree,522704,1000,3000,0.03,30,0.45,0.1,50,0.058,7,0.743,0.7865406857784057
519,small_world,uniform,degree,523713,1000,3000,0.03,30,0.45,0.1,50,0.048,3,0.772,0.8433012164918738
520,small_world,uniform,degree,524722,1000,3000,0.03,30,0.45,0.1,50,0.041,5,0.749,0.8311620904747239
521,small_world,uniform,degree,525731,1000,3000,0.03,30,0.45,0.1,50,0.051,11,0.75,0.8097325790426368
522,small_world,uniform,degree,526740,1000,3000,0.03,30,0.45,0.1,50,0.041,5,0.743,0.8286149764857089
523,small_world,uniform,degree,527749,1000,3000,0.03,30,0.45,0.1,50,0.045,4,0.773,0.838439028537321
524,small_world,uniform,degree,528758,1000,3000,0.03,30,0.45,0.1,50,0.042,5,0.752,0.8410402130175846
525,small_world,uniform,degree,529767,1000,3000,0.03,30,0.45,0.1,50,0.04,5,0.761,0.8361621819639766
526,small_world,uniform,degree,530776,1000,3000,0.03,30,0.45,0.1,50,0.066,10,0.751,0.7982612837973754
527,small_world,uniform,degree,531785,1000,3000,0.03,30,0.45,0.1,50,0.038,6,0.748,0.842448054748825
528,small_world,uniform,degree,532794,1000,3000,0.03,30,0.45,0.1,50,0.034,1,0.747,0.846413443648915
529,small_world,uniform,degree,533803,1000,3000,0.03,30,0.45,0.1,50,0.04,5,0.729,0.8295459505391749
530,small_world,uniform,degree,534812,1000,3000,0.03,30,0.45,0.1,50,0.05,6,0.762,0.8352113814024019
531,small_world,uniform,degree,535821,1000,3000,0.03,30,0.45,0.1,50,0.048,5,0.787,0.8454794885274344
532,small_world,uniform,degree,536830,1000,3000,0.03,30,0.45,0.1,50,0.04,3,0.748,0.8354221900143209
533,small_world,uniform,degree,537839,1000,3000,0.03,30,0.45,0.1,50,0.056,8,0.73,0.8037323472583319
534,small_world,uniform,degree,538848,1000,3000,0.03,30,0.45,0.1,50,0.046,5,0.732,0.8174592034392414
535,small_world,uniform,degree,539857,1000,3000,0.03,30,0.45,0.1,50,0.04,5,0.745,0.8354711095278242
536,small_world,uniform,degree,540866,1000,3000,0.03,30,0.45,0.1,50,0.045,5,0.763,0.8357055237321673
537,small_world,uniform,degree,541875,1000,3000,0.03,30,0.45,0.1,50,0.056,6,0.756,0.8250699312105917
538,small_world,uniform,degree,542884,1000,3000,0.03,30,0.45,0.1,50,0.035,5,0.748,0.8481805724282592
539,small_world,uniform,degree,543893,1000,3000,0.03,30,0.45,0.1,50,0.044,4,0.782,0.8523394766664979
540,small_world,uniform,degree,544902,1000,3000,0.03,30,0.45,0.1,50,0.037,2,0.75,0.8411873140421668
581,small_world,uniform,degree,586271,1000,3000,0.03,30,0.45,0.1,50,0.048,5,0.757,0.8145779537030772
582,small_world,uniform,degree,587280,1000,3000,0.03,30,0.45,0.1,50,0.04,6,0.742,0.8310405441517166
583,small_world,uniform,degree,588289,1000,3000,0.03,30,0.45,0.1,50,0.054,7,0.76,0.8148438145791604
584,small_world,uniform,degree,589298,1000,3000,0.03,30,0.45,0.1,50,0.033,1,0.735,0.8441783151543698
585,small_world,uniform,degree,590307,1000,3000,0.03,30,0.45,0.1,50,0.052,8,0.747,0.8190948439243496
586,small_world,uniform,degree,591316,1000,3000,0.03,30,0.45,0.1,50,0.049,5,0.774,0.8349814433207232
587,small_world,uniform,degree,592325,1000,3000,0.03,30,0.45,0.1,50,0.039,2,0.761,0.8427512077757671
588,small_world,uniform,degree,593334,1000,3000,0.03,30,0.45,0.1,50,0.038,3,0.73,0.8261839452492583
589,small_world,uniform,degree,594343,1000,3000,0.03,30,0.45,0.1,50,0.035,4,0.747,0.8475581649356682
590,small_world,uniform,degree,595352,1000,3000,0.03,30,0.45,0.1,50,0.044,6,0.76,0.8322534085907064
591,small_world,uniform,degree,596361,1000,3000,0.03,30,0.45,0.1,50,0.053,9,0.726,0.8000355757957998
592,small_world,uniform,degree,597370,1000,3000,0.03,30,0.45,0.1,50,0.042,4,0.743,0.8281318806820679
593,small_world,uniform,degree,598379,1000,3000,0.03,30,0.45,0.1,50,0.043,7,0.761,0.8395797473074316
594,small_world,uniform,degree,599388,1000,3000,0.03,30,0.45,0.1,50,0.053,7,0.75,0.8171790186194321
595,small_world,uniform,degree,600397,1000,3000,0.03,30,0.45,0.1,50,0.043,4,0.756,0.8264427509364585
596,small_world,uniform,degree,601406,1000,3000,0.03,30,0.45,0.1,50,0.051,7,0.79,0.8257837568012751
597,small_world,uniform,degree,602415,1000,3000,0.03,30,0.45,0.1,50,0.08,12,0.772,0.7868493848095013
598,small_world,uniform,degree,603424,1000,3000,0.03,30,0.45,0.1,50,0.046,7,0.739,0.822281693993219
599,small_world,uniform,degree,604433,1000,3000,0.03,30,0.45,0.1,50,0.054,5,0.746,0.8133452717828712
600,small_world,uniform,degree,605442,1000,3000,0.03,30,0.45,0.1,50,0.033,2,0.756,0.8525968024541128
561,small_world,uniform,degree,566091,1000,3000,0.03,30,0.45,0.1,50,0.035,4,0.76,0.8589097457246566
562,small_world,uniform,degree,567100,1000,3000,0.03,30,0.45,0.1,50,0.031,1,0.759,0.8558896577420634
563,small_world,uniform,degree,568109,1000,3000,0.03,30,0.45,0.1,50,0.034,2,0.757,0.8508571091644916
564,small_world,uniform,degree,569118,1000,3000,0.03,30,0.45,0.1,50,0.04,3,0.747,0.8394691492737639
565,small_world,uniform,degree,570127,1000,3000,0.03,30,0.45,0.1,50,0.033,2,0.749,0.8483335037365028
566,small_world,uniform,degree,571136,1000,3000,0.03,30,0.45,0.1,50,0.055,7,0.763,0.8203935762854879
567,small_world,uniform,degree,572145,1000,3000,0.03,30,0.45,0.1,50,0.054,5,0.758,0.8150065046249265
568,small_world,uniform,degree,573154,1000,3000,0.03,30,0.45,0.1,50,0.066,7,0.779,0.8105397141004311
569,small_world,uniform,degree,574163,1000,3000,0.03,30,0.45,0.1,50,0.05,5,0.74,0.81908981692941
570,small_world,uniform,degree,575172,1000,3000,0.03,30,0.45,0.1,50,0.056,10,0.762,0.8161993721506646
571,small_world,uniform,degree,576181,1000,3000,0.03,30,0.45,0.1,50,0.038,3,0.751,0.8349463386487566
572,small_world,uniform,degree,577190,1000,3000,0.03,30,0.45,0.1,50,0.046,7,0.747,0.8276714049727698
573,small_world,uniform,degree,578199,1000,3000,0.03,30,0.45,0.1,50,0.052,9,0.76,0.8283617454778873
574,small_world,uniform,degree,579208,1000,3000,0.03,30,0.45,0.1,50,0.057,7,0.733,0.8067440694875776
575,small_world,uniform,degree,580217,1000,3000,0.03,30,0.45,0.1,50,0.055,7,0.766,0.8186318661303974
576,small_world,uniform,degree,581226,1000,3000,0.03,30,0.45,0.1,50,0.043,7,0.739,0.8336797720171744
577,small_world,uniform,degree,582235,1000,3000,0.03,30,0.45,0.1,50,0.032,1,0.764,0.8553566530861376
578,small_world,uniform,degree,583244,1000,3000,0.03,30,0.45,0.1,50,0.035,2,0.749,0.8375807719712984
579,small_world,uniform,degree,584253,1000,3000,0.03,30,0.45,0.1,50,0.041,5,0.752,0.8288066966622049
580,small_world,uniform,degree,585262,1000,3000,0.03,30,0.45,0.1,50,0.037,3,0.751,0.8367410040017188
541,small_world,uniform,degree,545911,1000,3000,0.03,30,0.45,0.1,50,0.042,7,0.768,0.8436887659679285
542,small_world,uniform,degree,546920,1000,3000,0.03,30,0.45,0.1,50,0.043,8,0.75,0.8302368523062568
543,small_world,uniform,degree,547929,1000,3000,0.03,30,0.45,0.1,50,0.038,3,0.742,0.8342642962421476
544,small_world,uniform,degree,548938,1000,3000,0.03,30,0.45,0.1,50,0.042,5,0.76,0.8304589940489614
545,small_world,uniform,degree,549947,1000,3000,0.03,30,0.45,0.1,50,0.031,1,0.754,0.8515557606905263
546,small_world,uniform,degree,550956,1000,3000,0.03,30,0.45,0.1,50,0.054,9,0.741,0.810126354294417
547,small_world,uniform,degree,551965,1000,3000,0.03,30,0.45,0.1,50,0.056,8,0.778,0.8321396589014868
548,small_world,uniform,degree,552974,1000,3000,0.03,30,0.45,0.1,50,0.03,0,0.755,0.8604784061213497
549,small_world,uniform,degree,553983,1000,3000,0.03,30,0.45,0.1,50,0.072,9,0.735,0.78825831896918
550,small_world,uniform,degree,554992,1000,3000,0.03,30,0.45,0.1,50,0.042,3,0.751,0.8225170654105963
551,small_world,uniform,degree,556001,1000,3000,0.03,30,0.45,0.1,50,0.041,5,0.762,0.8331069508376797
552,small_world,uniform,degree,557010,1000,3000,0.03,30,0.45,0.1,50,0.045,8,0.759,0.8324052337457017
553,small_world,uniform,degree,558019,1000,3000,0.03,30,0.45,0.1,50,0.037,4,0.744,0.835609897355535
554,small_world,uniform,degree,559028,1000,3000,0.03,30,0.45,0.1,50,0.046,5,0.75,0.8206937558363959
555,small_world,uniform,degree,560037,1000,3000,0.03,30,0.45,0.1,50,0.039,2,0.767,0.8435199660238266
556,small_world,uniform,degree,561046,1000,3000,0.03,30,0.45,0.1,50,0.083,14,0.74,0.782882814224345
557,small_world,uniform,degree,562055,1000,3000,0.03,30,0.45,0.1,50,0.048,5,0.762,0.8255581152455316
558,small_world,uniform,degree,563064,1000,3000,0.03,30,0.45,0.1,50,0.04,7,0.74,0.8320529986842415
559,small_world,uniform,degree,564073,1000,3000,0.03,30,0.45,0.1,50,0.044,4,0.765,0.8378167353212872
560,small_world,uniform,degree,565082,1000,3000,0.03,30,0.45,0.1,50,0.035,3,0.748,0.8443488807615833
721,random,degree,degree,727531,1000,3004,0.03,30,0.45,0.1,50,0.041,3,0.6004392971246016,0.5309810338298467
722,random,degree,degree,728540,1000,3097,0.03,30,0.45,0.1,50,0.049,3,0.55390835579515,0.4593770513044518
723,random,degree,degree,729549,1000,3012,0.03,30,0.45,0.1,50,0.054,3,0.5843949044585988,0.4838233010401084
724,random,degree,degree,730558,1000,2954,0.03,30,0.45,0.1,50,0.058,4,0.560920945395273,0.45478588295459593
725,random,degree,degree,731567,1000,3024,0.03,30,0.45,0.1,50,0.045,2,0.5980586370839953,0.5250247445289971
726,random,degree,degree,732576,1000,3009,0.03,30,0.45,0.1,50,0.047,3,0.5817058589079316,0.5017728071140933
727,random,degree,degree,733585,1000,3079,0.03,30,0.45,0.1,50,0.046,2,0.5777433113609924,0.4886890165268171
728,random,degree,degree,734594,1000,3074,0.03,30,0.45,0.1,50,0.054,3,0.5668220668220675,0.45176038096598536
729,random,degree,degree,735603,1000,3012,0.03,30,0.45,0.1,50,0.043,1,0.5947452229299381,0.5299617988868504
730,random,degree,degree,736612,1000,3006,0.03,30,0.45,0.1,50,0.049,2,0.5680367118914603,0.4878331505283716
731,random,degree,degree,737621,1000,3038,0.03,30,0.45,0.1,50,0.047,2,0.5961386918833711,0.5205707506958875
732,random,degree,degree,738630,1000,2997,0.03,30,0.45,0.1,50,0.045,4,0.5826992390869044,0.5177191785597741
733,random,degree,degree,739639,1000,3019,0.03,30,0.45,0.1,50,0.048,2,0.6024215958713789,0.5200625967241895
734,random,degree,degree,740648,1000,2979,0.03,30,0.45,0.1,50,0.06,3,0.5584913271480475,0.4403277346005177
735,random,degree,degree,741657,1000,2970,0.03,30,0.45,0.1,50,0.053,3,0.5803643724696371,0.4712210838032432
736,random,degree,degree,742666,1000,2970,0.03,30,0.45,0.1,50,0.05,4,0.5969635627530373,0.5211657611888912
737,random,degree,degree,743675,1000,3077,0.03,30,0.45,0.1,50,0.037,1,0.5818781528909585,0.5292207301729229
738,random,degree,degree,744684,1000,3067,0.03,30,0.45,0.1,50,0.046,2,0.5864822750292233,0.49887698665559216
739,random,degree,degree,745693,1000,3051,0.03,30,0.45,0.1,50,0.05,2,0.5709525676205411,0.4766194235715835
740,random,degree,degree,746702,1000,2920,0.03,30,0.45,0.1,50,0.045,2,0.5880165289256211,0.5397565782483341
601,random,degree,degree,606451,1000,3024,0.03,30,0.45,0.1,50,0.043,2,0.5782488114104596,0.5146482584637895
602,random,degree,degree,607460,1000,3028,0.03,30,0.45,0.1,50,0.046,3,0.6046281645569631,0.5078965916326469
603,random,degree,degree,608469,1000,3047,0.03,30,0.45,0.1,50,0.044,2,0.5836277974087181,0.504042483897214
604,random,degree,degree,609478,1000,3047,0.03,30,0.45,0.1,50,0.041,2,0.5808794660384766,0.5181442295364123
605,random,degree,degree,610487,1000,2912,0.03,30,0.45,0.1,50,0.037,1,0.6216832504145937,0.5872128529539387
606,random,degree,degree,611496,1000,3049,0.03,30,0.45,0.1,50,0.046,2,0.5719890153001177,0.5022339051952159
607,random,degree,degree,612505,1000,2959,0.03,30,0.45,0.1,50,0.046,2,0.5910939406262753,0.5104287426975356
608,random,degree,degree,613514,1000,2947,0.03,30,0.45,0.1,50,0.049,1,0.5852063751532524,0.5079510175502524
609,random,degree,degree,614523,1000,3069,0.03,30,0.45,0.1,50,0.046,3,0.5801868431296231,0.5216706028024264
610,random,degree,degree,615532,1000,3046,0.03,30,0.45,0.1,50,0.049,3,0.5724666142969406,0.4786728249042351
611,random,degree,degree,616541,1000,2934,0.03,30,0.45,0.1,50,0.048,4,0.5764174198849658,0.4981696680559736
612,random,degree,degree,617550,1000,3002,0.03,30,0.45,0.1,50,0.05,2,0.5833333333333343,0.4934272393595031
613,random,degree,degree,618559,1000,3034,0.03,30,0.45,0.1,50,0.051,2,0.5909629044988203,0.4876817412005986
614,random,degree,degree,619568,1000,3018,0.03,30,0.45,0.1,50,0.048,2,0.5738681493248623,0.4922203372022015
615,random,degree,degree,620577,1000,3025,0.03,30,0.45,0.1,50,0.052,3,0.5722772277227732,0.4733484839521557
616,random,degree,degree,621586,1000,2994,0.03,30,0.45,0.1,50,0.048,1,0.5623496391339214,0.48583013921786483
617,random,degree,degree,622595,1000,3011,0.03,30,0.45,0.1,50,0.045,2,0.5963759458383157,0.5281935186796425
618,random,degree,degree,623604,1000,3010,0.03,30,0.45,0.1,50,0.049,3,0.5868525896414346,0.48576916621854793
619,random,degree,degree,624613,1000,3049,0.03,30,0.45,0.1,50,0.049,3,0.5745390349156532,0.48820482039099106
620,random,degree,degree,625622,1000,2977,0.03,30,0.45,0.1,50,0.049,2,0.5795316915623757,0.5066128870556122
641,random,degree,degree,646811,1000,2980,0.03,30,0.45,0.1,50,0.057,3,0.5463709677419367,0.44266231117744653
642,random,degree,degree,647820,1000,3013,0.03,30,0.45,0.1,50,0.052,3,0.5660565061679327,0.47384384744534513
643,random,degree,degree,648829,1000,3019,0.03,30,0.45,0.1,50,0.04,2,0.607185391028188,0.5438973366520483
644,random,degree,degree,649838,1000,2996,0.03,30,0.45,0.1,50,0.054,4,0.5729166666666701,0.47216608017104267
645,random,degree,degree,650847,1000,3041,0.03,30,0.45,0.1,50,0.043,2,0.617079889807167,0.5309127387539926
646,random,degree,degree,651856,1000,2973,0.03,30,0.45,0.1,50,0.041,1,0.6023048928427013,0.5582359887246675
647,random,degree,degree,652865,1000,3107,0.03,30,0.45,0.1,50,0.043,1,0.5782508630609896,0.5096407150414425
648,random,degree,degree,653874,1000,2974,0.03,30,0.45,0.1,50,0.047,2,0.5838722716248993,0.501715427945116
649,random,degree,degree,654883,1000,3069,0.03,30,0.45,0.1,50,0.046,3,0.5799922148696043,0.4885228993571034
650,random,degree,degree,655892,1000,3054,0.03,30,0.45,0.1,50,0.044,2,0.5812451057165231,0.5050334318729022
651,random,degree,degree,656901,1000,2963,0.03,30,0.45,0.1,50,0.05,2,0.5635403978887579,0.4958839414016859
652,random,degree,degree,657910,1000,2963,0.03,30,0.45,0.1,50,0.045,2,0.5840438489646793,0.5216598387961499
653,random,degree,degree,658919,1000,2998,0.03,30,0.45,0.1,50,0.045,2,0.5774619695756605,0.5061799596248328
654,random,degree,degree,659928,1000,3052,0.03,30,0.45,0.1,50,0.042,1,0.5722962382445141,0.5260136862632586
655,random,degree,degree,660937,1000,3126,0.03,30,0.45,0.1,50,0.05,2,0.5554074638233063,0.4587717533535333
656,random,degree,degree,661946,1000,3010,0.03,30,0.45,0.1,50,0.047,2,0.5988047808764931,0.5192262675206133
657,random,degree,degree,662955,1000,2962,0.03,30,0.45,0.1,50,0.047,2,0.5940292445166532,0.5068300599050395
658,random,degree,degree,663964,1000,3003,0.03,30,0.45,0.1,50,0.044,3,0.5842988413903318,0.506759476531339
659,random,degree,degree,664973,1000,2972,0.03,30,0.45,0.1,50,0.047,3,0.5989077669902889,0.5293696842185746
660,random,degree,degree,665982,1000,3038,0.03,30,0.45,0.1,50,0.054,2,0.5565405831363278,0.47051902324535483
681,random,degree,degree,687171,1000,2972,0.03,30,0.45,0.1,50,0.046,2,0.5879854368932049,0.5201248533746089
682,random,degree,degree,688180,1000,2997,0.03,30,0.45,0.1,50,0.048,2,0.6075290348418148,0.5300517278961102
683,random,degree,degree,689189,1000,3042,0.03,30,0.45,0.1,50,0.049,2,0.5800550747443014,0.4853324171801778
684,random,degree,degree,690198,1000,2985,0.03,30,0.45,0.1,50,0.052,3,0.5788732394366196,0.48804985321558997
685,random,degree,degree,691207,1000,3000,0.03,30,0.45,0.1,50,0.048,2,0.5892,0.5158971740404404
686,random,degree,degree,692216,1000,3062,0.03,30,0.45,0.1,50,0.048,3,0.5806010928961791,0.4891027449422095
687,random,degree,degree,693225,1000,2918,0.03,30,0.45,0.1,50,0.046,3,0.5754755996691467,0.507099733798169
688,random,degree,degree,694234,1000,2970,0.03,30,0.45,0.1,50,0.04,2,0.5965587044534435,0.5588409228142859
689,random,degree,degree,695243,1000,2974,0.03,30,0.45,0.1,50,0.05,2,0.5953920776071159,0.5103375450659926
690,random,degree,degree,696252,1000,2946,0.03,30,0.45,0.1,50,0.047,2,0.5813573180703224,0.5205797341452575
691,random,degree,degree,697261,1000,3113,0.03,30,0.45,0.1,50,0.053,3,0.5853425181783452,0.4770384251583889
692,random,degree,degree,698270,1000,2991,0.03,30,0.45,0.1,50,0.048,2,0.5911280610196763,0.500046754055187
693,random,degree,degree,699279,1000,3057,0.03,30,0.45,0.1,50,0.043,2,0.5854517012123603,0.5213442311585619
694,random,degree,degree,700288,1000,2996,0.03,30,0.45,0.1,50,0.042,3,0.5993589743589741,0.5310251389484054
695,random,degree,degree,701297,1000,2996,0.03,30,0.45,0.1,50,0.044,1,0.5857371794871838,0.5035216941511225
696,random,degree,degree,702306,1000,3040,0.03,30,0.45,0.1,50,0.045,2,0.5787401574803169,0.5049592994810765
697,random,degree,degree,703315,1000,3027,0.03,30,0.45,0.1,50,0.048,2,0.582311040759795,0.5099412366510856
698,random,degree,degree,704324,1000,3078,0.03,30,0.45,0.1,50,0.043,1,0.5915438324282398,0.5103263854352145
699,random,degree,degree,705333,1000,3070,0.03,30,0.45,0.1,50,0.051,2,0.5879377431906616,0.4975630004672868
700,random,degree,degree,706342,1000,2926,0.03,30,0.45,0.1,50,0.046,3,0.5659521846661154,0.5049691823698397
661,random,degree,degree,666991,1000,3006,0.03,30,0.45,0.1,50,0.046,2,0.5806065442936994,0.5004690461801403
662,random,degree,degree,668000,1000,2917,0.03,30,0.45,0.1,50,0.047,2,0.6048820852296277,0.5208206651694733
663,random,degree,degree,669009,1000,2937,0.03,30,0.45,0.1,50,0.037,1,0.5949938448912637,0.564395006371629
664,random,degree,degree,670018,1000,2964,0.03,30,0.45,0.1,50,0.048,2,0.6008522727272739,0.517673390451218
665,random,degree,degree,671027,1000,3012,0.03,30,0.45,0.1,50,0.05,3,0.5599124203821697,0.4684738748222226
666,random,degree,degree,672036,1000,3001,0.03,30,0.45,0.1,50,0.045,3,0.5879648140743703,0.5176357060822188
667,random,degree,degree,673045,1000,3009,0.03,30,0.45,0.1,50,0.054,4,0.5942606616181783,0.4900739031608579
668,random,degree,degree,674054,1000,2952,0.03,30,0.45,0.1,50,0.047,2,0.5882952691680308,0.5275235304099779
669,random,degree,degree,675063,1000,2922,0.03,30,0.45,0.1,50,0.049,2,0.587118084227911,0.5083958282151989
670,random,degree,degree,676072,1000,3067,0.03,30,0.45,0.1,50,0.042,2,0.5983638488508046,0.5188884122014749
671,random,degree,degree,677081,1000,2943,0.03,30,0.45,0.1,50,0.062,3,0.5552599263200982,0.4608203672024567
672,random,degree,degree,678090,1000,2975,0.03,30,0.45,0.1,50,0.044,2,0.600202020202021,0.5329134054503393
673,random,degree,degree,679099,1000,3053,0.03,30,0.45,0.1,50,0.045,1,0.5830395613004309,0.5019341887292244
674,random,degree,degree,680108,1000,3026,0.03,30,0.45,0.1,50,0.048,2,0.5857086302454472,0.4802268663334328
675,random,degree,degree,681117,1000,3073,0.03,30,0.45,0.1,50,0.055,2,0.5546055188495931,0.44586725613720546
676,random,degree,degree,682126,1000,3003,0.03,30,0.45,0.1,50,0.047,2,0.5840990811026788,0.50437181055105
677,random,degree,degree,683135,1000,2992,0.03,30,0.45,0.1,50,0.057,3,0.5800561797752809,0.4853139665483763
678,random,degree,degree,684144,1000,2993,0.03,30,0.45,0.1,50,0.042,1,0.6093060569594857,0.5488712347860889
679,random,degree,degree,685153,1000,3144,0.03,30,0.45,0.1,50,0.044,3,0.5883131618759514,0.4994973382830785
680,random,degree,degree,686162,1000,2992,0.03,30,0.45,0.1,50,0.058,2,0.5894863563402893,0.46413175881617
781,random,degree,degree,788071,1000,3029,0.03,30,0.45,0.1,50,0.049,2,0.5903519177540529,0.4980296426296864
782,random,degree,degree,789080,1000,2933,0.03,30,0.45,0.1,50,0.039,1,0.5918618988902613,0.5586818521000774
783,random,degree,degree,790089,1000,2987,0.03,30,0.45,0.1,50,0.046,1,0.5683554483313269,0.490943511124677
784,random,degree,degree,791098,1000,3137,0.03,30,0.45,0.1,50,0.046,2,0.5874099355328026,0.4884661367849997
785,random,degree,degree,792107,1000,3066,0.03,30,0.45,0.1,50,0.051,2,0.5802805923616539,0.4774856144173977
786,random,degree,degree,793116,1000,3030,0.03,30,0.45,0.1,50,0.042,2,0.5932806324110687,0.533413033376333
787,random,degree,degree,794125,1000,3010,0.03,30,0.45,0.1,50,0.044,2,0.5683266932270944,0.5040516277954076
788,random,degree,degree,795134,1000,2928,0.03,30,0.45,0.1,50,0.044,2,0.5856672158154862,0.5309438814845043
789,random,degree,degree,796143,1000,2978,0.03,30,0.45,0.1,50,0.048,2,0.5984665052461713,0.5037718315743704
790,random,degree,degree,797152,1000,2989,0.03,30,0.45,0.1,50,0.05,3,0.5771394134190438,0.5038461911853361
791,random,degree,degree,798161,1000,3078,0.03,30,0.45,0.1,50,0.045,2,0.5946470131885189,0.5154712644975469
792,random,degree,degree,799170,1000,3027,0.03,30,0.45,0.1,50,0.049,1,0.5924020577760196,0.5008879092579613
793,random,degree,degree,800179,1000,3005,0.03,30,0.45,0.1,50,0.046,2,0.5662674650698617,0.5194364752235046
794,random,degree,degree,801188,1000,3172,0.03,30,0.45,0.1,50,0.049,3,0.5731661676646764,0.45420677372064977
795,random,degree,degree,802197,1000,2992,0.03,30,0.45,0.1,50,0.047,2,0.6085473515248819,0.5228448570661799
796,random,degree,degree,803206,1000,2969,0.03,30,0.45,0.1,50,0.05,3,0.599027946537064,0.5147679663760873
797,random,degree,degree,804215,1000,3007,0.03,30,0.45,0.1,50,0.052,3,0.5688073394495416,0.4873207560180719
798,random,degree,degree,805224,1000,2887,0.03,30,0.45,0.1,50,0.057,3,0.5779220779220801,0.4733375222596708
799,random,degree,degree,806233,1000,3024,0.03,30,0.45,0.1,50,0.046,2,0.5598256735340765,0.4904315808095157
800,random,degree,degree,807242,1000,2983,0.03,30,0.45,0.1,50,0.05,3,0.5724929520741064,0.4951779911975905
621,random,degree,degree,626631,1000,2942,0.03,30,0.45,0.1,50,0.045,2,0.5937755937755974,0.5187442210633448
622,random,degree,degree,627640,1000,3075,0.03,30,0.45,0.1,50,0.048,1,0.5920388349514563,0.49489326848693554
623,random,degree,degree,628649,1000,3064,0.03,30,0.45,0.1,50,0.043,2,0.588533541341654,0.5089567992678941
624,random,degree,degree,629658,1000,3047,0.03,30,0.45,0.1,50,0.043,2,0.5999214762465656,0.5478707841667306
625,random,degree,degree,630667,1000,3071,0.03,30,0.45,0.1,50,0.05,3,0.5945157526254421,0.4786926730413049
626,random,degree,degree,631676,1000,2989,0.03,30,0.45,0.1,50,0.045,1,0.5654881478505424,0.5022861887434868
627,random,degree,degree,632685,1000,3077,0.03,30,0.45,0.1,50,0.053,3,0.5616996507566984,0.44226341644098827
628,random,degree,degree,633694,1000,2998,0.03,30,0.45,0.1,50,0.063,5,0.5504403522818254,0.4115211824721298
629,random,degree,degree,634703,1000,3035,0.03,30,0.45,0.1,50,0.038,2,0.59171597633136,0.5403609707754006
630,random,degree,degree,635712,1000,2986,0.03,30,0.45,0.1,50,0.043,2,0.5953338696701541,0.5387339882910992
631,random,degree,degree,636721,1000,2919,0.03,30,0.45,0.1,50,0.044,4,0.5845390657296416,0.5411860888184833
632,random,degree,degree,637730,1000,3008,0.03,30,0.45,0.1,50,0.047,2,0.5825358851674645,0.49185326114969924
633,random,degree,degree,638739,1000,3037,0.03,30,0.45,0.1,50,0.047,2,0.6016949152542396,0.5208320378598933
634,random,degree,degree,639748,1000,3021,0.03,30,0.45,0.1,50,0.051,3,0.5797302657675536,0.4961975829023779
635,random,degree,degree,640757,1000,2967,0.03,30,0.45,0.1,50,0.049,2,0.5766112687474669,0.47279276383862556
636,random,degree,degree,641766,1000,3020,0.03,30,0.45,0.1,50,0.059,4,0.5906746031746046,0.4727539045214575
637,random,degree,degree,642775,1000,3008,0.03,30,0.45,0.1,50,0.043,1,0.6212121212121221,0.543958995409351
638,random,degree,degree,643784,1000,2922,0.03,30,0.45,0.1,50,0.053,3,0.5842279108175056,0.5116821345932602
639,random,degree,degree,644793,1000,2959,0.03,30,0.45,0.1,50,0.054,3,0.5884505896705983,0.469028497272747
640,random,degree,degree,645802,1000,2913,0.03,30,0.45,0.1,50,0.047,2,0.5973891421467052,0.5158115697287042
701,random,degree,degree,707351,1000,2977,0.03,30,0.45,0.1,50,0.054,2,0.6071861122325394,0.5054317588594831
702,random,degree,degree,708360,1000,3033,0.03,30,0.45,0.1,50,0.041,1,0.5898144492696457,0.5257515953661335
703,random,degree,degree,709369,1000,3124,0.03,30,0.45,0.1,50,0.056,3,0.5777439024390244,0.44384834798131667
704,random,degree,degree,710378,1000,2997,0.03,30,0.45,0.1,50,0.043,2,0.6013215859030868,0.5288185781828149
705,random,degree,degree,711387,1000,3027,0.03,30,0.45,0.1,50,0.049,2,0.5773644637910578,0.48864629996829567
706,random,degree,degree,712396,1000,3019,0.03,30,0.45,0.1,50,0.047,2,0.5901151250496252,0.5180938589152568
707,random,degree,degree,713405,1000,2990,0.03,30,0.45,0.1,50,0.048,2,0.6018072289156622,0.5266574236930665
708,random,degree,degree,714414,1000,3034,0.03,30,0.45,0.1,50,0.058,4,0.5607734806629869,0.4367309309787593
709,random,degree,degree,715423,1000,3012,0.03,30,0.45,0.1,50,0.048,2,0.6029060509554165,0.5294711570267064
710,random,degree,degree,716432,1000,2996,0.03,30,0.45,0.1,50,0.056,5,0.5586939102564116,0.45835068106175364
711,random,degree,degree,717441,1000,3022,0.03,30,0.45,0.1,50,0.045,2,0.5864393338620213,0.5107331819325409
712,random,degree,degree,718450,1000,3029,0.03,30,0.45,0.1,50,0.046,1,0.5810597073942291,0.5230514890240979
713,random,degree,degree,719459,1000,3077,0.03,30,0.45,0.1,50,0.047,2,0.5504462553356616,0.47701929499732043
714,random,degree,degree,720468,1000,2978,0.03,30,0.45,0.1,50,0.046,1,0.5934221146085553,0.5230793064122129
715,random,degree,degree,721477,1000,2901,0.03,30,0.45,0.1,50,0.041,2,0.5699708454810496,0.528896007106459
716,random,degree,degree,722486,1000,3137,0.03,30,0.45,0.1,50,0.046,3,0.5777398558968528,0.49204495180382235
717,random,degree,degree,723495,1000,3016,0.03,30,0.45,0.1,50,0.046,3,0.5798887122416542,0.5014321997863563
718,random,degree,degree,724504,1000,3050,0.03,30,0.45,0.1,50,0.049,3,0.5784313725490238,0.4790644236877716
719,random,degree,degree,725513,1000,2912,0.03,30,0.45,0.1,50,0.066,4,0.565920398009952,0.44952788408934485
720,random,degree,degree,726522,1000,2964,0.03,30,0.45,0.1,50,0.062,6,0.588879870129875,0.4621886040374539
741,random,degree,degree,747711,1000,3067,0.03,30,0.45,0.1,50,0.055,2,0.5471367354889001,0.4429424902092411
742,random,degree,degree,748720,1000,3059,0.03,30,0.45,0.1,50,0.036,2,0.6080500195388814,0.5623625371321067
743,random,degree,degree,749729,1000,3107,0.03,30,0.45,0.1,50,0.048,2,0.5498657460682747,0.4667510227405125
744,random,degree,degree,750738,1000,3069,0.03,30,0.45,0.1,50,0.039,2,0.6103542234332426,0.5554853111578686
745,random,degree,degree,751747,1000,2988,0.03,30,0.45,0.1,50,0.058,2,0.5657154340836021,0.44341973212820707
746,random,degree,degree,752756,1000,3003,0.03,30,0.45,0.1,50,0.056,3,0.5745105872952467,0.4728025753584536
747,random,degree,degree,753765,1000,3050,0.03,30,0.45,0.1,50,0.046,2,0.5770588235294144,0.5003105582467651
748,random,degree,degree,754774,1000,3053,0.03,30,0.45,0.1,50,0.046,3,0.5840188014101056,0.5018099865772184
749,random,degree,degree,755783,1000,2995,0.03,30,0.45,0.1,50,0.047,3,0.5725450901803653,0.4863416020315763
750,random,degree,degree,756792,1000,2949,0.03,30,0.45,0.1,50,0.048,3,0.5875867701102515,0.5075988973804549
751,random,degree,degree,757801,1000,2952,0.03,30,0.45,0.1,50,0.041,1,0.6119494290375256,0.5421686188852534
752,random,degree,degree,758810,1000,3012,0.03,30,0.45,0.1,50,0.046,2,0.5650875796178366,0.5066028171242206
753,random,degree,degree,759819,1000,3044,0.03,30,0.45,0.1,50,0.042,1,0.590998427672956,0.5187549267841933
754,random,degree,degree,760828,1000,3038,0.03,30,0.45,0.1,50,0.043,2,0.5876674546887313,0.5103218975648086
755,random,degree,degree,761837,1000,3048,0.03,30,0.45,0.1,50,0.051,3,0.5749607535321842,0.47885804668195875
756,random,degree,degree,762846,1000,2970,0.03,30,0.45,0.1,50,0.043,1,0.6072874493927128,0.5356265628829225
757,random,degree,degree,763855,1000,3043,0.03,30,0.45,0.1,50,0.052,3,0.5804168305151396,0.4764186786363466
758,random,degree,degree,764864,1000,3124,0.03,30,0.45,0.1,50,0.036,1,0.5910823170731749,0.536627636493953
759,random,degree,degree,765873,1000,2994,0.03,30,0.45,0.1,50,0.047,2,0.5777866880513239,0.5173169443032432
760,random,degree,degree,766882,1000,2957,0.03,30,0.45,0.1,50,0.051,2,0.5726495726495735,0.492257569578414
761,random,degree,degree,767891,1000,2982,0.03,30,0.45,0.1,50,0.05,2,0.5439161966156325,0.469904428094552
762,random,degree,degree,768900,1000,3033,0.03,30,0.45,0.1,50,0.044,3,0.598499802605608,0.5327651382312526
763,random,degree,degree,769909,1000,2995,0.03,30,0.45,0.1,50,0.039,1,0.6028056112224462,0.5466819425029137
764,random,degree,degree,770918,1000,3070,0.03,30,0.45,0.1,50,0.046,2,0.6019455252918317,0.5279042888553613
765,random,degree,degree,771927,1000,3001,0.03,30,0.45,0.1,50,0.056,4,0.5725709716113555,0.45930724114152927
766,random,degree,degree,772936,1000,3106,0.03,30,0.45,0.1,50,0.042,1,0.5686876438987004,0.48207545944489005
767,random,degree,degree,773945,1000,3024,0.03,30,0.45,0.1,50,0.044,4,0.5883518225039657,0.5247042621939789
768,random,degree,degree,774954,1000,3040,0.03,30,0.45,0.1,50,0.042,1,0.596456692913387,0.5284781871188694
769,random,degree,degree,775963,1000,2978,0.03,30,0.45,0.1,50,0.045,2,0.5936238902340597,0.5223005099700645
770,random,degree,degree,776972,1000,3069,0.03,30,0.45,0.1,50,0.049,4,0.5597508758271742,0.4846986372965434
771,random,degree,degree,777981,1000,3021,0.03,30,0.45,0.1,50,0.056,2,0.5571201904006347,0.4574542098540639
772,random,degree,degree,778990,1000,2991,0.03,30,0.45,0.1,50,0.044,2,0.5714572460859099,0.514366505905272
773,random,degree,degree,779999,1000,2969,0.03,30,0.45,0.1,50,0.044,3,0.5945727014985867,0.5460440823642941
774,random,degree,degree,781008,1000,2978,0.03,30,0.45,0.1,50,0.044,2,0.5901937046004898,0.5473213625536042
775,random,degree,degree,782017,1000,3118,0.03,30,0.45,0.1,50,0.046,2,0.6048510313216248,0.5248236923864418
776,random,degree,degree,783026,1000,3023,0.03,30,0.45,0.1,50,0.048,2,0.5885850178359149,0.5178694346077916
777,random,degree,degree,784035,1000,3076,0.03,30,0.45,0.1,50,0.037,2,0.600155279503109,0.5450694420945317
778,random,degree,degree,785044,1000,3032,0.03,30,0.45,0.1,50,0.047,2,0.598933649289102,0.5147691512484255
779,random,degree,degree,786053,1000,3034,0.03,30,0.45,0.1,50,0.048,3,0.5761641673243878,0.5043466342818098
780,random,degree,degree,787062,1000,3040,0.03,30,0.45,0.1,50,0.042,2,0.5972440944881928,0.5347827526914735
801,scale_free,degree,degree,808251,1000,2991,0.03,30,0.45,0.1,50,0.268,9,0.05063715627095965,0.0
802,scale_free,degree,degree,809260,1000,2991,0.03,30,0.45,0.1,50,1.0,28,0.0,0.0
803,scale_free,degree,degree,810269,1000,2991,0.03,30,0.45,0.1,50,0.284,7,0.04124748490945639,4.977056700990371e-05
804,scale_free,degree,degree,811278,1000,2991,0.03,30,0.45,0.1,50,0.238,11,0.11401043757527173,0.0006460452895299863
805,scale_free,degree,degree,812287,1000,2991,0.03,30,0.45,0.1,50,0.336,13,0.02481556002682778,0.0
806,scale_free,degree,degree,813296,1000,2991,0.03,30,0.45,0.1,50,1.0,20,0.0,0.0
807,scale_free,degree,degree,814305,1000,2991,0.03,30,0.45,0.1,50,1.0,30,0.0,0.0
808,scale_free,degree,degree,815314,1000,2991,0.03,30,0.45,0.1,50,0.219,7,0.07712944332662672,0.00017137681702138812
809,scale_free,degree,degree,816323,1000,2991,0.03,30,0.45,0.1,50,1.0,30,0.0,0.0
810,scale_free,degree,degree,817332,1000,2991,0.03,30,0.45,0.1,50,0.182,4,0.10261569416498803,0.0012443885063071049
811,scale_free,degree,degree,818341,1000,2991,0.03,30,0.45,0.1,50,1.0,35,0.0,0.0
812,scale_free,degree,degree,819350,1000,2991,0.03,30,0.45,0.1,50,1.0,15,0.0,0.0
813,scale_free,degree,degree,820359,1000,2991,0.03,30,0.45,0.1,50,0.879,50,0.0,0.0
814,scale_free,degree,degree,821368,1000,2991,0.03,30,0.45,0.1,50,1.0,22,0.0,0.0
815,scale_free,degree,degree,822377,1000,2991,0.03,30,0.45,0.1,50,0.221,7,0.07209926224010771,0.00040020768210381513
816,scale_free,degree,degree,823386,1000,2991,0.03,30,0.45,0.1,50,0.322,13,0.04191817572099191,0.0
817,scale_free,degree,degree,824395,1000,2991,0.03,30,0.45,0.1,50,0.301,8,0.04359490274983237,0.0
818,scale_free,degree,degree,825404,1000,2991,0.03,30,0.45,0.1,50,0.244,9,0.05633802816901464,6.874522650709549e-05
819,scale_free,degree,degree,826413,1000,2991,0.03,30,0.45,0.1,50,0.278,8,0.04225352112676008,0.0
820,scale_free,degree,degree,827422,1000,2991,0.03,30,0.45,0.1,50,1.0,26,0.0,0.0
821,scale_free,degree,degree,828431,1000,2991,0.03,30,0.45,0.1,50,1.0,23,0.0,0.0
822,scale_free,degree,degree,829440,1000,2991,0.03,30,0.45,0.1,50,0.331,11,0.027162977867202794,0.0
823,scale_free,degree,degree,830449,1000,2991,0.03,30,0.45,0.1,50,0.4,23,0.029510395707578845,0.0
824,scale_free,degree,degree,831458,1000,2991,0.03,30,0.45,0.1,50,0.343,16,0.03554661301140135,0.0
825,scale_free,degree,degree,832467,1000,2991,0.03,30,0.45,0.1,50,0.32,10,0.02984574111334654,0.0
826,scale_free,degree,degree,833476,1000,2991,0.03,30,0.45,0.1,50,1.0,30,0.0,0.0
827,scale_free,degree,degree,834485,1000,2991,0.03,30,0.45,0.1,50,1.0,30,0.0,0.0
828,scale_free,degree,degree,835494,1000,2991,0.03,30,0.45,0.1,50,1.0,17,0.0,0.0
829,scale_free,degree,degree,836503,1000,2991,0.03,30,0.45,0.1,50,0.316,9,0.0617035546613022,8.613774457632202e-05
830,scale_free,degree,degree,837512,1000,2991,0.03,30,0.45,0.1,50,1.0,27,0.0,0.0
831,scale_free,degree,degree,838521,1000,2991,0.03,30,0.45,0.1,50,0.297,14,0.03487592219986609,0.0
832,scale_free,degree,degree,839530,1000,2991,0.03,30,0.45,0.1,50,0.288,10,0.04191817572099333,8.536503767818413e-05
833,scale_free,degree,degree,840539,1000,2991,0.03,30,0.45,0.1,50,0.26,9,0.06874580818242848,6.865592704111772e-07
834,scale_free,degree,degree,841548,1000,2991,0.03,30,0.45,0.1,50,1.0,20,0.0,0.0
835,scale_free,degree,degree,842557,1000,2991,0.03,30,0.45,0.1,50,0.649,50,0.002347417840375573,0.0
836,scale_free,degree,degree,843566,1000,2991,0.03,30,0.45,0.1,50,0.245,7,0.054996646545942926,0.0
837,scale_free,degree,degree,844575,1000,2991,0.03,30,0.45,0.1,50,1.0,22,0.0,0.0
838,scale_free,degree,degree,845584,1000,2991,0.03,30,0.45,0.1,50,0.277,9,0.045271629778672245,0.00010721098260860948
839,scale_free,degree,degree,846593,1000,2991,0.03,30,0.45,0.1,50,1.0,29,0.0,0.0
840,scale_free,degree,degree,847602,1000,2991,0.03,30,0.45,0.1,50,0.212,7,0.0720992622401081,0.00036642146038524996
841,scale_free,degree,degree,848611,1000,2991,0.03,30,0.45,0.1,50,0.312,8,0.048625083836351723,0.0
842,scale_free,degree,degree,849620,1000,2991,0.03,30,0.45,0.1,50,1.0,29,0.0,0.0
843,scale_free,degree,degree,850629,1000,2991,0.03,30,0.45,0.1,50,0.296,9,0.04594232059020767,8.918979381964388e-05
844,scale_free,degree,degree,851638,1000,2991,0.03,30,0.45,0.1,50,1.0,21,0.0,0.0
845,scale_free,degree,degree,852647,1000,2991,0.03,30,0.45,0.1,50,1.0,23,0.0,0.0
846,scale_free,degree,degree,853656,1000,2991,0.03,30,0.45,0.1,50,1.0,19,0.0,0.0
847,scale_free,degree,degree,854665,1000,2991,0.03,30,0.45,0.1,50,1.0,27,0.0,0.0
848,scale_free,degree,degree,855674,1000,2991,0.03,30,0.45,0.1,50,0.295,10,0.0503018108651913,6.417173723010042e-06
849,scale_free,degree,degree,856683,1000,2991,0.03,30,0.45,0.1,50,0.329,12,0.03386988598256238,0.0
850,scale_free,degree,degree,857692,1000,2991,0.03,30,0.45,0.1,50,0.263,10,0.05399061032863879,3.6643495548765564e-05
851,scale_free,degree,degree,858701,1000,2991,0.03,30,0.45,0.1,50,1.0,23,0.0,0.0
852,scale_free,degree,degree,859710,1000,2991,0.03,30,0.45,0.1,50,1.0,40,0.0,0.0
853,scale_free,degree,degree,860719,1000,2991,0.03,30,0.45,0.1,50,0.258,6,0.06405097250167778,0.00023861749220837076
854,scale_free,degree,degree,861728,1000,2991,0.03,30,0.45,0.1,50,0.388,16,0.023809523809523725,0.0
855,scale_free,degree,degree,862737,1000,2991,0.03,30,0.45,0.1,50,1.0,32,0.0,0.0
856,scale_free,degree,degree,863746,1000,2991,0.03,30,0.45,0.1,50,1.0,24,0.0,0.0
857,scale_free,degree,degree,864755,1000,2991,0.03,30,0.45,0.1,50,1.0,38,0.0,0.0
858,scale_free,degree,degree,865764,1000,2991,0.03,30,0.45,0.1,50,1.0,19,0.0,0.0
859,scale_free,degree,degree,866773,1000,2991,0.03,30,0.45,0.1,50,1.0,23,0.0,0.0
860,scale_free,degree,degree,867782,1000,2991,0.03,30,0.45,0.1,50,1.0,23,0.0,0.0
881,scale_free,degree,degree,888971,1000,2991,0.03,30,0.45,0.1,50,0.437,21,0.018108651911468956,0.0
882,scale_free,degree,degree,889980,1000,2991,0.03,30,0.45,0.1,50,1.0,27,0.0,0.0
883,scale_free,degree,degree,890989,1000,2991,0.03,30,0.45,0.1,50,0.26,8,0.051307847082495285,0.0
884,scale_free,degree,degree,891998,1000,2991,0.03,30,0.45,0.1,50,1.0,28,0.0,0.0
885,scale_free,degree,degree,893007,1000,2991,0.03,30,0.45,0.1,50,0.273,8,0.04627766599597591,8.15554476146777e-05
886,scale_free,degree,degree,894016,1000,2991,0.03,30,0.45,0.1,50,0.364,24,0.027498323272970842,0.0
887,scale_free,degree,degree,895025,1000,2991,0.03,30,0.45,0.1,50,1.0,25,0.0,0.0
888,scale_free,degree,degree,896034,1000,2991,0.03,30,0.45,0.1,50,0.259,9,0.05700871898055075,0.0
889,scale_free,degree,degree,897043,1000,2991,0.03,30,0.45,0.1,50,1.0,24,0.0,0.0
890,scale_free,degree,degree,898052,1000,2991,0.03,30,0.45,0.1,50,0.42,26,0.017773306505700737,0.0
891,scale_free,degree,degree,899061,1000,2991,0.03,30,0.45,0.1,50,0.255,13,0.03588195841716937,7.089565709762835e-05
892,scale_free,degree,degree,900070,1000,2991,0.03,30,0.45,0.1,50,0.37,15,0.026827632461435526,0.0
893,scale_free,degree,degree,901079,1000,2991,0.03,30,0.45,0.1,50,1.0,38,0.0,0.0
894,scale_free,degree,degree,902088,1000,2991,0.03,30,0.45,0.1,50,0.195,7,0.08417169684775241,0.00025448289027008513
895,scale_free,degree,degree,903097,1000,2991,0.03,30,0.45,0.1,50,1.0,31,0.0,0.0
896,scale_free,degree,degree,904106,1000,2991,0.03,30,0.45,0.1,50,1.0,24,0.0,0.0
897,scale_free,degree,degree,905115,1000,2991,0.03,30,0.45,0.1,50,0.306,10,0.049631120053655796,0.0
898,scale_free,degree,degree,906124,1000,2991,0.03,30,0.45,0.1,50,0.332,11,0.03152246814218683,0.0
899,scale_free,degree,degree,907133,1000,2991,0.03,30,0.45,0.1,50,0.205,7,0.08148893360160912,0.00039461756279827006
900,scale_free,degree,degree,908142,1000,2991,0.03,30,0.45,0.1,50,0.278,8,0.049631120053655615,0.0
861,scale_free,degree,degree,868791,1000,2991,0.03,30,0.45,0.1,50,0.264,9,0.04795439302481612,0.0
862,scale_free,degree,degree,869800,1000,2991,0.03,30,0.45,0.1,50,0.3,13,0.04258886653252835,0.0
863,scale_free,degree,degree,870809,1000,2991,0.03,30,0.45,0.1,50,0.281,15,0.03923541247484957,0.0
864,scale_free,degree,degree,871818,1000,2991,0.03,30,0.45,0.1,50,0.307,13,0.050637156270959126,1.0769560930910082e-05
865,scale_free,degree,degree,872827,1000,2991,0.03,30,0.45,0.1,50,1.0,19,0.0,0.0
866,scale_free,degree,degree,873836,1000,2991,0.03,30,0.45,0.1,50,0.307,17,0.0513078470824954,3.1756813175751764e-05
867,scale_free,degree,degree,874845,1000,2991,0.03,30,0.45,0.1,50,0.34,16,0.030851777330650212,2.725299451714064e-06
868,scale_free,degree,degree,875854,1000,2991,0.03,30,0.45,0.1,50,1.0,47,0.0,0.0
869,scale_free,degree,degree,876863,1000,2991,0.03,30,0.45,0.1,50,0.415,22,0.024144869215291638,0.0
870,scale_free,degree,degree,877872,1000,2991,0.03,30,0.45,0.1,50,0.306,8,0.056002682763245513,8.490698726673229e-05
871,scale_free,degree,degree,878881,1000,2991,0.03,30,0.45,0.1,50,1.0,26,0.0,0.0
872,scale_free,degree,degree,879890,1000,2991,0.03,30,0.45,0.1,50,1.0,21,0.0,0.0
873,scale_free,degree,degree,880899,1000,2991,0.03,30,0.45,0.1,50,1.0,26,0.0,0.0
874,scale_free,degree,degree,881908,1000,2991,0.03,30,0.45,0.1,50,0.356,22,0.023474178403755794,0.0
875,scale_free,degree,degree,882917,1000,2991,0.03,30,0.45,0.1,50,1.0,36,0.0,0.0
876,scale_free,degree,degree,883926,1000,2991,0.03,30,0.45,0.1,50,0.271,14,0.0539906103286384,5.398556724569319e-05
877,scale_free,degree,degree,884935,1000,2991,0.03,30,0.45,0.1,50,1.0,36,0.0,0.0
878,scale_free,degree,degree,885944,1000,2991,0.03,30,0.45,0.1,50,0.266,10,0.056338028169014454,0.00013617962215140984
879,scale_free,degree,degree,886953,1000,2991,0.03,30,0.45,0.1,50,0.409,18,0.023138832997987822,0.0
880,scale_free,degree,degree,887962,1000,2991,0.03,30,0.45,0.1,50,1.0,21,0.0,0.0
921,scale_free,degree,degree,929331,1000,2991,0.03,30,0.45,0.1,50,0.241,10,0.06572769953051644,0.00016882695584601848
922,scale_free,degree,degree,930340,1000,2991,0.03,30,0.45,0.1,50,1.0,40,0.0,0.0
923,scale_free,degree,degree,931349,1000,2991,0.03,30,0.45,0.1,50,1.0,20,0.0,0.0
924,scale_free,degree,degree,932358,1000,2991,0.03,30,0.45,0.1,50,1.0,26,0.0,0.0
925,scale_free,degree,degree,933367,1000,2991,0.03,30,0.45,0.1,50,0.471,23,0.019450033534540626,0.0
926,scale_free,degree,degree,934376,1000,2991,0.03,30,0.45,0.1,50,1.0,25,0.0,0.0
927,scale_free,degree,degree,935385,1000,2991,0.03,30,0.45,0.1,50,0.247,9,0.07075788061703474,7.539200213373615e-05
928,scale_free,degree,degree,936394,1000,2991,0.03,30,0.45,0.1,50,1.0,22,0.0,0.0
929,scale_free,degree,degree,937403,1000,2991,0.03,30,0.45,0.1,50,0.267,11,0.05868544600938927,8.548748023054762e-05
930,scale_free,degree,degree,938412,1000,2991,0.03,30,0.45,0.1,50,0.276,8,0.05734406438631736,5.9048639710112466e-05
931,scale_free,degree,degree,939421,1000,2991,0.03,30,0.45,0.1,50,1.0,24,0.0,0.0
932,scale_free,degree,degree,940430,1000,2991,0.03,30,0.45,0.1,50,0.341,10,0.04393024815560052,0.0
933,scale_free,degree,degree,941439,1000,2991,0.03,30,0.45,0.1,50,0.37,13,0.028169014084507345,0.0
934,scale_free,degree,degree,942448,1000,2991,0.03,30,0.45,0.1,50,1.0,40,0.0,0.0
935,scale_free,degree,degree,943457,1000,2991,0.03,30,0.45,0.1,50,0.286,14,0.04493628437290377,4.779703331143502e-05
936,scale_free,degree,degree,944466,1000,2991,0.03,30,0.45,0.1,50,0.387,17,0.03588195841716975,0.0
937,scale_free,degree,degree,945475,1000,2991,0.03,30,0.45,0.1,50,1.0,38,0.0,0.0
938,scale_free,degree,degree,946484,1000,2991,0.03,30,0.45,0.1,50,1.0,23,0.0,0.0
939,scale_free,degree,degree,947493,1000,2991,0.03,30,0.45,0.1,50,0.267,11,0.06002682763246201,0.00011373016198928399
940,scale_free,degree,degree,948502,1000,2991,0.03,30,0.45,0.1,50,0.308,15,0.045271629778672585,2.5002139425169855e-06
901,scale_free,degree,degree,909151,1000,2991,0.03,30,0.45,0.1,50,0.309,9,0.028839704896042626,5.06661143047412e-05
902,scale_free,degree,degree,910160,1000,2991,0.03,30,0.45,0.1,50,1.0,35,0.0,0.0
903,scale_free,degree,degree,911169,1000,2991,0.03,30,0.45,0.1,50,1.0,24,0.0,0.0
904,scale_free,degree,degree,912178,1000,2991,0.03,30,0.45,0.1,50,1.0,25,0.0,0.0
905,scale_free,degree,degree,913187,1000,2991,0.03,30,0.45,0.1,50,0.295,17,0.04359490274983225,0.0
906,scale_free,degree,degree,914196,1000,2991,0.03,30,0.45,0.1,50,0.284,13,0.047619047619048185,4.66838649184252e-05
907,scale_free,degree,degree,915205,1000,2991,0.03,30,0.45,0.1,50,0.268,7,0.059020791415157224,8.780984310233996e-05
908,scale_free,degree,degree,916214,1000,2991,0.03,30,0.45,0.1,50,1.0,25,0.0,0.0
909,scale_free,degree,degree,917223,1000,2991,0.03,30,0.45,0.1,50,1.0,34,0.0,0.0
910,scale_free,degree,degree,918232,1000,2991,0.03,30,0.45,0.1,50,0.561,50,0.008048289738430576,0.0
911,scale_free,degree,degree,919241,1000,2991,0.03,30,0.45,0.1,50,1.0,17,0.0,0.0
912,scale_free,degree,degree,920250,1000,2991,0.03,30,0.45,0.1,50,1.0,21,0.0,0.0
913,scale_free,degree,degree,921259,1000,2991,0.03,30,0.45,0.1,50,1.0,35,0.0,0.0
914,scale_free,degree,degree,922268,1000,2991,0.03,30,0.45,0.1,50,0.342,10,0.0790847049377749,0.0
915,scale_free,degree,degree,923277,1000,2991,0.03,30,0.45,0.1,50,0.301,11,0.03588195841716952,0.0
916,scale_free,degree,degree,924286,1000,2991,0.03,30,0.45,0.1,50,1.0,28,0.0,0.0
917,scale_free,degree,degree,925295,1000,2991,0.03,30,0.45,0.1,50,1.0,24,0.0,0.0
918,scale_free,degree,degree,926304,1000,2991,0.03,30,0.45,0.1,50,0.282,12,0.035881958417169374,5.990685912017834e-05
919,scale_free,degree,degree,927313,1000,2991,0.03,30,0.45,0.1,50,0.34,25,0.025821596244131186,0.0
920,scale_free,degree,degree,928322,1000,2991,0.03,30,0.45,0.1,50,0.356,17,0.03487592219986567,0.0
941,scale_free,degree,degree,949511,1000,2991,0.03,30,0.45,0.1,50,1.0,23,0.0,0.0
942,scale_free,degree,degree,950520,1000,2991,0.03,30,0.45,0.1,50,0.309,8,0.045271629778671274,0.0
943,scale_free,degree,degree,951529,1000,2991,0.03,30,0.45,0.1,50,1.0,33,0.0,0.0
944,scale_free,degree,degree,952538,1000,2991,0.03,30,0.45,0.1,50,0.28,12,0.03085177733065057,0.0
945,scale_free,degree,degree,953547,1000,2991,0.03,30,0.45,0.1,50,1.0,24,0.0,0.0
946,scale_free,degree,degree,954556,1000,2991,0.03,30,0.45,0.1,50,0.402,13,0.02515090543259549,0.0
947,scale_free,degree,degree,955565,1000,2991,0.03,30,0.45,0.1,50,1.0,28,0.0,0.0
948,scale_free,degree,degree,956574,1000,2991,0.03,30,0.45,0.1,50,1.0,36,0.0,0.0
949,scale_free,degree,degree,957583,1000,2991,0.03,30,0.45,0.1,50,0.377,19,0.027833668678739362,0.0
950,scale_free,degree,degree,958592,1000,2991,0.03,30,0.45,0.1,50,1.0,21,0.0,0.0
951,scale_free,degree,degree,959601,1000,2991,0.03,30,0.45,0.1,50,1.0,19,0.0,0.0
952,scale_free,degree,degree,960610,1000,2991,0.03,30,0.45,0.1,50,1.0,32,0.0,0.0
953,scale_free,degree,degree,961619,1000,2991,0.03,30,0.45,0.1,50,0.348,11,0.03420523138832969,0.0
954,scale_free,degree,degree,962628,1000,2991,0.03,30,0.45,0.1,50,1.0,32,0.0,0.0
955,scale_free,degree,degree,963637,1000,2991,0.03,30,0.45,0.1,50,0.289,8,0.03386988598256208,0.0
956,scale_free,degree,degree,964646,1000,2991,0.03,30,0.45,0.1,50,1.0,23,0.0,0.0
957,scale_free,degree,degree,965655,1000,2991,0.03,30,0.45,0.1,50,1.0,16,0.0,0.0
958,scale_free,degree,degree,966664,1000,2991,0.03,30,0.45,0.1,50,0.22,6,0.07478202548625042,0.0001568591269271227
959,scale_free,degree,degree,967673,1000,2991,0.03,30,0.45,0.1,50,1.0,44,0.0,0.0
960,scale_free,degree,degree,968682,1000,2991,0.03,30,0.45,0.1,50,1.0,29,0.0,0.0
961,scale_free,degree,degree,969691,1000,2991,0.03,30,0.45,0.1,50,1.0,23,0.0,0.0
962,scale_free,degree,degree,970700,1000,2991,0.03,30,0.45,0.1,50,0.326,10,0.039906103286384643,0.0
963,scale_free,degree,degree,971709,1000,2991,0.03,30,0.45,0.1,50,0.325,15,0.03420523138833007,0.0
964,scale_free,degree,degree,972718,1000,2991,0.03,30,0.45,0.1,50,1.0,24,0.0,0.0
965,scale_free,degree,degree,973727,1000,2991,0.03,30,0.45,0.1,50,0.425,16,0.02582159624413104,0.0
966,scale_free,degree,degree,974736,1000,2991,0.03,30,0.45,0.1,50,0.434,35,0.015425888665325321,0.0
967,scale_free,degree,degree,975745,1000,2991,0.03,30,0.45,0.1,50,0.318,16,0.03822937625754503,0.0
968,scale_free,degree,degree,976754,1000,2991,0.03,30,0.45,0.1,50,0.314,17,0.03386988598256252,0.0
969,scale_free,degree,degree,977763,1000,2991,0.03,30,0.45,0.1,50,1.0,25,0.0,0.0
970,scale_free,degree,degree,978772,1000,2991,0.03,30,0.45,0.1,50,1.0,28,0.0,0.0
971,scale_free,degree,degree,979781,1000,2991,0.03,30,0.45,0.1,50,1.0,25,0.0,0.0
972,scale_free,degree,degree,980790,1000,2991,0.03,30,0.45,0.1,50,1.0,36,0.0,0.0
973,scale_free,degree,degree,981799,1000,2991,0.03,30,0.45,0.1,50,0.311,23,0.037894030851776894,0.0
974,scale_free,degree,degree,982808,1000,2991,0.03,30,0.45,0.1,50,1.0,34,0.0,0.0
975,scale_free,degree,degree,983817,1000,2991,0.03,30,0.45,0.1,50,1.0,26,0.0,0.0
976,scale_free,degree,degree,984826,1000,2991,0.03,30,0.45,0.1,50,0.97,50,0.0,0.0
977,scale_free,degree,degree,985835,1000,2991,0.03,30,0.45,0.1,50,0.243,13,0.05969148222669242,0.00010553442639512477
978,scale_free,degree,degree,986844,1000,2991,0.03,30,0.45,0.1,50,0.354,17,0.037558685446009286,0.0
979,scale_free,degree,degree,987853,1000,2991,0.03,30,0.45,0.1,50,1.0,31,0.0,0.0
980,scale_free,degree,degree,988862,1000,2991,0.03,30,0.45,0.1,50,0.452,21,0.027162977867203123,0.0
981,scale_free,degree,degree,989871,1000,2991,0.03,30,0.45,0.1,50,0.371,21,0.0248155600268278,0.0
982,scale_free,degree,degree,990880,1000,2991,0.03,30,0.45,0.1,50,1.0,17,0.0,0.0
983,scale_free,degree,degree,991889,1000,2991,0.03,30,0.45,0.1,50,1.0,33,0.0,0.0
984,scale_free,degree,degree,992898,1000,2991,0.03,30,0.45,0.1,50,0.342,11,0.03353454057679452,0.0
985,scale_free,degree,degree,993907,1000,2991,0.03,30,0.45,0.1,50,0.324,10,0.03789403085177797,0.0
986,scale_free,degree,degree,994916,1000,2991,0.03,30,0.45,0.1,50,0.282,12,0.05801475519785388,0.0
987,scale_free,degree,degree,995925,1000,2991,0.03,30,0.45,0.1,50,0.268,13,0.04929577464788696,0.0
988,scale_free,degree,degree,996934,1000,2991,0.03,30,0.45,0.1,50,1.0,29,0.0,0.0
989,scale_free,degree,degree,997943,1000,2991,0.03,30,0.45,0.1,50,1.0,43,0.0,0.0
990,scale_free,degree,degree,998952,1000,2991,0.03,30,0.45,0.1,50,1.0,22,0.0,0.0
991,scale_free,degree,degree,999961,1000,2991,0.03,30,0.45,0.1,50,0.31,13,0.043259557344063865,0.0
992,scale_free,degree,degree,1000970,1000,2991,0.03,30,0.45,0.1,50,0.28,10,0.042253521126760694,9.839457488636678e-05
993,scale_free,degree,degree,1001979,1000,2991,0.03,30,0.45,0.1,50,0.279,11,0.042253521126760805,0.0
994,scale_free,degree,degree,1002988,1000,2991,0.03,30,0.45,0.1,50,0.297,11,0.04124748490945639,0.0
995,scale_free,degree,degree,1003997,1000,2991,0.03,30,0.45,0.1,50,0.33,16,0.04024144869215256,0.0
996,scale_free,degree,degree,1005006,1000,2991,0.03,30,0.45,0.1,50,1.0,21,0.0,0.0
997,scale_free,degree,degree,1006015,1000,2991,0.03,30,0.45,0.1,50,0.365,19,0.03856472166331255,0.0
998,scale_free,degree,degree,1007024,1000,2991,0.03,30,0.45,0.1,50,0.281,7,0.045606975184440256,0.0
999,scale_free,degree,degree,1008033,1000,2991,0.03,30,0.45,0.1,50,0.425,14,0.02984574111334659,0.0
1000,scale_free,degree,degree,1009042,1000,2991,0.03,30,0.45,0.1,50,0.306,10,0.03420523138833006,6.7594277194710845e-06
1001,small_world,degree,degree,1010051,1000,3000,0.03,30,0.45,0.1,50,0.043,10,0.7323333333333338,0.8099795266008107
1002,small_world,degree,degree,1011060,1000,3000,0.03,30,0.45,0.1,50,0.05,10,0.718000000000005,0.780255856212995
1003,small_world,degree,degree,1012069,1000,3000,0.03,30,0.45,0.1,50,0.033,1,0.7316666666666666,0.8335795020945271
1004,small_world,degree,degree,1013078,1000,3000,0.03,30,0.45,0.1,50,0.05,6,0.7285000000000064,0.7964320229512478
1005,small_world,degree,degree,1014087,1000,3000,0.03,30,0.45,0.1,50,0.054,8,0.7145000000000044,0.7772812084528925
1006,small_world,degree,degree,1015096,1000,3000,0.03,30,0.45,0.1,50,0.061,8,0.7070000000000054,0.7586565652384526
1007,small_world,degree,degree,1016105,1000,3000,0.03,30,0.45,0.1,50,0.066,10,0.7365,0.7760108054562493
1008,small_world,degree,degree,1017114,1000,3000,0.03,30,0.45,0.1,50,0.044,5,0.7305000000000047,0.8034642648591088
1009,small_world,degree,degree,1018123,1000,3000,0.03,30,0.45,0.1,50,0.05,5,0.7129999999999999,0.7859698783381708
1010,small_world,degree,degree,1019132,1000,3000,0.03,30,0.45,0.1,50,0.034,1,0.7165000000000002,0.8120623155130481
1011,small_world,degree,degree,1020141,1000,3000,0.03,30,0.45,0.1,50,0.063,13,0.7280000000000025,0.7773462912318445
1012,small_world,degree,degree,1021150,1000,3000,0.03,30,0.45,0.1,50,0.035,2,0.704500000000004,0.7973031351288272
1013,small_world,degree,degree,1022159,1000,3000,0.03,30,0.45,0.1,50,0.035,3,0.727999999999997,0.8249287863339086
1014,small_world,degree,degree,1023168,1000,3000,0.03,30,0.45,0.1,50,0.036,4,0.735000000000005,0.8144334356409313
1015,small_world,degree,degree,1024177,1000,3000,0.03,30,0.45,0.1,50,0.053,7,0.7130000000000044,0.7725243919475713
1016,small_world,degree,degree,1025186,1000,3000,0.03,30,0.45,0.1,50,0.033,1,0.7130000000000059,0.8194284740015014
1017,small_world,degree,degree,1026195,1000,3000,0.03,30,0.45,0.1,50,0.054,5,0.7580000000000008,0.806031132752898
1018,small_world,degree,degree,1027204,1000,3000,0.03,30,0.45,0.1,50,0.047,7,0.7200000000000005,0.8079347238576902
1019,small_world,degree,degree,1028213,1000,3000,0.03,30,0.45,0.1,50,0.063,9,0.7306666666666676,0.776510461529916
1020,small_world,degree,degree,1029222,1000,3000,0.03,30,0.45,0.1,50,0.044,7,0.7273333333333332,0.8112414859228001
1061,small_world,degree,degree,1070591,1000,3000,0.03,30,0.45,0.1,50,0.035,3,0.7170000000000057,0.8098384109145649
1062,small_world,degree,degree,1071600,1000,3000,0.03,30,0.45,0.1,50,0.064,6,0.7353333333333336,0.7812725191393675
1063,small_world,degree,degree,1072609,1000,3000,0.03,30,0.45,0.1,50,0.034,2,0.7245000000000047,0.8113747675318762
1064,small_world,degree,degree,1073618,1000,3000,0.03,30,0.45,0.1,50,0.042,4,0.7606666666666664,0.8187080306098233
1065,small_world,degree,degree,1074627,1000,3000,0.03,30,0.45,0.1,50,0.049,7,0.696500000000006,0.7915535762878557
1066,small_world,degree,degree,1075636,1000,3000,0.03,30,0.45,0.1,50,0.055,10,0.7055000000000053,0.7697180914404577
1067,small_world,degree,degree,1076645,1000,3000,0.03,30,0.45,0.1,50,0.041,9,0.7125000000000061,0.8138992200863355
1068,small_world,degree,degree,1077654,1000,3000,0.03,30,0.45,0.1,50,0.051,6,0.7616666666666675,0.8024487941903001
1069,small_world,degree,degree,1078663,1000,3000,0.03,30,0.45,0.1,50,0.046,4,0.7365000000000044,0.8026636362162322
1070,small_world,degree,degree,1079672,1000,3000,0.03,30,0.45,0.1,50,0.044,4,0.7396666666666667,0.804007055837947
1071,small_world,degree,degree,1080681,1000,3000,0.03,30,0.45,0.1,50,0.033,1,0.7260000000000002,0.8230090506085207
1072,small_world,degree,degree,1081690,1000,3000,0.03,30,0.45,0.1,50,0.059,8,0.7215000000000057,0.7776094225858368
1073,small_world,degree,degree,1082699,1000,3000,0.03,30,0.45,0.1,50,0.036,4,0.7300000000000065,0.8187031237964848
1074,small_world,degree,degree,1083708,1000,3000,0.03,30,0.45,0.1,50,0.038,4,0.7195000000000054,0.8073158451492327
1075,small_world,degree,degree,1084717,1000,3000,0.03,30,0.45,0.1,50,0.055,6,0.7420000000000044,0.8016803768219171
1076,small_world,degree,degree,1085726,1000,3000,0.03,30,0.45,0.1,50,0.04,5,0.7240000000000041,0.8066934184581696
1077,small_world,degree,degree,1086735,1000,3000,0.03,30,0.45,0.1,50,0.047,7,0.7250000000000046,0.7998719058473736
1078,small_world,degree,degree,1087744,1000,3000,0.03,30,0.45,0.1,50,0.041,6,0.7319999999999963,0.8070306028069578
1079,small_world,degree,degree,1088753,1000,3000,0.03,30,0.45,0.1,50,0.037,3,0.7349999999999973,0.8180648240288056
1080,small_world,degree,degree,1089762,1000,3000,0.03,30,0.45,0.1,50,0.041,6,0.7443333333333335,0.8245552376229257
1021,small_world,degree,degree,1030231,1000,3000,0.03,30,0.45,0.1,50,0.054,5,0.758666666666667,0.8260221927017982
1022,small_world,degree,degree,1031240,1000,3000,0.03,30,0.45,0.1,50,0.05,6,0.7190000000000002,0.7917511009227671
1023,small_world,degree,degree,1032249,1000,3000,0.03,30,0.45,0.1,50,0.049,7,0.7340000000000004,0.8084221814411648
1024,small_world,degree,degree,1033258,1000,3000,0.03,30,0.45,0.1,50,0.037,4,0.7170000000000059,0.8065703375315614
1025,small_world,degree,degree,1034267,1000,3000,0.03,30,0.45,0.1,50,0.041,4,0.7183333333333337,0.805356934752945
1026,small_world,degree,degree,1035276,1000,3000,0.03,30,0.45,0.1,50,0.042,4,0.710000000000001,0.7932964803208404
1027,small_world,degree,degree,1036285,1000,3000,0.03,30,0.45,0.1,50,0.046,5,0.763999999999999,0.8180611631874889
1028,small_world,degree,degree,1037294,1000,3000,0.03,30,0.45,0.1,50,0.033,1,0.7155000000000061,0.8171358421290486
1029,small_world,degree,degree,1038303,1000,3000,0.03,30,0.45,0.1,50,0.069,18,0.7246666666666679,0.7665702127152775
1030,small_world,degree,degree,1039312,1000,3000,0.03,30,0.45,0.1,50,0.062,7,0.7333333333333288,0.7841901341547551
1031,small_world,degree,degree,1040321,1000,3000,0.03,30,0.45,0.1,50,0.037,2,0.7269999999999966,0.815082891846959
1032,small_world,degree,degree,1041330,1000,3000,0.03,30,0.45,0.1,50,0.038,3,0.7300000000000043,0.816713013060927
1033,small_world,degree,degree,1042339,1000,3000,0.03,30,0.45,0.1,50,0.031,1,0.7265000000000064,0.8306751356133567
1034,small_world,degree,degree,1043348,1000,3000,0.03,30,0.45,0.1,50,0.043,5,0.7280000000000048,0.8114870286987909
1035,small_world,degree,degree,1044357,1000,3000,0.03,30,0.45,0.1,50,0.046,4,0.7300000000000041,0.7953368282997328
1036,small_world,degree,degree,1045366,1000,3000,0.03,30,0.45,0.1,50,0.049,4,0.7355000000000057,0.8014275382619496
1037,small_world,degree,degree,1046375,1000,3000,0.03,30,0.45,0.1,50,0.042,4,0.7275000000000055,0.8076078056182516
1038,small_world,degree,degree,1047384,1000,3000,0.03,30,0.45,0.1,50,0.032,1,0.7443333333333302,0.8296744998202628
1039,small_world,degree,degree,1048393,1000,3000,0.03,30,0.45,0.1,50,0.042,6,0.712666666666663,0.806058394773983
1040,small_world,degree,degree,1049402,1000,3000,0.03,30,0.45,0.1,50,0.062,9,0.7115000000000042,0.7535527851245408
1081,small_world,degree,degree,1090771,1000,3000,0.03,30,0.45,0.1,50,0.055,6,0.7460000000000043,0.8089845663181777
1082,small_world,degree,degree,1091780,1000,3000,0.03,30,0.45,0.1,50,0.044,6,0.7209999999999996,0.8057912210865228
1083,small_world,degree,degree,1092789,1000,3000,0.03,30,0.45,0.1,50,0.054,11,0.7136666666666676,0.7837079991347723
1084,small_world,degree,degree,1093798,1000,3000,0.03,30,0.45,0.1,50,0.041,3,0.7436666666666667,0.8065445844407682
1085,small_world,degree,degree,1094807,1000,3000,0.03,30,0.45,0.1,50,0.033,1,0.7293333333333337,0.8248479128785885
1086,small_world,degree,degree,1095816,1000,3000,0.03,30,0.45,0.1,50,0.063,6,0.7336666666666661,0.7898057624498122
1087,small_world,degree,degree,1096825,1000,3000,0.03,30,0.45,0.1,50,0.043,8,0.7226666666666665,0.8080581966970869
1088,small_world,degree,degree,1097834,1000,3000,0.03,30,0.45,0.1,50,0.033,2,0.7300000000000041,0.8217583178941424
1089,small_world,degree,degree,1098843,1000,3000,0.03,30,0.45,0.1,50,0.046,6,0.7140000000000067,0.7920003494495013
1090,small_world,degree,degree,1099852,1000,3000,0.03,30,0.45,0.1,50,0.05,5,0.7533333333333333,0.8189593831280624
1091,small_world,degree,degree,1100861,1000,3000,0.03,30,0.45,0.1,50,0.041,7,0.737,0.8144358237518465
1092,small_world,degree,degree,1101870,1000,3000,0.03,30,0.45,0.1,50,0.038,5,0.7359999999999968,0.8161600088004812
1093,small_world,degree,degree,1102879,1000,3000,0.03,30,0.45,0.1,50,0.036,4,0.7490000000000007,0.8140185765630534
1094,small_world,degree,degree,1103888,1000,3000,0.03,30,0.45,0.1,50,0.044,6,0.714000000000006,0.7980847548726488
1095,small_world,degree,degree,1104897,1000,3000,0.03,30,0.45,0.1,50,0.042,4,0.7449999999999968,0.8157118089296385
1096,small_world,degree,degree,1105906,1000,3000,0.03,30,0.45,0.1,50,0.059,12,0.7223333333333337,0.7879179153146358
1097,small_world,degree,degree,1106915,1000,3000,0.03,30,0.45,0.1,50,0.056,8,0.7116666666666615,0.7716356618375487
1098,small_world,degree,degree,1107924,1000,3000,0.03,30,0.45,0.1,50,0.039,3,0.7246666666666669,0.8143109653907623
1099,small_world,degree,degree,1108933,1000,3000,0.03,30,0.45,0.1,50,0.054,7,0.7375000000000052,0.8024164110197058
1100,small_world,degree,degree,1109942,1000,3000,0.03,30,0.45,0.1,50,0.047,5,0.7223333333333334,0.7991689192659347
1041,small_world,degree,degree,1050411,1000,3000,0.03,30,0.45,0.1,50,0.038,3,0.7205000000000059,0.8087460635052448
1042,small_world,degree,degree,1051420,1000,3000,0.03,30,0.45,0.1,50,0.075,6,0.7539999999999999,0.7815577994676676
1043,small_world,degree,degree,1052429,1000,3000,0.03,30,0.45,0.1,50,0.032,1,0.7433333333333335,0.8362019661779789
1044,small_world,degree,degree,1053438,1000,3000,0.03,30,0.45,0.1,50,0.051,7,0.7363333333333294,0.801957530536838
1045,small_world,degree,degree,1054447,1000,3000,0.03,30,0.45,0.1,50,0.046,6,0.730666666666667,0.8138080593472216
1046,small_world,degree,degree,1055456,1000,3000,0.03,30,0.45,0.1,50,0.041,3,0.7453333333333334,0.8234471734258575
1047,small_world,degree,degree,1056465,1000,3000,0.03,30,0.45,0.1,50,0.036,4,0.7145000000000048,0.8087141721392108
1048,small_world,degree,degree,1057474,1000,3000,0.03,30,0.45,0.1,50,0.051,6,0.7075000000000053,0.7714084192839369
1049,small_world,degree,degree,1058483,1000,3000,0.03,30,0.45,0.1,50,0.032,1,0.7080000000000058,0.8157427022808296
1050,small_world,degree,degree,1059492,1000,3000,0.03,30,0.45,0.1,50,0.039,6,0.7279999999999969,0.8147015053878819
1051,small_world,degree,degree,1060501,1000,3000,0.03,30,0.45,0.1,50,0.069,9,0.7446666666666669,0.7832373561600038
1052,small_world,degree,degree,1061510,1000,3000,0.03,30,0.45,0.1,50,0.039,3,0.710000000000006,0.8072276090973629
1053,small_world,degree,degree,1062519,1000,3000,0.03,30,0.45,0.1,50,0.037,3,0.732333333333332,0.8238373015417426
1054,small_world,degree,degree,1063528,1000,3000,0.03,30,0.45,0.1,50,0.047,7,0.7320000000000044,0.7952499412487135
1055,small_world,degree,degree,1064537,1000,3000,0.03,30,0.45,0.1,50,0.032,1,0.7275000000000047,0.8139993408766873
1056,small_world,degree,degree,1065546,1000,3000,0.03,30,0.45,0.1,50,0.042,6,0.7206666666666667,0.8038061596193848
1057,small_world,degree,degree,1066555,1000,3000,0.03,30,0.45,0.1,50,0.039,6,0.7446666666666641,0.8237857551411853
1058,small_world,degree,degree,1067564,1000,3000,0.03,30,0.45,0.1,50,0.051,6,0.753500000000004,0.810271618343303
1059,small_world,degree,degree,1068573,1000,3000,0.03,30,0.45,0.1,50,0.032,1,0.7249999999999998,0.8296019574577232
1060,small_world,degree,degree,1069582,1000,3000,0.03,30,0.45,0.1,50,0.047,8,0.7395000000000048,0.8064919694117347
1101,small_world,degree,degree,1110951,1000,3000,0.03,30,0.45,0.1,50,0.04,4,0.7080000000000034,0.7991690234123908
1102,small_world,degree,degree,1111960,1000,3000,0.03,30,0.45,0.1,50,0.046,6,0.7305000000000049,0.7984024372862524
1103,small_world,degree,degree,1112969,1000,3000,0.03,30,0.45,0.1,50,0.054,7,0.6945000000000061,0.7845385355822093
1104,small_world,degree,degree,1113978,1000,3000,0.03,30,0.45,0.1,50,0.034,1,0.7215000000000045,0.8141418605673133
1105,small_world,degree,degree,1114987,1000,3000,0.03,30,0.45,0.1,50,0.031,1,0.7389999999999993,0.8429163916819009
1106,small_world,degree,degree,1115996,1000,3000,0.03,30,0.45,0.1,50,0.035,2,0.7020000000000053,0.8047812955909923
1107,small_world,degree,degree,1117005,1000,3000,0.03,30,0.45,0.1,50,0.039,4,0.7140000000000041,0.7986439243928086
1108,small_world,degree,degree,1118014,1000,3000,0.03,30,0.45,0.1,50,0.06,11,0.7180000000000001,0.7621705049906401
1109,small_world,degree,degree,1119023,1000,3000,0.03,30,0.45,0.1,50,0.053,4,0.750000000000005,0.809698015728149
1110,small_world,degree,degree,1120032,1000,3000,0.03,30,0.45,0.1,50,0.05,8,0.7579999999999992,0.8178072120814956
1111,small_world,degree,degree,1121041,1000,3000,0.03,30,0.45,0.1,50,0.031,1,0.7240000000000051,0.81995245815897
1112,small_world,degree,degree,1122050,1000,3000,0.03,30,0.45,0.1,50,0.03,0,0.7330000000000053,0.8328421766694207
1113,small_world,degree,degree,1123059,1000,3000,0.03,30,0.45,0.1,50,0.035,2,0.7250000000000003,0.8206813066420775
1114,small_world,degree,degree,1124068,1000,3000,0.03,30,0.45,0.1,50,0.066,9,0.715,0.7769278220431536
1115,small_world,degree,degree,1125077,1000,3000,0.03,30,0.45,0.1,50,0.036,3,0.7340000000000046,0.8154031982576013
1116,small_world,degree,degree,1126086,1000,3000,0.03,30,0.45,0.1,50,0.034,1,0.7225000000000054,0.8178640285330738
1117,small_world,degree,degree,1127095,1000,3000,0.03,30,0.45,0.1,50,0.04,5,0.726,0.805153934775416
1118,small_world,degree,degree,1128104,1000,3000,0.03,30,0.45,0.1,50,0.048,5,0.7075000000000042,0.7960081753125319
1119,small_world,degree,degree,1129113,1000,3000,0.03,30,0.45,0.1,50,0.045,5,0.7389999999999998,0.8120590647358447
1120,small_world,degree,degree,1130122,1000,3000,0.03,30,0.45,0.1,50,0.041,3,0.7600000000000051,0.8303085350493523
1121,small_world,degree,degree,1131131,1000,3000,0.03,30,0.45,0.1,50,0.05,8,0.7279999999999999,0.7943397828098744
1122,small_world,degree,degree,1132140,1000,3000,0.03,30,0.45,0.1,50,0.049,5,0.7179999999999955,0.7877125023623731
1123,small_world,degree,degree,1133149,1000,3000,0.03,30,0.45,0.1,50,0.039,5,0.7150000000000057,0.7961087659028735
1124,small_world,degree,degree,1134158,1000,3000,0.03,30,0.45,0.1,50,0.037,3,0.7150000000000064,0.8076941424058196
1125,small_world,degree,degree,1135167,1000,3000,0.03,30,0.45,0.1,50,0.049,4,0.7630000000000052,0.8221998772819267
1126,small_world,degree,degree,1136176,1000,3000,0.03,30,0.45,0.1,50,0.037,6,0.7376666666666667,0.8257953789111836
1127,small_world,degree,degree,1137185,1000,3000,0.03,30,0.45,0.1,50,0.047,6,0.7250000000000051,0.795582940826555
1128,small_world,degree,degree,1138194,1000,3000,0.03,30,0.45,0.1,50,0.043,7,0.7273333333333295,0.8133264903398749
1129,small_world,degree,degree,1139203,1000,3000,0.03,30,0.45,0.1,50,0.038,6,0.7186666666666669,0.8100350446364434
1130,small_world,degree,degree,1140212,1000,3000,0.03,30,0.45,0.1,50,0.037,5,0.7260000000000004,0.8151165215413129
1131,small_world,degree,degree,1141221,1000,3000,0.03,30,0.45,0.1,50,0.06,10,0.7106666666666671,0.7741444150172901
1132,small_world,degree,degree,1142230,1000,3000,0.03,30,0.45,0.1,50,0.051,7,0.7150000000000005,0.7775135384825647
1133,small_world,degree,degree,1143239,1000,3000,0.03,30,0.45,0.1,50,0.045,9,0.7160000000000046,0.7997489788839296
1134,small_world,degree,degree,1144248,1000,3000,0.03,30,0.45,0.1,50,0.037,3,0.7416666666666654,0.8246322574984931
1135,small_world,degree,degree,1145257,1000,3000,0.03,30,0.45,0.1,50,0.047,11,0.7283333333333339,0.8007397427427467
1136,small_world,degree,degree,1146266,1000,3000,0.03,30,0.45,0.1,50,0.044,7,0.7140000000000052,0.7943774328537339
1137,small_world,degree,degree,1147275,1000,3000,0.03,30,0.45,0.1,50,0.038,6,0.7323333333333333,0.8293353712830328
1138,small_world,degree,degree,1148284,1000,3000,0.03,30,0.45,0.1,50,0.041,4,0.7520000000000003,0.82743168208713
1139,small_world,degree,degree,1149293,1000,3000,0.03,30,0.45,0.1,50,0.037,2,0.739,0.8225550900087977
1140,small_world,degree,degree,1150302,1000,3000,0.03,30,0.45,0.1,50,0.045,6,0.7185000000000054,0.8006376110806077
1141,small_world,degree,degree,1151311,1000,3000,0.03,30,0.45,0.1,50,0.035,3,0.7370000000000005,0.8203424804112432
1142,small_world,degree,degree,1152320,1000,3000,0.03,30,0.45,0.1,50,0.054,7,0.7396666666666663,0.8128065385313092
1143,small_world,degree,degree,1153329,1000,3000,0.03,30,0.45,0.1,50,0.039,4,0.7305000000000053,0.817728440242099
1144,small_world,degree,degree,1154338,1000,3000,0.03,30,0.45,0.1,50,0.035,2,0.7125000000000037,0.8060110034395956
1145,small_world,degree,degree,1155347,1000,3000,0.03,30,0.45,0.1,50,0.035,3,0.7306666666666668,0.8183355690439681
1146,small_world,degree,degree,1156356,1000,3000,0.03,30,0.45,0.1,50,0.044,5,0.7363333333333334,0.7984555839065672
1147,small_world,degree,degree,1157365,1000,3000,0.03,30,0.45,0.1,50,0.041,3,0.7335000000000037,0.8074235624081121
1148,small_world,degree,degree,1158374,1000,3000,0.03,30,0.45,0.1,50,0.043,5,0.7075000000000058,0.7894800464483251
1149,small_world,degree,degree,1159383,1000,3000,0.03,30,0.45,0.1,50,0.033,3,0.736666666666667,0.8376505741079404
1150,small_world,degree,degree,1160392,1000,3000,0.03,30,0.45,0.1,50,0.04,3,0.7270000000000046,0.8115345810337181
1151,small_world,degree,degree,1161401,1000,3000,0.03,30,0.45,0.1,50,0.034,1,0.7255000000000046,0.8172727592216695
1152,small_world,degree,degree,1162410,1000,3000,0.03,30,0.45,0.1,50,0.033,1,0.7223333333333336,0.8276645424002748
1153,small_world,degree,degree,1163419,1000,3000,0.03,30,0.45,0.1,50,0.036,4,0.7500000000000041,0.8357081838115745
1154,small_world,degree,degree,1164428,1000,3000,0.03,30,0.45,0.1,50,0.031,1,0.7333333333333344,0.834603074630769
1155,small_world,degree,degree,1165437,1000,3000,0.03,30,0.45,0.1,50,0.035,2,0.7326666666666662,0.8280096084898464
1156,small_world,degree,degree,1166446,1000,3000,0.03,30,0.45,0.1,50,0.037,3,0.711666666666667,0.8147304885492087
1157,small_world,degree,degree,1167455,1000,3000,0.03,30,0.45,0.1,50,0.057,6,0.7395,0.8044926273104033
1158,small_world,degree,degree,1168464,1000,3000,0.03,30,0.45,0.1,50,0.044,3,0.7250000000000052,0.797062472834394
1159,small_world,degree,degree,1169473,1000,3000,0.03,30,0.45,0.1,50,0.033,2,0.7160000000000006,0.8279842349272767
1160,small_world,degree,degree,1170482,1000,3000,0.03,30,0.45,0.1,50,0.044,4,0.7120000000000037,0.7959280345412914
1161,small_world,degree,degree,1171491,1000,3000,0.03,30,0.45,0.1,50,0.052,7,0.7110000000000045,0.7817102471392335
1162,small_world,degree,degree,1172500,1000,3000,0.03,30,0.45,0.1,50,0.042,6,0.7240000000000042,0.8034921568943051
1163,small_world,degree,degree,1173509,1000,3000,0.03,30,0.45,0.1,50,0.043,4,0.7555000000000047,0.8100681247889402
1164,small_world,degree,degree,1174518,1000,3000,0.03,30,0.45,0.1,50,0.052,5,0.7433333333333327,0.8072704577455259
1165,small_world,degree,degree,1175527,1000,3000,0.03,30,0.45,0.1,50,0.063,7,0.7405000000000045,0.773625286979859
1166,small_world,degree,degree,1176536,1000,3000,0.03,30,0.45,0.1,50,0.057,11,0.7055000000000062,0.7763261129491467
1167,small_world,degree,degree,1177545,1000,3000,0.03,30,0.45,0.1,50,0.045,6,0.7269999999999962,0.7975968864688422
1168,small_world,degree,degree,1178554,1000,3000,0.03,30,0.45,0.1,50,0.056,9,0.711000000000005,0.7690598066124572
1169,small_world,degree,degree,1179563,1000,3000,0.03,30,0.45,0.1,50,0.043,3,0.7390000000000052,0.8118288452300072
1170,small_world,degree,degree,1180572,1000,3000,0.03,30,0.45,0.1,50,0.059,11,0.7246666666666673,0.7803276491922183
1171,small_world,degree,degree,1181581,1000,3000,0.03,30,0.45,0.1,50,0.048,4,0.7300000000000046,0.7981712840678818
1172,small_world,degree,degree,1182590,1000,3000,0.03,30,0.45,0.1,50,0.043,5,0.7365000000000043,0.8125210349128454
1173,small_world,degree,degree,1183599,1000,3000,0.03,30,0.45,0.1,50,0.045,6,0.6995000000000058,0.783880181513378
1174,small_world,degree,degree,1184608,1000,3000,0.03,30,0.45,0.1,50,0.051,7,0.7156666666666668,0.7915143592828032
1175,small_world,degree,degree,1185617,1000,3000,0.03,30,0.45,0.1,50,0.057,7,0.7373333333333338,0.7852452063861033
1176,small_world,degree,degree,1186626,1000,3000,0.03,30,0.45,0.1,50,0.035,3,0.7450000000000047,0.8245801551633405
1177,small_world,degree,degree,1187635,1000,3000,0.03,30,0.45,0.1,50,0.04,4,0.7310000000000059,0.8116236874837649
1178,small_world,degree,degree,1188644,1000,3000,0.03,30,0.45,0.1,50,0.032,1,0.7396666666666626,0.8366097179506002
1179,small_world,degree,degree,1189653,1000,3000,0.03,30,0.45,0.1,50,0.041,3,0.7190000000000051,0.7984836536868708
1180,small_world,degree,degree,1190662,1000,3000,0.03,30,0.45,0.1,50,0.046,4,0.7060000000000043,0.7821919292237204
1181,small_world,degree,degree,1191671,1000,3000,0.03,30,0.45,0.1,50,0.046,7,0.729666666666664,0.7987830237426292
1182,small_world,degree,degree,1192680,1000,3000,0.03,30,0.45,0.1,50,0.031,1,0.7125000000000057,0.8219425150795255
1183,small_world,degree,degree,1193689,1000,3000,0.03,30,0.45,0.1,50,0.038,3,0.7325000000000044,0.8089121955088056
1184,small_world,degree,degree,1194698,1000,3000,0.03,30,0.45,0.1,50,0.049,6,0.7350000000000049,0.8045399326217719
1185,small_world,degree,degree,1195707,1000,3000,0.03,30,0.45,0.1,50,0.04,6,0.7285,0.814853663073986
1186,small_world,degree,degree,1196716,1000,3000,0.03,30,0.45,0.1,50,0.053,4,0.7325000000000051,0.7894026645209419
1187,small_world,degree,degree,1197725,1000,3000,0.03,30,0.45,0.1,50,0.045,9,0.7266666666666671,0.8015947579639277
1188,small_world,degree,degree,1198734,1000,3000,0.03,30,0.45,0.1,50,0.038,4,0.713000000000006,0.8113663426875787
1189,small_world,degree,degree,1199743,1000,3000,0.03,30,0.45,0.1,50,0.037,4,0.7256666666666666,0.8168357067166475
1190,small_world,degree,degree,1200752,1000,3000,0.03,30,0.45,0.1,50,0.039,3,0.7580000000000031,0.8223302652961438
1191,small_world,degree,degree,1201761,1000,3000,0.03,30,0.45,0.1,50,0.051,7,0.724500000000005,0.8002443716092408
1192,small_world,degree,degree,1202770,1000,3000,0.03,30,0.45,0.1,50,0.047,4,0.719000000000005,0.7989449914125293
1193,small_world,degree,degree,1203779,1000,3000,0.03,30,0.45,0.1,50,0.035,3,0.7190000000000053,0.8216009322748858
1194,small_world,degree,degree,1204788,1000,3000,0.03,30,0.45,0.1,50,0.053,8,0.7085000000000048,0.766269672856126
1195,small_world,degree,degree,1205797,1000,3000,0.03,30,0.45,0.1,50,0.037,2,0.723,0.8128961717752782
1196,small_world,degree,degree,1206806,1000,3000,0.03,30,0.45,0.1,50,0.045,7,0.7399999999999999,0.8158269321760044
1197,small_world,degree,degree,1207815,1000,3000,0.03,30,0.45,0.1,50,0.065,6,0.7406666666666654,0.787392477263916
1198,small_world,degree,degree,1208824,1000,3000,0.03,30,0.45,0.1,50,0.032,1,0.7205000000000052,0.8211643428812899
1199,small_world,degree,degree,1209833,1000,3000,0.03,30,0.45,0.1,50,0.042,4,0.7440000000000042,0.8150694690043132
1200,small_world,degree,degree,1210842,1000,3000,0.03,30,0.45,0.1,50,0.043,6,0.7386666666666662,0.8119248243821656
1201,random,inv_degree,degree,1211851,1000,2943,0.03,30,0.45,0.1,50,0.047,3,0.7109933448360861,0.6394076693560192
1202,random,inv_degree,degree,1212860,1000,3027,0.03,30,0.45,0.1,50,0.053,2,0.6557646628905535,0.5568753277010962
1203,random,inv_degree,degree,1213869,1000,2991,0.03,30,0.45,0.1,50,0.045,2,0.7133510756265241,0.6198568589323593
1204,random,inv_degree,degree,1214878,1000,3062,0.03,30,0.45,0.1,50,0.047,3,0.6819513294276688,0.5952282985737831
1205,random,inv_degree,degree,1215887,1000,2892,0.03,30,0.45,0.1,50,0.052,3,0.6892648490749771,0.6044552921174694
1206,random,inv_degree,degree,1216896,1000,2990,0.03,30,0.45,0.1,50,0.052,3,0.6643712574850317,0.5789133311559197
1207,random,inv_degree,degree,1217905,1000,3022,0.03,30,0.45,0.1,50,0.048,2,0.6899195575666169,0.6109931796511494
1208,random,inv_degree,degree,1218914,1000,2968,0.03,30,0.45,0.1,50,0.041,1,0.7024584237165582,0.6360068724491135
1209,random,inv_degree,degree,1219923,1000,3028,0.03,30,0.45,0.1,50,0.039,1,0.6999269005847953,0.6408824339193268
1210,random,inv_degree,degree,1220932,1000,2942,0.03,30,0.45,0.1,50,0.05,4,0.6695334124159776,0.5852173872602748
1211,random,inv_degree,degree,1221941,1000,3068,0.03,30,0.45,0.1,50,0.046,2,0.6841155234657043,0.6086493748272375
1212,random,inv_degree,degree,1222950,1000,2893,0.03,30,0.45,0.1,50,0.049,1,0.7037399647542624,0.6035549968696373
1213,random,inv_degree,degree,1223959,1000,2910,0.03,30,0.45,0.1,50,0.043,2,0.7135097493036217,0.6572622163063355
1214,random,inv_degree,degree,1224968,1000,3031,0.03,30,0.45,0.1,50,0.048,2,0.6765405010056682,0.5880575862469639
1215,random,inv_degree,degree,1225977,1000,2969,0.03,30,0.45,0.1,50,0.055,3,0.6733612888986978,0.5771788599553953
1216,random,inv_degree,degree,1226986,1000,2985,0.03,30,0.45,0.1,50,0.048,6,0.6933554817275739,0.6120037327376029
1217,random,inv_degree,degree,1227995,1000,2959,0.03,30,0.45,0.1,50,0.046,2,0.7004454342984423,0.6249572683590764
1218,random,inv_degree,degree,1229004,1000,2971,0.03,30,0.45,0.1,50,0.041,2,0.6993050384710846,0.6464677554198734
1219,random,inv_degree,degree,1230013,1000,3054,0.03,30,0.45,0.1,50,0.039,2,0.7062848454130763,0.6523007705373831
1220,random,inv_degree,degree,1231022,1000,2975,0.03,30,0.45,0.1,50,0.044,1,0.6858563535911598,0.6365189555548373
1261,random,inv_degree,degree,1272391,1000,2982,0.03,30,0.45,0.1,50,0.049,2,0.6989795918367343,0.6139098318997983
1262,random,inv_degree,degree,1273400,1000,2991,0.03,30,0.45,0.1,50,0.049,2,0.6872629267318859,0.5941320032141626
1263,random,inv_degree,degree,1274409,1000,3059,0.03,30,0.45,0.1,50,0.042,2,0.7092108601877698,0.6338360157833204
1264,random,inv_degree,degree,1275418,1000,3190,0.03,30,0.45,0.1,50,0.048,3,0.6535343035343055,0.5627590349429951
1265,random,inv_degree,degree,1276427,1000,2942,0.03,30,0.45,0.1,50,0.043,2,0.7074913750616076,0.6456252501023508
1266,random,inv_degree,degree,1277436,1000,3128,0.03,30,0.45,0.1,50,0.046,1,0.6708254865034515,0.5663161117102963
1267,random,inv_degree,degree,1278445,1000,2971,0.03,30,0.45,0.1,50,0.046,2,0.6874586001324804,0.6135333073132392
1268,random,inv_degree,degree,1279454,1000,3065,0.03,30,0.45,0.1,50,0.046,3,0.6868576242628417,0.5961440187224738
1269,random,inv_degree,degree,1280463,1000,3060,0.03,30,0.45,0.1,50,0.045,2,0.6934684684684671,0.5976624747177438
1270,random,inv_degree,degree,1281472,1000,2992,0.03,30,0.45,0.1,50,0.055,2,0.67112619808307,0.5718465181691362
1271,random,inv_degree,degree,1282481,1000,3002,0.03,30,0.45,0.1,50,0.046,2,0.6737245748582807,0.5919827743591282
1272,random,inv_degree,degree,1283490,1000,2972,0.03,30,0.45,0.1,50,0.049,2,0.6865050651230101,0.6199058472243466
1273,random,inv_degree,degree,1284499,1000,2926,0.03,30,0.45,0.1,50,0.059,3,0.6822256230870155,0.5747288246966218
1274,random,inv_degree,degree,1285508,1000,3094,0.03,30,0.45,0.1,50,0.044,2,0.6790739900136181,0.606352209352972
1275,random,inv_degree,degree,1286517,1000,3008,0.03,30,0.45,0.1,50,0.041,2,0.706700801424756,0.641047559805463
1276,random,inv_degree,degree,1287526,1000,3072,0.03,30,0.45,0.1,50,0.048,4,0.6662946428571451,0.5911286373486245
1277,random,inv_degree,degree,1288535,1000,3164,0.03,30,0.45,0.1,50,0.045,4,0.666058394160583,0.591893833387943
1278,random,inv_degree,degree,1289544,1000,3091,0.03,30,0.45,0.1,50,0.047,2,0.7027372729598372,0.5984474183938496
1279,random,inv_degree,degree,1290553,1000,2962,0.03,30,0.45,0.1,50,0.049,2,0.6739777689559372,0.589349696095681
1280,random,inv_degree,degree,1291562,1000,3063,0.03,30,0.45,0.1,50,0.039,2,0.6946134775749383,0.6306666713524197
1301,random,inv_degree,degree,1312751,1000,3030,0.03,30,0.45,0.1,50,0.049,2,0.6752796420581676,0.5876762910501607
1302,random,inv_degree,degree,1313760,1000,3091,0.03,30,0.45,0.1,50,0.047,2,0.6898553676919975,0.6001586693582673
1303,random,inv_degree,degree,1314769,1000,3049,0.03,30,0.45,0.1,50,0.046,2,0.6694607150070724,0.601373524102111
1304,random,inv_degree,degree,1315778,1000,2933,0.03,30,0.45,0.1,50,0.051,2,0.7092451438406693,0.6082503281340298
1305,random,inv_degree,degree,1316787,1000,2988,0.03,30,0.45,0.1,50,0.056,3,0.6820700354609924,0.5793564040302167
1306,random,inv_degree,degree,1317796,1000,3055,0.03,30,0.45,0.1,50,0.05,2,0.6837209302325613,0.5870064326402724
1307,random,inv_degree,degree,1318805,1000,3000,0.03,30,0.45,0.1,50,0.051,2,0.682444444444445,0.5952705344412358
1308,random,inv_degree,degree,1319814,1000,3109,0.03,30,0.45,0.1,50,0.037,1,0.6958551582782972,0.6417996372759273
1309,random,inv_degree,degree,1320823,1000,3069,0.03,30,0.45,0.1,50,0.041,2,0.6978108779056642,0.6227140619388469
1310,random,inv_degree,degree,1321832,1000,3024,0.03,30,0.45,0.1,50,0.053,3,0.6781941649899399,0.5990355097752538
1311,random,inv_degree,degree,1322841,1000,3012,0.03,30,0.45,0.1,50,0.045,2,0.6839349376114086,0.6066310468541084
1312,random,inv_degree,degree,1323850,1000,2989,0.03,30,0.45,0.1,50,0.043,2,0.6819164864415184,0.6059312463429705
1313,random,inv_degree,degree,1324859,1000,3084,0.03,30,0.45,0.1,50,0.051,5,0.6692208271787298,0.5641372072811973
1314,random,inv_degree,degree,1325868,1000,3047,0.03,30,0.45,0.1,50,0.042,2,0.7018863687401753,0.6354336337291093
1315,random,inv_degree,degree,1326877,1000,2939,0.03,30,0.45,0.1,50,0.051,2,0.7028064021048027,0.6116525002269193
1316,random,inv_degree,degree,1327886,1000,2992,0.03,30,0.45,0.1,50,0.05,2,0.6994760479041915,0.5999199668742429
1317,random,inv_degree,degree,1328895,1000,3003,0.03,30,0.45,0.1,50,0.046,3,0.688613167900743,0.6073087760063839
1318,random,inv_degree,degree,1329904,1000,2926,0.03,30,0.45,0.1,50,0.037,1,0.712935689739814,0.6819723096563048
1319,random,inv_degree,degree,1330913,1000,2929,0.03,30,0.45,0.1,50,0.045,2,0.7112853542425092,0.6518890228598049
1320,random,inv_degree,degree,1331922,1000,2993,0.03,30,0.45,0.1,50,0.044,2,0.6934768138451312,0.6340728713263941
1281,random,inv_degree,degree,1292571,1000,3030,0.03,30,0.45,0.1,50,0.05,3,0.6852644836272042,0.591772156232078
1282,random,inv_degree,degree,1293580,1000,3079,0.03,30,0.45,0.1,50,0.046,2,0.688274740906322,0.5999025846665558
1283,random,inv_degree,degree,1294589,1000,3041,0.03,30,0.45,0.1,50,0.045,2,0.6829089576845576,0.6098999492742403
1284,random,inv_degree,degree,1295598,1000,3001,0.03,30,0.45,0.1,50,0.041,1,0.7095523880970249,0.6504566780280189
1285,random,inv_degree,degree,1296607,1000,3044,0.03,30,0.45,0.1,50,0.051,3,0.6856335754640851,0.5719195148293578
1286,random,inv_degree,degree,1297616,1000,3081,0.03,30,0.45,0.1,50,0.045,3,0.699413115590712,0.6119564360366498
1287,random,inv_degree,degree,1298625,1000,2920,0.03,30,0.45,0.1,50,0.051,2,0.6993449781659395,0.6031786604596261
1288,random,inv_degree,degree,1299634,1000,2958,0.03,30,0.45,0.1,50,0.048,2,0.6792939309797739,0.6126782322067247
1289,random,inv_degree,degree,1300643,1000,3028,0.03,30,0.45,0.1,50,0.05,3,0.6863819320214677,0.5831410476787584
1290,random,inv_degree,degree,1301652,1000,3041,0.03,30,0.45,0.1,50,0.05,2,0.660516233111517,0.5673577498709895
1291,random,inv_degree,degree,1302661,1000,3050,0.03,30,0.45,0.1,50,0.053,2,0.6770786516853938,0.5769010657196869
1292,random,inv_degree,degree,1303670,1000,3011,0.03,30,0.45,0.1,50,0.049,2,0.6696732812186827,0.5850359029519284
1293,random,inv_degree,degree,1304679,1000,2969,0.03,30,0.45,0.1,50,0.054,2,0.679685947127811,0.5687993936718336
1294,random,inv_degree,degree,1305688,1000,2953,0.03,30,0.45,0.1,50,0.046,1,0.7031134173461837,0.6206301574594174
1295,random,inv_degree,degree,1306697,1000,3010,0.03,30,0.45,0.1,50,0.044,2,0.6981069042316265,0.6165792626941107
1296,random,inv_degree,degree,1307706,1000,2958,0.03,30,0.45,0.1,50,0.055,2,0.6707655692185667,0.5658686305604972
1297,random,inv_degree,degree,1308715,1000,2960,0.03,30,0.45,0.1,50,0.046,2,0.6908415841584159,0.6182450908498641
1298,random,inv_degree,degree,1309724,1000,3040,0.03,30,0.45,0.1,50,0.047,2,0.6818681318681319,0.6073336169939538
1299,random,inv_degree,degree,1310733,1000,2991,0.03,30,0.45,0.1,50,0.05,2,0.6808431030182093,0.5963829902627413
1300,random,inv_degree,degree,1311742,1000,2931,0.03,30,0.45,0.1,50,0.041,2,0.6916551588084462,0.6342142703304648
1341,random,inv_degree,degree,1353111,1000,3049,0.03,30,0.45,0.1,50,0.042,1,0.6879418299333491,0.6198585745130603
1342,random,inv_degree,degree,1354120,1000,2985,0.03,30,0.45,0.1,50,0.043,1,0.6891205802357206,0.6212999219165471
1343,random,inv_degree,degree,1355129,1000,2970,0.03,30,0.45,0.1,50,0.048,3,0.709057071960299,0.6278747011989503
1344,random,inv_degree,degree,1356138,1000,2969,0.03,30,0.45,0.1,50,0.053,2,0.7001765614654607,0.59712097974108
1345,random,inv_degree,degree,1357147,1000,3051,0.03,30,0.45,0.1,50,0.048,2,0.6898179366149697,0.6040827629414051
1346,random,inv_degree,degree,1358156,1000,2929,0.03,30,0.45,0.1,50,0.053,3,0.6552948136462254,0.5818371415478718
1347,random,inv_degree,degree,1359165,1000,3071,0.03,30,0.45,0.1,50,0.046,2,0.6748536523288363,0.6086191919343112
1348,random,inv_degree,degree,1360174,1000,3046,0.03,30,0.45,0.1,50,0.042,2,0.7013524424707329,0.6228940737742387
1349,random,inv_degree,degree,1361183,1000,3014,0.03,30,0.45,0.1,50,0.04,2,0.7165077772202714,0.6434835994625738
1350,random,inv_degree,degree,1362192,1000,3029,0.03,30,0.45,0.1,50,0.038,1,0.7050995303064187,0.6531149510616091
1351,random,inv_degree,degree,1363201,1000,2986,0.03,30,0.45,0.1,50,0.06,4,0.6487594151528584,0.5593884368069771
1352,random,inv_degree,degree,1364210,1000,2959,0.03,30,0.45,0.1,50,0.044,2,0.6894957057916756,0.6270620738310276
1353,random,inv_degree,degree,1365219,1000,2965,0.03,30,0.45,0.1,50,0.052,2,0.6803748621830207,0.5723287526231561
1354,random,inv_degree,degree,1366228,1000,2964,0.03,30,0.45,0.1,50,0.058,3,0.651756129887339,0.5390785523817988
1355,random,inv_degree,degree,1367237,1000,2947,0.03,30,0.45,0.1,50,0.053,2,0.688995805576116,0.5936939836301853
1356,random,inv_degree,degree,1368246,1000,2980,0.03,30,0.45,0.1,50,0.05,4,0.6642430278884494,0.5846800289523234
1357,random,inv_degree,degree,1369255,1000,2991,0.03,30,0.45,0.1,50,0.053,3,0.6892880904856954,0.5760855588265883
1358,random,inv_degree,degree,1370264,1000,2980,0.03,30,0.45,0.1,50,0.048,3,0.6842920353982305,0.6085297059413646
1359,random,inv_degree,degree,1371273,1000,2911,0.03,30,0.45,0.1,50,0.043,2,0.6946354883081184,0.6442907836284585
1360,random,inv_degree,degree,1372282,1000,2967,0.03,30,0.45,0.1,50,0.048,3,0.7019633796602687,0.6111872695521218
1241,random,inv_degree,degree,1252211,1000,3010,0.03,30,0.45,0.1,50,0.044,2,0.7112781954887226,0.6407312006572281
1242,random,inv_degree,degree,1253220,1000,2956,0.03,30,0.45,0.1,50,0.052,2,0.6664862914862915,0.5886901264895018
1243,random,inv_degree,degree,1254229,1000,2956,0.03,30,0.45,0.1,50,0.044,2,0.714678697183099,0.6380733048031167
1244,random,inv_degree,degree,1255238,1000,2996,0.03,30,0.45,0.1,50,0.05,3,0.6846838662790697,0.5881761342398942
1245,random,inv_degree,degree,1256247,1000,3065,0.03,30,0.45,0.1,50,0.053,3,0.6644376899696065,0.5671476198674752
1246,random,inv_degree,degree,1257256,1000,2975,0.03,30,0.45,0.1,50,0.056,3,0.6653038674033146,0.5760623883927249
1247,random,inv_degree,degree,1258265,1000,2965,0.03,30,0.45,0.1,50,0.054,4,0.6693928128872373,0.5906819509531112
1248,random,inv_degree,degree,1259274,1000,2912,0.03,30,0.45,0.1,50,0.041,1,0.7019398430688751,0.6468878245747
1249,random,inv_degree,degree,1260283,1000,3018,0.03,30,0.45,0.1,50,0.048,2,0.6938866577420806,0.5977511633491126
1250,random,inv_degree,degree,1261292,1000,3077,0.03,30,0.45,0.1,50,0.058,3,0.6690945970864834,0.5427968686719844
1251,random,inv_degree,degree,1262301,1000,2923,0.03,30,0.45,0.1,50,0.052,3,0.7005150846210452,0.6111246712653452
1252,random,inv_degree,degree,1263310,1000,2972,0.03,30,0.45,0.1,50,0.05,2,0.699977915194348,0.6241259029984816
1253,random,inv_degree,degree,1264319,1000,2961,0.03,30,0.45,0.1,50,0.048,2,0.6741289041343201,0.5906484412710336
1254,random,inv_degree,degree,1265328,1000,2904,0.03,30,0.45,0.1,50,0.045,2,0.7039794921875007,0.6430467820026613
1255,random,inv_degree,degree,1266337,1000,3025,0.03,30,0.45,0.1,50,0.05,2,0.690150753768847,0.5982230874422412
1256,random,inv_degree,degree,1267346,1000,2886,0.03,30,0.45,0.1,50,0.052,2,0.6756610316428276,0.6150158302406784
1257,random,inv_degree,degree,1268355,1000,2968,0.03,30,0.45,0.1,50,0.052,3,0.6867559523809529,0.6036649201010816
1258,random,inv_degree,degree,1269364,1000,2946,0.03,30,0.45,0.1,50,0.053,2,0.6835748792270527,0.5932614411770728
1259,random,inv_degree,degree,1270373,1000,3018,0.03,30,0.45,0.1,50,0.043,2,0.7111601766358915,0.6263078723422981
1260,random,inv_degree,degree,1271382,1000,3035,0.03,30,0.45,0.1,50,0.046,2,0.7125541125541122,0.6366689212878668
1321,random,inv_degree,degree,1332931,1000,3002,0.03,30,0.45,0.1,50,0.046,2,0.6923076923076914,0.6199721791194406
1322,random,inv_degree,degree,1333940,1000,2999,0.03,30,0.45,0.1,50,0.042,2,0.6931792934903365,0.641709142225537
1323,random,inv_degree,degree,1334949,1000,2963,0.03,30,0.45,0.1,50,0.05,2,0.7015832626519652,0.6239141218289644
1324,random,inv_degree,degree,1335958,1000,3064,0.03,30,0.45,0.1,50,0.041,1,0.6828403565640216,0.6198591502493275
1325,random,inv_degree,degree,1336967,1000,3088,0.03,30,0.45,0.1,50,0.051,2,0.685327198364008,0.5874567940283382
1326,random,inv_degree,degree,1337976,1000,3028,0.03,30,0.45,0.1,50,0.047,2,0.675784392598554,0.5963518125395182
1327,random,inv_degree,degree,1338985,1000,2889,0.03,30,0.45,0.1,50,0.056,2,0.6665478524327214,0.573787984863166
1328,random,inv_degree,degree,1339994,1000,3021,0.03,30,0.45,0.1,50,0.045,2,0.6950212100915384,0.6104607586690756
1329,random,inv_degree,degree,1341003,1000,2999,0.03,30,0.45,0.1,50,0.052,2,0.6712415924377385,0.5780318837251606
1330,random,inv_degree,degree,1342012,1000,3046,0.03,30,0.45,0.1,50,0.048,2,0.6701377225394655,0.5761149294257898
1331,random,inv_degree,degree,1343021,1000,3025,0.03,30,0.45,0.1,50,0.047,2,0.6784924623115597,0.6038477571494563
1332,random,inv_degree,degree,1344030,1000,3077,0.03,30,0.45,0.1,50,0.046,2,0.6779457864650562,0.5914786429987933
1333,random,inv_degree,degree,1345039,1000,3072,0.03,30,0.45,0.1,50,0.046,2,0.6849634740259767,0.5892580713082095
1334,random,inv_degree,degree,1346048,1000,3023,0.03,30,0.45,0.1,50,0.047,3,0.6976770158588339,0.6079879242333278
1335,random,inv_degree,degree,1347057,1000,2993,0.03,30,0.45,0.1,50,0.047,2,0.6889283337031287,0.6065461016070595
1336,random,inv_degree,degree,1348066,1000,3009,0.03,30,0.45,0.1,50,0.043,2,0.7047428189712746,0.6232866735307405
1337,random,inv_degree,degree,1349075,1000,3070,0.03,30,0.45,0.1,50,0.052,2,0.6965011286681714,0.5850818418238726
1338,random,inv_degree,degree,1350084,1000,3021,0.03,30,0.45,0.1,50,0.051,2,0.6810756471475243,0.581713373026082
1339,random,inv_degree,degree,1351093,1000,3073,0.03,30,0.45,0.1,50,0.045,1,0.6899736147757285,0.620930697452592
1340,random,inv_degree,degree,1352102,1000,2995,0.03,30,0.45,0.1,50,0.05,4,0.6798365122615804,0.5737549335854398
1361,random,inv_degree,degree,1373291,1000,2949,0.03,30,0.45,0.1,50,0.052,3,0.6908170822019256,0.5935409766808968
1362,random,inv_degree,degree,1374300,1000,3075,0.03,30,0.45,0.1,50,0.042,2,0.6865989847715768,0.607803332975962
1363,random,inv_degree,degree,1375309,1000,3008,0.03,30,0.45,0.1,50,0.053,2,0.6885574354407841,0.5873579861813852
1364,random,inv_degree,degree,1376318,1000,2939,0.03,30,0.45,0.1,50,0.053,3,0.6784043339079047,0.594776382472108
1365,random,inv_degree,degree,1377327,1000,3098,0.03,30,0.45,0.1,50,0.048,1,0.6793145654834797,0.5691465386650301
1366,random,inv_degree,degree,1378336,1000,3075,0.03,30,0.45,0.1,50,0.042,1,0.7001843317972349,0.6238882406961633
1367,random,inv_degree,degree,1379345,1000,3051,0.03,30,0.45,0.1,50,0.053,4,0.6469154479744453,0.563041710638957
1368,random,inv_degree,degree,1380354,1000,3028,0.03,30,0.45,0.1,50,0.051,3,0.6854874776386408,0.5965820714189474
1369,random,inv_degree,degree,1381363,1000,3027,0.03,30,0.45,0.1,50,0.045,1,0.6827334507928517,0.6200752546501412
1370,random,inv_degree,degree,1382372,1000,2971,0.03,30,0.45,0.1,50,0.059,3,0.6675353685778107,0.5648883393501919
1371,random,inv_degree,degree,1383381,1000,2940,0.03,30,0.45,0.1,50,0.052,2,0.6922149122807024,0.5969338179550442
1372,random,inv_degree,degree,1384390,1000,3149,0.03,30,0.45,0.1,50,0.041,1,0.6839826839826864,0.596742417860821
1373,random,inv_degree,degree,1385399,1000,2987,0.03,30,0.45,0.1,50,0.055,3,0.6743084973835035,0.5767604863419709
1374,random,inv_degree,degree,1386408,1000,2954,0.03,30,0.45,0.1,50,0.056,2,0.6880869995056853,0.5791130247153379
1375,random,inv_degree,degree,1387417,1000,2944,0.03,30,0.45,0.1,50,0.053,4,0.6809731012658263,0.5837482372478398
1376,random,inv_degree,degree,1388426,1000,3126,0.03,30,0.45,0.1,50,0.052,2,0.6924367578729996,0.5720428449841134
1377,random,inv_degree,degree,1389435,1000,3000,0.03,30,0.45,0.1,50,0.053,3,0.6736249999999998,0.5982127454985011
1378,random,inv_degree,degree,1390444,1000,3002,0.03,30,0.45,0.1,50,0.047,2,0.7091045522761394,0.6166468786181811
1379,random,inv_degree,degree,1391453,1000,3018,0.03,30,0.45,0.1,50,0.048,2,0.6943328871039716,0.591142380668363
1380,random,inv_degree,degree,1392462,1000,2899,0.03,30,0.45,0.1,50,0.048,2,0.6886884924524633,0.6129578579093008
1221,random,inv_degree,degree,1232031,1000,2960,0.03,30,0.45,0.1,50,0.054,2,0.6957627118644056,0.601642090414814
1222,random,inv_degree,degree,1233040,1000,2970,0.03,30,0.45,0.1,50,0.049,2,0.6751356238698011,0.5936633320358718
1223,random,inv_degree,degree,1234049,1000,3045,0.03,30,0.45,0.1,50,0.043,4,0.7037037037037039,0.629451116777022
1224,random,inv_degree,degree,1235058,1000,2947,0.03,30,0.45,0.1,50,0.039,2,0.6968564016480975,0.6460910600801054
1225,random,inv_degree,degree,1236067,1000,2960,0.03,30,0.45,0.1,50,0.046,2,0.6766819571865427,0.6028973585478321
1226,random,inv_degree,degree,1237076,1000,2954,0.03,30,0.45,0.1,50,0.046,2,0.690167179938407,0.6190336765358515
1227,random,inv_degree,degree,1238085,1000,2990,0.03,30,0.45,0.1,50,0.049,3,0.6977827050997774,0.6109979654753138
1228,random,inv_degree,degree,1239094,1000,3093,0.03,30,0.45,0.1,50,0.042,2,0.6964540452414936,0.61799515457795
1229,random,inv_degree,degree,1240103,1000,3020,0.03,30,0.45,0.1,50,0.054,3,0.6665178571428573,0.5713556151749505
1230,random,inv_degree,degree,1241112,1000,3038,0.03,30,0.45,0.1,50,0.049,3,0.6956521739130418,0.5948605557938911
1231,random,inv_degree,degree,1242121,1000,3112,0.03,30,0.45,0.1,50,0.041,1,0.6803668478260823,0.6159734839282311
1232,random,inv_degree,degree,1243130,1000,3031,0.03,30,0.45,0.1,50,0.041,1,0.7028577178506757,0.6370566106730061
1233,random,inv_degree,degree,1244139,1000,2991,0.03,30,0.45,0.1,50,0.045,1,0.6991415452186088,0.6278844170146431
1234,random,inv_degree,degree,1245148,1000,3040,0.03,30,0.45,0.1,50,0.044,2,0.6843406593406592,0.6128915616513607
1235,random,inv_degree,degree,1246157,1000,3035,0.03,30,0.45,0.1,50,0.047,4,0.6821752265861056,0.5920969591563889
1236,random,inv_degree,degree,1247166,1000,3108,0.03,30,0.45,0.1,50,0.044,4,0.6792722812755545,0.598411609333445
1237,random,inv_degree,degree,1248175,1000,3103,0.03,30,0.45,0.1,50,0.049,1,0.6852154380232818,0.5789104448760327
1238,random,inv_degree,degree,1249184,1000,2973,0.03,30,0.45,0.1,50,0.044,1,0.7003534349458811,0.6277898404302417
1239,random,inv_degree,degree,1250193,1000,3076,0.03,30,0.45,0.1,50,0.051,3,0.6843781855249739,0.5796428958694266
1240,random,inv_degree,degree,1251202,1000,2961,0.03,30,0.45,0.1,50,0.05,2,0.6864948226481618,0.6052455243273906
1381,random,inv_degree,degree,1393471,1000,3112,0.03,30,0.45,0.1,50,0.045,2,0.6854423868312746,0.6041702783057114
1382,random,inv_degree,degree,1394480,1000,2940,0.03,30,0.45,0.1,50,0.036,1,0.7046442687747058,0.666330719295697
1383,random,inv_degree,degree,1395489,1000,2976,0.03,30,0.45,0.1,50,0.047,2,0.6933023872679048,0.6029499816965802
1384,random,inv_degree,degree,1396498,1000,3000,0.03,30,0.45,0.1,50,0.045,2,0.6953000000000044,0.6182353960367298
1385,random,inv_degree,degree,1397507,1000,2976,0.03,30,0.45,0.1,50,0.049,2,0.7036914235190094,0.6054674578971441
1386,random,inv_degree,degree,1398516,1000,3076,0.03,30,0.45,0.1,50,0.048,3,0.6800331858407078,0.5727166871706852
1387,random,inv_degree,degree,1399525,1000,2917,0.03,30,0.45,0.1,50,0.043,3,0.6904387172929413,0.6405205194072354
1388,random,inv_degree,degree,1400534,1000,2961,0.03,30,0.45,0.1,50,0.054,3,0.6772416831901288,0.5939355477543145
1389,random,inv_degree,degree,1401543,1000,2968,0.03,30,0.45,0.1,50,0.058,4,0.6524244833068386,0.5483039939411323
1390,random,inv_degree,degree,1402552,1000,3108,0.03,30,0.45,0.1,50,0.05,2,0.673344235486512,0.5689659931943682
1391,random,inv_degree,degree,1403561,1000,3008,0.03,30,0.45,0.1,50,0.042,2,0.6806544968833477,0.6358929237920404
1392,random,inv_degree,degree,1404570,1000,3036,0.03,30,0.45,0.1,50,0.043,1,0.6897663174859006,0.6241516675136838
1393,random,inv_degree,degree,1405579,1000,3046,0.03,30,0.45,0.1,50,0.042,1,0.7054905127169987,0.6327951070986044
1394,random,inv_degree,degree,1406588,1000,2922,0.03,30,0.45,0.1,50,0.051,2,0.681567546278065,0.5810620261230485
1395,random,inv_degree,degree,1407597,1000,2987,0.03,30,0.45,0.1,50,0.05,2,0.6863942187889358,0.6070930809482298
1396,random,inv_degree,degree,1408606,1000,3060,0.03,30,0.45,0.1,50,0.046,3,0.6988578680203029,0.6081644945671081
1397,random,inv_degree,degree,1409615,1000,3080,0.03,30,0.45,0.1,50,0.038,1,0.6971719457013569,0.648171555714832
1398,random,inv_degree,degree,1410624,1000,2962,0.03,30,0.45,0.1,50,0.049,2,0.675966052726616,0.6151905306425133
1399,random,inv_degree,degree,1411633,1000,3009,0.03,30,0.45,0.1,50,0.045,2,0.6896014250723674,0.6155917166478939
1400,random,inv_degree,degree,1412642,1000,2998,0.03,30,0.45,0.1,50,0.047,2,0.7007746126936535,0.6205115275201074
1401,scale_free,inv_degree,degree,1413651,1000,2991,0.03,30,0.45,0.1,50,0.3,9,0.19577195671976666,0.0005373173655601877
1402,scale_free,inv_degree,degree,1414660,1000,2991,0.03,30,0.45,0.1,50,0.233,11,0.23078478509964218,0.0029301613455983734
1403,scale_free,inv_degree,degree,1415669,1000,2991,0.03,30,0.45,0.1,50,1.0,28,0.0,0.0
1404,scale_free,inv_degree,degree,1416678,1000,2991,0.03,30,0.45,0.1,50,1.0,19,0.0,0.0
1405,scale_free,inv_degree,degree,1417687,1000,2991,0.03,30,0.45,0.1,50,1.0,28,0.0,0.0
1406,scale_free,inv_degree,degree,1418696,1000,2991,0.03,30,0.45,0.1,50,1.0,24,0.0,0.0
1407,scale_free,inv_degree,degree,1419705,1000,2991,0.03,30,0.45,0.1,50,0.987,50,0.0,0.0
1408,scale_free,inv_degree,degree,1420714,1000,2991,0.03,30,0.45,0.1,50,0.227,8,0.24012552218416355,0.0049814570390732844
1409,scale_free,inv_degree,degree,1421723,1000,2991,0.03,30,0.45,0.1,50,0.241,11,0.23889029101710266,0.0027002423159521657
1410,scale_free,inv_degree,degree,1422732,1000,2991,0.03,30,0.45,0.1,50,0.266,13,0.212902396526609,0.0010338932095839955
1411,scale_free,inv_degree,degree,1423741,1000,2991,0.03,30,0.45,0.1,50,0.327,14,0.15406616214027108,0.0001858651410778098
1412,scale_free,inv_degree,degree,1424750,1000,2991,0.03,30,0.45,0.1,50,1.0,44,0.0,0.0
1413,scale_free,inv_degree,degree,1425759,1000,2991,0.03,30,0.45,0.1,50,1.0,23,0.0,0.0
1414,scale_free,inv_degree,degree,1426768,1000,2991,0.03,30,0.45,0.1,50,1.0,32,0.0,0.0
1415,scale_free,inv_degree,degree,1427777,1000,2991,0.03,30,0.45,0.1,50,1.0,39,0.0,0.0
1416,scale_free,inv_degree,degree,1428786,1000,2991,0.03,30,0.45,0.1,50,0.409,17,0.1245994514086497,0.0
1417,scale_free,inv_degree,degree,1429795,1000,2991,0.03,30,0.45,0.1,50,1.0,26,0.0,0.0
1418,scale_free,inv_degree,degree,1430804,1000,2991,0.03,30,0.45,0.1,50,1.0,33,0.0,0.0
1419,scale_free,inv_degree,degree,1431813,1000,2991,0.03,30,0.45,0.1,50,0.189,6,0.28669909576531777,0.008708818372797716
1420,scale_free,inv_degree,degree,1432822,1000,2991,0.03,30,0.45,0.1,50,0.286,10,0.1843964540425244,0.0012673904159727365
1421,scale_free,inv_degree,degree,1433831,1000,2991,0.03,30,0.45,0.1,50,1.0,31,0.0,0.0
1422,scale_free,inv_degree,degree,1434840,1000,2991,0.03,30,0.45,0.1,50,1.0,24,0.0,0.0
1423,scale_free,inv_degree,degree,1435849,1000,2991,0.03,30,0.45,0.1,50,1.0,41,0.0,0.0
1424,scale_free,inv_degree,degree,1436858,1000,2991,0.03,30,0.45,0.1,50,0.259,7,0.21560640845244386,0.0007357921642221077
1425,scale_free,inv_degree,degree,1437867,1000,2991,0.03,30,0.45,0.1,50,0.324,14,0.1543904234192946,0.0002931313737941165
1426,scale_free,inv_degree,degree,1438876,1000,2991,0.03,30,0.45,0.1,50,1.0,39,0.0,0.0
1427,scale_free,inv_degree,degree,1439885,1000,2991,0.03,30,0.45,0.1,50,1.0,29,0.0,0.0
1428,scale_free,inv_degree,degree,1440894,1000,2991,0.03,30,0.45,0.1,50,1.0,28,0.0,0.0
1429,scale_free,inv_degree,degree,1441903,1000,2991,0.03,30,0.45,0.1,50,0.304,10,0.16302909121631118,0.0004388154314532748
1430,scale_free,inv_degree,degree,1442912,1000,2991,0.03,30,0.45,0.1,50,1.0,45,0.0,0.0
1431,scale_free,inv_degree,degree,1443921,1000,2991,0.03,30,0.45,0.1,50,1.0,17,0.0,0.0
1432,scale_free,inv_degree,degree,1444930,1000,2991,0.03,30,0.45,0.1,50,0.251,12,0.21932342223225565,0.002807786712580593
1433,scale_free,inv_degree,degree,1445939,1000,2991,0.03,30,0.45,0.1,50,1.0,23,0.0,0.0
1434,scale_free,inv_degree,degree,1446948,1000,2991,0.03,30,0.45,0.1,50,1.0,23,0.0,0.0
1435,scale_free,inv_degree,degree,1447957,1000,2991,0.03,30,0.45,0.1,50,0.281,7,0.19834324443636603,0.0007701881895608241
1436,scale_free,inv_degree,degree,1448966,1000,2991,0.03,30,0.45,0.1,50,0.327,16,0.1524531980304436,0.0005383817262943566
1437,scale_free,inv_degree,degree,1449975,1000,2991,0.03,30,0.45,0.1,50,0.474,26,0.09847657135789195,0.0
1438,scale_free,inv_degree,degree,1450984,1000,2991,0.03,30,0.45,0.1,50,1.0,20,0.0,0.0
1439,scale_free,inv_degree,degree,1451993,1000,2991,0.03,30,0.45,0.1,50,0.374,13,0.12920628983297178,0.0
1440,scale_free,inv_degree,degree,1453002,1000,2991,0.03,30,0.45,0.1,50,1.0,36,0.0,0.0
1441,scale_free,inv_degree,degree,1454011,1000,2991,0.03,30,0.45,0.1,50,0.392,33,0.12675690745832416,0.0
1442,scale_free,inv_degree,degree,1455020,1000,2991,0.03,30,0.45,0.1,50,1.0,21,0.0,0.0
1443,scale_free,inv_degree,degree,1456029,1000,2991,0.03,30,0.45,0.1,50,1.0,22,0.0,0.0
1444,scale_free,inv_degree,degree,1457038,1000,2991,0.03,30,0.45,0.1,50,1.0,35,0.0,0.0
1445,scale_free,inv_degree,degree,1458047,1000,2991,0.03,30,0.45,0.1,50,0.312,18,0.16868308486673855,0.0005915557684976756
1446,scale_free,inv_degree,degree,1459056,1000,2991,0.03,30,0.45,0.1,50,0.356,14,0.14060543985433008,0.00033619675387299645
1447,scale_free,inv_degree,degree,1460065,1000,2991,0.03,30,0.45,0.1,50,0.252,9,0.1947769461482337,0.0013877607762631777
1448,scale_free,inv_degree,degree,1461074,1000,2991,0.03,30,0.45,0.1,50,1.0,22,0.0,0.0
1449,scale_free,inv_degree,degree,1462083,1000,2991,0.03,30,0.45,0.1,50,1.0,22,0.0,0.0
1450,scale_free,inv_degree,degree,1463092,1000,2991,0.03,30,0.45,0.1,50,0.322,13,0.17274181568873817,7.426984305860131e-05
1451,scale_free,inv_degree,degree,1464101,1000,2991,0.03,30,0.45,0.1,50,0.401,20,0.10115906608157871,0.0
1452,scale_free,inv_degree,degree,1465110,1000,2991,0.03,30,0.45,0.1,50,1.0,20,0.0,0.0
1453,scale_free,inv_degree,degree,1466119,1000,2991,0.03,30,0.45,0.1,50,1.0,30,0.0,0.0
1454,scale_free,inv_degree,degree,1467128,1000,2991,0.03,30,0.45,0.1,50,0.364,17,0.16312085099576168,0.0
1455,scale_free,inv_degree,degree,1468137,1000,2991,0.03,30,0.45,0.1,50,1.0,19,0.0,0.0
1456,scale_free,inv_degree,degree,1469146,1000,2991,0.03,30,0.45,0.1,50,1.0,19,0.0,0.0
1457,scale_free,inv_degree,degree,1470155,1000,2991,0.03,30,0.45,0.1,50,0.272,10,0.19355055537817872,0.0009306039129889368
1458,scale_free,inv_degree,degree,1471164,1000,2991,0.03,30,0.45,0.1,50,0.286,12,0.1980052518730874,0.0006284094285133075
1459,scale_free,inv_degree,degree,1472173,1000,2991,0.03,30,0.45,0.1,50,0.33,9,0.18357785579762478,0.00035933471209186513
1460,scale_free,inv_degree,degree,1473182,1000,2991,0.03,30,0.45,0.1,50,0.348,12,0.14862994133028581,5.018776212507969e-05
1481,scale_free,inv_degree,degree,1494371,1000,2991,0.03,30,0.45,0.1,50,0.244,7,0.234875271281913,0.0017847946781029318
1482,scale_free,inv_degree,degree,1495380,1000,2991,0.03,30,0.45,0.1,50,0.747,50,0.01331419097916556,0.0
1483,scale_free,inv_degree,degree,1496389,1000,2991,0.03,30,0.45,0.1,50,0.273,10,0.2147202117772956,0.001212752610537047
1484,scale_free,inv_degree,degree,1497398,1000,2991,0.03,30,0.45,0.1,50,1.0,25,0.0,0.0
1485,scale_free,inv_degree,degree,1498407,1000,2991,0.03,30,0.45,0.1,50,0.32,9,0.18058213602216716,0.00017345639842213548
1486,scale_free,inv_degree,degree,1499416,1000,2991,0.03,30,0.45,0.1,50,0.25,8,0.25448284617093403,0.0012879705520982138
1487,scale_free,inv_degree,degree,1500425,1000,2991,0.03,30,0.45,0.1,50,0.279,10,0.19203250839310876,0.00038544026006436416
1488,scale_free,inv_degree,degree,1501434,1000,2991,0.03,30,0.45,0.1,50,0.376,20,0.12785129837669967,6.441287653450625e-05
1489,scale_free,inv_degree,degree,1502443,1000,2991,0.03,30,0.45,0.1,50,0.306,17,0.18680520840772294,0.0006133623010588768
1490,scale_free,inv_degree,degree,1503452,1000,2991,0.03,30,0.45,0.1,50,0.276,11,0.2157793884862109,0.0013835652949560748
1491,scale_free,inv_degree,degree,1504461,1000,2991,0.03,30,0.45,0.1,50,1.0,22,0.0,0.0
1492,scale_free,inv_degree,degree,1505470,1000,2991,0.03,30,0.45,0.1,50,0.388,16,0.12267681817016624,0.0
1493,scale_free,inv_degree,degree,1506479,1000,2991,0.03,30,0.45,0.1,50,1.0,24,0.0,0.0
1494,scale_free,inv_degree,degree,1507488,1000,2991,0.03,30,0.45,0.1,50,0.168,4,0.2799632787362072,0.013446409101179327
1495,scale_free,inv_degree,degree,1508497,1000,2991,0.03,30,0.45,0.1,50,1.0,38,0.0,0.0
1496,scale_free,inv_degree,degree,1509506,1000,2991,0.03,30,0.45,0.1,50,1.0,32,0.0,0.0
1497,scale_free,inv_degree,degree,1510515,1000,2991,0.03,30,0.45,0.1,50,1.0,17,0.0,0.0
1498,scale_free,inv_degree,degree,1511524,1000,2991,0.03,30,0.45,0.1,50,1.0,26,0.0,0.0
1499,scale_free,inv_degree,degree,1512533,1000,2991,0.03,30,0.45,0.1,50,0.381,26,0.1314095934174536,0.0
1500,scale_free,inv_degree,degree,1513542,1000,2991,0.03,30,0.45,0.1,50,0.264,8,0.21923592650967963,0.0027485506907931148
1461,scale_free,inv_degree,degree,1474191,1000,2991,0.03,30,0.45,0.1,50,0.281,11,0.21427560211647587,0.002360973635391958
1462,scale_free,inv_degree,degree,1475200,1000,2991,0.03,30,0.45,0.1,50,1.0,20,0.0,0.0
1463,scale_free,inv_degree,degree,1476209,1000,2991,0.03,30,0.45,0.1,50,1.0,29,0.0,0.0
1464,scale_free,inv_degree,degree,1477218,1000,2991,0.03,30,0.45,0.1,50,0.318,9,0.1724445301019053,0.0004349981603855423
1465,scale_free,inv_degree,degree,1478227,1000,2991,0.03,30,0.45,0.1,50,0.166,5,0.3166339862936556,0.01795016810353188
1466,scale_free,inv_degree,degree,1479236,1000,2991,0.03,30,0.45,0.1,50,1.0,19,0.0,0.0
1467,scale_free,inv_degree,degree,1480245,1000,2991,0.03,30,0.45,0.1,50,1.0,37,0.0,0.0
1468,scale_free,inv_degree,degree,1481254,1000,2991,0.03,30,0.45,0.1,50,1.0,26,0.0,0.0
1469,scale_free,inv_degree,degree,1482263,1000,2991,0.03,30,0.45,0.1,50,0.336,13,0.15283044887264655,0.0004893547452159049
1470,scale_free,inv_degree,degree,1483272,1000,2991,0.03,30,0.45,0.1,50,1.0,30,0.0,0.0
1471,scale_free,inv_degree,degree,1484281,1000,2991,0.03,30,0.45,0.1,50,1.0,23,0.0,0.0
1472,scale_free,inv_degree,degree,1485290,1000,2991,0.03,30,0.45,0.1,50,1.0,41,0.0,0.0
1473,scale_free,inv_degree,degree,1486299,1000,2991,0.03,30,0.45,0.1,50,1.0,23,0.0,0.0
1474,scale_free,inv_degree,degree,1487308,1000,2991,0.03,30,0.45,0.1,50,0.301,12,0.1696783430842538,0.0008184591898117108
1475,scale_free,inv_degree,degree,1488317,1000,2991,0.03,30,0.45,0.1,50,0.278,15,0.21998567549016762,0.0009205665514943567
1476,scale_free,inv_degree,degree,1489326,1000,2991,0.03,30,0.45,0.1,50,0.415,14,0.11646030403240312,0.0
1477,scale_free,inv_degree,degree,1490335,1000,2991,0.03,30,0.45,0.1,50,1.0,38,0.0,0.0
1478,scale_free,inv_degree,degree,1491344,1000,2991,0.03,30,0.45,0.1,50,1.0,31,0.0,0.0
1479,scale_free,inv_degree,degree,1492353,1000,2991,0.03,30,0.45,0.1,50,1.0,25,0.0,0.0
1480,scale_free,inv_degree,degree,1493362,1000,2991,0.03,30,0.45,0.1,50,0.263,15,0.19243623068354002,0.0011219335837512631
1501,scale_free,inv_degree,degree,1514551,1000,2991,0.03,30,0.45,0.1,50,1.0,37,0.0,0.0
1502,scale_free,inv_degree,degree,1515560,1000,2991,0.03,30,0.45,0.1,50,0.199,5,0.27775343066093316,0.006299493690144225
1503,scale_free,inv_degree,degree,1516569,1000,2991,0.03,30,0.45,0.1,50,0.376,17,0.14520742109392745,0.00011132289570273137
1504,scale_free,inv_degree,degree,1517578,1000,2991,0.03,30,0.45,0.1,50,0.286,10,0.1926354284890728,0.000953908129378386
1505,scale_free,inv_degree,degree,1518587,1000,2991,0.03,30,0.45,0.1,50,1.0,19,0.0,0.0
1506,scale_free,inv_degree,degree,1519596,1000,2991,0.03,30,0.45,0.1,50,1.0,19,0.0,0.0
1507,scale_free,inv_degree,degree,1520605,1000,2991,0.03,30,0.45,0.1,50,0.474,35,0.07255272269436552,0.0
1508,scale_free,inv_degree,degree,1521614,1000,2991,0.03,30,0.45,0.1,50,1.0,45,0.0,0.0
1509,scale_free,inv_degree,degree,1522623,1000,2991,0.03,30,0.45,0.1,50,1.0,40,0.0,0.0
1510,scale_free,inv_degree,degree,1523632,1000,2991,0.03,30,0.45,0.1,50,1.0,38,0.0,0.0
1511,scale_free,inv_degree,degree,1524641,1000,2991,0.03,30,0.45,0.1,50,0.389,25,0.1387591121452855,0.0
1512,scale_free,inv_degree,degree,1525650,1000,2991,0.03,30,0.45,0.1,50,1.0,29,0.0,0.0
1513,scale_free,inv_degree,degree,1526659,1000,2991,0.03,30,0.45,0.1,50,1.0,35,0.0,0.0
1514,scale_free,inv_degree,degree,1527668,1000,2991,0.03,30,0.45,0.1,50,1.0,49,0.0,0.0
1515,scale_free,inv_degree,degree,1528677,1000,2991,0.03,30,0.45,0.1,50,1.0,17,0.0,0.0
1516,scale_free,inv_degree,degree,1529686,1000,2991,0.03,30,0.45,0.1,50,1.0,50,0.0,0.0
1517,scale_free,inv_degree,degree,1530695,1000,2991,0.03,30,0.45,0.1,50,1.0,19,0.0,0.0
1518,scale_free,inv_degree,degree,1531704,1000,2991,0.03,30,0.45,0.1,50,1.0,29,0.0,0.0
1519,scale_free,inv_degree,degree,1532713,1000,2991,0.03,30,0.45,0.1,50,0.296,11,0.1901277026846896,0.0005740760260104289
1520,scale_free,inv_degree,degree,1533722,1000,2991,0.03,30,0.45,0.1,50,0.282,11,0.1991981983730989,0.00016844259846973716
1541,scale_free,inv_degree,degree,1554911,1000,2991,0.03,30,0.45,0.1,50,0.418,15,0.12320677067590587,0.00011047458971827732
1542,scale_free,inv_degree,degree,1555920,1000,2991,0.03,30,0.45,0.1,50,0.304,12,0.18669599413450594,0.0003697457977392956
1543,scale_free,inv_degree,degree,1556929,1000,2991,0.03,30,0.45,0.1,50,1.0,36,0.0,0.0
1544,scale_free,inv_degree,degree,1557938,1000,2991,0.03,30,0.45,0.1,50,0.316,16,0.17928631800284234,1.4544249305957596e-06
1545,scale_free,inv_degree,degree,1558947,1000,2991,0.03,30,0.45,0.1,50,0.398,16,0.13256683091718485,0.0
1546,scale_free,inv_degree,degree,1559956,1000,2991,0.03,30,0.45,0.1,50,1.0,33,0.0,0.0
1547,scale_free,inv_degree,degree,1560965,1000,2991,0.03,30,0.45,0.1,50,0.374,10,0.14067985770420224,0.00012838172878581154
1548,scale_free,inv_degree,degree,1561974,1000,2991,0.03,30,0.45,0.1,50,0.269,7,0.19347044680901773,0.0013158992399213473
1549,scale_free,inv_degree,degree,1562983,1000,2991,0.03,30,0.45,0.1,50,0.264,10,0.20784149304435667,0.0017397755002005976
1550,scale_free,inv_degree,degree,1563992,1000,2991,0.03,30,0.45,0.1,50,0.257,9,0.2209888886364145,0.002165366229400723
1551,scale_free,inv_degree,degree,1565001,1000,2991,0.03,30,0.45,0.1,50,0.251,14,0.21866740214668187,0.0015184636265530343
1552,scale_free,inv_degree,degree,1566010,1000,2991,0.03,30,0.45,0.1,50,1.0,18,0.0,0.0
1553,scale_free,inv_degree,degree,1567019,1000,2991,0.03,30,0.45,0.1,50,0.365,15,0.16032239749191607,2.6777011036359013e-05
1554,scale_free,inv_degree,degree,1568028,1000,2991,0.03,30,0.45,0.1,50,1.0,43,0.0,0.0
1555,scale_free,inv_degree,degree,1569037,1000,2991,0.03,30,0.45,0.1,50,0.246,7,0.20672223595227895,0.0017678772063139565
1556,scale_free,inv_degree,degree,1570046,1000,2991,0.03,30,0.45,0.1,50,0.385,13,0.124005407765213,0.0
1557,scale_free,inv_degree,degree,1571055,1000,2991,0.03,30,0.45,0.1,50,0.333,17,0.16905393045931516,0.0
1558,scale_free,inv_degree,degree,1572064,1000,2991,0.03,30,0.45,0.1,50,1.0,17,0.0,0.0
1559,scale_free,inv_degree,degree,1573073,1000,2991,0.03,30,0.45,0.1,50,1.0,20,0.0,0.0
1560,scale_free,inv_degree,degree,1574082,1000,2991,0.03,30,0.45,0.1,50,1.0,17,0.0,0.0
1521,scale_free,inv_degree,degree,1534731,1000,2991,0.03,30,0.45,0.1,50,1.0,49,0.0,0.0
1522,scale_free,inv_degree,degree,1535740,1000,2991,0.03,30,0.45,0.1,50,1.0,26,0.0,0.0
1523,scale_free,inv_degree,degree,1536749,1000,2991,0.03,30,0.45,0.1,50,0.389,13,0.13211421445311697,0.0
1524,scale_free,inv_degree,degree,1537758,1000,2991,0.03,30,0.45,0.1,50,0.26,12,0.19140454766848736,0.0018037201557736925
1525,scale_free,inv_degree,degree,1538767,1000,2991,0.03,30,0.45,0.1,50,1.0,22,0.0,0.0
1526,scale_free,inv_degree,degree,1539776,1000,2991,0.03,30,0.45,0.1,50,1.0,30,0.0,0.0
1527,scale_free,inv_degree,degree,1540785,1000,2991,0.03,30,0.45,0.1,50,0.273,8,0.19997778333194408,0.0011628106505009552
1528,scale_free,inv_degree,degree,1541794,1000,2991,0.03,30,0.45,0.1,50,0.324,10,0.15696644389482303,2.9822240380514213e-05
1529,scale_free,inv_degree,degree,1542803,1000,2991,0.03,30,0.45,0.1,50,1.0,37,0.0,0.0
1530,scale_free,inv_degree,degree,1543812,1000,2991,0.03,30,0.45,0.1,50,0.335,21,0.14692182831870848,0.00025920378583201616
1531,scale_free,inv_degree,degree,1544821,1000,2991,0.03,30,0.45,0.1,50,1.0,31,0.0,0.0
1532,scale_free,inv_degree,degree,1545830,1000,2991,0.03,30,0.45,0.1,50,0.289,9,0.18361454986631887,0.00022929529095446204
1533,scale_free,inv_degree,degree,1546839,1000,2991,0.03,30,0.45,0.1,50,0.354,15,0.1472123399724743,5.5720993967751505e-05
1534,scale_free,inv_degree,degree,1547848,1000,2991,0.03,30,0.45,0.1,50,0.306,7,0.17236460289204747,0.0007187053882920605
1535,scale_free,inv_degree,degree,1548857,1000,2991,0.03,30,0.45,0.1,50,0.264,7,0.19837866486785968,0.00047954586693099894
1536,scale_free,inv_degree,degree,1549866,1000,2991,0.03,30,0.45,0.1,50,1.0,44,0.0,0.0
1537,scale_free,inv_degree,degree,1550875,1000,2991,0.03,30,0.45,0.1,50,0.363,25,0.1519333162826394,0.00019754862039477735
1538,scale_free,inv_degree,degree,1551884,1000,2991,0.03,30,0.45,0.1,50,1.0,34,0.0,0.0
1539,scale_free,inv_degree,degree,1552893,1000,2991,0.03,30,0.45,0.1,50,0.294,9,0.17044240950714576,0.0005060849562476458
1540,scale_free,inv_degree,degree,1553902,1000,2991,0.03,30,0.45,0.1,50,1.0,20,0.0,0.0
1561,scale_free,inv_degree,degree,1575091,1000,2991,0.03,30,0.45,0.1,50,1.0,33,0.0,0.0
1562,scale_free,inv_degree,degree,1576100,1000,2991,0.03,30,0.45,0.1,50,1.0,31,0.0,0.0
1563,scale_free,inv_degree,degree,1577109,1000,2991,0.03,30,0.45,0.1,50,0.238,8,0.2377533399981837,0.001212401321709458
1564,scale_free,inv_degree,degree,1578118,1000,2991,0.03,30,0.45,0.1,50,1.0,17,0.0,0.0
1565,scale_free,inv_degree,degree,1579127,1000,2991,0.03,30,0.45,0.1,50,1.0,27,0.0,0.0
1566,scale_free,inv_degree,degree,1580136,1000,2991,0.03,30,0.45,0.1,50,0.306,9,0.19593497847514588,0.000436938674868727
1567,scale_free,inv_degree,degree,1581145,1000,2991,0.03,30,0.45,0.1,50,0.539,50,0.06958329366212793,0.0
1568,scale_free,inv_degree,degree,1582154,1000,2991,0.03,30,0.45,0.1,50,0.311,8,0.16787345555578914,0.00021096369350918326
1569,scale_free,inv_degree,degree,1583163,1000,2991,0.03,30,0.45,0.1,50,0.32,14,0.1681807995311082,0.0005027330495596235
1570,scale_free,inv_degree,degree,1584172,1000,2991,0.03,30,0.45,0.1,50,0.276,20,0.1953038450106726,0.0011166017826515304
1571,scale_free,inv_degree,degree,1585181,1000,2991,0.03,30,0.45,0.1,50,1.0,16,0.0,0.0
1572,scale_free,inv_degree,degree,1586190,1000,2991,0.03,30,0.45,0.1,50,1.0,34,0.0,0.0
1573,scale_free,inv_degree,degree,1587199,1000,2991,0.03,30,0.45,0.1,50,0.318,16,0.15957985015297857,0.0002618541511732717
1574,scale_free,inv_degree,degree,1588208,1000,2991,0.03,30,0.45,0.1,50,0.372,20,0.14141531078321973,0.0
1575,scale_free,inv_degree,degree,1589217,1000,2991,0.03,30,0.45,0.1,50,0.278,13,0.21205584201480193,0.001065947527843128
1576,scale_free,inv_degree,degree,1590226,1000,2991,0.03,30,0.45,0.1,50,1.0,27,0.0,0.0
1577,scale_free,inv_degree,degree,1591235,1000,2991,0.03,30,0.45,0.1,50,1.0,42,0.0,0.0
1578,scale_free,inv_degree,degree,1592244,1000,2991,0.03,30,0.45,0.1,50,1.0,16,0.0,0.0
1579,scale_free,inv_degree,degree,1593253,1000,2991,0.03,30,0.45,0.1,50,1.0,21,0.0,0.0
1580,scale_free,inv_degree,degree,1594262,1000,2991,0.03,30,0.45,0.1,50,1.0,28,0.0,0.0
1581,scale_free,inv_degree,degree,1595271,1000,2991,0.03,30,0.45,0.1,50,0.268,13,0.19971585677076376,0.0020039608136126555
1582,scale_free,inv_degree,degree,1596280,1000,2991,0.03,30,0.45,0.1,50,1.0,27,0.0,0.0
1583,scale_free,inv_degree,degree,1597289,1000,2991,0.03,30,0.45,0.1,50,0.245,8,0.22712172013903745,0.003201605759859467
1584,scale_free,inv_degree,degree,1598298,1000,2991,0.03,30,0.45,0.1,50,0.388,15,0.1307979689021015,0.0
1585,scale_free,inv_degree,degree,1599307,1000,2991,0.03,30,0.45,0.1,50,1.0,19,0.0,0.0
1586,scale_free,inv_degree,degree,1600316,1000,2991,0.03,30,0.45,0.1,50,0.293,7,0.1825251346997719,0.0006739871200303175
1587,scale_free,inv_degree,degree,1601325,1000,2991,0.03,30,0.45,0.1,50,0.41,15,0.10149669757013835,0.0
1588,scale_free,inv_degree,degree,1602334,1000,2991,0.03,30,0.45,0.1,50,0.305,9,0.17957690472403312,0.0004075648148648031
1589,scale_free,inv_degree,degree,1603343,1000,2991,0.03,30,0.45,0.1,50,0.352,17,0.14502233269169612,2.387057891860365e-05
1590,scale_free,inv_degree,degree,1604352,1000,2991,0.03,30,0.45,0.1,50,1.0,18,0.0,0.0
1591,scale_free,inv_degree,degree,1605361,1000,2991,0.03,30,0.45,0.1,50,1.0,27,0.0,0.0
1592,scale_free,inv_degree,degree,1606370,1000,2991,0.03,30,0.45,0.1,50,1.0,28,0.0,0.0
1593,scale_free,inv_degree,degree,1607379,1000,2991,0.03,30,0.45,0.1,50,1.0,17,0.0,0.0
1594,scale_free,inv_degree,degree,1608388,1000,2991,0.03,30,0.45,0.1,50,0.385,27,0.129559401503137,0.0
1595,scale_free,inv_degree,degree,1609397,1000,2991,0.03,30,0.45,0.1,50,0.334,18,0.17631350469625534,0.000730913824147605
1596,scale_free,inv_degree,degree,1610406,1000,2991,0.03,30,0.45,0.1,50,1.0,18,0.0,0.0
1597,scale_free,inv_degree,degree,1611415,1000,2991,0.03,30,0.45,0.1,50,0.43,20,0.11966057637031699,0.0
1598,scale_free,inv_degree,degree,1612424,1000,2991,0.03,30,0.45,0.1,50,1.0,25,0.0,0.0
1599,scale_free,inv_degree,degree,1613433,1000,2991,0.03,30,0.45,0.1,50,0.259,8,0.20315911133941114,0.0019854438127875178
1600,scale_free,inv_degree,degree,1614442,1000,2991,0.03,30,0.45,0.1,50,1.0,42,0.0,0.0
1601,small_world,inv_degree,degree,1615451,1000,3000,0.03,30,0.45,0.1,50,0.048,5,0.7803333333333359,0.8474456622280021
1602,small_world,inv_degree,degree,1616460,1000,3000,0.03,30,0.45,0.1,50,0.056,9,0.7527500000000037,0.8140710338162706
1603,small_world,inv_degree,degree,1617469,1000,3000,0.03,30,0.45,0.1,50,0.043,3,0.7979999999999995,0.8731519197305349
1604,small_world,inv_degree,degree,1618478,1000,3000,0.03,30,0.45,0.1,50,0.049,11,0.7750000000000056,0.8397403177040315
1605,small_world,inv_degree,degree,1619487,1000,3000,0.03,30,0.45,0.1,50,0.069,9,0.7665000000000074,0.8071743313517884
1606,small_world,inv_degree,degree,1620496,1000,3000,0.03,30,0.45,0.1,50,0.045,4,0.771000000000002,0.8446806389205588
1607,small_world,inv_degree,degree,1621505,1000,3000,0.03,30,0.45,0.1,50,0.047,9,0.7510000000000017,0.8373738517162272
1608,small_world,inv_degree,degree,1622514,1000,3000,0.03,30,0.45,0.1,50,0.033,2,0.7693333333333319,0.8659233744788231
1609,small_world,inv_degree,degree,1623523,1000,3000,0.03,30,0.45,0.1,50,0.043,4,0.7836666666666656,0.8547927040393327
1610,small_world,inv_degree,degree,1624532,1000,3000,0.03,30,0.45,0.1,50,0.057,5,0.7733333333333325,0.8284690089250757
1611,small_world,inv_degree,degree,1625541,1000,3000,0.03,30,0.45,0.1,50,0.07,9,0.7859999999999989,0.8127706905510413
1612,small_world,inv_degree,degree,1626550,1000,3000,0.03,30,0.45,0.1,50,0.054,6,0.785333333333336,0.8479261422759677
1613,small_world,inv_degree,degree,1627559,1000,3000,0.03,30,0.45,0.1,50,0.052,5,0.7906666666666697,0.8301250193042591
1614,small_world,inv_degree,degree,1628568,1000,3000,0.03,30,0.45,0.1,50,0.044,4,0.7586666666666665,0.8395604707219323
1615,small_world,inv_degree,degree,1629577,1000,3000,0.03,30,0.45,0.1,50,0.04,1,0.8199999999999938,0.8671381104230415
1616,small_world,inv_degree,degree,1630586,1000,3000,0.03,30,0.45,0.1,50,0.05,9,0.7526666666666694,0.8247494845987501
1617,small_world,inv_degree,degree,1631595,1000,3000,0.03,30,0.45,0.1,50,0.035,2,0.7673333333333364,0.864515881534037
1618,small_world,inv_degree,degree,1632604,1000,3000,0.03,30,0.45,0.1,50,0.043,7,0.7623333333333323,0.8514847677371927
1619,small_world,inv_degree,degree,1633613,1000,3000,0.03,30,0.45,0.1,50,0.049,6,0.7623333333333354,0.8316011169155638
1620,small_world,inv_degree,degree,1634622,1000,3000,0.03,30,0.45,0.1,50,0.05,10,0.7500000000000017,0.8345677648299392
1641,small_world,inv_degree,degree,1655811,1000,3000,0.03,30,0.45,0.1,50,0.056,6,0.7693333333333349,0.82578927442013
1642,small_world,inv_degree,degree,1656820,1000,3000,0.03,30,0.45,0.1,50,0.034,2,0.7570000000000036,0.8606076594580379
1643,small_world,inv_degree,degree,1657829,1000,3000,0.03,30,0.45,0.1,50,0.062,7,0.7618333333333385,0.8130689073701027
1644,small_world,inv_degree,degree,1658838,1000,3000,0.03,30,0.45,0.1,50,0.051,7,0.7579999999999995,0.8307131543231872
1645,small_world,inv_degree,degree,1659847,1000,3000,0.03,30,0.45,0.1,50,0.039,4,0.7663333333333372,0.8523942607285165
1646,small_world,inv_degree,degree,1660856,1000,3000,0.03,30,0.45,0.1,50,0.045,6,0.7806666666666697,0.8581666596574999
1647,small_world,inv_degree,degree,1661865,1000,3000,0.03,30,0.45,0.1,50,0.042,4,0.7676666666666664,0.8461037581804693
1648,small_world,inv_degree,degree,1662874,1000,3000,0.03,30,0.45,0.1,50,0.044,4,0.7646666666666665,0.8493858503559365
1649,small_world,inv_degree,degree,1663883,1000,3000,0.03,30,0.45,0.1,50,0.034,2,0.7700000000000016,0.8721514953731789
1650,small_world,inv_degree,degree,1664892,1000,3000,0.03,30,0.45,0.1,50,0.048,12,0.7596666666666655,0.8343541289822922
1651,small_world,inv_degree,degree,1665901,1000,3000,0.03,30,0.45,0.1,50,0.045,5,0.7753333333333359,0.8534298061406531
1652,small_world,inv_degree,degree,1666910,1000,3000,0.03,30,0.45,0.1,50,0.052,11,0.7562500000000063,0.8273917171054511
1653,small_world,inv_degree,degree,1667919,1000,3000,0.03,30,0.45,0.1,50,0.043,8,0.7642500000000054,0.8403024258716528
1654,small_world,inv_degree,degree,1668928,1000,3000,0.03,30,0.45,0.1,50,0.054,10,0.7943333333333363,0.8349652448530148
1655,small_world,inv_degree,degree,1669937,1000,3000,0.03,30,0.45,0.1,50,0.035,3,0.7736000000000002,0.8649653568382291
1656,small_world,inv_degree,degree,1670946,1000,3000,0.03,30,0.45,0.1,50,0.063,6,0.7813333333333358,0.8234723404604724
1657,small_world,inv_degree,degree,1671955,1000,3000,0.03,30,0.45,0.1,50,0.055,11,0.7633333333333364,0.832575421901994
1658,small_world,inv_degree,degree,1672964,1000,3000,0.03,30,0.45,0.1,50,0.051,7,0.7526666666666657,0.8308508077476767
1659,small_world,inv_degree,degree,1673973,1000,3000,0.03,30,0.45,0.1,50,0.038,6,0.7940000000000019,0.8720303715151332
1660,small_world,inv_degree,degree,1674982,1000,3000,0.03,30,0.45,0.1,50,0.055,9,0.7596666666666665,0.8278988822641288
1621,small_world,inv_degree,degree,1635631,1000,3000,0.03,30,0.45,0.1,50,0.034,2,0.7609999999999989,0.8658641438615295
1622,small_world,inv_degree,degree,1636640,1000,3000,0.03,30,0.45,0.1,50,0.039,5,0.7913333333333362,0.8597820738468701
1623,small_world,inv_degree,degree,1637649,1000,3000,0.03,30,0.45,0.1,50,0.071,10,0.7826666666666708,0.8092575109357723
1624,small_world,inv_degree,degree,1638658,1000,3000,0.03,30,0.45,0.1,50,0.044,4,0.768666666666669,0.845056859062327
1625,small_world,inv_degree,degree,1639667,1000,3000,0.03,30,0.45,0.1,50,0.055,7,0.7533333333333343,0.8184848202589222
1626,small_world,inv_degree,degree,1640676,1000,3000,0.03,30,0.45,0.1,50,0.035,3,0.7716666666666693,0.864321600038638
1627,small_world,inv_degree,degree,1641685,1000,3000,0.03,30,0.45,0.1,50,0.039,4,0.7773333333333351,0.8550615814570378
1628,small_world,inv_degree,degree,1642694,1000,3000,0.03,30,0.45,0.1,50,0.042,4,0.7733333333333355,0.8511691341188202
1629,small_world,inv_degree,degree,1643703,1000,3000,0.03,30,0.45,0.1,50,0.03,0,0.7806666666666701,0.8783882713180358
1630,small_world,inv_degree,degree,1644712,1000,3000,0.03,30,0.45,0.1,50,0.077,7,0.7786666666666694,0.8078040293462778
1631,small_world,inv_degree,degree,1645721,1000,3000,0.03,30,0.45,0.1,50,0.06,5,0.7616666666666654,0.8202534257739237
1632,small_world,inv_degree,degree,1646730,1000,3000,0.03,30,0.45,0.1,50,0.039,3,0.7833333333333324,0.8680890858575924
1633,small_world,inv_degree,degree,1647739,1000,3000,0.03,30,0.45,0.1,50,0.053,5,0.7873333333333332,0.8456279000098498
1634,small_world,inv_degree,degree,1648748,1000,3000,0.03,30,0.45,0.1,50,0.032,2,0.7660000000000027,0.8714821185394175
1635,small_world,inv_degree,degree,1649757,1000,3000,0.03,30,0.45,0.1,50,0.04,3,0.7593333333333322,0.8568552034000296
1636,small_world,inv_degree,degree,1650766,1000,3000,0.03,30,0.45,0.1,50,0.042,6,0.762000000000002,0.8495963808428582
1637,small_world,inv_degree,degree,1651775,1000,3000,0.03,30,0.45,0.1,50,0.048,8,0.7853333333333362,0.8467539820835709
1638,small_world,inv_degree,degree,1652784,1000,3000,0.03,30,0.45,0.1,50,0.04,3,0.7689999999999992,0.8483678187157152
1639,small_world,inv_degree,degree,1653793,1000,3000,0.03,30,0.45,0.1,50,0.043,6,0.7796666666666653,0.8550670315177133
1640,small_world,inv_degree,degree,1654802,1000,3000,0.03,30,0.45,0.1,50,0.032,2,0.7830000000000032,0.8753130336125802
1661,small_world,inv_degree,degree,1675991,1000,3000,0.03,30,0.45,0.1,50,0.048,8,0.7709999999999991,0.8369913202199655
1662,small_world,inv_degree,degree,1677000,1000,3000,0.03,30,0.45,0.1,50,0.044,9,0.7626666666666699,0.8440305149343678
1663,small_world,inv_degree,degree,1678009,1000,3000,0.03,30,0.45,0.1,50,0.046,6,0.7660000000000028,0.8530483733240664
1664,small_world,inv_degree,degree,1679018,1000,3000,0.03,30,0.45,0.1,50,0.031,1,0.7763333333333364,0.871742104263456
1665,small_world,inv_degree,degree,1680027,1000,3000,0.03,30,0.45,0.1,50,0.055,4,0.7709999999999991,0.825760476777132
1666,small_world,inv_degree,degree,1681036,1000,3000,0.03,30,0.45,0.1,50,0.044,6,0.754666666666666,0.8438021603352951
1667,small_world,inv_degree,degree,1682045,1000,3000,0.03,30,0.45,0.1,50,0.038,3,0.780000000000003,0.8579959072817512
1668,small_world,inv_degree,degree,1683054,1000,3000,0.03,30,0.45,0.1,50,0.039,3,0.7764999999999928,0.8694920175287131
1669,small_world,inv_degree,degree,1684063,1000,3000,0.03,30,0.45,0.1,50,0.036,3,0.7737500000000038,0.8559383189489542
1670,small_world,inv_degree,degree,1685072,1000,3000,0.03,30,0.45,0.1,50,0.039,3,0.7766666666666701,0.8490973495434111
1671,small_world,inv_degree,degree,1686081,1000,3000,0.03,30,0.45,0.1,50,0.058,11,0.7803333333333329,0.8354610978302537
1672,small_world,inv_degree,degree,1687090,1000,3000,0.03,30,0.45,0.1,50,0.04,7,0.7709999999999989,0.8566657944765927
1673,small_world,inv_degree,degree,1688099,1000,3000,0.03,30,0.45,0.1,50,0.059,12,0.7546666666666695,0.8171922845192885
1674,small_world,inv_degree,degree,1689108,1000,3000,0.03,30,0.45,0.1,50,0.034,3,0.7686666666666663,0.8721183526706591
1675,small_world,inv_degree,degree,1690117,1000,3000,0.03,30,0.45,0.1,50,0.042,6,0.8070000000000016,0.8675275312945442
1676,small_world,inv_degree,degree,1691126,1000,3000,0.03,30,0.45,0.1,50,0.061,6,0.7543333333333323,0.8089341341637167
1677,small_world,inv_degree,degree,1692135,1000,3000,0.03,30,0.45,0.1,50,0.038,2,0.7668333333333378,0.8413407906322625
1678,small_world,inv_degree,degree,1693144,1000,3000,0.03,30,0.45,0.1,50,0.062,10,0.7663333333333328,0.8255700809612981
1679,small_world,inv_degree,degree,1694153,1000,3000,0.03,30,0.45,0.1,50,0.039,3,0.7836666666666665,0.8527484360626556
1680,small_world,inv_degree,degree,1695162,1000,3000,0.03,30,0.45,0.1,50,0.055,12,0.7619999999999987,0.827127138879143
1681,small_world,inv_degree,degree,1696171,1000,3000,0.03,30,0.45,0.1,50,0.035,3,0.7677500000000045,0.8616479476800752
1682,small_world,inv_degree,degree,1697180,1000,3000,0.03,30,0.45,0.1,50,0.053,9,0.7660000000000027,0.8239025091556531
1683,small_world,inv_degree,degree,1698189,1000,3000,0.03,30,0.45,0.1,50,0.043,3,0.7910000000000035,0.85325405098924
1684,small_world,inv_degree,degree,1699198,1000,3000,0.03,30,0.45,0.1,50,0.034,1,0.7759999999999994,0.8637965763560541
1685,small_world,inv_degree,degree,1700207,1000,3000,0.03,30,0.45,0.1,50,0.035,3,0.7703333333333362,0.8682188735441871
1686,small_world,inv_degree,degree,1701216,1000,3000,0.03,30,0.45,0.1,50,0.061,7,0.7546666666666678,0.8111326490673691
1687,small_world,inv_degree,degree,1702225,1000,3000,0.03,30,0.45,0.1,50,0.042,6,0.7707500000000067,0.8468651698084251
1688,small_world,inv_degree,degree,1703234,1000,3000,0.03,30,0.45,0.1,50,0.045,6,0.7653333333333324,0.8465469514480503
1689,small_world,inv_degree,degree,1704243,1000,3000,0.03,30,0.45,0.1,50,0.052,12,0.7556666666666663,0.8368128925423226
1690,small_world,inv_degree,degree,1705252,1000,3000,0.03,30,0.45,0.1,50,0.049,6,0.7623333333333322,0.8278584197968337
1691,small_world,inv_degree,degree,1706261,1000,3000,0.03,30,0.45,0.1,50,0.038,2,0.7730000000000019,0.8641891872221233
1692,small_world,inv_degree,degree,1707270,1000,3000,0.03,30,0.45,0.1,50,0.038,5,0.7742500000000073,0.846714416834314
1693,small_world,inv_degree,degree,1708279,1000,3000,0.03,30,0.45,0.1,50,0.051,6,0.7606666666666657,0.8377062694108683
1694,small_world,inv_degree,degree,1709288,1000,3000,0.03,30,0.45,0.1,50,0.071,15,0.7776666666666696,0.8159695948684914
1695,small_world,inv_degree,degree,1710297,1000,3000,0.03,30,0.45,0.1,50,0.045,4,0.7853333333333357,0.8456466074270981
1696,small_world,inv_degree,degree,1711306,1000,3000,0.03,30,0.45,0.1,50,0.047,7,0.7669999999999995,0.8405183695603625
1697,small_world,inv_degree,degree,1712315,1000,3000,0.03,30,0.45,0.1,50,0.036,3,0.7687500000000034,0.8515212322445767
1698,small_world,inv_degree,degree,1713324,1000,3000,0.03,30,0.45,0.1,50,0.052,7,0.759999999999999,0.8248998627269432
1699,small_world,inv_degree,degree,1714333,1000,3000,0.03,30,0.45,0.1,50,0.048,6,0.7799999999999995,0.8387401922955339
1700,small_world,inv_degree,degree,1715342,1000,3000,0.03,30,0.45,0.1,50,0.047,7,0.7869999999999991,0.8431448283960907
1701,small_world,inv_degree,degree,1716351,1000,3000,0.03,30,0.45,0.1,50,0.037,3,0.7640000000000021,0.8587000229262792
1702,small_world,inv_degree,degree,1717360,1000,3000,0.03,30,0.45,0.1,50,0.035,4,0.7886666666666696,0.8676558041804754
1703,small_world,inv_degree,degree,1718369,1000,3000,0.03,30,0.45,0.1,50,0.048,7,0.7715000000000046,0.8435958463659258
1704,small_world,inv_degree,degree,1719378,1000,3000,0.03,30,0.45,0.1,50,0.046,5,0.7776666666666655,0.8405614256326414
1705,small_world,inv_degree,degree,1720387,1000,3000,0.03,30,0.45,0.1,50,0.048,8,0.7649999999999998,0.8343123351697082
1706,small_world,inv_degree,degree,1721396,1000,3000,0.03,30,0.45,0.1,50,0.034,1,0.7543333333333357,0.863716115490481
1707,small_world,inv_degree,degree,1722405,1000,3000,0.03,30,0.45,0.1,50,0.064,11,0.7599999999999995,0.8067242975516933
1708,small_world,inv_degree,degree,1723414,1000,3000,0.03,30,0.45,0.1,50,0.038,4,0.7766666666666686,0.8584066474048576
1709,small_world,inv_degree,degree,1724423,1000,3000,0.03,30,0.45,0.1,50,0.043,8,0.7666666666666666,0.8537456738049997
1710,small_world,inv_degree,degree,1725432,1000,3000,0.03,30,0.45,0.1,50,0.07,12,0.7736666666666655,0.8274352144526536
1711,small_world,inv_degree,degree,1726441,1000,3000,0.03,30,0.45,0.1,50,0.032,2,0.758000000000006,0.8631621368231165
1712,small_world,inv_degree,degree,1727450,1000,3000,0.03,30,0.45,0.1,50,0.041,5,0.7583333333333317,0.848668957280147
1713,small_world,inv_degree,degree,1728459,1000,3000,0.03,30,0.45,0.1,50,0.055,6,0.7557500000000049,0.8207574523169453
1714,small_world,inv_degree,degree,1729468,1000,3000,0.03,30,0.45,0.1,50,0.047,7,0.7617500000000038,0.8505840382325768
1715,small_world,inv_degree,degree,1730477,1000,3000,0.03,30,0.45,0.1,50,0.031,1,0.7613333333333356,0.8781230170257502
1716,small_world,inv_degree,degree,1731486,1000,3000,0.03,30,0.45,0.1,50,0.052,11,0.7736666666666697,0.8382096348345712
1717,small_world,inv_degree,degree,1732495,1000,3000,0.03,30,0.45,0.1,50,0.052,9,0.7806666666666656,0.8340490004518379
1718,small_world,inv_degree,degree,1733504,1000,3000,0.03,30,0.45,0.1,50,0.04,6,0.798499999999993,0.8756730132513552
1719,small_world,inv_degree,degree,1734513,1000,3000,0.03,30,0.45,0.1,50,0.039,2,0.8060000000000027,0.8688913194976523
1720,small_world,inv_degree,degree,1735522,1000,3000,0.03,30,0.45,0.1,50,0.036,3,0.7676666666666693,0.8604104286796882
1721,small_world,inv_degree,degree,1736531,1000,3000,0.03,30,0.45,0.1,50,0.036,3,0.7839999999999996,0.8644825823151665
1722,small_world,inv_degree,degree,1737540,1000,3000,0.03,30,0.45,0.1,50,0.045,9,0.7746666666666695,0.8452743512332197
1723,small_world,inv_degree,degree,1738549,1000,3000,0.03,30,0.45,0.1,50,0.051,5,0.7536666666666662,0.8271393226884031
1724,small_world,inv_degree,degree,1739558,1000,3000,0.03,30,0.45,0.1,50,0.03,0,0.7713333333333324,0.8828560818432927
1725,small_world,inv_degree,degree,1740567,1000,3000,0.03,30,0.45,0.1,50,0.052,6,0.7676666666666689,0.8340422220304714
1726,small_world,inv_degree,degree,1741576,1000,3000,0.03,30,0.45,0.1,50,0.05,8,0.757333333333336,0.8426989466327862
1727,small_world,inv_degree,degree,1742585,1000,3000,0.03,30,0.45,0.1,50,0.046,5,0.776333333333336,0.8417862477816204
1728,small_world,inv_degree,degree,1743594,1000,3000,0.03,30,0.45,0.1,50,0.038,4,0.7946666666666661,0.8545567959660707
1729,small_world,inv_degree,degree,1744603,1000,3000,0.03,30,0.45,0.1,50,0.056,9,0.755666666666666,0.8178179956830204
1730,small_world,inv_degree,degree,1745612,1000,3000,0.03,30,0.45,0.1,50,0.036,4,0.759666666666666,0.8625363834478562
1731,small_world,inv_degree,degree,1746621,1000,3000,0.03,30,0.45,0.1,50,0.051,6,0.7773333333333319,0.8373150283986991
1732,small_world,inv_degree,degree,1747630,1000,3000,0.03,30,0.45,0.1,50,0.037,3,0.7726666666666665,0.859093170795201
1733,small_world,inv_degree,degree,1748639,1000,3000,0.03,30,0.45,0.1,50,0.036,4,0.7850000000000029,0.8638241945705009
1734,small_world,inv_degree,degree,1749648,1000,3000,0.03,30,0.45,0.1,50,0.04,4,0.7884999999999924,0.8706915840376409
1735,small_world,inv_degree,degree,1750657,1000,3000,0.03,30,0.45,0.1,50,0.068,10,0.7526666666666655,0.7987269615122479
1736,small_world,inv_degree,degree,1751666,1000,3000,0.03,30,0.45,0.1,50,0.044,5,0.797666666666666,0.847667721460769
1737,small_world,inv_degree,degree,1752675,1000,3000,0.03,30,0.45,0.1,50,0.059,7,0.7395000000000048,0.7960351249579531
1738,small_world,inv_degree,degree,1753684,1000,3000,0.03,30,0.45,0.1,50,0.048,6,0.7573333333333351,0.8252385977348655
1739,small_world,inv_degree,degree,1754693,1000,3000,0.03,30,0.45,0.1,50,0.04,5,0.7763333333333322,0.8537747438912815
1740,small_world,inv_degree,degree,1755702,1000,3000,0.03,30,0.45,0.1,50,0.056,6,0.7659999999999989,0.8295741854288539
1761,small_world,inv_degree,degree,1776891,1000,3000,0.03,30,0.45,0.1,50,0.059,13,0.7516666666666659,0.8181681439011201
1762,small_world,inv_degree,degree,1777900,1000,3000,0.03,30,0.45,0.1,50,0.056,4,0.7852500000000059,0.8401251143240207
1763,small_world,inv_degree,degree,1778909,1000,3000,0.03,30,0.45,0.1,50,0.039,5,0.7839999999999933,0.8741167038167931
1764,small_world,inv_degree,degree,1779918,1000,3000,0.03,30,0.45,0.1,50,0.055,6,0.7743333333333362,0.8241266305622619
1765,small_world,inv_degree,degree,1780927,1000,3000,0.03,30,0.45,0.1,50,0.043,4,0.7696666666666702,0.8510824270886824
1766,small_world,inv_degree,degree,1781936,1000,3000,0.03,30,0.45,0.1,50,0.063,9,0.7690000000000041,0.8005567077880587
1767,small_world,inv_degree,degree,1782945,1000,3000,0.03,30,0.45,0.1,50,0.06,7,0.7886666666666693,0.8409781987667757
1768,small_world,inv_degree,degree,1783954,1000,3000,0.03,30,0.45,0.1,50,0.049,7,0.7843333333333322,0.841069601795985
1769,small_world,inv_degree,degree,1784963,1000,3000,0.03,30,0.45,0.1,50,0.035,2,0.7716666666666663,0.8643328844985568
1770,small_world,inv_degree,degree,1785972,1000,3000,0.03,30,0.45,0.1,50,0.038,4,0.7683333333333356,0.8554720653306214
1771,small_world,inv_degree,degree,1786981,1000,3000,0.03,30,0.45,0.1,50,0.052,8,0.7613333333333324,0.8471499034720018
1772,small_world,inv_degree,degree,1787990,1000,3000,0.03,30,0.45,0.1,50,0.048,6,0.7739999999999996,0.8419799809521161
1773,small_world,inv_degree,degree,1788999,1000,3000,0.03,30,0.45,0.1,50,0.037,4,0.78366666666667,0.8702099955810333
1774,small_world,inv_degree,degree,1790008,1000,3000,0.03,30,0.45,0.1,50,0.038,2,0.7726666666666657,0.85986505691721
1775,small_world,inv_degree,degree,1791017,1000,3000,0.03,30,0.45,0.1,50,0.034,3,0.7693333333333324,0.8636001255163933
1776,small_world,inv_degree,degree,1792026,1000,3000,0.03,30,0.45,0.1,50,0.04,4,0.7696666666666695,0.8556697164463372
1777,small_world,inv_degree,degree,1793035,1000,3000,0.03,30,0.45,0.1,50,0.06,9,0.7392500000000068,0.8073882434746542
1778,small_world,inv_degree,degree,1794044,1000,3000,0.03,30,0.45,0.1,50,0.06,6,0.7884999999999949,0.829670043138816
1779,small_world,inv_degree,degree,1795053,1000,3000,0.03,30,0.45,0.1,50,0.049,7,0.7706666666666663,0.8416623124776311
1780,small_world,inv_degree,degree,1796062,1000,3000,0.03,30,0.45,0.1,50,0.037,2,0.7830000000000011,0.8745383051066138
1741,small_world,inv_degree,degree,1756711,1000,3000,0.03,30,0.45,0.1,50,0.044,4,0.7813333333333331,0.8433128990732411
1742,small_world,inv_degree,degree,1757720,1000,3000,0.03,30,0.45,0.1,50,0.043,12,0.7635000000000076,0.8424085772456139
1743,small_world,inv_degree,degree,1758729,1000,3000,0.03,30,0.45,0.1,50,0.039,2,0.7626666666666693,0.8489137048553238
1744,small_world,inv_degree,degree,1759738,1000,3000,0.03,30,0.45,0.1,50,0.05,8,0.7743333333333355,0.8432651147516116
1745,small_world,inv_degree,degree,1760747,1000,3000,0.03,30,0.45,0.1,50,0.042,6,0.7462500000000045,0.8406290011674329
1746,small_world,inv_degree,degree,1761756,1000,3000,0.03,30,0.45,0.1,50,0.035,3,0.7606666666666653,0.8666541848896626
1747,small_world,inv_degree,degree,1762765,1000,3000,0.03,30,0.45,0.1,50,0.067,12,0.7633333333333323,0.8150441576764151
1748,small_world,inv_degree,degree,1763774,1000,3000,0.03,30,0.45,0.1,50,0.05,6,0.7823333333333357,0.8427444917763214
1749,small_world,inv_degree,degree,1764783,1000,3000,0.03,30,0.45,0.1,50,0.063,10,0.7826666666666685,0.8309704328943527
1750,small_world,inv_degree,degree,1765792,1000,3000,0.03,30,0.45,0.1,50,0.048,4,0.7797500000000066,0.8373275343414633
1751,small_world,inv_degree,degree,1766801,1000,3000,0.03,30,0.45,0.1,50,0.033,2,0.7676666666666658,0.871986334645002
1752,small_world,inv_degree,degree,1767810,1000,3000,0.03,30,0.45,0.1,50,0.053,7,0.803499999999993,0.8531585690510718
1753,small_world,inv_degree,degree,1768819,1000,3000,0.03,30,0.45,0.1,50,0.048,5,0.7723333333333321,0.8376895025106598
1754,small_world,inv_degree,degree,1769828,1000,3000,0.03,30,0.45,0.1,50,0.051,4,0.759250000000005,0.8297572350130731
1755,small_world,inv_degree,degree,1770837,1000,3000,0.03,30,0.45,0.1,50,0.038,5,0.7587500000000044,0.8485231351827012
1756,small_world,inv_degree,degree,1771846,1000,3000,0.03,30,0.45,0.1,50,0.056,7,0.7683333333333353,0.8413198139800436
1757,small_world,inv_degree,degree,1772855,1000,3000,0.03,30,0.45,0.1,50,0.033,1,0.7579999999999997,0.8751184405872658
1758,small_world,inv_degree,degree,1773864,1000,3000,0.03,30,0.45,0.1,50,0.05,6,0.7856666666666653,0.8361529265893468
1759,small_world,inv_degree,degree,1774873,1000,3000,0.03,30,0.45,0.1,50,0.044,8,0.7766666666666686,0.8468558938924041
1760,small_world,inv_degree,degree,1775882,1000,3000,0.03,30,0.45,0.1,50,0.04,6,0.7803333333333361,0.8578740584087233
1781,small_world,inv_degree,degree,1797071,1000,3000,0.03,30,0.45,0.1,50,0.033,1,0.7516000000000002,0.8591811996219111
1782,small_world,inv_degree,degree,1798080,1000,3000,0.03,30,0.45,0.1,50,0.052,8,0.7966666666666662,0.8391034406664758
1783,small_world,inv_degree,degree,1799089,1000,3000,0.03,30,0.45,0.1,50,0.033,2,0.7739999999999994,0.8730946985117144
1784,small_world,inv_degree,degree,1800098,1000,3000,0.03,30,0.45,0.1,50,0.057,8,0.7561666666666668,0.8180576969200648
1785,small_world,inv_degree,degree,1801107,1000,3000,0.03,30,0.45,0.1,50,0.04,6,0.7689999999999981,0.8614221480765215
1786,small_world,inv_degree,degree,1802116,1000,3000,0.03,30,0.45,0.1,50,0.053,6,0.7520000000000018,0.8311139631957046
1787,small_world,inv_degree,degree,1803125,1000,3000,0.03,30,0.45,0.1,50,0.051,8,0.7613333333333361,0.8351991994163317
1788,small_world,inv_degree,degree,1804134,1000,3000,0.03,30,0.45,0.1,50,0.061,8,0.7773333333333331,0.8121065140987429
1789,small_world,inv_degree,degree,1805143,1000,3000,0.03,30,0.45,0.1,50,0.044,3,0.7783333333333322,0.8468404906834343
1790,small_world,inv_degree,degree,1806152,1000,3000,0.03,30,0.45,0.1,50,0.042,5,0.7626666666666665,0.8455295153691513
1791,small_world,inv_degree,degree,1807161,1000,3000,0.03,30,0.45,0.1,50,0.041,6,0.7686666666666664,0.859481770854766
1792,small_world,inv_degree,degree,1808170,1000,3000,0.03,30,0.45,0.1,50,0.061,8,0.7523333333333329,0.8175131729482018
1793,small_world,inv_degree,degree,1809179,1000,3000,0.03,30,0.45,0.1,50,0.052,5,0.751500000000004,0.8178233662406468
1794,small_world,inv_degree,degree,1810188,1000,3000,0.03,30,0.45,0.1,50,0.036,3,0.7640000000000021,0.8634396277313388
1795,small_world,inv_degree,degree,1811197,1000,3000,0.03,30,0.45,0.1,50,0.056,11,0.7639999999999992,0.8222818338576533
1796,small_world,inv_degree,degree,1812206,1000,3000,0.03,30,0.45,0.1,50,0.039,3,0.7729999999999996,0.8549241585431863
1797,small_world,inv_degree,degree,1813215,1000,3000,0.03,30,0.45,0.1,50,0.06,9,0.7406666666666653,0.8153662001450712
1798,small_world,inv_degree,degree,1814224,1000,3000,0.03,30,0.45,0.1,50,0.056,10,0.761500000000004,0.8140038248919584
1799,small_world,inv_degree,degree,1815233,1000,3000,0.03,30,0.45,0.1,50,0.052,8,0.7880000000000029,0.8483298576598448
1800,small_world,inv_degree,degree,1816242,1000,3000,0.03,30,0.45,0.1,50,0.039,3,0.7806666666666652,0.8572691965169507
1841,random,uniform,random,1857611,1000,2988,0.03,30,0.45,0.1,50,0.034,1,0.799,0.7704559863875455
1842,random,uniform,random,1858620,1000,2964,0.03,30,0.45,0.1,50,0.034,1,0.772,0.7489924939818278
1843,random,uniform,random,1859629,1000,3041,0.03,30,0.45,0.1,50,0.034,1,0.804,0.7559977668455445
1844,random,uniform,random,1860638,1000,2959,0.03,30,0.45,0.1,50,0.039,2,0.809,0.7562069687272669
1845,random,uniform,random,1861647,1000,3002,0.03,30,0.45,0.1,50,0.032,2,0.817,0.7848299002399516
1846,random,uniform,random,1862656,1000,2964,0.03,30,0.45,0.1,50,0.035,1,0.806,0.7714743073215002
1847,random,uniform,random,1863665,1000,3009,0.03,30,0.45,0.1,50,0.034,1,0.794,0.7611227083114814
1848,random,uniform,random,1864674,1000,3099,0.03,30,0.45,0.1,50,0.03,0,0.817,0.7879739179561214
1849,random,uniform,random,1865683,1000,3019,0.03,30,0.45,0.1,50,0.037,2,0.818,0.7629674738624572
1850,random,uniform,random,1866692,1000,3030,0.03,30,0.45,0.1,50,0.032,1,0.809,0.7795097677088308
1851,random,uniform,random,1867701,1000,3000,0.03,30,0.45,0.1,50,0.035,1,0.816,0.7695410068141604
1852,random,uniform,random,1868710,1000,2928,0.03,30,0.45,0.1,50,0.038,2,0.797,0.7546379241916469
1853,random,uniform,random,1869719,1000,3049,0.03,30,0.45,0.1,50,0.034,2,0.811,0.7617357286769834
1854,random,uniform,random,1870728,1000,2944,0.03,30,0.45,0.1,50,0.036,3,0.821,0.7768040973400113
1855,random,uniform,random,1871737,1000,2997,0.03,30,0.45,0.1,50,0.036,1,0.799,0.7507413219747376
1856,random,uniform,random,1872746,1000,3033,0.03,30,0.45,0.1,50,0.039,2,0.788,0.7305124521948081
1857,random,uniform,random,1873755,1000,3036,0.03,30,0.45,0.1,50,0.033,1,0.813,0.772332270090253
1858,random,uniform,random,1874764,1000,2992,0.03,30,0.45,0.1,50,0.035,1,0.818,0.7846561405486261
1859,random,uniform,random,1875773,1000,2990,0.03,30,0.45,0.1,50,0.034,1,0.809,0.7688143648193433
1860,random,uniform,random,1876782,1000,3038,0.03,30,0.45,0.1,50,0.034,1,0.809,0.7674401553306653
1801,random,uniform,random,1817251,1000,2875,0.03,30,0.45,0.1,50,0.035,1,0.816,0.78298545336523
1802,random,uniform,random,1818260,1000,3050,0.03,30,0.45,0.1,50,0.037,1,0.796,0.7551425860099665
1803,random,uniform,random,1819269,1000,3015,0.03,30,0.45,0.1,50,0.034,1,0.797,0.7574651306955639
1804,random,uniform,random,1820278,1000,2945,0.03,30,0.45,0.1,50,0.037,3,0.813,0.7738356076907346
1805,random,uniform,random,1821287,1000,3017,0.03,30,0.45,0.1,50,0.037,1,0.792,0.7447568541556576
1806,random,uniform,random,1822296,1000,2951,0.03,30,0.45,0.1,50,0.038,1,0.801,0.7603943191467707
1807,random,uniform,random,1823305,1000,2977,0.03,30,0.45,0.1,50,0.035,1,0.789,0.7541183645998465
1808,random,uniform,random,1824314,1000,2992,0.03,30,0.45,0.1,50,0.041,1,0.8,0.7507735179614402
1809,random,uniform,random,1825323,1000,2982,0.03,30,0.45,0.1,50,0.032,1,0.799,0.7670809856471544
1810,random,uniform,random,1826332,1000,2959,0.03,30,0.45,0.1,50,0.04,1,0.791,0.74725869176139
1811,random,uniform,random,1827341,1000,3048,0.03,30,0.45,0.1,50,0.035,3,0.774,0.7382566546321794
1812,random,uniform,random,1828350,1000,2937,0.03,30,0.45,0.1,50,0.037,2,0.808,0.7606604505384204
1813,random,uniform,random,1829359,1000,3026,0.03,30,0.45,0.1,50,0.034,1,0.816,0.7791525897665392
1814,random,uniform,random,1830368,1000,2990,0.03,30,0.45,0.1,50,0.038,4,0.79,0.7507761265101941
1815,random,uniform,random,1831377,1000,2972,0.03,30,0.45,0.1,50,0.034,1,0.802,0.7707313225110418
1816,random,uniform,random,1832386,1000,3046,0.03,30,0.45,0.1,50,0.037,1,0.791,0.7490460072968567
1817,random,uniform,random,1833395,1000,2981,0.03,30,0.45,0.1,50,0.035,1,0.802,0.7631239396786361
1818,random,uniform,random,1834404,1000,3016,0.03,30,0.45,0.1,50,0.041,2,0.803,0.7489610007637904
1819,random,uniform,random,1835413,1000,3039,0.03,30,0.45,0.1,50,0.036,1,0.781,0.7285148076801067
1820,random,uniform,random,1836422,1000,3006,0.03,30,0.45,0.1,50,0.04,2,0.8,0.7486253462140702
1861,random,uniform,random,1877791,1000,3039,0.03,30,0.45,0.1,50,0.035,1,0.801,0.7627921781510396
1862,random,uniform,random,1878800,1000,3043,0.03,30,0.45,0.1,50,0.036,2,0.802,0.7627914262797415
1863,random,uniform,random,1879809,1000,3022,0.03,30,0.45,0.1,50,0.034,1,0.821,0.7839990437964534
1864,random,uniform,random,1880818,1000,2971,0.03,30,0.45,0.1,50,0.035,2,0.775,0.7445344011935496
1865,random,uniform,random,1881827,1000,2923,0.03,30,0.45,0.1,50,0.035,1,0.795,0.7569706324288412
1866,random,uniform,random,1882836,1000,3065,0.03,30,0.45,0.1,50,0.034,1,0.816,0.7685158265292484
1867,random,uniform,random,1883845,1000,3034,0.03,30,0.45,0.1,50,0.035,2,0.802,0.7692278503836337
1868,random,uniform,random,1884854,1000,3001,0.03,30,0.45,0.1,50,0.037,2,0.782,0.7438335620497077
1869,random,uniform,random,1885863,1000,3161,0.03,30,0.45,0.1,50,0.033,1,0.794,0.7440344480665735
1870,random,uniform,random,1886872,1000,3091,0.03,30,0.45,0.1,50,0.037,1,0.779,0.722079517043598
1871,random,uniform,random,1887881,1000,3098,0.03,30,0.45,0.1,50,0.035,1,0.805,0.7611677256938015
1872,random,uniform,random,1888890,1000,3019,0.03,30,0.45,0.1,50,0.039,1,0.78,0.7275063285710305
1873,random,uniform,random,1889899,1000,3082,0.03,30,0.45,0.1,50,0.033,1,0.793,0.7550014403807923
1874,random,uniform,random,1890908,1000,3064,0.03,30,0.45,0.1,50,0.04,2,0.774,0.7081660035344618
1875,random,uniform,random,1891917,1000,2990,0.03,30,0.45,0.1,50,0.034,1,0.811,0.7785769206996068
1876,random,uniform,random,1892926,1000,2960,0.03,30,0.45,0.1,50,0.032,1,0.821,0.7929399241700011
1877,random,uniform,random,1893935,1000,3077,0.03,30,0.45,0.1,50,0.033,1,0.789,0.7517401438125659
1878,random,uniform,random,1894944,1000,3151,0.03,30,0.45,0.1,50,0.037,2,0.79,0.7360364008889685
1879,random,uniform,random,1895953,1000,3026,0.03,30,0.45,0.1,50,0.037,1,0.794,0.7476236921538456
1880,random,uniform,random,1896962,1000,2993,0.03,30,0.45,0.1,50,0.033,1,0.8,0.7755706907107736
1821,random,uniform,random,1837431,1000,3043,0.03,30,0.45,0.1,50,0.041,2,0.781,0.7227199757712702
1822,random,uniform,random,1838440,1000,3003,0.03,30,0.45,0.1,50,0.037,2,0.803,0.7573803082291588
1823,random,uniform,random,1839449,1000,3038,0.03,30,0.45,0.1,50,0.04,1,0.784,0.7257370909972025
1824,random,uniform,random,1840458,1000,2984,0.03,30,0.45,0.1,50,0.04,2,0.791,0.7490031926665215
1825,random,uniform,random,1841467,1000,3037,0.03,30,0.45,0.1,50,0.034,1,0.81,0.7686988639919251
1826,random,uniform,random,1842476,1000,2974,0.03,30,0.45,0.1,50,0.033,1,0.81,0.7800460508642636
1827,random,uniform,random,1843485,1000,3087,0.03,30,0.45,0.1,50,0.037,1,0.811,0.7637428663053194
1828,random,uniform,random,1844494,1000,2946,0.03,30,0.45,0.1,50,0.037,1,0.809,0.7700361996183817
1829,random,uniform,random,1845503,1000,3030,0.03,30,0.45,0.1,50,0.035,1,0.794,0.7595118477405844
1830,random,uniform,random,1846512,1000,2984,0.03,30,0.45,0.1,50,0.034,1,0.809,0.7718962658614628
1831,random,uniform,random,1847521,1000,3060,0.03,30,0.45,0.1,50,0.032,1,0.798,0.7588722184635397
1832,random,uniform,random,1848530,1000,3115,0.03,30,0.45,0.1,50,0.036,1,0.792,0.7413583987730585
1833,random,uniform,random,1849539,1000,3057,0.03,30,0.45,0.1,50,0.034,1,0.801,0.7645713951076307
1834,random,uniform,random,1850548,1000,2968,0.03,30,0.45,0.1,50,0.036,1,0.799,0.760786727784336
1835,random,uniform,random,1851557,1000,2954,0.03,30,0.45,0.1,50,0.039,2,0.785,0.7469386982575129
1836,random,uniform,random,1852566,1000,2915,0.03,30,0.45,0.1,50,0.034,1,0.811,0.7778840429285919
1837,random,uniform,random,1853575,1000,2994,0.03,30,0.45,0.1,50,0.036,1,0.809,0.7565263110511985
1838,random,uniform,random,1854584,1000,3027,0.03,30,0.45,0.1,50,0.039,2,0.783,0.7264848194562039
1839,random,uniform,random,1855593,1000,3019,0.03,30,0.45,0.1,50,0.034,1,0.802,0.7615551652796765
1840,random,uniform,random,1856602,1000,3073,0.03,30,0.45,0.1,50,0.035,1,0.807,0.7541507338913606
1881,random,uniform,random,1897971,1000,3073,0.03,30,0.45,0.1,50,0.032,1,0.783,0.7507073200460602
1882,random,uniform,random,1898980,1000,2964,0.03,30,0.45,0.1,50,0.036,1,0.821,0.7804105116838652
1883,random,uniform,random,1899989,1000,3111,0.03,30,0.45,0.1,50,0.034,1,0.802,0.7656737466857196
1884,random,uniform,random,1900998,1000,3001,0.03,30,0.45,0.1,50,0.037,1,0.795,0.7555950901350147
1885,random,uniform,random,1902007,1000,2996,0.03,30,0.45,0.1,50,0.033,1,0.801,0.7684740080533
1886,random,uniform,random,1903016,1000,3053,0.03,30,0.45,0.1,50,0.035,1,0.789,0.7571042640285097
1887,random,uniform,random,1904025,1000,3024,0.03,30,0.45,0.1,50,0.032,1,0.828,0.7991376982854635
1888,random,uniform,random,1905034,1000,3106,0.03,30,0.45,0.1,50,0.033,1,0.821,0.7830286853305322
1889,random,uniform,random,1906043,1000,2983,0.03,30,0.45,0.1,50,0.036,1,0.811,0.76148540685923
1890,random,uniform,random,1907052,1000,3059,0.03,30,0.45,0.1,50,0.035,1,0.8,0.7506136748549719
1891,random,uniform,random,1908061,1000,3105,0.03,30,0.45,0.1,50,0.035,2,0.813,0.7744439444597662
1892,random,uniform,random,1909070,1000,2990,0.03,30,0.45,0.1,50,0.038,2,0.787,0.7400301549423611
1893,random,uniform,random,1910079,1000,3056,0.03,30,0.45,0.1,50,0.032,1,0.811,0.7717342993949852
1894,random,uniform,random,1911088,1000,3024,0.03,30,0.45,0.1,50,0.034,1,0.812,0.764267903749713
1895,random,uniform,random,1912097,1000,2999,0.03,30,0.45,0.1,50,0.033,2,0.797,0.7644402255521938
1896,random,uniform,random,1913106,1000,3025,0.03,30,0.45,0.1,50,0.032,1,0.808,0.7687311231042822
1897,random,uniform,random,1914115,1000,3004,0.03,30,0.45,0.1,50,0.041,2,0.792,0.7363903119379961
1898,random,uniform,random,1915124,1000,3016,0.03,30,0.45,0.1,50,0.036,1,0.783,0.7420521986887543
1899,random,uniform,random,1916133,1000,3001,0.03,30,0.45,0.1,50,0.038,2,0.799,0.7524536666164618
1900,random,uniform,random,1917142,1000,2968,0.03,30,0.45,0.1,50,0.039,1,0.792,0.745437187100568
1901,random,uniform,random,1918151,1000,2933,0.03,30,0.45,0.1,50,0.041,2,0.793,0.7463250259575552
1902,random,uniform,random,1919160,1000,2982,0.03,30,0.45,0.1,50,0.036,1,0.797,0.7550253404032177
1903,random,uniform,random,1920169,1000,3097,0.03,30,0.45,0.1,50,0.036,1,0.794,0.7462571049108262
1904,random,uniform,random,1921178,1000,3080,0.03,30,0.45,0.1,50,0.032,1,0.786,0.7600692075632454
1905,random,uniform,random,1922187,1000,3060,0.03,30,0.45,0.1,50,0.033,1,0.792,0.7592073660878033
1906,random,uniform,random,1923196,1000,3008,0.03,30,0.45,0.1,50,0.035,1,0.801,0.7651496994817566
1907,random,uniform,random,1924205,1000,3041,0.03,30,0.45,0.1,50,0.037,1,0.781,0.7373316664356253
1908,random,uniform,random,1925214,1000,2926,0.03,30,0.45,0.1,50,0.036,1,0.804,0.7733658753056346
1909,random,uniform,random,1926223,1000,3011,0.03,30,0.45,0.1,50,0.032,1,0.818,0.7803241271345318
1910,random,uniform,random,1927232,1000,2973,0.03,30,0.45,0.1,50,0.035,1,0.796,0.7560096049597105
1911,random,uniform,random,1928241,1000,3098,0.03,30,0.45,0.1,50,0.034,1,0.78,0.7417847595626796
1912,random,uniform,random,1929250,1000,3042,0.03,30,0.45,0.1,50,0.036,1,0.795,0.748825151288434
1913,random,uniform,random,1930259,1000,3024,0.03,30,0.45,0.1,50,0.038,2,0.792,0.7477111138395962
1914,random,uniform,random,1931268,1000,2987,0.03,30,0.45,0.1,50,0.038,2,0.792,0.7372471685549014
1915,random,uniform,random,1932277,1000,2973,0.03,30,0.45,0.1,50,0.036,2,0.812,0.7707919764769733
1916,random,uniform,random,1933286,1000,3063,0.03,30,0.45,0.1,50,0.033,1,0.808,0.7665884264868531
1917,random,uniform,random,1934295,1000,3117,0.03,30,0.45,0.1,50,0.034,1,0.81,0.7724861729943104
1918,random,uniform,random,1935304,1000,2989,0.03,30,0.45,0.1,50,0.038,3,0.8,0.7479236636191079
1919,random,uniform,random,1936313,1000,3108,0.03,30,0.45,0.1,50,0.036,1,0.791,0.7405764752495546
1920,random,uniform,random,1937322,1000,3047,0.03,30,0.45,0.1,50,0.034,1,0.816,0.7763249217485793
1941,random,uniform,random,1958511,1000,3014,0.03,30,0.45,0.1,50,0.037,1,0.812,0.7729714274307941
1942,random,uniform,random,1959520,1000,3045,0.03,30,0.45,0.1,50,0.034,2,0.804,0.7698534164064511
1943,random,uniform,random,1960529,1000,2963,0.03,30,0.45,0.1,50,0.036,2,0.807,0.7668263848103708
1944,random,uniform,random,1961538,1000,3056,0.03,30,0.45,0.1,50,0.033,2,0.814,0.7768928998901916
1945,random,uniform,random,1962547,1000,2966,0.03,30,0.45,0.1,50,0.032,1,0.805,0.7763390549075575
1946,random,uniform,random,1963556,1000,3026,0.03,30,0.45,0.1,50,0.037,1,0.795,0.7471827112174098
1947,random,uniform,random,1964565,1000,3058,0.03,30,0.45,0.1,50,0.035,1,0.8,0.7661841127898852
1948,random,uniform,random,1965574,1000,2935,0.03,30,0.45,0.1,50,0.033,1,0.804,0.77202623796009
1949,random,uniform,random,1966583,1000,2930,0.03,30,0.45,0.1,50,0.037,1,0.795,0.7530063042148062
1950,random,uniform,random,1967592,1000,2928,0.03,30,0.45,0.1,50,0.034,1,0.823,0.790337648375491
1951,random,uniform,random,1968601,1000,3010,0.03,30,0.45,0.1,50,0.037,2,0.793,0.7390341314150403
1952,random,uniform,random,1969610,1000,3065,0.03,30,0.45,0.1,50,0.037,2,0.795,0.7381810749192785
1953,random,uniform,random,1970619,1000,3063,0.03,30,0.45,0.1,50,0.036,2,0.771,0.7264948133794992
1954,random,uniform,random,1971628,1000,3000,0.03,30,0.45,0.1,50,0.041,3,0.77,0.726762284921659
1955,random,uniform,random,1972637,1000,2992,0.03,30,0.45,0.1,50,0.033,1,0.785,0.7563449112781023
1956,random,uniform,random,1973646,1000,3085,0.03,30,0.45,0.1,50,0.036,1,0.806,0.7524046326492151
1957,random,uniform,random,1974655,1000,3001,0.03,30,0.45,0.1,50,0.035,1,0.815,0.7754466562057417
1958,random,uniform,random,1975664,1000,3098,0.03,30,0.45,0.1,50,0.035,2,0.783,0.7399105143531872
1959,random,uniform,random,1976673,1000,3084,0.03,30,0.45,0.1,50,0.041,1,0.757,0.6965530097892344
1960,random,uniform,random,1977682,1000,2987,0.03,30,0.45,0.1,50,0.041,2,0.78,0.7228458480224716
1981,random,uniform,random,1998871,1000,2976,0.03,30,0.45,0.1,50,0.039,2,0.801,0.7542066440556768
1982,random,uniform,random,1999880,1000,2966,0.03,30,0.45,0.1,50,0.037,2,0.805,0.7671938868326132
1983,random,uniform,random,2000889,1000,2975,0.03,30,0.45,0.1,50,0.037,2,0.773,0.7335685439410756
1984,random,uniform,random,2001898,1000,3022,0.03,30,0.45,0.1,50,0.033,1,0.802,0.771559366994271
1985,random,uniform,random,2002907,1000,3036,0.03,30,0.45,0.1,50,0.032,1,0.805,0.7749725072526237
1986,random,uniform,random,2003916,1000,2889,0.03,30,0.45,0.1,50,0.035,1,0.797,0.769741628483755
1987,random,uniform,random,2004925,1000,3081,0.03,30,0.45,0.1,50,0.034,1,0.81,0.763072728237508
1988,random,uniform,random,2005934,1000,3119,0.03,30,0.45,0.1,50,0.035,1,0.8,0.7502154668177345
1989,random,uniform,random,2006943,1000,2965,0.03,30,0.45,0.1,50,0.034,1,0.81,0.7807548704476753
1990,random,uniform,random,2007952,1000,3006,0.03,30,0.45,0.1,50,0.033,1,0.793,0.7541240871396784
1991,random,uniform,random,2008961,1000,3012,0.03,30,0.45,0.1,50,0.039,1,0.781,0.7437122790467049
1992,random,uniform,random,2009970,1000,2995,0.03,30,0.45,0.1,50,0.035,1,0.803,0.7697769629075142
1993,random,uniform,random,2010979,1000,3019,0.03,30,0.45,0.1,50,0.043,1,0.793,0.7334016544757354
1994,random,uniform,random,2011988,1000,3039,0.03,30,0.45,0.1,50,0.037,1,0.787,0.7458408356249133
1995,random,uniform,random,2012997,1000,3004,0.03,30,0.45,0.1,50,0.037,1,0.8,0.7532908914591836
1996,random,uniform,random,2014006,1000,3058,0.03,30,0.45,0.1,50,0.034,1,0.795,0.7554394616208574
1997,random,uniform,random,2015015,1000,3010,0.03,30,0.45,0.1,50,0.036,1,0.818,0.7736636946668762
1998,random,uniform,random,2016024,1000,2993,0.03,30,0.45,0.1,50,0.038,2,0.786,0.7383179677039304
1999,random,uniform,random,2017033,1000,2911,0.03,30,0.45,0.1,50,0.033,1,0.804,0.7766618787723586
2000,random,uniform,random,2018042,1000,2988,0.03,30,0.45,0.1,50,0.033,1,0.81,0.7689386319120278
1921,random,uniform,random,1938331,1000,2977,0.03,30,0.45,0.1,50,0.037,2,0.81,0.7699013290242476
1922,random,uniform,random,1939340,1000,3015,0.03,30,0.45,0.1,50,0.036,1,0.8,0.7637000431605933
1923,random,uniform,random,1940349,1000,3033,0.03,30,0.45,0.1,50,0.034,1,0.807,0.7720979371743407
1924,random,uniform,random,1941358,1000,3102,0.03,30,0.45,0.1,50,0.034,1,0.806,0.7589310601955911
1925,random,uniform,random,1942367,1000,3022,0.03,30,0.45,0.1,50,0.039,1,0.79,0.7383558843654917
1926,random,uniform,random,1943376,1000,2969,0.03,30,0.45,0.1,50,0.039,1,0.794,0.7476363356791458
1927,random,uniform,random,1944385,1000,2988,0.03,30,0.45,0.1,50,0.035,2,0.802,0.7730480172097659
1928,random,uniform,random,1945394,1000,2931,0.03,30,0.45,0.1,50,0.039,2,0.782,0.7368940552603546
1929,random,uniform,random,1946403,1000,3036,0.03,30,0.45,0.1,50,0.039,1,0.778,0.7361670976796552
1930,random,uniform,random,1947412,1000,3053,0.03,30,0.45,0.1,50,0.038,1,0.788,0.7260491186482231
1931,random,uniform,random,1948421,1000,3111,0.03,30,0.45,0.1,50,0.034,1,0.801,0.751730654199834
1932,random,uniform,random,1949430,1000,3036,0.03,30,0.45,0.1,50,0.041,1,0.795,0.737224010943565
1933,random,uniform,random,1950439,1000,2916,0.03,30,0.45,0.1,50,0.036,1,0.809,0.7629107070911609
1934,random,uniform,random,1951448,1000,2973,0.03,30,0.45,0.1,50,0.033,1,0.79,0.7560219410403086
1935,random,uniform,random,1952457,1000,2934,0.03,30,0.45,0.1,50,0.043,3,0.787,0.7387290275759693
1936,random,uniform,random,1953466,1000,2985,0.03,30,0.45,0.1,50,0.032,1,0.825,0.7919101511497928
1937,random,uniform,random,1954475,1000,3016,0.03,30,0.45,0.1,50,0.031,1,0.807,0.7730933357170684
1938,random,uniform,random,1955484,1000,3020,0.03,30,0.45,0.1,50,0.035,1,0.805,0.7588717848546062
1939,random,uniform,random,1956493,1000,3121,0.03,30,0.45,0.1,50,0.035,1,0.779,0.725272239300987
1940,random,uniform,random,1957502,1000,2998,0.03,30,0.45,0.1,50,0.033,1,0.81,0.7754856719716245
1961,random,uniform,random,1978691,1000,3021,0.03,30,0.45,0.1,50,0.037,2,0.786,0.7260846481740588
1962,random,uniform,random,1979700,1000,3003,0.03,30,0.45,0.1,50,0.035,1,0.775,0.7362649436309315
1963,random,uniform,random,1980709,1000,3046,0.03,30,0.45,0.1,50,0.04,3,0.776,0.7242646659286972
1964,random,uniform,random,1981718,1000,3022,0.03,30,0.45,0.1,50,0.036,2,0.775,0.7398244910058025
1965,random,uniform,random,1982727,1000,3122,0.03,30,0.45,0.1,50,0.032,1,0.79,0.754736804126014
1966,random,uniform,random,1983736,1000,3043,0.03,30,0.45,0.1,50,0.034,1,0.79,0.74753291185263
1967,random,uniform,random,1984745,1000,3009,0.03,30,0.45,0.1,50,0.032,1,0.793,0.7681263418055279
1968,random,uniform,random,1985754,1000,2935,0.03,30,0.45,0.1,50,0.034,2,0.808,0.7738399902931935
1969,random,uniform,random,1986763,1000,2996,0.03,30,0.45,0.1,50,0.033,1,0.818,0.7841851096785764
1970,random,uniform,random,1987772,1000,3007,0.03,30,0.45,0.1,50,0.041,2,0.776,0.7204888672281585
1971,random,uniform,random,1988781,1000,3018,0.03,30,0.45,0.1,50,0.044,3,0.774,0.720882837082539
1972,random,uniform,random,1989790,1000,2875,0.03,30,0.45,0.1,50,0.035,1,0.82,0.7731461124707749
1973,random,uniform,random,1990799,1000,2949,0.03,30,0.45,0.1,50,0.034,1,0.793,0.7632419465255299
1974,random,uniform,random,1991808,1000,2990,0.03,30,0.45,0.1,50,0.038,2,0.8,0.7567856025812468
1975,random,uniform,random,1992817,1000,3079,0.03,30,0.45,0.1,50,0.035,1,0.81,0.7729101430939875
1976,random,uniform,random,1993826,1000,3131,0.03,30,0.45,0.1,50,0.036,1,0.785,0.7385995170994627
1977,random,uniform,random,1994835,1000,3041,0.03,30,0.45,0.1,50,0.034,1,0.81,0.7674053064520254
1978,random,uniform,random,1995844,1000,3073,0.03,30,0.45,0.1,50,0.032,1,0.824,0.7826575384854431
1979,random,uniform,random,1996853,1000,3053,0.03,30,0.45,0.1,50,0.031,1,0.815,0.7891580171289152
1980,random,uniform,random,1997862,1000,3093,0.03,30,0.45,0.1,50,0.039,2,0.789,0.7283990396778356
2001,scale_free,uniform,random,2019051,1000,2991,0.03,30,0.45,0.1,50,0.033,1,0.843,0.640481618277418
2002,scale_free,uniform,random,2020060,1000,2991,0.03,30,0.45,0.1,50,0.038,1,0.824,0.5851542107099649
2003,scale_free,uniform,random,2021069,1000,2991,0.03,30,0.45,0.1,50,0.038,1,0.824,0.6297978649030369
2004,scale_free,uniform,random,2022078,1000,2991,0.03,30,0.45,0.1,50,0.036,1,0.831,0.6243859137336325
2005,scale_free,uniform,random,2023087,1000,2991,0.03,30,0.45,0.1,50,0.036,1,0.826,0.6285680974558613
2006,scale_free,uniform,random,2024096,1000,2991,0.03,30,0.45,0.1,50,0.038,2,0.773,0.5656089600618476
2007,scale_free,uniform,random,2025105,1000,2991,0.03,30,0.45,0.1,50,0.033,1,0.836,0.6514541262670996
2008,scale_free,uniform,random,2026114,1000,2991,0.03,30,0.45,0.1,50,0.034,1,0.826,0.638621648155278
2009,scale_free,uniform,random,2027123,1000,2991,0.03,30,0.45,0.1,50,0.036,2,0.835,0.6325618414477744
2010,scale_free,uniform,random,2028132,1000,2991,0.03,30,0.45,0.1,50,0.036,1,0.82,0.6501254019038064
2011,scale_free,uniform,random,2029141,1000,2991,0.03,30,0.45,0.1,50,0.036,2,0.842,0.6064021500314132
2012,scale_free,uniform,random,2030150,1000,2991,0.03,30,0.45,0.1,50,0.036,1,0.841,0.6428209223511279
2013,scale_free,uniform,random,2031159,1000,2991,0.03,30,0.45,0.1,50,0.037,2,0.836,0.6127007319604157
2014,scale_free,uniform,random,2032168,1000,2991,0.03,30,0.45,0.1,50,0.034,1,0.852,0.6524573452643486
2015,scale_free,uniform,random,2033177,1000,2991,0.03,30,0.45,0.1,50,0.038,1,0.821,0.6004417135940597
2016,scale_free,uniform,random,2034186,1000,2991,0.03,30,0.45,0.1,50,0.032,1,0.846,0.6488848938282616
2017,scale_free,uniform,random,2035195,1000,2991,0.03,30,0.45,0.1,50,0.035,1,0.834,0.6164815934197908
2018,scale_free,uniform,random,2036204,1000,2991,0.03,30,0.45,0.1,50,0.04,2,0.786,0.5753202328887015
2019,scale_free,uniform,random,2037213,1000,2991,0.03,30,0.45,0.1,50,0.043,2,0.799,0.5585485270376574
2020,scale_free,uniform,random,2038222,1000,2991,0.03,30,0.45,0.1,50,0.041,1,0.79,0.5801252325389611
2021,scale_free,uniform,random,2039231,1000,2991,0.03,30,0.45,0.1,50,0.042,2,0.746,0.48817260138554586
2022,scale_free,uniform,random,2040240,1000,2991,0.03,30,0.45,0.1,50,0.039,1,0.815,0.6167234969064969
2023,scale_free,uniform,random,2041249,1000,2991,0.03,30,0.45,0.1,50,0.04,2,0.836,0.6167329912619961
2024,scale_free,uniform,random,2042258,1000,2991,0.03,30,0.45,0.1,50,0.033,1,0.848,0.6845849026748007
2025,scale_free,uniform,random,2043267,1000,2991,0.03,30,0.45,0.1,50,0.035,1,0.83,0.6328193675539202
2026,scale_free,uniform,random,2044276,1000,2991,0.03,30,0.45,0.1,50,0.036,1,0.819,0.6315099719804683
2027,scale_free,uniform,random,2045285,1000,2991,0.03,30,0.45,0.1,50,0.035,1,0.811,0.5973094049963626
2028,scale_free,uniform,random,2046294,1000,2991,0.03,30,0.45,0.1,50,0.032,1,0.83,0.6416000370821252
2029,scale_free,uniform,random,2047303,1000,2991,0.03,30,0.45,0.1,50,0.049,3,0.703,0.4444083447444925
2030,scale_free,uniform,random,2048312,1000,2991,0.03,30,0.45,0.1,50,0.036,1,0.781,0.5859541385921923
2031,scale_free,uniform,random,2049321,1000,2991,0.03,30,0.45,0.1,50,0.045,2,0.738,0.496325683399066
2032,scale_free,uniform,random,2050330,1000,2991,0.03,30,0.45,0.1,50,0.043,3,0.747,0.5062371653392187
2033,scale_free,uniform,random,2051339,1000,2991,0.03,30,0.45,0.1,50,0.034,1,0.821,0.6364827508210237
2034,scale_free,uniform,random,2052348,1000,2991,0.03,30,0.45,0.1,50,0.037,1,0.839,0.6086023711348745
2035,scale_free,uniform,random,2053357,1000,2991,0.03,30,0.45,0.1,50,0.035,1,0.777,0.6195258429583579
2036,scale_free,uniform,random,2054366,1000,2991,0.03,30,0.45,0.1,50,0.036,1,0.835,0.6312890190475845
2037,scale_free,uniform,random,2055375,1000,2991,0.03,30,0.45,0.1,50,0.035,1,0.776,0.567102520177232
2038,scale_free,uniform,random,2056384,1000,2991,0.03,30,0.45,0.1,50,0.034,2,0.813,0.6550909064831546
2039,scale_free,uniform,random,2057393,1000,2991,0.03,30,0.45,0.1,50,0.036,1,0.832,0.6594805850996354
2040,scale_free,uniform,random,2058402,1000,2991,0.03,30,0.45,0.1,50,0.034,1,0.834,0.6547149589908893
2061,scale_free,uniform,random,2079591,1000,2991,0.03,30,0.45,0.1,50,0.037,1,0.837,0.6571612352350832
2062,scale_free,uniform,random,2080600,1000,2991,0.03,30,0.45,0.1,50,0.034,1,0.828,0.6592216111620439
2063,scale_free,uniform,random,2081609,1000,2991,0.03,30,0.45,0.1,50,0.036,1,0.797,0.6115220817113073
2064,scale_free,uniform,random,2082618,1000,2991,0.03,30,0.45,0.1,50,0.035,1,0.822,0.5943265232991518
2065,scale_free,uniform,random,2083627,1000,2991,0.03,30,0.45,0.1,50,0.039,2,0.805,0.6030046863646382
2066,scale_free,uniform,random,2084636,1000,2991,0.03,30,0.45,0.1,50,0.032,1,0.851,0.6786844028339057
2067,scale_free,uniform,random,2085645,1000,2991,0.03,30,0.45,0.1,50,0.042,1,0.812,0.5408640978332105
2068,scale_free,uniform,random,2086654,1000,2991,0.03,30,0.45,0.1,50,0.043,3,0.761,0.5417845749382937
2069,scale_free,uniform,random,2087663,1000,2991,0.03,30,0.45,0.1,50,0.034,1,0.799,0.6283048877397213
2070,scale_free,uniform,random,2088672,1000,2991,0.03,30,0.45,0.1,50,0.039,2,0.827,0.606199167977236
2071,scale_free,uniform,random,2089681,1000,2991,0.03,30,0.45,0.1,50,0.037,1,0.805,0.6404846596701322
2072,scale_free,uniform,random,2090690,1000,2991,0.03,30,0.45,0.1,50,0.037,1,0.841,0.649460499252557
2073,scale_free,uniform,random,2091699,1000,2991,0.03,30,0.45,0.1,50,0.038,1,0.799,0.6229276140612211
2074,scale_free,uniform,random,2092708,1000,2991,0.03,30,0.45,0.1,50,0.034,1,0.838,0.6277371621308752
2075,scale_free,uniform,random,2093717,1000,2991,0.03,30,0.45,0.1,50,0.042,2,0.786,0.5312158156933655
2076,scale_free,uniform,random,2094726,1000,2991,0.03,30,0.45,0.1,50,0.032,1,0.841,0.6819056435317616
2077,scale_free,uniform,random,2095735,1000,2991,0.03,30,0.45,0.1,50,0.04,1,0.793,0.5967618780141354
2078,scale_free,uniform,random,2096744,1000,2991,0.03,30,0.45,0.1,50,0.039,2,0.756,0.5688256300703509
2079,scale_free,uniform,random,2097753,1000,2991,0.03,30,0.45,0.1,50,0.043,2,0.764,0.5194198785257027
2080,scale_free,uniform,random,2098762,1000,2991,0.03,30,0.45,0.1,50,0.035,1,0.839,0.6926693092606342
2041,scale_free,uniform,random,2059411,1000,2991,0.03,30,0.45,0.1,50,0.033,1,0.827,0.6607713712792679
2042,scale_free,uniform,random,2060420,1000,2991,0.03,30,0.45,0.1,50,0.042,1,0.788,0.584945489829728
2043,scale_free,uniform,random,2061429,1000,2991,0.03,30,0.45,0.1,50,0.04,2,0.776,0.5617708971417547
2044,scale_free,uniform,random,2062438,1000,2991,0.03,30,0.45,0.1,50,0.035,1,0.839,0.6195378873136432
2045,scale_free,uniform,random,2063447,1000,2991,0.03,30,0.45,0.1,50,0.039,1,0.812,0.6228091929287553
2046,scale_free,uniform,random,2064456,1000,2991,0.03,30,0.45,0.1,50,0.043,1,0.764,0.5689426959974029
2047,scale_free,uniform,random,2065465,1000,2991,0.03,30,0.45,0.1,50,0.032,1,0.867,0.7257625265330305
2048,scale_free,uniform,random,2066474,1000,2991,0.03,30,0.45,0.1,50,0.033,1,0.863,0.6410063806477209
2049,scale_free,uniform,random,2067483,1000,2991,0.03,30,0.45,0.1,50,0.038,1,0.822,0.6348073766305872
2050,scale_free,uniform,random,2068492,1000,2991,0.03,30,0.45,0.1,50,0.043,1,0.77,0.5778013915456487
2051,scale_free,uniform,random,2069501,1000,2991,0.03,30,0.45,0.1,50,0.038,2,0.826,0.6130301406455697
2052,scale_free,uniform,random,2070510,1000,2991,0.03,30,0.45,0.1,50,0.037,1,0.823,0.6365466519469637
2053,scale_free,uniform,random,2071519,1000,2991,0.03,30,0.45,0.1,50,0.034,1,0.818,0.6387841324845962
2054,scale_free,uniform,random,2072528,1000,2991,0.03,30,0.45,0.1,50,0.039,3,0.817,0.6425407994167902
2055,scale_free,uniform,random,2073537,1000,2991,0.03,30,0.45,0.1,50,0.034,1,0.833,0.6543448371850168
2056,scale_free,uniform,random,2074546,1000,2991,0.03,30,0.45,0.1,50,0.037,1,0.806,0.6253540893410793
2057,scale_free,uniform,random,2075555,1000,2991,0.03,30,0.45,0.1,50,0.037,1,0.842,0.64111837611135
2058,scale_free,uniform,random,2076564,1000,2991,0.03,30,0.45,0.1,50,0.039,2,0.795,0.5713462783000417
2059,scale_free,uniform,random,2077573,1000,2991,0.03,30,0.45,0.1,50,0.033,1,0.842,0.6434499079887727
2060,scale_free,uniform,random,2078582,1000,2991,0.03,30,0.45,0.1,50,0.035,2,0.811,0.5970876901475216
2101,scale_free,uniform,random,2119951,1000,2991,0.03,30,0.45,0.1,50,0.046,3,0.763,0.4892777617516691
2102,scale_free,uniform,random,2120960,1000,2991,0.03,30,0.45,0.1,50,0.035,1,0.799,0.6547634324025429
2103,scale_free,uniform,random,2121969,1000,2991,0.03,30,0.45,0.1,50,0.033,1,0.873,0.6855756002763955
2104,scale_free,uniform,random,2122978,1000,2991,0.03,30,0.45,0.1,50,0.036,1,0.81,0.5975638474575088
2105,scale_free,uniform,random,2123987,1000,2991,0.03,30,0.45,0.1,50,0.039,2,0.781,0.6055695458917237
2106,scale_free,uniform,random,2124996,1000,2991,0.03,30,0.45,0.1,50,0.039,1,0.799,0.5725210372783753
2107,scale_free,uniform,random,2126005,1000,2991,0.03,30,0.45,0.1,50,0.038,2,0.831,0.5918665909505321
2108,scale_free,uniform,random,2127014,1000,2991,0.03,30,0.45,0.1,50,0.037,2,0.822,0.5975757270847616
2109,scale_free,uniform,random,2128023,1000,2991,0.03,30,0.45,0.1,50,0.039,1,0.811,0.6023260417353155
2110,scale_free,uniform,random,2129032,1000,2991,0.03,30,0.45,0.1,50,0.03,0,0.852,0.701022207059316
2111,scale_free,uniform,random,2130041,1000,2991,0.03,30,0.45,0.1,50,0.037,1,0.813,0.6329282445659125
2112,scale_free,uniform,random,2131050,1000,2991,0.03,30,0.45,0.1,50,0.033,1,0.865,0.6181634357921039
2113,scale_free,uniform,random,2132059,1000,2991,0.03,30,0.45,0.1,50,0.037,1,0.829,0.642374135215906
2114,scale_free,uniform,random,2133068,1000,2991,0.03,30,0.45,0.1,50,0.032,1,0.833,0.6615471950487464
2115,scale_free,uniform,random,2134077,1000,2991,0.03,30,0.45,0.1,50,0.038,2,0.782,0.5758212010254462
2116,scale_free,uniform,random,2135086,1000,2991,0.03,30,0.45,0.1,50,0.034,1,0.796,0.6035822648894055
2117,scale_free,uniform,random,2136095,1000,2991,0.03,30,0.45,0.1,50,0.033,1,0.825,0.6651980166764273
2118,scale_free,uniform,random,2137104,1000,2991,0.03,30,0.45,0.1,50,0.036,1,0.832,0.5922039837465627
2119,scale_free,uniform,random,2138113,1000,2991,0.03,30,0.45,0.1,50,0.033,1,0.842,0.6244970183416805
2120,scale_free,uniform,random,2139122,1000,2991,0.03,30,0.45,0.1,50,0.037,1,0.82,0.605331231765084
2081,scale_free,uniform,random,2099771,1000,2991,0.03,30,0.45,0.1,50,0.042,2,0.789,0.5432541928417572
2082,scale_free,uniform,random,2100780,1000,2991,0.03,30,0.45,0.1,50,0.034,1,0.849,0.6698317902213637
2083,scale_free,uniform,random,2101789,1000,2991,0.03,30,0.45,0.1,50,0.036,1,0.825,0.592247085090488
2084,scale_free,uniform,random,2102798,1000,2991,0.03,30,0.45,0.1,50,0.041,2,0.798,0.6068953939029895
2085,scale_free,uniform,random,2103807,1000,2991,0.03,30,0.45,0.1,50,0.035,1,0.811,0.6060308963452705
2086,scale_free,uniform,random,2104816,1000,2991,0.03,30,0.45,0.1,50,0.034,1,0.847,0.6882024920048986
2087,scale_free,uniform,random,2105825,1000,2991,0.03,30,0.45,0.1,50,0.044,1,0.736,0.48078403620645194
2088,scale_free,uniform,random,2106834,1000,2991,0.03,30,0.45,0.1,50,0.035,1,0.846,0.6404170950899385
2089,scale_free,uniform,random,2107843,1000,2991,0.03,30,0.45,0.1,50,0.034,1,0.809,0.6506350238418569
2090,scale_free,uniform,random,2108852,1000,2991,0.03,30,0.45,0.1,50,0.048,2,0.708,0.4491514857390408
2091,scale_free,uniform,random,2109861,1000,2991,0.03,30,0.45,0.1,50,0.04,2,0.762,0.5626162891237954
2092,scale_free,uniform,random,2110870,1000,2991,0.03,30,0.45,0.1,50,0.038,2,0.814,0.5954816885904752
2093,scale_free,uniform,random,2111879,1000,2991,0.03,30,0.45,0.1,50,0.032,1,0.834,0.6632944287727173
2094,scale_free,uniform,random,2112888,1000,2991,0.03,30,0.45,0.1,50,0.034,1,0.786,0.6654979689254802
2095,scale_free,uniform,random,2113897,1000,2991,0.03,30,0.45,0.1,50,0.036,1,0.835,0.6572352940434661
2096,scale_free,uniform,random,2114906,1000,2991,0.03,30,0.45,0.1,50,0.035,1,0.814,0.6271338915403575
2097,scale_free,uniform,random,2115915,1000,2991,0.03,30,0.45,0.1,50,0.039,1,0.715,0.5336715576822639
2098,scale_free,uniform,random,2116924,1000,2991,0.03,30,0.45,0.1,50,0.036,1,0.832,0.6063418996831005
2099,scale_free,uniform,random,2117933,1000,2991,0.03,30,0.45,0.1,50,0.038,2,0.826,0.6172976428266914
2100,scale_free,uniform,random,2118942,1000,2991,0.03,30,0.45,0.1,50,0.035,1,0.816,0.6145813747594029
2121,scale_free,uniform,random,2140131,1000,2991,0.03,30,0.45,0.1,50,0.033,1,0.838,0.6403088867722323
2122,scale_free,uniform,random,2141140,1000,2991,0.03,30,0.45,0.1,50,0.034,1,0.842,0.6464549501982984
2123,scale_free,uniform,random,2142149,1000,2991,0.03,30,0.45,0.1,50,0.034,1,0.829,0.6326683389921185
2124,scale_free,uniform,random,2143158,1000,2991,0.03,30,0.45,0.1,50,0.034,2,0.825,0.6466280622130414
2125,scale_free,uniform,random,2144167,1000,2991,0.03,30,0.45,0.1,50,0.043,1,0.737,0.5306835582965023
2126,scale_free,uniform,random,2145176,1000,2991,0.03,30,0.45,0.1,50,0.038,3,0.812,0.5698620063075647
2127,scale_free,uniform,random,2146185,1000,2991,0.03,30,0.45,0.1,50,0.04,2,0.734,0.5347929795220188
2128,scale_free,uniform,random,2147194,1000,2991,0.03,30,0.45,0.1,50,0.037,1,0.819,0.6120362755810425
2129,scale_free,uniform,random,2148203,1000,2991,0.03,30,0.45,0.1,50,0.045,2,0.718,0.47788061581791424
2130,scale_free,uniform,random,2149212,1000,2991,0.03,30,0.45,0.1,50,0.038,1,0.826,0.6165941147298589
2131,scale_free,uniform,random,2150221,1000,2991,0.03,30,0.45,0.1,50,0.041,1,0.813,0.5705622660440617
2132,scale_free,uniform,random,2151230,1000,2991,0.03,30,0.45,0.1,50,0.033,1,0.768,0.5998173749519576
2133,scale_free,uniform,random,2152239,1000,2991,0.03,30,0.45,0.1,50,0.035,1,0.802,0.6289747548772568
2134,scale_free,uniform,random,2153248,1000,2991,0.03,30,0.45,0.1,50,0.033,1,0.825,0.6160857610237767
2135,scale_free,uniform,random,2154257,1000,2991,0.03,30,0.45,0.1,50,0.04,2,0.814,0.5751268009521577
2136,scale_free,uniform,random,2155266,1000,2991,0.03,30,0.45,0.1,50,0.037,1,0.833,0.6206347697844329
2137,scale_free,uniform,random,2156275,1000,2991,0.03,30,0.45,0.1,50,0.043,2,0.77,0.5149843194017352
2138,scale_free,uniform,random,2157284,1000,2991,0.03,30,0.45,0.1,50,0.037,2,0.766,0.5789915280580449
2139,scale_free,uniform,random,2158293,1000,2991,0.03,30,0.45,0.1,50,0.037,1,0.83,0.6062455281628587
2140,scale_free,uniform,random,2159302,1000,2991,0.03,30,0.45,0.1,50,0.034,1,0.85,0.6345117468651595
2141,scale_free,uniform,random,2160311,1000,2991,0.03,30,0.45,0.1,50,0.038,1,0.811,0.6171768124136917
2142,scale_free,uniform,random,2161320,1000,2991,0.03,30,0.45,0.1,50,0.041,2,0.814,0.6080953730444696
2143,scale_free,uniform,random,2162329,1000,2991,0.03,30,0.45,0.1,50,0.043,4,0.805,0.5647605640501469
2144,scale_free,uniform,random,2163338,1000,2991,0.03,30,0.45,0.1,50,0.037,1,0.773,0.6161768209682862
2145,scale_free,uniform,random,2164347,1000,2991,0.03,30,0.45,0.1,50,0.04,2,0.77,0.5725350254565412
2146,scale_free,uniform,random,2165356,1000,2991,0.03,30,0.45,0.1,50,0.035,1,0.831,0.6159542180355814
2147,scale_free,uniform,random,2166365,1000,2991,0.03,30,0.45,0.1,50,0.037,1,0.816,0.5998024041842963
2148,scale_free,uniform,random,2167374,1000,2991,0.03,30,0.45,0.1,50,0.037,1,0.819,0.6231827832570336
2149,scale_free,uniform,random,2168383,1000,2991,0.03,30,0.45,0.1,50,0.036,3,0.826,0.6422247126987287
2150,scale_free,uniform,random,2169392,1000,2991,0.03,30,0.45,0.1,50,0.038,1,0.825,0.6313264195106887
2151,scale_free,uniform,random,2170401,1000,2991,0.03,30,0.45,0.1,50,0.039,2,0.783,0.6153294508425519
2152,scale_free,uniform,random,2171410,1000,2991,0.03,30,0.45,0.1,50,0.034,1,0.829,0.637325124576043
2153,scale_free,uniform,random,2172419,1000,2991,0.03,30,0.45,0.1,50,0.03,0,0.844,0.666257962586216
2154,scale_free,uniform,random,2173428,1000,2991,0.03,30,0.45,0.1,50,0.04,1,0.804,0.6056147914737254
2155,scale_free,uniform,random,2174437,1000,2991,0.03,30,0.45,0.1,50,0.036,1,0.819,0.6121984532918409
2156,scale_free,uniform,random,2175446,1000,2991,0.03,30,0.45,0.1,50,0.043,3,0.802,0.5657409829503857
2157,scale_free,uniform,random,2176455,1000,2991,0.03,30,0.45,0.1,50,0.034,1,0.812,0.6349717533429448
2158,scale_free,uniform,random,2177464,1000,2991,0.03,30,0.45,0.1,50,0.038,2,0.806,0.5895172929621835
2159,scale_free,uniform,random,2178473,1000,2991,0.03,30,0.45,0.1,50,0.036,1,0.802,0.6041383989141045
2160,scale_free,uniform,random,2179482,1000,2991,0.03,30,0.45,0.1,50,0.036,1,0.804,0.5914949808448354
2161,scale_free,uniform,random,2180491,1000,2991,0.03,30,0.45,0.1,50,0.034,1,0.832,0.6738418259917535
2162,scale_free,uniform,random,2181500,1000,2991,0.03,30,0.45,0.1,50,0.038,1,0.827,0.6136450631499146
2163,scale_free,uniform,random,2182509,1000,2991,0.03,30,0.45,0.1,50,0.036,1,0.834,0.6493945410014274
2164,scale_free,uniform,random,2183518,1000,2991,0.03,30,0.45,0.1,50,0.037,1,0.842,0.6503531310795375
2165,scale_free,uniform,random,2184527,1000,2991,0.03,30,0.45,0.1,50,0.035,1,0.832,0.6602980223999465
2166,scale_free,uniform,random,2185536,1000,2991,0.03,30,0.45,0.1,50,0.032,1,0.828,0.6606220354126315
2167,scale_free,uniform,random,2186545,1000,2991,0.03,30,0.45,0.1,50,0.042,2,0.753,0.5481399793451184
2168,scale_free,uniform,random,2187554,1000,2991,0.03,30,0.45,0.1,50,0.034,1,0.783,0.6383746702423948
2169,scale_free,uniform,random,2188563,1000,2991,0.03,30,0.45,0.1,50,0.035,1,0.83,0.6354781566070419
2170,scale_free,uniform,random,2189572,1000,2991,0.03,30,0.45,0.1,50,0.043,2,0.796,0.5545387390537717
2171,scale_free,uniform,random,2190581,1000,2991,0.03,30,0.45,0.1,50,0.037,1,0.83,0.6091454585315724
2172,scale_free,uniform,random,2191590,1000,2991,0.03,30,0.45,0.1,50,0.036,2,0.806,0.6214815709160896
2173,scale_free,uniform,random,2192599,1000,2991,0.03,30,0.45,0.1,50,0.041,1,0.811,0.6237170509788394
2174,scale_free,uniform,random,2193608,1000,2991,0.03,30,0.45,0.1,50,0.046,2,0.765,0.5022675726864892
2175,scale_free,uniform,random,2194617,1000,2991,0.03,30,0.45,0.1,50,0.036,3,0.829,0.655357738857304
2176,scale_free,uniform,random,2195626,1000,2991,0.03,30,0.45,0.1,50,0.036,1,0.833,0.6474068573797593
2177,scale_free,uniform,random,2196635,1000,2991,0.03,30,0.45,0.1,50,0.037,2,0.814,0.6122797594773437
2178,scale_free,uniform,random,2197644,1000,2991,0.03,30,0.45,0.1,50,0.037,2,0.819,0.6476926933949885
2179,scale_free,uniform,random,2198653,1000,2991,0.03,30,0.45,0.1,50,0.049,2,0.718,0.45689125177026424
2180,scale_free,uniform,random,2199662,1000,2991,0.03,30,0.45,0.1,50,0.034,1,0.827,0.6446005366139335
2181,scale_free,uniform,random,2200671,1000,2991,0.03,30,0.45,0.1,50,0.034,1,0.835,0.6507911949900945
2182,scale_free,uniform,random,2201680,1000,2991,0.03,30,0.45,0.1,50,0.035,1,0.834,0.6207865321011227
2183,scale_free,uniform,random,2202689,1000,2991,0.03,30,0.45,0.1,50,0.041,2,0.76,0.5536717173828822
2184,scale_free,uniform,random,2203698,1000,2991,0.03,30,0.45,0.1,50,0.035,1,0.81,0.6401725336515871
2185,scale_free,uniform,random,2204707,1000,2991,0.03,30,0.45,0.1,50,0.035,1,0.835,0.6355771421119977
2186,scale_free,uniform,random,2205716,1000,2991,0.03,30,0.45,0.1,50,0.035,1,0.776,0.622841593884575
2187,scale_free,uniform,random,2206725,1000,2991,0.03,30,0.45,0.1,50,0.034,1,0.858,0.6539992341747648
2188,scale_free,uniform,random,2207734,1000,2991,0.03,30,0.45,0.1,50,0.035,1,0.832,0.6480545448492347
2189,scale_free,uniform,random,2208743,1000,2991,0.03,30,0.45,0.1,50,0.035,1,0.842,0.6336455019532119
2190,scale_free,uniform,random,2209752,1000,2991,0.03,30,0.45,0.1,50,0.042,2,0.787,0.5504364966166801
2191,scale_free,uniform,random,2210761,1000,2991,0.03,30,0.45,0.1,50,0.038,2,0.831,0.6273231883520793
2192,scale_free,uniform,random,2211770,1000,2991,0.03,30,0.45,0.1,50,0.041,1,0.774,0.5522115324608768
2193,scale_free,uniform,random,2212779,1000,2991,0.03,30,0.45,0.1,50,0.037,1,0.809,0.6048705462878957
2194,scale_free,uniform,random,2213788,1000,2991,0.03,30,0.45,0.1,50,0.036,1,0.801,0.6109036401289387
2195,scale_free,uniform,random,2214797,1000,2991,0.03,30,0.45,0.1,50,0.036,1,0.827,0.6576874947681692
2196,scale_free,uniform,random,2215806,1000,2991,0.03,30,0.45,0.1,50,0.034,1,0.807,0.5811277152209979
2197,scale_free,uniform,random,2216815,1000,2991,0.03,30,0.45,0.1,50,0.032,1,0.869,0.6963426600541723
2198,scale_free,uniform,random,2217824,1000,2991,0.03,30,0.45,0.1,50,0.037,1,0.84,0.6282627233453332
2199,scale_free,uniform,random,2218833,1000,2991,0.03,30,0.45,0.1,50,0.033,1,0.841,0.6550292954357945
2200,scale_free,uniform,random,2219842,1000,2991,0.03,30,0.45,0.1,50,0.036,1,0.822,0.6455599753465286
2201,small_world,uniform,random,2220851,1000,3000,0.03,30,0.45,0.1,50,0.034,2,0.8,0.8846875264958527
2202,small_world,uniform,random,2221860,1000,3000,0.03,30,0.45,0.1,50,0.034,4,0.798,0.8827430610999676
2203,small_world,uniform,random,2222869,1000,3000,0.03,30,0.45,0.1,50,0.03,0,0.797,0.8941014796477136
2204,small_world,uniform,random,2223878,1000,3000,0.03,30,0.45,0.1,50,0.041,4,0.791,0.8722561434817817
2205,small_world,uniform,random,2224887,1000,3000,0.03,30,0.45,0.1,50,0.036,2,0.796,0.8762037810054324
2206,small_world,uniform,random,2225896,1000,3000,0.03,30,0.45,0.1,50,0.042,4,0.794,0.8588340092790278
2207,small_world,uniform,random,2226905,1000,3000,0.03,30,0.45,0.1,50,0.034,3,0.802,0.8807454465271316
2208,small_world,uniform,random,2227914,1000,3000,0.03,30,0.45,0.1,50,0.042,5,0.797,0.8653701546004343
2209,small_world,uniform,random,2228923,1000,3000,0.03,30,0.45,0.1,50,0.042,7,0.797,0.8688930785195074
2210,small_world,uniform,random,2229932,1000,3000,0.03,30,0.45,0.1,50,0.04,3,0.793,0.8764375565649396
2211,small_world,uniform,random,2230941,1000,3000,0.03,30,0.45,0.1,50,0.037,4,0.801,0.8743291438158689
2212,small_world,uniform,random,2231950,1000,3000,0.03,30,0.45,0.1,50,0.031,1,0.802,0.884474353271231
2213,small_world,uniform,random,2232959,1000,3000,0.03,30,0.45,0.1,50,0.032,1,0.788,0.8789664283107578
2214,small_world,uniform,random,2233968,1000,3000,0.03,30,0.45,0.1,50,0.044,5,0.785,0.8627172552162925
2215,small_world,uniform,random,2234977,1000,3000,0.03,30,0.45,0.1,50,0.039,3,0.815,0.8780647232360903
2216,small_world,uniform,random,2235986,1000,3000,0.03,30,0.45,0.1,50,0.035,4,0.795,0.8761534688220016
2217,small_world,uniform,random,2236995,1000,3000,0.03,30,0.45,0.1,50,0.03,0,0.815,0.8896661519091832
2218,small_world,uniform,random,2238004,1000,3000,0.03,30,0.45,0.1,50,0.031,1,0.788,0.8845864368020553
2219,small_world,uniform,random,2239013,1000,3000,0.03,30,0.45,0.1,50,0.03,0,0.816,0.8968462931228116
2220,small_world,uniform,random,2240022,1000,3000,0.03,30,0.45,0.1,50,0.03,0,0.809,0.8905534006457256
2221,small_world,uniform,random,2241031,1000,3000,0.03,30,0.45,0.1,50,0.031,1,0.814,0.8936086320317763
2222,small_world,uniform,random,2242040,1000,3000,0.03,30,0.45,0.1,50,0.039,6,0.791,0.8764666086966504
2223,small_world,uniform,random,2243049,1000,3000,0.03,30,0.45,0.1,50,0.043,4,0.805,0.8703028838966081
2224,small_world,uniform,random,2244058,1000,3000,0.03,30,0.45,0.1,50,0.035,3,0.798,0.8879557305418776
2225,small_world,uniform,random,2245067,1000,3000,0.03,30,0.45,0.1,50,0.035,4,0.794,0.8786482519842859
2226,small_world,uniform,random,2246076,1000,3000,0.03,30,0.45,0.1,50,0.032,2,0.811,0.8877430303819519
2227,small_world,uniform,random,2247085,1000,3000,0.03,30,0.45,0.1,50,0.038,3,0.81,0.873263524655143
2228,small_world,uniform,random,2248094,1000,3000,0.03,30,0.45,0.1,50,0.041,5,0.797,0.8732800972163475
2229,small_world,uniform,random,2249103,1000,3000,0.03,30,0.45,0.1,50,0.039,3,0.823,0.8862013518495334
2230,small_world,uniform,random,2250112,1000,3000,0.03,30,0.45,0.1,50,0.043,4,0.801,0.8703011903811956
2231,small_world,uniform,random,2251121,1000,3000,0.03,30,0.45,0.1,50,0.055,11,0.794,0.8529633073401467
2232,small_world,uniform,random,2252130,1000,3000,0.03,30,0.45,0.1,50,0.043,5,0.788,0.8672897435337771
2233,small_world,uniform,random,2253139,1000,3000,0.03,30,0.45,0.1,50,0.042,5,0.794,0.8621759750462673
2234,small_world,uniform,random,2254148,1000,3000,0.03,30,0.45,0.1,50,0.035,2,0.8,0.8795323265432424
2235,small_world,uniform,random,2255157,1000,3000,0.03,30,0.45,0.1,50,0.032,1,0.798,0.8875345570205808
2236,small_world,uniform,random,2256166,1000,3000,0.03,30,0.45,0.1,50,0.038,4,0.787,0.8669616374316039
2237,small_world,uniform,random,2257175,1000,3000,0.03,30,0.45,0.1,50,0.03,0,0.801,0.8899906053627159
2238,small_world,uniform,random,2258184,1000,3000,0.03,30,0.45,0.1,50,0.033,2,0.802,0.8826843353846288
2239,small_world,uniform,random,2259193,1000,3000,0.03,30,0.45,0.1,50,0.056,14,0.792,0.8528660999798425
2240,small_world,uniform,random,2260202,1000,3000,0.03,30,0.45,0.1,50,0.034,4,0.793,0.880747424367348
2241,small_world,uniform,random,2261211,1000,3000,0.03,30,0.45,0.1,50,0.047,13,0.803,0.8750401725699466
2242,small_world,uniform,random,2262220,1000,3000,0.03,30,0.45,0.1,50,0.038,4,0.802,0.880926695925219
2243,small_world,uniform,random,2263229,1000,3000,0.03,30,0.45,0.1,50,0.035,2,0.806,0.8820705113450052
2244,small_world,uniform,random,2264238,1000,3000,0.03,30,0.45,0.1,50,0.032,1,0.787,0.8870030017950745
2245,small_world,uniform,random,2265247,1000,3000,0.03,30,0.45,0.1,50,0.035,3,0.816,0.8892113238708754
2246,small_world,uniform,random,2266256,1000,3000,0.03,30,0.45,0.1,50,0.038,5,0.802,0.8741743829857186
2247,small_world,uniform,random,2267265,1000,3000,0.03,30,0.45,0.1,50,0.047,5,0.799,0.8669219918649232
2248,small_world,uniform,random,2268274,1000,3000,0.03,30,0.45,0.1,50,0.035,3,0.805,0.8762209022600075
2249,small_world,uniform,random,2269283,1000,3000,0.03,30,0.45,0.1,50,0.034,2,0.808,0.8817591992178216
2250,small_world,uniform,random,2270292,1000,3000,0.03,30,0.45,0.1,50,0.046,5,0.794,0.8679810776139417
2251,small_world,uniform,random,2271301,1000,3000,0.03,30,0.45,0.1,50,0.031,1,0.794,0.890616637553294
2252,small_world,uniform,random,2272310,1000,3000,0.03,30,0.45,0.1,50,0.046,8,0.785,0.8616974928913677
2253,small_world,uniform,random,2273319,1000,3000,0.03,30,0.45,0.1,50,0.031,1,0.801,0.8882165241811852
2254,small_world,uniform,random,2274328,1000,3000,0.03,30,0.45,0.1,50,0.046,5,0.798,0.8536767260785608
2255,small_world,uniform,random,2275337,1000,3000,0.03,30,0.45,0.1,50,0.033,2,0.802,0.8846491368491284
2256,small_world,uniform,random,2276346,1000,3000,0.03,30,0.45,0.1,50,0.031,1,0.809,0.8879585173433223
2257,small_world,uniform,random,2277355,1000,3000,0.03,30,0.45,0.1,50,0.049,7,0.782,0.8562799456952868
2258,small_world,uniform,random,2278364,1000,3000,0.03,30,0.45,0.1,50,0.033,3,0.79,0.8822690660726603
2259,small_world,uniform,random,2279373,1000,3000,0.03,30,0.45,0.1,50,0.035,3,0.793,0.8788453241796542
2260,small_world,uniform,random,2280382,1000,3000,0.03,30,0.45,0.1,50,0.03,0,0.8,0.8942424345715014
2281,small_world,uniform,random,2301571,1000,3000,0.03,30,0.45,0.1,50,0.03,0,0.804,0.8906396955568359
2282,small_world,uniform,random,2302580,1000,3000,0.03,30,0.45,0.1,50,0.031,1,0.79,0.8866286127519725
2283,small_world,uniform,random,2303589,1000,3000,0.03,30,0.45,0.1,50,0.042,4,0.803,0.871817058380988
2284,small_world,uniform,random,2304598,1000,3000,0.03,30,0.45,0.1,50,0.046,4,0.824,0.8655050602455941
2285,small_world,uniform,random,2305607,1000,3000,0.03,30,0.45,0.1,50,0.03,0,0.796,0.8869647098228657
2286,small_world,uniform,random,2306616,1000,3000,0.03,30,0.45,0.1,50,0.031,1,0.796,0.8870523078067274
2287,small_world,uniform,random,2307625,1000,3000,0.03,30,0.45,0.1,50,0.034,2,0.797,0.8797240333979929
2288,small_world,uniform,random,2308634,1000,3000,0.03,30,0.45,0.1,50,0.062,14,0.772,0.8343272658928911
2289,small_world,uniform,random,2309643,1000,3000,0.03,30,0.45,0.1,50,0.043,5,0.798,0.8684239470476803
2290,small_world,uniform,random,2310652,1000,3000,0.03,30,0.45,0.1,50,0.033,1,0.796,0.885311156147593
2291,small_world,uniform,random,2311661,1000,3000,0.03,30,0.45,0.1,50,0.03,0,0.803,0.8912131250056803
2292,small_world,uniform,random,2312670,1000,3000,0.03,30,0.45,0.1,50,0.038,3,0.794,0.8709167420681503
2293,small_world,uniform,random,2313679,1000,3000,0.03,30,0.45,0.1,50,0.037,6,0.796,0.8765813936333832
2294,small_world,uniform,random,2314688,1000,3000,0.03,30,0.45,0.1,50,0.038,4,0.798,0.8713820666975656
2295,small_world,uniform,random,2315697,1000,3000,0.03,30,0.45,0.1,50,0.03,0,0.81,0.8964942040960959
2296,small_world,uniform,random,2316706,1000,3000,0.03,30,0.45,0.1,50,0.038,4,0.812,0.8723823678877403
2297,small_world,uniform,random,2317715,1000,3000,0.03,30,0.45,0.1,50,0.031,1,0.809,0.8874826625688307
2298,small_world,uniform,random,2318724,1000,3000,0.03,30,0.45,0.1,50,0.033,2,0.795,0.8843988875207368
2299,small_world,uniform,random,2319733,1000,3000,0.03,30,0.45,0.1,50,0.04,5,0.816,0.8768394641214421
2300,small_world,uniform,random,2320742,1000,3000,0.03,30,0.45,0.1,50,0.032,2,0.796,0.8809886790800839
2261,small_world,uniform,random,2281391,1000,3000,0.03,30,0.45,0.1,50,0.035,4,0.805,0.8844527634451399
2262,small_world,uniform,random,2282400,1000,3000,0.03,30,0.45,0.1,50,0.032,2,0.789,0.877349932271597
2263,small_world,uniform,random,2283409,1000,3000,0.03,30,0.45,0.1,50,0.037,5,0.799,0.8705084269118912
2264,small_world,uniform,random,2284418,1000,3000,0.03,30,0.45,0.1,50,0.038,4,0.799,0.8767024316390527
2265,small_world,uniform,random,2285427,1000,3000,0.03,30,0.45,0.1,50,0.03,0,0.798,0.8891569594991193
2266,small_world,uniform,random,2286436,1000,3000,0.03,30,0.45,0.1,50,0.038,5,0.787,0.876628875068091
2267,small_world,uniform,random,2287445,1000,3000,0.03,30,0.45,0.1,50,0.033,2,0.806,0.8856036096050983
2268,small_world,uniform,random,2288454,1000,3000,0.03,30,0.45,0.1,50,0.032,2,0.798,0.8807264706339272
2269,small_world,uniform,random,2289463,1000,3000,0.03,30,0.45,0.1,50,0.041,6,0.785,0.8679729641991489
2270,small_world,uniform,random,2290472,1000,3000,0.03,30,0.45,0.1,50,0.04,6,0.802,0.8776229459796853
2271,small_world,uniform,random,2291481,1000,3000,0.03,30,0.45,0.1,50,0.045,6,0.794,0.8650778415852205
2272,small_world,uniform,random,2292490,1000,3000,0.03,30,0.45,0.1,50,0.035,3,0.804,0.8770664140504165
2273,small_world,uniform,random,2293499,1000,3000,0.03,30,0.45,0.1,50,0.048,9,0.8,0.8639372355676191
2274,small_world,uniform,random,2294508,1000,3000,0.03,30,0.45,0.1,50,0.036,4,0.802,0.8785564959048959
2275,small_world,uniform,random,2295517,1000,3000,0.03,30,0.45,0.1,50,0.037,3,0.789,0.8793513300911454
2276,small_world,uniform,random,2296526,1000,3000,0.03,30,0.45,0.1,50,0.037,3,0.804,0.8784546140822002
2277,small_world,uniform,random,2297535,1000,3000,0.03,30,0.45,0.1,50,0.03,0,0.81,0.8920286804356484
2278,small_world,uniform,random,2298544,1000,3000,0.03,30,0.45,0.1,50,0.03,0,0.814,0.8956466639703127
2279,small_world,uniform,random,2299553,1000,3000,0.03,30,0.45,0.1,50,0.043,4,0.805,0.8719955323978555
2280,small_world,uniform,random,2300562,1000,3000,0.03,30,0.45,0.1,50,0.042,5,0.807,0.8704238150941692
2301,small_world,uniform,random,2321751,1000,3000,0.03,30,0.45,0.1,50,0.033,2,0.81,0.8817382170789679
2302,small_world,uniform,random,2322760,1000,3000,0.03,30,0.45,0.1,50,0.039,4,0.803,0.8711575559550294
2303,small_world,uniform,random,2323769,1000,3000,0.03,30,0.45,0.1,50,0.04,6,0.789,0.8670854493299195
2304,small_world,uniform,random,2324778,1000,3000,0.03,30,0.45,0.1,50,0.03,0,0.797,0.8884636300467516
2305,small_world,uniform,random,2325787,1000,3000,0.03,30,0.45,0.1,50,0.031,1,0.818,0.8894652911473729
2306,small_world,uniform,random,2326796,1000,3000,0.03,30,0.45,0.1,50,0.032,1,0.791,0.884298282060155
2307,small_world,uniform,random,2327805,1000,3000,0.03,30,0.45,0.1,50,0.037,4,0.789,0.8767345742666985
2308,small_world,uniform,random,2328814,1000,3000,0.03,30,0.45,0.1,50,0.032,1,0.806,0.8817326903936651
2309,small_world,uniform,random,2329823,1000,3000,0.03,30,0.45,0.1,50,0.043,5,0.804,0.8660480095001661
2310,small_world,uniform,random,2330832,1000,3000,0.03,30,0.45,0.1,50,0.038,3,0.812,0.8751182347913978
2311,small_world,uniform,random,2331841,1000,3000,0.03,30,0.45,0.1,50,0.035,3,0.797,0.8822167528842884
2312,small_world,uniform,random,2332850,1000,3000,0.03,30,0.45,0.1,50,0.031,1,0.792,0.8858987942059624
2313,small_world,uniform,random,2333859,1000,3000,0.03,30,0.45,0.1,50,0.035,3,0.793,0.878641061370932
2314,small_world,uniform,random,2334868,1000,3000,0.03,30,0.45,0.1,50,0.03,0,0.802,0.8939523231799364
2315,small_world,uniform,random,2335877,1000,3000,0.03,30,0.45,0.1,50,0.036,5,0.803,0.8764534131599657
2316,small_world,uniform,random,2336886,1000,3000,0.03,30,0.45,0.1,50,0.041,3,0.801,0.8718192000145297
2317,small_world,uniform,random,2337895,1000,3000,0.03,30,0.45,0.1,50,0.034,3,0.796,0.8811092037329411
2318,small_world,uniform,random,2338904,1000,3000,0.03,30,0.45,0.1,50,0.044,5,0.796,0.8650817365576173
2319,small_world,uniform,random,2339913,1000,3000,0.03,30,0.45,0.1,50,0.034,1,0.797,0.887400857438748
2320,small_world,uniform,random,2340922,1000,3000,0.03,30,0.45,0.1,50,0.045,8,0.787,0.8614630910696187
2321,small_world,uniform,random,2341931,1000,3000,0.03,30,0.45,0.1,50,0.044,9,0.8,0.866031898793304
2322,small_world,uniform,random,2342940,1000,3000,0.03,30,0.45,0.1,50,0.032,1,0.804,0.8886351851780049
2323,small_world,uniform,random,2343949,1000,3000,0.03,30,0.45,0.1,50,0.044,7,0.781,0.8577566084359488
2324,small_world,uniform,random,2344958,1000,3000,0.03,30,0.45,0.1,50,0.03,0,0.812,0.8929054884577291
2325,small_world,uniform,random,2345967,1000,3000,0.03,30,0.45,0.1,50,0.033,2,0.813,0.8859277493473603
2326,small_world,uniform,random,2346976,1000,3000,0.03,30,0.45,0.1,50,0.044,5,0.798,0.8706634079527203
2327,small_world,uniform,random,2347985,1000,3000,0.03,30,0.45,0.1,50,0.037,6,0.793,0.8761259920881005
2328,small_world,uniform,random,2348994,1000,3000,0.03,30,0.45,0.1,50,0.032,1,0.806,0.8843964783807299
2329,small_world,uniform,random,2350003,1000,3000,0.03,30,0.45,0.1,50,0.035,3,0.798,0.8804898004978292
2330,small_world,uniform,random,2351012,1000,3000,0.03,30,0.45,0.1,50,0.03,0,0.814,0.8934527500093717
2331,small_world,uniform,random,2352021,1000,3000,0.03,30,0.45,0.1,50,0.031,1,0.795,0.8813798553645145
2332,small_world,uniform,random,2353030,1000,3000,0.03,30,0.45,0.1,50,0.03,0,0.797,0.8922501323016735
2333,small_world,uniform,random,2354039,1000,3000,0.03,30,0.45,0.1,50,0.034,3,0.808,0.8824407956647757
2334,small_world,uniform,random,2355048,1000,3000,0.03,30,0.45,0.1,50,0.04,4,0.804,0.8750356471382764
2335,small_world,uniform,random,2356057,1000,3000,0.03,30,0.45,0.1,50,0.038,5,0.804,0.8744642493516932
2336,small_world,uniform,random,2357066,1000,3000,0.03,30,0.45,0.1,50,0.046,5,0.787,0.8521097712102447
2337,small_world,uniform,random,2358075,1000,3000,0.03,30,0.45,0.1,50,0.039,4,0.798,0.8746719222880162
2338,small_world,uniform,random,2359084,1000,3000,0.03,30,0.45,0.1,50,0.031,1,0.81,0.892283877942793
2339,small_world,uniform,random,2360093,1000,3000,0.03,30,0.45,0.1,50,0.03,0,0.807,0.8943228243086279
2340,small_world,uniform,random,2361102,1000,3000,0.03,30,0.45,0.1,50,0.03,0,0.791,0.8906914275564846
2361,small_world,uniform,random,2382291,1000,3000,0.03,30,0.45,0.1,50,0.03,0,0.805,0.8910695211103736
2362,small_world,uniform,random,2383300,1000,3000,0.03,30,0.45,0.1,50,0.045,6,0.798,0.8605611805758633
2363,small_world,uniform,random,2384309,1000,3000,0.03,30,0.45,0.1,50,0.032,2,0.804,0.8870489568737517
2364,small_world,uniform,random,2385318,1000,3000,0.03,30,0.45,0.1,50,0.03,0,0.799,0.8969607108982378
2365,small_world,uniform,random,2386327,1000,3000,0.03,30,0.45,0.1,50,0.037,4,0.801,0.8756072158642246
2366,small_world,uniform,random,2387336,1000,3000,0.03,30,0.45,0.1,50,0.044,8,0.819,0.872271477157065
2367,small_world,uniform,random,2388345,1000,3000,0.03,30,0.45,0.1,50,0.04,5,0.802,0.8736180954839591
2368,small_world,uniform,random,2389354,1000,3000,0.03,30,0.45,0.1,50,0.031,1,0.792,0.8867830915257513
2369,small_world,uniform,random,2390363,1000,3000,0.03,30,0.45,0.1,50,0.039,4,0.797,0.87039438959012
2370,small_world,uniform,random,2391372,1000,3000,0.03,30,0.45,0.1,50,0.032,1,0.806,0.886690947750945
2371,small_world,uniform,random,2392381,1000,3000,0.03,30,0.45,0.1,50,0.044,6,0.798,0.8578545402047764
2372,small_world,uniform,random,2393390,1000,3000,0.03,30,0.45,0.1,50,0.044,7,0.792,0.8673863640836886
2373,small_world,uniform,random,2394399,1000,3000,0.03,30,0.45,0.1,50,0.031,1,0.802,0.8901729858807024
2374,small_world,uniform,random,2395408,1000,3000,0.03,30,0.45,0.1,50,0.031,1,0.788,0.8852259888179094
2375,small_world,uniform,random,2396417,1000,3000,0.03,30,0.45,0.1,50,0.038,5,0.813,0.8835597440255228
2376,small_world,uniform,random,2397426,1000,3000,0.03,30,0.45,0.1,50,0.037,2,0.795,0.8711857915811402
2377,small_world,uniform,random,2398435,1000,3000,0.03,30,0.45,0.1,50,0.031,1,0.801,0.8854554470191609
2378,small_world,uniform,random,2399444,1000,3000,0.03,30,0.45,0.1,50,0.045,5,0.799,0.8589994320957386
2379,small_world,uniform,random,2400453,1000,3000,0.03,30,0.45,0.1,50,0.035,2,0.798,0.8757923534200239
2380,small_world,uniform,random,2401462,1000,3000,0.03,30,0.45,0.1,50,0.038,3,0.805,0.879878068379075
2341,small_world,uniform,random,2362111,1000,3000,0.03,30,0.45,0.1,50,0.044,3,0.796,0.8611339911356884
2342,small_world,uniform,random,2363120,1000,3000,0.03,30,0.45,0.1,50,0.031,1,0.796,0.8842731050539833
2343,small_world,uniform,random,2364129,1000,3000,0.03,30,0.45,0.1,50,0.038,3,0.794,0.8699015573252754
2344,small_world,uniform,random,2365138,1000,3000,0.03,30,0.45,0.1,50,0.032,1,0.805,0.8938082273407998
2345,small_world,uniform,random,2366147,1000,3000,0.03,30,0.45,0.1,50,0.042,8,0.793,0.8644481802211123
2346,small_world,uniform,random,2367156,1000,3000,0.03,30,0.45,0.1,50,0.038,4,0.801,0.8837246184087754
2347,small_world,uniform,random,2368165,1000,3000,0.03,30,0.45,0.1,50,0.045,7,0.798,0.8638602631119381
2348,small_world,uniform,random,2369174,1000,3000,0.03,30,0.45,0.1,50,0.034,1,0.81,0.8856204670640826
2349,small_world,uniform,random,2370183,1000,3000,0.03,30,0.45,0.1,50,0.041,4,0.811,0.8712792399861577
2350,small_world,uniform,random,2371192,1000,3000,0.03,30,0.45,0.1,50,0.032,1,0.792,0.8820768449302572
2351,small_world,uniform,random,2372201,1000,3000,0.03,30,0.45,0.1,50,0.031,1,0.805,0.8836560216961856
2352,small_world,uniform,random,2373210,1000,3000,0.03,30,0.45,0.1,50,0.036,3,0.8,0.8825718676348425
2353,small_world,uniform,random,2374219,1000,3000,0.03,30,0.45,0.1,50,0.031,1,0.795,0.8927407426959353
2354,small_world,uniform,random,2375228,1000,3000,0.03,30,0.45,0.1,50,0.03,0,0.812,0.8968973204426136
2355,small_world,uniform,random,2376237,1000,3000,0.03,30,0.45,0.1,50,0.036,3,0.795,0.8775605400867037
2356,small_world,uniform,random,2377246,1000,3000,0.03,30,0.45,0.1,50,0.036,4,0.796,0.8832978034180553
2357,small_world,uniform,random,2378255,1000,3000,0.03,30,0.45,0.1,50,0.038,3,0.81,0.8748539244993437
2358,small_world,uniform,random,2379264,1000,3000,0.03,30,0.45,0.1,50,0.041,8,0.791,0.873486530605062
2359,small_world,uniform,random,2380273,1000,3000,0.03,30,0.45,0.1,50,0.036,3,0.801,0.878883314543938
2360,small_world,uniform,random,2381282,1000,3000,0.03,30,0.45,0.1,50,0.041,5,0.799,0.8765058072915655
2381,small_world,uniform,random,2402471,1000,3000,0.03,30,0.45,0.1,50,0.038,4,0.801,0.8762148337777401
2382,small_world,uniform,random,2403480,1000,3000,0.03,30,0.45,0.1,50,0.033,3,0.812,0.8860762729806949
2383,small_world,uniform,random,2404489,1000,3000,0.03,30,0.45,0.1,50,0.031,1,0.804,0.8845790828707101
2384,small_world,uniform,random,2405498,1000,3000,0.03,30,0.45,0.1,50,0.032,1,0.788,0.8852789930489993
2385,small_world,uniform,random,2406507,1000,3000,0.03,30,0.45,0.1,50,0.03,0,0.801,0.8917886443180185
2386,small_world,uniform,random,2407516,1000,3000,0.03,30,0.45,0.1,50,0.043,8,0.785,0.8563354054851885
2387,small_world,uniform,random,2408525,1000,3000,0.03,30,0.45,0.1,50,0.03,0,0.792,0.8905477501131963
2388,small_world,uniform,random,2409534,1000,3000,0.03,30,0.45,0.1,50,0.031,1,0.797,0.8825353519713826
2389,small_world,uniform,random,2410543,1000,3000,0.03,30,0.45,0.1,50,0.031,1,0.802,0.892668663747012
2390,small_world,uniform,random,2411552,1000,3000,0.03,30,0.45,0.1,50,0.042,7,0.797,0.8721130825186364
2391,small_world,uniform,random,2412561,1000,3000,0.03,30,0.45,0.1,50,0.039,4,0.813,0.8805507995608824
2392,small_world,uniform,random,2413570,1000,3000,0.03,30,0.45,0.1,50,0.043,6,0.808,0.8734094695071919
2393,small_world,uniform,random,2414579,1000,3000,0.03,30,0.45,0.1,50,0.03,0,0.793,0.8896950131697456
2394,small_world,uniform,random,2415588,1000,3000,0.03,30,0.45,0.1,50,0.048,6,0.801,0.8640258136034398
2395,small_world,uniform,random,2416597,1000,3000,0.03,30,0.45,0.1,50,0.034,3,0.797,0.8877171433229322
2396,small_world,uniform,random,2417606,1000,3000,0.03,30,0.45,0.1,50,0.047,8,0.787,0.8546226779076143
2397,small_world,uniform,random,2418615,1000,3000,0.03,30,0.45,0.1,50,0.045,6,0.807,0.8679528052859669
2398,small_world,uniform,random,2419624,1000,3000,0.03,30,0.45,0.1,50,0.031,1,0.8,0.8870154464875156
2399,small_world,uniform,random,2420633,1000,3000,0.03,30,0.45,0.1,50,0.037,4,0.801,0.8774994369032951
2400,small_world,uniform,random,2421642,1000,3000,0.03,30,0.45,0.1,50,0.046,10,0.793,0.8606161929676206
2421,random,degree,random,2442831,1000,3161,0.03,30,0.45,0.1,50,0.032,1,0.7833521232619316,0.7442026660940783
2422,random,degree,random,2443840,1000,3022,0.03,30,0.45,0.1,50,0.031,1,0.7630848532910444,0.7317690618235938
2423,random,degree,random,2444849,1000,3104,0.03,30,0.45,0.1,50,0.038,2,0.7398233486943164,0.6874299869830057
2424,random,degree,random,2445858,1000,2937,0.03,30,0.45,0.1,50,0.036,1,0.7669265490357,0.7328048075546434
2425,random,degree,random,2446867,1000,3071,0.03,30,0.45,0.1,50,0.04,2,0.7427071178529758,0.6953718879234453
2426,random,degree,random,2447876,1000,2935,0.03,30,0.45,0.1,50,0.036,1,0.7909650924024639,0.7596760067645154
2427,random,degree,random,2448885,1000,3039,0.03,30,0.45,0.1,50,0.037,2,0.7888932650649924,0.7508368590891865
2428,random,degree,random,2449894,1000,3025,0.03,30,0.45,0.1,50,0.036,1,0.7524752475247527,0.7157779554439783
2429,random,degree,random,2450903,1000,3005,0.03,30,0.45,0.1,50,0.037,1,0.7900199600798462,0.7571281947034396
2430,random,degree,random,2451912,1000,2986,0.03,30,0.45,0.1,50,0.037,2,0.772123893805313,0.7336587313835577
2431,random,degree,random,2452921,1000,2955,0.03,30,0.45,0.1,50,0.037,2,0.789613034623218,0.7439682535115952
2432,random,degree,random,2453930,1000,3075,0.03,30,0.45,0.1,50,0.04,3,0.7479611650485427,0.686321614471969
2433,random,degree,random,2454939,1000,3050,0.03,30,0.45,0.1,50,0.039,1,0.7839215686274523,0.7354662698996796
2434,random,degree,random,2455948,1000,3069,0.03,30,0.45,0.1,50,0.036,2,0.7619696379914381,0.7070825051419994
2435,random,degree,random,2456957,1000,3055,0.03,30,0.45,0.1,50,0.034,1,0.7726027397260269,0.7326407901247806
2436,random,degree,random,2457966,1000,3012,0.03,30,0.45,0.1,50,0.034,1,0.784235668789811,0.750998896151928
2437,random,degree,random,2458975,1000,3019,0.03,30,0.45,0.1,50,0.035,2,0.7630011909487905,0.7214712733048692
2438,random,degree,random,2459984,1000,3121,0.03,30,0.45,0.1,50,0.039,1,0.7401755055322473,0.6896736837294084
2439,random,degree,random,2460993,1000,2947,0.03,30,0.45,0.1,50,0.04,2,0.7684920310584442,0.7170723292363307
2440,random,degree,random,2462002,1000,3031,0.03,30,0.45,0.1,50,0.036,2,0.7661003555906758,0.7247723166344726
2401,random,degree,random,2422651,1000,2988,0.03,30,0.45,0.1,50,0.036,2,0.7598472668810301,0.7194421707591621
2402,random,degree,random,2423660,1000,2961,0.03,30,0.45,0.1,50,0.04,1,0.7710280373831775,0.7240181464020614
2403,random,degree,random,2424669,1000,2984,0.03,30,0.45,0.1,50,0.035,1,0.7844202898550713,0.7467567387485822
2404,random,degree,random,2425678,1000,3008,0.03,30,0.45,0.1,50,0.04,2,0.7717304625199363,0.7249338081222331
2405,random,degree,random,2426687,1000,2999,0.03,30,0.45,0.1,50,0.038,2,0.748299319727893,0.7068415712764639
2406,random,degree,random,2427696,1000,2964,0.03,30,0.45,0.1,50,0.035,1,0.786931818181818,0.742284840132233
2407,random,degree,random,2428705,1000,2956,0.03,30,0.45,0.1,50,0.032,1,0.7870521172638445,0.760023878673379
2408,random,degree,random,2429714,1000,3015,0.03,30,0.45,0.1,50,0.035,1,0.7900596421471188,0.7558362738291389
2409,random,degree,random,2430723,1000,3019,0.03,30,0.45,0.1,50,0.038,2,0.7657800714569293,0.7225709518500246
2410,random,degree,random,2431732,1000,2958,0.03,30,0.45,0.1,50,0.034,1,0.7884458909682732,0.7668012977024432
2411,random,degree,random,2432741,1000,3000,0.03,30,0.45,0.1,50,0.036,1,0.7552,0.7022100170696917
2412,random,degree,random,2433750,1000,3068,0.03,30,0.45,0.1,50,0.031,1,0.794197819314642,0.7575816681177492
2413,random,degree,random,2434759,1000,3021,0.03,30,0.45,0.1,50,0.036,2,0.7546608488694925,0.7131275519858372
2414,random,degree,random,2435768,1000,3117,0.03,30,0.45,0.1,50,0.035,2,0.7749331295376386,0.7294067388490489
2415,random,degree,random,2436777,1000,3043,0.03,30,0.45,0.1,50,0.04,2,0.7732992528509635,0.7199589797539578
2416,random,degree,random,2437786,1000,2986,0.03,30,0.45,0.1,50,0.035,1,0.7894207562349207,0.7523130597247437
2417,random,degree,random,2438795,1000,3042,0.03,30,0.45,0.1,50,0.035,1,0.7728166797797014,0.7265767018296829
2418,random,degree,random,2439804,1000,3017,0.03,30,0.45,0.1,50,0.035,1,0.7741358760429137,0.721341996946777
2419,random,degree,random,2440813,1000,3019,0.03,30,0.45,0.1,50,0.036,1,0.7818578801111564,0.7334593054807294
2420,random,degree,random,2441822,1000,3048,0.03,30,0.45,0.1,50,0.031,1,0.7914050235478877,0.7622537443928452
2481,random,degree,random,2503371,1000,3041,0.03,30,0.45,0.1,50,0.034,1,0.768988587170411,0.7377688273011294
2482,random,degree,random,2504380,1000,3015,0.03,30,0.45,0.1,50,0.033,1,0.776341948310141,0.7406337550687901
2483,random,degree,random,2505389,1000,2992,0.03,30,0.45,0.1,50,0.034,1,0.7863162118780095,0.7477063962076006
2484,random,degree,random,2506398,1000,3100,0.03,30,0.45,0.1,50,0.038,3,0.7573076923076921,0.7093693217290146
2485,random,degree,random,2507407,1000,3009,0.03,30,0.45,0.1,50,0.034,1,0.7979274611398967,0.7627404121317939
2486,random,degree,random,2508416,1000,3093,0.03,30,0.45,0.1,50,0.039,1,0.7265715387582016,0.6780212840733623
2487,random,degree,random,2509425,1000,3068,0.03,30,0.45,0.1,50,0.04,2,0.7618769470404992,0.7060725567623266
2488,random,degree,random,2510434,1000,2968,0.03,30,0.45,0.1,50,0.03,0,0.7935575364667755,0.7675225777676676
2489,random,degree,random,2511443,1000,2981,0.03,30,0.45,0.1,50,0.037,1,0.7640064490125008,0.718788828114777
2490,random,degree,random,2512452,1000,3064,0.03,30,0.45,0.1,50,0.032,1,0.7324492979719188,0.7135448911191554
2491,random,degree,random,2513461,1000,2998,0.03,30,0.45,0.1,50,0.042,2,0.7536028823058517,0.7086613744783015
2492,random,degree,random,2514470,1000,3078,0.03,30,0.45,0.1,50,0.033,1,0.7831652443754854,0.741486351647957
2493,random,degree,random,2515479,1000,2966,0.03,30,0.45,0.1,50,0.033,1,0.795620437956205,0.761028364158432
2494,random,degree,random,2516488,1000,2998,0.03,30,0.45,0.1,50,0.035,1,0.7762209767814264,0.7423859107995121
2495,random,degree,random,2517497,1000,3076,0.03,30,0.45,0.1,50,0.035,1,0.7655279503105644,0.7305462454634859
2496,random,degree,random,2518506,1000,2919,0.03,30,0.45,0.1,50,0.037,2,0.783174865646964,0.75677707366505
2497,random,degree,random,2519515,1000,2953,0.03,30,0.45,0.1,50,0.033,1,0.7725234406848746,0.7429748858465433
2498,random,degree,random,2520524,1000,3030,0.03,30,0.45,0.1,50,0.034,1,0.7478260869565228,0.715985426771406
2499,random,degree,random,2521533,1000,3091,0.03,30,0.45,0.1,50,0.036,1,0.7776920108066391,0.7371960328281318
2500,random,degree,random,2522542,1000,2991,0.03,30,0.45,0.1,50,0.035,1,0.7374548374146915,0.7058885635831902
2461,random,degree,random,2483191,1000,3161,0.03,30,0.45,0.1,50,0.037,1,0.7621195039458908,0.7124349253981174
2462,random,degree,random,2484200,1000,3014,0.03,30,0.45,0.1,50,0.033,1,0.7659108989657916,0.7396920546542762
2463,random,degree,random,2485209,1000,3072,0.03,30,0.45,0.1,50,0.038,1,0.7437791601866256,0.6997369791916421
2464,random,degree,random,2486218,1000,3035,0.03,30,0.45,0.1,50,0.039,2,0.7437869822485207,0.6822601405712935
2465,random,degree,random,2487227,1000,2971,0.03,30,0.45,0.1,50,0.033,1,0.7575880210441093,0.7358066271123885
2466,random,degree,random,2488236,1000,2961,0.03,30,0.45,0.1,50,0.036,2,0.7801706623323864,0.742411393719751
2467,random,degree,random,2489245,1000,3076,0.03,30,0.45,0.1,50,0.034,1,0.7839673913043472,0.7346929860366765
2468,random,degree,random,2490254,1000,2889,0.03,30,0.45,0.1,50,0.038,1,0.7549183758894931,0.7089207506139705
2469,random,degree,random,2491263,1000,3020,0.03,30,0.45,0.1,50,0.031,1,0.7734126984127033,0.7453459580905352
2470,random,degree,random,2492272,1000,3000,0.03,30,0.45,0.1,50,0.038,2,0.7632000000000009,0.7150620204281039
2471,random,degree,random,2493281,1000,2981,0.03,30,0.45,0.1,50,0.037,2,0.7539298669891187,0.7228910386880844
2472,random,degree,random,2494290,1000,3066,0.03,30,0.45,0.1,50,0.032,1,0.7854637568199537,0.7412928709444296
2473,random,degree,random,2495299,1000,3001,0.03,30,0.45,0.1,50,0.039,1,0.7371051579368247,0.6808885259496397
2474,random,degree,random,2496308,1000,3097,0.03,30,0.45,0.1,50,0.038,1,0.7606854062379677,0.7023124316116377
2475,random,degree,random,2497317,1000,2899,0.03,30,0.45,0.1,50,0.038,2,0.7857440600250107,0.746083354941888
2476,random,degree,random,2498326,1000,2988,0.03,30,0.45,0.1,50,0.035,1,0.7823553054662444,0.7446390611537632
2477,random,degree,random,2499335,1000,3012,0.03,30,0.45,0.1,50,0.033,1,0.7780652866242043,0.7423621475138781
2478,random,degree,random,2500344,1000,3055,0.03,30,0.45,0.1,50,0.034,1,0.7839530332681036,0.749999766133466
2479,random,degree,random,2501353,1000,3013,0.03,30,0.45,0.1,50,0.036,1,0.7819339434938377,0.7369986901466806
2480,random,degree,random,2502362,1000,3007,0.03,30,0.45,0.1,50,0.036,1,0.7762265656162797,0.7364930475554172
2441,random,degree,random,2463011,1000,2946,0.03,30,0.45,0.1,50,0.039,2,0.7882256745707336,0.744696181814676
2442,random,degree,random,2464020,1000,2941,0.03,30,0.45,0.1,50,0.033,1,0.7755018435067602,0.7381393877740393
2443,random,degree,random,2465029,1000,2887,0.03,30,0.45,0.1,50,0.035,1,0.7804775869292045,0.7590666141083927
2444,random,degree,random,2466038,1000,3076,0.03,30,0.45,0.1,50,0.032,1,0.7762034161490717,0.7421357064906264
2445,random,degree,random,2467047,1000,3001,0.03,30,0.45,0.1,50,0.036,1,0.8028788484606155,0.7479266359266289
2446,random,degree,random,2468056,1000,3085,0.03,30,0.45,0.1,50,0.041,1,0.7365570599613147,0.6839007598653187
2447,random,degree,random,2469065,1000,2980,0.03,30,0.45,0.1,50,0.033,1,0.7766129032258082,0.7423182231064834
2448,random,degree,random,2470074,1000,3045,0.03,30,0.45,0.1,50,0.032,1,0.7923379174852693,0.7618924636410184
2449,random,degree,random,2471083,1000,3003,0.03,30,0.45,0.1,50,0.04,1,0.7566919696364416,0.7160873047524474
2450,random,degree,random,2472092,1000,3094,0.03,30,0.45,0.1,50,0.032,1,0.7602158828064833,0.7227864544275464
2451,random,degree,random,2473101,1000,3017,0.03,30,0.45,0.1,50,0.035,1,0.7876440206595153,0.7423481161245543
2452,random,degree,random,2474110,1000,3067,0.03,30,0.45,0.1,50,0.034,1,0.7826256330346751,0.7372979021776902
2453,random,degree,random,2475119,1000,3016,0.03,30,0.45,0.1,50,0.036,2,0.7871621621621627,0.7522796230801583
2454,random,degree,random,2476128,1000,2915,0.03,30,0.45,0.1,50,0.036,2,0.7563146997929602,0.7368849094176241
2455,random,degree,random,2477137,1000,3027,0.03,30,0.45,0.1,50,0.033,1,0.7738425009893207,0.743577626379608
2456,random,degree,random,2478146,1000,2975,0.03,30,0.45,0.1,50,0.037,3,0.7357575757575808,0.7003904877649337
2457,random,degree,random,2479155,1000,3014,0.03,30,0.45,0.1,50,0.031,1,0.7575576770087485,0.7324542876947264
2458,random,degree,random,2480164,1000,3017,0.03,30,0.45,0.1,50,0.039,3,0.7677791021056802,0.7074976980770439
2459,random,degree,random,2481173,1000,3049,0.03,30,0.45,0.1,50,0.038,2,0.7601020007846262,0.7128463677137316
2460,random,degree,random,2482182,1000,3069,0.03,30,0.45,0.1,50,0.033,1,0.7588555858310627,0.7198227115567356
2521,random,degree,random,2543731,1000,3082,0.03,30,0.45,0.1,50,0.031,1,0.7693648334624328,0.729210653099316
2522,random,degree,random,2544740,1000,2989,0.03,30,0.45,0.1,50,0.038,2,0.7798312575331466,0.7355729896601083
2523,random,degree,random,2545749,1000,2945,0.03,30,0.45,0.1,50,0.044,3,0.7597137014314943,0.6970749735034693
2524,random,degree,random,2546758,1000,2968,0.03,30,0.45,0.1,50,0.034,1,0.7882901134521878,0.7554070565907712
2525,random,degree,random,2547767,1000,2969,0.03,30,0.45,0.1,50,0.038,2,0.7770352369380337,0.7371094306356155
2526,random,degree,random,2548776,1000,3000,0.03,30,0.45,0.1,50,0.036,1,0.7802000000000003,0.7342306274580928
2527,random,degree,random,2549785,1000,3068,0.03,30,0.45,0.1,50,0.039,1,0.7318925233644863,0.6728007206103384
2528,random,degree,random,2550794,1000,2895,0.03,30,0.45,0.1,50,0.038,1,0.7467640918580376,0.7049279717810154
2529,random,degree,random,2551803,1000,3060,0.03,30,0.45,0.1,50,0.033,1,0.7531249999999997,0.7105998805366059
2530,random,degree,random,2552812,1000,2926,0.03,30,0.45,0.1,50,0.036,2,0.74113767518549,0.7092730562059262
2531,random,degree,random,2553821,1000,3009,0.03,30,0.45,0.1,50,0.036,1,0.7672379434037481,0.725433928764497
2532,random,degree,random,2554830,1000,2983,0.03,30,0.45,0.1,50,0.038,1,0.7271445831655258,0.6840748629791735
2533,random,degree,random,2555839,1000,2944,0.03,30,0.45,0.1,50,0.039,1,0.7565466448445188,0.7233426109685865
2534,random,degree,random,2556848,1000,2915,0.03,30,0.45,0.1,50,0.038,1,0.7921325051759837,0.752209529685494
2535,random,degree,random,2557857,1000,2993,0.03,30,0.45,0.1,50,0.035,1,0.7513036502206247,0.7163232402625296
2536,random,degree,random,2558866,1000,3097,0.03,30,0.45,0.1,50,0.037,1,0.7616480554485958,0.7160735937859215
2537,random,degree,random,2559875,1000,3019,0.03,30,0.45,0.1,50,0.037,1,0.7566494640730442,0.7131960057121179
2538,random,degree,random,2560884,1000,3065,0.03,30,0.45,0.1,50,0.033,1,0.7982456140350889,0.7567797955373512
2539,random,degree,random,2561893,1000,3031,0.03,30,0.45,0.1,50,0.032,1,0.7623468984591099,0.7421621065904033
2540,random,degree,random,2562902,1000,2995,0.03,30,0.45,0.1,50,0.037,1,0.7901803607214433,0.7442390086524815
2501,random,degree,random,2523551,1000,2999,0.03,30,0.45,0.1,50,0.037,1,0.7565026010404179,0.7040942737366122
2502,random,degree,random,2524560,1000,3108,0.03,30,0.45,0.1,50,0.033,1,0.7494248466257669,0.7145792305864539
2503,random,degree,random,2525569,1000,2963,0.03,30,0.45,0.1,50,0.038,2,0.7805521721477844,0.7324169928736188
2504,random,degree,random,2526578,1000,2951,0.03,30,0.45,0.1,50,0.037,1,0.7649938800489667,0.7252758917538641
2505,random,degree,random,2527587,1000,3049,0.03,30,0.45,0.1,50,0.036,2,0.7499019223224793,0.6958910192616965
2506,random,degree,random,2528596,1000,2986,0.03,30,0.45,0.1,50,0.04,1,0.7355189058728895,0.6783200421919144
2507,random,degree,random,2529605,1000,3016,0.03,30,0.45,0.1,50,0.036,1,0.7784181240063593,0.7242465187674939
2508,random,degree,random,2530614,1000,3014,0.03,30,0.45,0.1,50,0.037,1,0.7766507557677009,0.7169100950858525
2509,random,degree,random,2531623,1000,3035,0.03,30,0.45,0.1,50,0.036,1,0.7500986193293943,0.706957970883179
2510,random,degree,random,2532632,1000,2969,0.03,30,0.45,0.1,50,0.033,1,0.7438234102875658,0.7198822606830271
2511,random,degree,random,2533641,1000,2979,0.03,30,0.45,0.1,50,0.032,1,0.7674465510286487,0.7398213386182378
2512,random,degree,random,2534650,1000,2989,0.03,30,0.45,0.1,50,0.031,1,0.7738047408597878,0.7495292883796717
2513,random,degree,random,2535659,1000,2976,0.03,30,0.45,0.1,50,0.032,1,0.7895799676898223,0.7619276115449113
2514,random,degree,random,2536668,1000,2972,0.03,30,0.45,0.1,50,0.035,1,0.7900485436893248,0.757145443197752
2515,random,degree,random,2537677,1000,3004,0.03,30,0.45,0.1,50,0.038,2,0.7671725239616614,0.7153945997939131
2516,random,degree,random,2538686,1000,2984,0.03,30,0.45,0.1,50,0.032,1,0.7914653784219027,0.7571358945827438
2517,random,degree,random,2539695,1000,2973,0.03,30,0.45,0.1,50,0.038,1,0.7678932470683381,0.7191242133323594
2518,random,degree,random,2540704,1000,2979,0.03,30,0.45,0.1,50,0.037,2,0.7884227511093197,0.7376817962253592
2519,random,degree,random,2541713,1000,3027,0.03,30,0.45,0.1,50,0.034,1,0.7657301147605864,0.7263620489146848
2520,random,degree,random,2542722,1000,2958,0.03,30,0.45,0.1,50,0.036,2,0.7585435313262815,0.7248794112582374
2561,random,degree,random,2584091,1000,2991,0.03,30,0.45,0.1,50,0.031,1,0.8020875150541972,0.7787058316125153
2562,random,degree,random,2585100,1000,2991,0.03,30,0.45,0.1,50,0.036,2,0.7484945804897634,0.7094401809698437
2563,random,degree,random,2586109,1000,2976,0.03,30,0.45,0.1,50,0.038,1,0.7841276252019398,0.7287681084665211
2564,random,degree,random,2587118,1000,2939,0.03,30,0.45,0.1,50,0.032,1,0.7812628126281276,0.7539219745366155
2565,random,degree,random,2588127,1000,3093,0.03,30,0.45,0.1,50,0.037,2,0.7682221365214038,0.7216618814345661
2566,random,degree,random,2589136,1000,2963,0.03,30,0.45,0.1,50,0.034,1,0.7718229801055632,0.7430871845486349
2567,random,degree,random,2590145,1000,3020,0.03,30,0.45,0.1,50,0.033,1,0.7821428571428588,0.7440923261932068
2568,random,degree,random,2591154,1000,3117,0.03,30,0.45,0.1,50,0.037,2,0.7565915170042051,0.7025507801849511
2569,random,degree,random,2592163,1000,2983,0.03,30,0.45,0.1,50,0.038,2,0.7561417639951671,0.7082077557569729
2570,random,degree,random,2593172,1000,2955,0.03,30,0.45,0.1,50,0.038,2,0.7578411405295278,0.7127089788532659
2571,random,degree,random,2594181,1000,3130,0.03,30,0.45,0.1,50,0.035,2,0.7836501901140682,0.7427983171388686
2572,random,degree,random,2595190,1000,2966,0.03,30,0.45,0.1,50,0.035,2,0.7666261151662638,0.7269818570810301
2573,random,degree,random,2596199,1000,3044,0.03,30,0.45,0.1,50,0.032,1,0.8117138364779886,0.7744118474192008
2574,random,degree,random,2597208,1000,2932,0.03,30,0.45,0.1,50,0.034,1,0.7781661184210532,0.7515340530989035
2575,random,degree,random,2598217,1000,3020,0.03,30,0.45,0.1,50,0.037,1,0.7728174603174611,0.7357079288028419
2576,random,degree,random,2599226,1000,2923,0.03,30,0.45,0.1,50,0.037,2,0.7723895996698362,0.743539332837786
2577,random,degree,random,2600235,1000,3068,0.03,30,0.45,0.1,50,0.035,1,0.7519470404984495,0.7152698496593868
2578,random,degree,random,2601244,1000,2949,0.03,30,0.45,0.1,50,0.036,1,0.7882809309922479,0.7471527023605866
2579,random,degree,random,2602253,1000,2962,0.03,30,0.45,0.1,50,0.035,1,0.7845247766043876,0.7476925322070351
2580,random,degree,random,2603262,1000,3071,0.03,30,0.45,0.1,50,0.034,1,0.7821859198755395,0.7460026818880958
2541,random,degree,random,2563911,1000,3119,0.03,30,0.45,0.1,50,0.035,1,0.7962962962962912,0.7504305935809531
2542,random,degree,random,2564920,1000,2961,0.03,30,0.45,0.1,50,0.033,1,0.8075985371800082,0.775916764010645
2543,random,degree,random,2565929,1000,2901,0.03,30,0.45,0.1,50,0.034,1,0.7813411078717214,0.7437882919412553
2544,random,degree,random,2566938,1000,2948,0.03,30,0.45,0.1,50,0.039,2,0.7912581699346413,0.7521456515761052
2545,random,degree,random,2567947,1000,3072,0.03,30,0.45,0.1,50,0.035,2,0.779354587869359,0.7317959977137751
2546,random,degree,random,2568956,1000,3027,0.03,30,0.45,0.1,50,0.032,1,0.7714681440443276,0.748980191461853
2547,random,degree,random,2569965,1000,2989,0.03,30,0.45,0.1,50,0.034,1,0.7870630775411824,0.7469270587859252
2548,random,degree,random,2570974,1000,2994,0.03,30,0.45,0.1,50,0.041,1,0.7510024057738574,0.6957007178355566
2549,random,degree,random,2571983,1000,3026,0.03,30,0.45,0.1,50,0.033,1,0.7798891528107688,0.7395374562607063
2550,random,degree,random,2572992,1000,3014,0.03,30,0.45,0.1,50,0.036,1,0.7718774860779622,0.7338295543509509
2551,random,degree,random,2574001,1000,2994,0.03,30,0.45,0.1,50,0.032,1,0.7951082598235772,0.7655340462978311
2552,random,degree,random,2575010,1000,3110,0.03,30,0.45,0.1,50,0.035,1,0.7984674329501962,0.7495919529452474
2553,random,degree,random,2576019,1000,3143,0.03,30,0.45,0.1,50,0.039,3,0.7510404842981466,0.6776678420199798
2554,random,degree,random,2577028,1000,2905,0.03,30,0.45,0.1,50,0.036,2,0.7948024948024998,0.7578219138788824
2555,random,degree,random,2578037,1000,2952,0.03,30,0.45,0.1,50,0.038,2,0.7559135399673735,0.7120799133361854
2556,random,degree,random,2579046,1000,3065,0.03,30,0.45,0.1,50,0.037,1,0.7563352826510722,0.7051306978951266
2557,random,degree,random,2580055,1000,3011,0.03,30,0.45,0.1,50,0.034,1,0.7923138191955461,0.751443003841977
2558,random,degree,random,2581064,1000,3002,0.03,30,0.45,0.1,50,0.036,1,0.7895683453237426,0.7576064124240213
2559,random,degree,random,2582073,1000,2967,0.03,30,0.45,0.1,50,0.04,3,0.7650993109039375,0.7083448584540535
2560,random,degree,random,2583082,1000,3047,0.03,30,0.45,0.1,50,0.038,2,0.745975657636435,0.6969479609369739
2581,random,degree,random,2604271,1000,3016,0.03,30,0.45,0.1,50,0.035,1,0.8189586645469001,0.7708819609877297
2582,random,degree,random,2605280,1000,3085,0.03,30,0.45,0.1,50,0.039,1,0.7394584139264986,0.6889252874728324
2583,random,degree,random,2606289,1000,3038,0.03,30,0.45,0.1,50,0.035,1,0.7655634357762018,0.7312210583415409
2584,random,degree,random,2607298,1000,2946,0.03,30,0.45,0.1,50,0.035,1,0.7872035977105479,0.7550137666143872
2585,random,degree,random,2608307,1000,2971,0.03,30,0.45,0.1,50,0.038,2,0.7796438688789975,0.7325197452342255
2586,random,degree,random,2609316,1000,3032,0.03,30,0.45,0.1,50,0.03,0,0.7750789889415496,0.7423487654689496
2587,random,degree,random,2610325,1000,3083,0.03,30,0.45,0.1,50,0.038,2,0.7574525745257513,0.7069103941893188
2588,random,degree,random,2611334,1000,3045,0.03,30,0.45,0.1,50,0.035,1,0.7862475442043222,0.7454432618537397
2589,random,degree,random,2612343,1000,3031,0.03,30,0.45,0.1,50,0.033,1,0.7848676412485192,0.7536996779301781
2590,random,degree,random,2613352,1000,2996,0.03,30,0.45,0.1,50,0.041,2,0.7524038461538528,0.6921413301633315
2591,random,degree,random,2614361,1000,2979,0.03,30,0.45,0.1,50,0.037,1,0.7702702702702705,0.721414005168572
2592,random,degree,random,2615370,1000,3032,0.03,30,0.45,0.1,50,0.035,1,0.7634281200631923,0.7249486238675888
2593,random,degree,random,2616379,1000,3076,0.03,30,0.45,0.1,50,0.036,1,0.7585403726708078,0.7202806869545172
2594,random,degree,random,2617388,1000,2997,0.03,30,0.45,0.1,50,0.039,2,0.7659191029235097,0.718022690568943
2595,random,degree,random,2618397,1000,2967,0.03,30,0.45,0.1,50,0.033,1,0.7634779083907584,0.7281436384038688
2596,random,degree,random,2619406,1000,3015,0.03,30,0.45,0.1,50,0.036,1,0.7771371769383715,0.749680386018933
2597,random,degree,random,2620415,1000,2975,0.03,30,0.45,0.1,50,0.038,4,0.7652525252525262,0.7178464622687828
2598,random,degree,random,2621424,1000,3002,0.03,30,0.45,0.1,50,0.039,3,0.7649880095923256,0.7174203545528709
2599,random,degree,random,2622433,1000,3040,0.03,30,0.45,0.1,50,0.033,1,0.7816929133858226,0.7395446192886981
2600,random,degree,random,2623442,1000,3002,0.03,30,0.45,0.1,50,0.032,1,0.7923661071143093,0.759605114090507
2601,scale_free,degree,random,2624451,1000,2991,0.03,30,0.45,0.1,50,0.036,1,0.55835010060362,0.39534409883000304
2602,scale_free,degree,random,2625460,1000,2991,0.03,30,0.45,0.1,50,0.037,1,0.6002682763246219,0.40058349135112775
2603,scale_free,degree,random,2626469,1000,2991,0.03,30,0.45,0.1,50,0.034,1,0.6321260898725667,0.40041723812759955
2604,scale_free,degree,random,2627478,1000,2991,0.03,30,0.45,0.1,50,0.035,1,0.5771294433266263,0.3928569556251563
2605,scale_free,degree,random,2628487,1000,2991,0.03,30,0.45,0.1,50,0.04,1,0.5073775989268932,0.305634048610835
2606,scale_free,degree,random,2629496,1000,2991,0.03,30,0.45,0.1,50,0.037,1,0.5774647887323915,0.39763539639597395
2607,scale_free,degree,random,2630505,1000,2991,0.03,30,0.45,0.1,50,0.038,2,0.5127431254191754,0.3459490688052062
2608,scale_free,degree,random,2631514,1000,2991,0.03,30,0.45,0.1,50,0.038,2,0.49631120053655964,0.2990279036802578
2609,scale_free,degree,random,2632523,1000,2991,0.03,30,0.45,0.1,50,0.038,2,0.6247484909456809,0.3936950763215155
2610,scale_free,degree,random,2633532,1000,2991,0.03,30,0.45,0.1,50,0.042,2,0.4745137491616358,0.3027828822449893
2611,scale_free,degree,random,2634541,1000,2991,0.03,30,0.45,0.1,50,0.037,1,0.5643863179074373,0.3763513068704577
2612,scale_free,degree,random,2635550,1000,2991,0.03,30,0.45,0.1,50,0.046,2,0.4728370221327982,0.2614560868594441
2613,scale_free,degree,random,2636559,1000,2991,0.03,30,0.45,0.1,50,0.035,2,0.5741113346747092,0.40389912213906976
2614,scale_free,degree,random,2637568,1000,2991,0.03,30,0.45,0.1,50,0.043,2,0.5164319248826222,0.27871584890732787
2615,scale_free,degree,random,2638577,1000,2991,0.03,30,0.45,0.1,50,0.039,1,0.4597585513078537,0.3080511200901293
2616,scale_free,degree,random,2639586,1000,2991,0.03,30,0.45,0.1,50,0.043,1,0.4953051643192518,0.2893183791694972
2617,scale_free,degree,random,2640595,1000,2991,0.03,30,0.45,0.1,50,0.042,1,0.5382293762575384,0.33087768023501857
2618,scale_free,degree,random,2641604,1000,2991,0.03,30,0.45,0.1,50,0.038,1,0.5647216633132152,0.3775251667886642
2619,scale_free,degree,random,2642613,1000,2991,0.03,30,0.45,0.1,50,0.037,1,0.5784708249496914,0.40333881803099464
2620,scale_free,degree,random,2643622,1000,2991,0.03,30,0.45,0.1,50,0.036,1,0.5114017437961005,0.35681935344451576
2621,scale_free,degree,random,2644631,1000,2991,0.03,30,0.45,0.1,50,0.034,1,0.5576794097920859,0.38578144205330017
2622,scale_free,degree,random,2645640,1000,2991,0.03,30,0.45,0.1,50,0.039,1,0.4875922199865814,0.3414927450027102
2623,scale_free,degree,random,2646649,1000,2991,0.03,30,0.45,0.1,50,0.037,1,0.5633802816901314,0.39095508221514536
2624,scale_free,degree,random,2647658,1000,2991,0.03,30,0.45,0.1,50,0.034,1,0.5435949027498357,0.3656081118079907
2625,scale_free,degree,random,2648667,1000,2991,0.03,30,0.45,0.1,50,0.038,2,0.5419181757209848,0.37133877925206665
2626,scale_free,degree,random,2649676,1000,2991,0.03,30,0.45,0.1,50,0.04,2,0.5063715627095947,0.29754773390300804
2627,scale_free,degree,random,2650685,1000,2991,0.03,30,0.45,0.1,50,0.039,2,0.6868727418707349,0.4744239013663417
2628,scale_free,degree,random,2651694,1000,2991,0.03,30,0.45,0.1,50,0.042,1,0.5060362173038168,0.314472158060062
2629,scale_free,degree,random,2652703,1000,2991,0.03,30,0.45,0.1,50,0.035,1,0.5593561368209319,0.36510499648179556
2630,scale_free,degree,random,2653712,1000,2991,0.03,30,0.45,0.1,50,0.033,1,0.6545942320590264,0.4635347799861291
2631,scale_free,degree,random,2654721,1000,2991,0.03,30,0.45,0.1,50,0.043,2,0.5378940308517797,0.3104252215356671
2632,scale_free,degree,random,2655730,1000,2991,0.03,30,0.45,0.1,50,0.038,1,0.49094567404426553,0.3187064723113086
2633,scale_free,degree,random,2656739,1000,2991,0.03,30,0.45,0.1,50,0.034,1,0.5476190476190467,0.39798335022761766
2634,scale_free,degree,random,2657748,1000,2991,0.03,30,0.45,0.1,50,0.037,1,0.6396283274736098,0.4543178261008668
2635,scale_free,degree,random,2658757,1000,2991,0.03,30,0.45,0.1,50,0.036,1,0.5482897384305879,0.35506787832746456
2636,scale_free,degree,random,2659766,1000,2991,0.03,30,0.45,0.1,50,0.04,1,0.56203890006706,0.3812916666670385
2637,scale_free,degree,random,2660775,1000,2991,0.03,30,0.45,0.1,50,0.041,2,0.5885311871227473,0.3842048030787577
2638,scale_free,degree,random,2661784,1000,2991,0.03,30,0.45,0.1,50,0.039,1,0.5667337357478193,0.372358742119124
2639,scale_free,degree,random,2662793,1000,2991,0.03,30,0.45,0.1,50,0.041,2,0.5435949027498304,0.32072890702170337
2640,scale_free,degree,random,2663802,1000,2991,0.03,30,0.45,0.1,50,0.038,1,0.5536552649228702,0.33785851090132407
2661,scale_free,degree,random,2684991,1000,2991,0.03,30,0.45,0.1,50,0.033,1,0.625083836351437,0.45050437601733284
2662,scale_free,degree,random,2686000,1000,2991,0.03,30,0.45,0.1,50,0.035,2,0.5640509725016739,0.36849128535364134
2663,scale_free,degree,random,2687009,1000,2991,0.03,30,0.45,0.1,50,0.036,2,0.5526492287055667,0.3924095308483889
2664,scale_free,degree,random,2688018,1000,2991,0.03,30,0.45,0.1,50,0.034,1,0.4755197853789396,0.35393343140303474
2665,scale_free,degree,random,2689027,1000,2991,0.03,30,0.45,0.1,50,0.038,3,0.5915492957746394,0.38367550349523855
2666,scale_free,degree,random,2690036,1000,2991,0.03,30,0.45,0.1,50,0.045,3,0.5801104972375712,0.35289065992608515
2667,scale_free,degree,random,2691045,1000,2991,0.03,30,0.45,0.1,50,0.037,1,0.528169014084507,0.37624562038595877
2668,scale_free,degree,random,2692054,1000,2991,0.03,30,0.45,0.1,50,0.041,2,0.51475519785379,0.31094411155369417
2669,scale_free,degree,random,2693063,1000,2991,0.03,30,0.45,0.1,50,0.036,1,0.553655264922872,0.3415238360336595
2670,scale_free,degree,random,2694072,1000,2991,0.03,30,0.45,0.1,50,0.033,1,0.5640509725016756,0.38092033671777503
2671,scale_free,degree,random,2695081,1000,2991,0.03,30,0.45,0.1,50,0.041,2,0.501006036217305,0.336704732368282
2672,scale_free,degree,random,2696090,1000,2991,0.03,30,0.45,0.1,50,0.034,1,0.5606975184440016,0.378035941835493
2673,scale_free,degree,random,2697099,1000,2991,0.03,30,0.45,0.1,50,0.041,2,0.5197853789403172,0.3072067607789737
2674,scale_free,degree,random,2698108,1000,2991,0.03,30,0.45,0.1,50,0.036,1,0.5767940979208624,0.38501607720334186
2675,scale_free,degree,random,2699117,1000,2991,0.03,30,0.45,0.1,50,0.036,2,0.5908786049631156,0.36347125217980697
2676,scale_free,degree,random,2700126,1000,2991,0.03,30,0.45,0.1,50,0.036,1,0.5469483568075163,0.38562595088847346
2677,scale_free,degree,random,2701135,1000,2991,0.03,30,0.45,0.1,50,0.043,3,0.4037558685446052,0.23252880343377533
2678,scale_free,degree,random,2702144,1000,2991,0.03,30,0.45,0.1,50,0.05,2,0.4570757880617103,0.24952223794483677
2679,scale_free,degree,random,2703153,1000,2991,0.03,30,0.45,0.1,50,0.035,1,0.5835010060362087,0.4003430276073106
2680,scale_free,degree,random,2704162,1000,2991,0.03,30,0.45,0.1,50,0.047,1,0.5181086519114606,0.2419117919128444
2681,scale_free,degree,random,2705171,1000,2991,0.03,30,0.45,0.1,50,0.031,1,0.6576123407109326,0.45880603773055184
2682,scale_free,degree,random,2706180,1000,2991,0.03,30,0.45,0.1,50,0.045,2,0.4835680751173753,0.2834889237675722
2683,scale_free,degree,random,2707189,1000,2991,0.03,30,0.45,0.1,50,0.041,2,0.45808182427901367,0.2945564494167583
2684,scale_free,degree,random,2708198,1000,2991,0.03,30,0.45,0.1,50,0.033,2,0.5932260228034845,0.4242492547538729
2685,scale_free,degree,random,2709207,1000,2991,0.03,30,0.45,0.1,50,0.032,1,0.5305164319248813,0.3836484230133148
2686,scale_free,degree,random,2710216,1000,2991,0.03,30,0.45,0.1,50,0.044,2,0.40140845070422493,0.23659961913328
2687,scale_free,degree,random,2711225,1000,2991,0.03,30,0.45,0.1,50,0.034,1,0.6123407109322608,0.44171907629040325
2688,scale_free,degree,random,2712234,1000,2991,0.03,30,0.45,0.1,50,0.034,1,0.5697518443997273,0.4101581513539684
2689,scale_free,degree,random,2713243,1000,2991,0.03,30,0.45,0.1,50,0.036,1,0.5922199865861829,0.36709125227053724
2690,scale_free,degree,random,2714252,1000,2991,0.03,30,0.45,0.1,50,0.046,1,0.44701542588866583,0.23633067807725616
2691,scale_free,degree,random,2715261,1000,2991,0.03,30,0.45,0.1,50,0.037,1,0.5700871898055078,0.382569245716539
2692,scale_free,degree,random,2716270,1000,2991,0.03,30,0.45,0.1,50,0.037,1,0.5191146881287654,0.3509493701584052
2693,scale_free,degree,random,2717279,1000,2991,0.03,30,0.45,0.1,50,0.035,1,0.5804828973843098,0.44806789064658803
2694,scale_free,degree,random,2718288,1000,2991,0.03,30,0.45,0.1,50,0.042,3,0.5556673373574798,0.33209629462176266
2695,scale_free,degree,random,2719297,1000,2991,0.03,30,0.45,0.1,50,0.04,1,0.5124077800134174,0.31027561663927167
2696,scale_free,degree,random,2720306,1000,2991,0.03,30,0.45,0.1,50,0.046,2,0.43628437290408806,0.246858090263868
2697,scale_free,degree,random,2721315,1000,2991,0.03,30,0.45,0.1,50,0.033,1,0.5814889336016078,0.4264900669573437
2698,scale_free,degree,random,2722324,1000,2991,0.03,30,0.45,0.1,50,0.033,1,0.716579686872742,0.5093256649788893
2699,scale_free,degree,random,2723333,1000,2991,0.03,30,0.45,0.1,50,0.039,1,0.5271629778672039,0.2878246293140968
2700,scale_free,degree,random,2724342,1000,2991,0.03,30,0.45,0.1,50,0.044,2,0.48189134808853556,0.27599487821601937
2641,scale_free,degree,random,2664811,1000,2991,0.03,30,0.45,0.1,50,0.034,1,0.5563380281690125,0.3886971773169433
2642,scale_free,degree,random,2665820,1000,2991,0.03,30,0.45,0.1,50,0.035,1,0.6063044936284373,0.43636015580101833
2643,scale_free,degree,random,2666829,1000,2991,0.03,30,0.45,0.1,50,0.032,1,0.6384976525821642,0.4464160864920283
2644,scale_free,degree,random,2667838,1000,2991,0.03,30,0.45,0.1,50,0.039,1,0.6341034655951789,0.4236533563382219
2645,scale_free,degree,random,2668847,1000,2991,0.03,30,0.45,0.1,50,0.037,2,0.5553319919517101,0.3727022542425015
2646,scale_free,degree,random,2669856,1000,2991,0.03,30,0.45,0.1,50,0.039,2,0.46613011401744414,0.29717583061034175
2647,scale_free,degree,random,2670865,1000,2991,0.03,30,0.45,0.1,50,0.033,1,0.5315224681421842,0.39408343659978634
2648,scale_free,degree,random,2671874,1000,2991,0.03,30,0.45,0.1,50,0.04,1,0.5023474178403757,0.29533593025460586
2649,scale_free,degree,random,2672883,1000,2991,0.03,30,0.45,0.1,50,0.037,2,0.5881958417169657,0.39820052274560225
2650,scale_free,degree,random,2673892,1000,2991,0.03,30,0.45,0.1,50,0.031,1,0.6472166331321342,0.465463033990331
2651,scale_free,degree,random,2674901,1000,2991,0.03,30,0.45,0.1,50,0.034,2,0.5677397719651155,0.4134562385675292
2652,scale_free,degree,random,2675910,1000,2991,0.03,30,0.45,0.1,50,0.047,2,0.4812206572769863,0.25369188806311865
2653,scale_free,degree,random,2676919,1000,2991,0.03,30,0.45,0.1,50,0.034,2,0.584507042253526,0.4133219311757203
2654,scale_free,degree,random,2677928,1000,2991,0.03,30,0.45,0.1,50,0.034,1,0.6247484909456819,0.40208209091805197
2655,scale_free,degree,random,2678937,1000,2991,0.03,30,0.45,0.1,50,0.04,2,0.568075117370894,0.3764321411336607
2656,scale_free,degree,random,2679946,1000,2991,0.03,30,0.45,0.1,50,0.052,2,0.45640509725016065,0.2343443757691178
2657,scale_free,degree,random,2680955,1000,2991,0.03,30,0.45,0.1,50,0.043,2,0.5741113346747075,0.32659447669375213
2658,scale_free,degree,random,2681964,1000,2991,0.03,30,0.45,0.1,50,0.031,1,0.5912139503688778,0.4498245757301398
2659,scale_free,degree,random,2682973,1000,2991,0.03,30,0.45,0.1,50,0.035,1,0.5533199195170958,0.36868273813756464
2660,scale_free,degree,random,2683982,1000,2991,0.03,30,0.45,0.1,50,0.037,1,0.545271629778672,0.3285075723714952
2701,scale_free,degree,random,2725351,1000,2991,0.03,30,0.45,0.1,50,0.034,1,0.5925553319919514,0.363215809317493
2702,scale_free,degree,random,2726360,1000,2991,0.03,30,0.45,0.1,50,0.035,1,0.6358613761928816,0.44683206631685995
2703,scale_free,degree,random,2727369,1000,2991,0.03,30,0.45,0.1,50,0.038,1,0.621236451224408,0.4103563744448847
2704,scale_free,degree,random,2728378,1000,2991,0.03,30,0.45,0.1,50,0.031,1,0.5325285043594947,0.4160153142852647
2705,scale_free,degree,random,2729387,1000,2991,0.03,30,0.45,0.1,50,0.039,1,0.5643863179074362,0.3550181466407612
2706,scale_free,degree,random,2730396,1000,2991,0.03,30,0.45,0.1,50,0.04,2,0.5489604292421113,0.3505882429603082
2707,scale_free,degree,random,2731405,1000,2991,0.03,30,0.45,0.1,50,0.034,1,0.6052984574111395,0.4177990455147125
2708,scale_free,degree,random,2732414,1000,2991,0.03,30,0.45,0.1,50,0.045,2,0.4879275653923568,0.28804213155510583
2709,scale_free,degree,random,2733423,1000,2991,0.03,30,0.45,0.1,50,0.038,2,0.5308517773306506,0.31773473606345715
2710,scale_free,degree,random,2734432,1000,2991,0.03,30,0.45,0.1,50,0.049,3,0.4423205902079088,0.20312829469991606
2711,scale_free,degree,random,2735441,1000,2991,0.03,30,0.45,0.1,50,0.034,1,0.5821596244131456,0.37420006227189423
2712,scale_free,degree,random,2736450,1000,2991,0.03,30,0.45,0.1,50,0.038,1,0.49597585513078996,0.3138769058102621
2713,scale_free,degree,random,2737459,1000,2991,0.03,30,0.45,0.1,50,0.039,2,0.5140845070422556,0.33056041633669936
2714,scale_free,degree,random,2738468,1000,2991,0.03,30,0.45,0.1,50,0.04,1,0.5197853789403106,0.3321616458889651
2715,scale_free,degree,random,2739477,1000,2991,0.03,30,0.45,0.1,50,0.039,1,0.5576794097920916,0.34228056380172084
2716,scale_free,degree,random,2740486,1000,2991,0.03,30,0.45,0.1,50,0.034,1,0.6197183098591452,0.41899931075582514
2717,scale_free,degree,random,2741495,1000,2991,0.03,30,0.45,0.1,50,0.045,3,0.5717639168343364,0.3025820042279613
2718,scale_free,degree,random,2742504,1000,2991,0.03,30,0.45,0.1,50,0.034,1,0.6036217303822814,0.3907893660266662
2719,scale_free,degree,random,2743513,1000,2991,0.03,30,0.45,0.1,50,0.042,2,0.5325285043594817,0.33634191975269595
2720,scale_free,degree,random,2744522,1000,2991,0.03,30,0.45,0.1,50,0.036,1,0.697912484945796,0.4998453076266913
2721,scale_free,degree,random,2745531,1000,2991,0.03,30,0.45,0.1,50,0.033,1,0.6405058209554395,0.4849115951202606
2722,scale_free,degree,random,2746540,1000,2991,0.03,30,0.45,0.1,50,0.033,1,0.6267605633802751,0.4456604104105318
2723,scale_free,degree,random,2747549,1000,2991,0.03,30,0.45,0.1,50,0.032,1,0.592890677397712,0.41537469769404983
2724,scale_free,degree,random,2748558,1000,2991,0.03,30,0.45,0.1,50,0.033,1,0.6163648558014724,0.43954717773207047
2725,scale_free,degree,random,2749567,1000,2991,0.03,30,0.45,0.1,50,0.038,1,0.5251509054325957,0.33630700659855434
2726,scale_free,degree,random,2750576,1000,2991,0.03,30,0.45,0.1,50,0.034,1,0.6361125062782421,0.48157652377595983
2727,scale_free,degree,random,2751585,1000,2991,0.03,30,0.45,0.1,50,0.043,2,0.4567404426559356,0.26687031930591076
2728,scale_free,degree,random,2752594,1000,2991,0.03,30,0.45,0.1,50,0.038,1,0.46579476861166097,0.31549808186192274
2729,scale_free,degree,random,2753603,1000,2991,0.03,30,0.45,0.1,50,0.043,3,0.5251509054326048,0.2886808838897862
2730,scale_free,degree,random,2754612,1000,2991,0.03,30,0.45,0.1,50,0.034,2,0.5885311871227277,0.40871104206524217
2731,scale_free,degree,random,2755621,1000,2991,0.03,30,0.45,0.1,50,0.035,1,0.555331991951707,0.39099336007864033
2732,scale_free,degree,random,2756630,1000,2991,0.03,30,0.45,0.1,50,0.039,1,0.48692152917505666,0.2581753085605855
2733,scale_free,degree,random,2757639,1000,2991,0.03,30,0.45,0.1,50,0.035,1,0.526827632461441,0.36980660950185845
2734,scale_free,degree,random,2758648,1000,2991,0.03,30,0.45,0.1,50,0.047,4,0.47987927565392263,0.21791582392700665
2735,scale_free,degree,random,2759657,1000,2991,0.03,30,0.45,0.1,50,0.036,1,0.501006036217304,0.3468325260669397
2736,scale_free,degree,random,2760666,1000,2991,0.03,30,0.45,0.1,50,0.037,1,0.4976525821596245,0.306015633265965
2737,scale_free,degree,random,2761675,1000,2991,0.03,30,0.45,0.1,50,0.035,1,0.5553319919517102,0.3528694508879855
2738,scale_free,degree,random,2762684,1000,2991,0.03,30,0.45,0.1,50,0.033,1,0.6321260898725708,0.4493831179769541
2739,scale_free,degree,random,2763693,1000,2991,0.03,30,0.45,0.1,50,0.035,2,0.5419181757209929,0.35354438358574164
2740,scale_free,degree,random,2764702,1000,2991,0.03,30,0.45,0.1,50,0.034,1,0.6089872568745754,0.449812069610382
2741,scale_free,degree,random,2765711,1000,2991,0.03,30,0.45,0.1,50,0.032,1,0.6438631790744467,0.48984564283966536
2742,scale_free,degree,random,2766720,1000,2991,0.03,30,0.45,0.1,50,0.04,1,0.562709590878602,0.35094350234802985
2743,scale_free,degree,random,2767729,1000,2991,0.03,30,0.45,0.1,50,0.039,2,0.5140845070422555,0.32916167595937096
2744,scale_free,degree,random,2768738,1000,2991,0.03,30,0.45,0.1,50,0.033,1,0.5617035546613117,0.4318261478159915
2745,scale_free,degree,random,2769747,1000,2991,0.03,30,0.45,0.1,50,0.038,1,0.5519785378940278,0.336815618125752
2746,scale_free,degree,random,2770756,1000,2991,0.03,30,0.45,0.1,50,0.04,1,0.5264922870556566,0.3426908821465619
2747,scale_free,degree,random,2771765,1000,2991,0.03,30,0.45,0.1,50,0.036,2,0.5700871898055039,0.3918435360072586
2748,scale_free,degree,random,2772774,1000,2991,0.03,30,0.45,0.1,50,0.037,1,0.5194500335345414,0.3667852649522557
2749,scale_free,degree,random,2773783,1000,2991,0.03,30,0.45,0.1,50,0.041,2,0.4926224010731074,0.30637314532400983
2750,scale_free,degree,random,2774792,1000,2991,0.03,30,0.45,0.1,50,0.041,2,0.5667337357478263,0.32428932966714863
2751,scale_free,degree,random,2775801,1000,2991,0.03,30,0.45,0.1,50,0.034,1,0.6069751844399643,0.4152237645195904
2752,scale_free,degree,random,2776810,1000,2991,0.03,30,0.45,0.1,50,0.035,1,0.5486250838363514,0.3834727326039163
2753,scale_free,degree,random,2777819,1000,2991,0.03,30,0.45,0.1,50,0.034,1,0.6130114017437867,0.4520542184106569
2754,scale_free,degree,random,2778828,1000,2991,0.03,30,0.45,0.1,50,0.033,1,0.6036217303822881,0.42531416438321845
2755,scale_free,degree,random,2779837,1000,2991,0.03,30,0.45,0.1,50,0.04,1,0.4560697518444005,0.30548834878081316
2756,scale_free,degree,random,2780846,1000,2991,0.03,30,0.45,0.1,50,0.037,2,0.4319248826290996,0.2996569035571549
2757,scale_free,degree,random,2781855,1000,2991,0.03,30,0.45,0.1,50,0.036,2,0.5539906103286388,0.3625505055579795
2758,scale_free,degree,random,2782864,1000,2991,0.03,30,0.45,0.1,50,0.036,1,0.5103957075788014,0.35697626814851
2759,scale_free,degree,random,2783873,1000,2991,0.03,30,0.45,0.1,50,0.045,2,0.48021462105968804,0.2555101659970999
2760,scale_free,degree,random,2784882,1000,2991,0.03,30,0.45,0.1,50,0.031,1,0.6378269617706143,0.4900722128975077
2761,scale_free,degree,random,2785891,1000,2991,0.03,30,0.45,0.1,50,0.035,2,0.5878955298844779,0.4014266050380314
2762,scale_free,degree,random,2786900,1000,2991,0.03,30,0.45,0.1,50,0.04,1,0.4815560026827632,0.3007481609324365
2763,scale_free,degree,random,2787909,1000,2991,0.03,30,0.45,0.1,50,0.037,2,0.5187793427230082,0.2987972749147022
2764,scale_free,degree,random,2788918,1000,2991,0.03,30,0.45,0.1,50,0.037,2,0.5345405767940989,0.31650836661880566
2765,scale_free,degree,random,2789927,1000,2991,0.03,30,0.45,0.1,50,0.037,1,0.6002682763246193,0.39777669956396
2766,scale_free,degree,random,2790936,1000,2991,0.03,30,0.45,0.1,50,0.039,1,0.5228034875922236,0.34732861763266965
2767,scale_free,degree,random,2791945,1000,2991,0.03,30,0.45,0.1,50,0.032,1,0.6066398390342045,0.4147390408878373
2768,scale_free,degree,random,2792954,1000,2991,0.03,30,0.45,0.1,50,0.036,1,0.5566733735747795,0.3575888920343576
2769,scale_free,degree,random,2793963,1000,2991,0.03,30,0.45,0.1,50,0.036,1,0.5767940979208627,0.3865298066908783
2770,scale_free,degree,random,2794972,1000,2991,0.03,30,0.45,0.1,50,0.034,1,0.5606975184439991,0.4016889797363099
2771,scale_free,degree,random,2795981,1000,2991,0.03,30,0.45,0.1,50,0.046,2,0.45942320590208485,0.2563818725099037
2772,scale_free,degree,random,2796990,1000,2991,0.03,30,0.45,0.1,50,0.036,1,0.5905432595573464,0.3926365119258476
2773,scale_free,degree,random,2797999,1000,2991,0.03,30,0.45,0.1,50,0.036,1,0.5181086519114658,0.3530429603073743
2774,scale_free,degree,random,2799008,1000,2991,0.03,30,0.45,0.1,50,0.032,1,0.6562709590878654,0.4657217077535345
2775,scale_free,degree,random,2800017,1000,2991,0.03,30,0.45,0.1,50,0.04,2,0.5462776659959736,0.3458914894926463
2776,scale_free,degree,random,2801026,1000,2991,0.03,30,0.45,0.1,50,0.033,1,0.5915492957746499,0.420403884793189
2777,scale_free,degree,random,2802035,1000,2991,0.03,30,0.45,0.1,50,0.035,1,0.5932260228034841,0.38736891471743884
2778,scale_free,degree,random,2803044,1000,2991,0.03,30,0.45,0.1,50,0.039,3,0.5281690140845098,0.34377022583509015
2779,scale_free,degree,random,2804053,1000,2991,0.03,30,0.45,0.1,50,0.037,1,0.5479543930248152,0.3606793507626479
2780,scale_free,degree,random,2805062,1000,2991,0.03,30,0.45,0.1,50,0.034,1,0.5975855130784702,0.4022636716454238
2781,scale_free,degree,random,2806071,1000,2991,0.03,30,0.45,0.1,50,0.039,2,0.5764587525150888,0.33179501884519647
2782,scale_free,degree,random,2807080,1000,2991,0.03,30,0.45,0.1,50,0.038,1,0.5093896713615028,0.3324968680515311
2783,scale_free,degree,random,2808089,1000,2991,0.03,30,0.45,0.1,50,0.035,1,0.5788061703554653,0.39928841188888303
2784,scale_free,degree,random,2809098,1000,2991,0.03,30,0.45,0.1,50,0.039,1,0.5382293762575453,0.31681682314508114
2785,scale_free,degree,random,2810107,1000,2991,0.03,30,0.45,0.1,50,0.032,1,0.5895372233400371,0.413761036448696
2786,scale_free,degree,random,2811116,1000,2991,0.03,30,0.45,0.1,50,0.049,2,0.4500335345405836,0.21718498763309393
2787,scale_free,degree,random,2812125,1000,2991,0.03,30,0.45,0.1,50,0.042,1,0.4946344735077132,0.28397000028741565
2788,scale_free,degree,random,2813134,1000,2991,0.03,30,0.45,0.1,50,0.035,1,0.545942320590199,0.3838287916717783
2789,scale_free,degree,random,2814143,1000,2991,0.03,30,0.45,0.1,50,0.04,1,0.5824949698189122,0.381396298909291
2790,scale_free,degree,random,2815152,1000,2991,0.03,30,0.45,0.1,50,0.035,1,0.5560026827632372,0.3719506362613666
2791,scale_free,degree,random,2816161,1000,2991,0.03,30,0.45,0.1,50,0.04,1,0.5097250167672734,0.33615578079684527
2792,scale_free,degree,random,2817170,1000,2991,0.03,30,0.45,0.1,50,0.045,3,0.4634473507712975,0.26982854875945694
2793,scale_free,degree,random,2818179,1000,2991,0.03,30,0.45,0.1,50,0.032,1,0.6203890006706947,0.44324903147385886
2794,scale_free,degree,random,2819188,1000,2991,0.03,30,0.45,0.1,50,0.033,1,0.5734406438631845,0.4096658199912748
2795,scale_free,degree,random,2820197,1000,2991,0.03,30,0.45,0.1,50,0.034,1,0.6143527833668677,0.4456374356585716
2796,scale_free,degree,random,2821206,1000,2991,0.03,30,0.45,0.1,50,0.04,2,0.5593561368209184,0.3427775348588354
2797,scale_free,degree,random,2822215,1000,2991,0.03,30,0.45,0.1,50,0.046,2,0.440643863179073,0.23041220528881481
2798,scale_free,degree,random,2823224,1000,2991,0.03,30,0.45,0.1,50,0.033,1,0.5402414486921553,0.39276772139984567
2799,scale_free,degree,random,2824233,1000,2991,0.03,30,0.45,0.1,50,0.034,1,0.6305876443997988,0.4362778742939489
2800,scale_free,degree,random,2825242,1000,2991,0.03,30,0.45,0.1,50,0.036,1,0.6106639839034252,0.4002448544191861
2801,small_world,degree,random,2826251,1000,3000,0.03,30,0.45,0.1,50,0.03,0,0.810500000000004,0.885772824926113
2802,small_world,degree,random,2827260,1000,3000,0.03,30,0.45,0.1,50,0.034,2,0.8113333333333336,0.8791256972977364
2803,small_world,degree,random,2828269,1000,3000,0.03,30,0.45,0.1,50,0.038,4,0.793,0.8695608039837456
2804,small_world,degree,random,2829278,1000,3000,0.03,30,0.45,0.1,50,0.03,0,0.7915000000000045,0.8891966548443582
2805,small_world,degree,random,2830287,1000,3000,0.03,30,0.45,0.1,50,0.036,4,0.7839999999999973,0.8779854299318169
2806,small_world,degree,random,2831296,1000,3000,0.03,30,0.45,0.1,50,0.04,4,0.7970000000000047,0.8662592602809163
2807,small_world,degree,random,2832305,1000,3000,0.03,30,0.45,0.1,50,0.039,4,0.788333333333334,0.8577078635492652
2808,small_world,degree,random,2833314,1000,3000,0.03,30,0.45,0.1,50,0.036,2,0.7876666666666636,0.8651425752972965
2809,small_world,degree,random,2834323,1000,3000,0.03,30,0.45,0.1,50,0.035,3,0.7963333333333336,0.8731061475743689
2810,small_world,degree,random,2835332,1000,3000,0.03,30,0.45,0.1,50,0.034,2,0.7895000000000039,0.8700705895321386
2811,small_world,degree,random,2836341,1000,3000,0.03,30,0.45,0.1,50,0.035,3,0.7920000000000036,0.8829600312881807
2812,small_world,degree,random,2837350,1000,3000,0.03,30,0.45,0.1,50,0.03,0,0.8035000000000048,0.8994899689104842
2813,small_world,degree,random,2838359,1000,3000,0.03,30,0.45,0.1,50,0.03,0,0.7970000000000046,0.8910712173486096
2814,small_world,degree,random,2839368,1000,3000,0.03,30,0.45,0.1,50,0.04,5,0.7870000000000033,0.8623652158959462
2815,small_world,degree,random,2840377,1000,3000,0.03,30,0.45,0.1,50,0.031,1,0.8005000000000041,0.8858100226327733
2816,small_world,degree,random,2841386,1000,3000,0.03,30,0.45,0.1,50,0.033,3,0.7859999999999999,0.8810373854139214
2817,small_world,degree,random,2842395,1000,3000,0.03,30,0.45,0.1,50,0.047,6,0.7853333333333338,0.8448917293630286
2818,small_world,degree,random,2843404,1000,3000,0.03,30,0.45,0.1,50,0.033,1,0.7785000000000047,0.8766715108978671
2819,small_world,degree,random,2844413,1000,3000,0.03,30,0.45,0.1,50,0.039,4,0.7920000000000034,0.8671370239613538
2820,small_world,degree,random,2845422,1000,3000,0.03,30,0.45,0.1,50,0.035,3,0.8113333333333331,0.8808155997655024
2821,small_world,degree,random,2846431,1000,3000,0.03,30,0.45,0.1,50,0.042,4,0.7970000000000053,0.8672141354730044
2822,small_world,degree,random,2847440,1000,3000,0.03,30,0.45,0.1,50,0.04,5,0.7735000000000056,0.8591291642101199
2823,small_world,degree,random,2848449,1000,3000,0.03,30,0.45,0.1,50,0.034,1,0.8163333333333334,0.8792525035815018
2824,small_world,degree,random,2849458,1000,3000,0.03,30,0.45,0.1,50,0.032,2,0.8023333333333335,0.88567204499979
2825,small_world,degree,random,2850467,1000,3000,0.03,30,0.45,0.1,50,0.033,2,0.8150000000000002,0.8886996612080661
2826,small_world,degree,random,2851476,1000,3000,0.03,30,0.45,0.1,50,0.039,3,0.7996666666666665,0.8730802087151366
2827,small_world,degree,random,2852485,1000,3000,0.03,30,0.45,0.1,50,0.033,3,0.7873333333333334,0.8766061574344844
2828,small_world,degree,random,2853494,1000,3000,0.03,30,0.45,0.1,50,0.033,2,0.7825000000000042,0.8739819481353505
2829,small_world,degree,random,2854503,1000,3000,0.03,30,0.45,0.1,50,0.034,3,0.7863333333333333,0.8769168904171702
2830,small_world,degree,random,2855512,1000,3000,0.03,30,0.45,0.1,50,0.035,3,0.7815000000000045,0.8747854553524776
2831,small_world,degree,random,2856521,1000,3000,0.03,30,0.45,0.1,50,0.031,1,0.7876666666666647,0.8837269729796334
2832,small_world,degree,random,2857530,1000,3000,0.03,30,0.45,0.1,50,0.041,4,0.7933333333333333,0.8717030396393228
2833,small_world,degree,random,2858539,1000,3000,0.03,30,0.45,0.1,50,0.033,3,0.8033333333333333,0.8819215986510064
2834,small_world,degree,random,2859548,1000,3000,0.03,30,0.45,0.1,50,0.035,3,0.7879999999999999,0.8711321450448264
2835,small_world,degree,random,2860557,1000,3000,0.03,30,0.45,0.1,50,0.03,0,0.7865000000000026,0.8804840813911897
2836,small_world,degree,random,2861566,1000,3000,0.03,30,0.45,0.1,50,0.031,1,0.7913333333333336,0.8843098946651723
2837,small_world,degree,random,2862575,1000,3000,0.03,30,0.45,0.1,50,0.031,1,0.7830000000000058,0.8805367977206363
2838,small_world,degree,random,2863584,1000,3000,0.03,30,0.45,0.1,50,0.03,0,0.7983333333333335,0.8909233005757583
2839,small_world,degree,random,2864593,1000,3000,0.03,30,0.45,0.1,50,0.045,7,0.7859999999999995,0.8586516173108907
2840,small_world,degree,random,2865602,1000,3000,0.03,30,0.45,0.1,50,0.049,9,0.7780000000000042,0.854759258716498
2861,small_world,degree,random,2886791,1000,3000,0.03,30,0.45,0.1,50,0.03,0,0.8033333333333303,0.8887722095544245
2862,small_world,degree,random,2887800,1000,3000,0.03,30,0.45,0.1,50,0.035,3,0.7970000000000033,0.8780750996433883
2863,small_world,degree,random,2888809,1000,3000,0.03,30,0.45,0.1,50,0.031,1,0.7935000000000039,0.8850187631453843
2864,small_world,degree,random,2889818,1000,3000,0.03,30,0.45,0.1,50,0.035,3,0.7890000000000007,0.8734659216850725
2865,small_world,degree,random,2890827,1000,3000,0.03,30,0.45,0.1,50,0.03,0,0.8023333333333338,0.8926328662590253
2866,small_world,degree,random,2891836,1000,3000,0.03,30,0.45,0.1,50,0.039,4,0.8046666666666648,0.8796612569677128
2867,small_world,degree,random,2892845,1000,3000,0.03,30,0.45,0.1,50,0.039,5,0.7965000000000036,0.8697234816857613
2868,small_world,degree,random,2893854,1000,3000,0.03,30,0.45,0.1,50,0.034,4,0.7925000000000038,0.8820820647637451
2869,small_world,degree,random,2894863,1000,3000,0.03,30,0.45,0.1,50,0.035,4,0.7915000000000038,0.8731373534119142
2870,small_world,degree,random,2895872,1000,3000,0.03,30,0.45,0.1,50,0.03,0,0.7790000000000045,0.8843030049223826
2871,small_world,degree,random,2896881,1000,3000,0.03,30,0.45,0.1,50,0.039,4,0.7939999999999997,0.8724581743134178
2872,small_world,degree,random,2897890,1000,3000,0.03,30,0.45,0.1,50,0.03,0,0.8140000000000003,0.8900733791700957
2873,small_world,degree,random,2898899,1000,3000,0.03,30,0.45,0.1,50,0.033,1,0.8115000000000026,0.8877975137201731
2874,small_world,degree,random,2899908,1000,3000,0.03,30,0.45,0.1,50,0.034,3,0.7959999999999996,0.8720006139824592
2875,small_world,degree,random,2900917,1000,3000,0.03,30,0.45,0.1,50,0.04,6,0.7820000000000047,0.8673527067983218
2876,small_world,degree,random,2901926,1000,3000,0.03,30,0.45,0.1,50,0.039,8,0.7910000000000036,0.8714922891307324
2877,small_world,degree,random,2902935,1000,3000,0.03,30,0.45,0.1,50,0.037,6,0.7926666666666639,0.8748400724151657
2878,small_world,degree,random,2903944,1000,3000,0.03,30,0.45,0.1,50,0.043,7,0.7953333333333331,0.8652563868545351
2879,small_world,degree,random,2904953,1000,3000,0.03,30,0.45,0.1,50,0.03,0,0.7960000000000036,0.8842706605007794
2880,small_world,degree,random,2905962,1000,3000,0.03,30,0.45,0.1,50,0.03,0,0.8033333333333326,0.8877829058311304
2841,small_world,degree,random,2866611,1000,3000,0.03,30,0.45,0.1,50,0.038,6,0.793333333333334,0.8762956086660957
2842,small_world,degree,random,2867620,1000,3000,0.03,30,0.45,0.1,50,0.049,7,0.7805000000000051,0.8447269225436123
2843,small_world,degree,random,2868629,1000,3000,0.03,30,0.45,0.1,50,0.045,11,0.7855000000000043,0.8622420127238667
2844,small_world,degree,random,2869638,1000,3000,0.03,30,0.45,0.1,50,0.036,3,0.809000000000004,0.8876719994280043
2845,small_world,degree,random,2870647,1000,3000,0.03,30,0.45,0.1,50,0.033,2,0.8035000000000042,0.8889629409711994
2846,small_world,degree,random,2871656,1000,3000,0.03,30,0.45,0.1,50,0.034,2,0.7880000000000001,0.8783562614072745
2847,small_world,degree,random,2872665,1000,3000,0.03,30,0.45,0.1,50,0.053,8,0.765,0.8341879843631175
2848,small_world,degree,random,2873674,1000,3000,0.03,30,0.45,0.1,50,0.03,0,0.7930000000000044,0.8821354016757017
2849,small_world,degree,random,2874683,1000,3000,0.03,30,0.45,0.1,50,0.031,1,0.7983333333333329,0.8866497671513237
2850,small_world,degree,random,2875692,1000,3000,0.03,30,0.45,0.1,50,0.031,1,0.790500000000003,0.8800808693785176
2851,small_world,degree,random,2876701,1000,3000,0.03,30,0.45,0.1,50,0.035,3,0.7823333333333333,0.8701255363175655
2852,small_world,degree,random,2877710,1000,3000,0.03,30,0.45,0.1,50,0.03,0,0.7940000000000043,0.8896719989059667
2853,small_world,degree,random,2878719,1000,3000,0.03,30,0.45,0.1,50,0.042,8,0.795500000000005,0.8724472119616911
2854,small_world,degree,random,2879728,1000,3000,0.03,30,0.45,0.1,50,0.031,1,0.7753333333333339,0.8785014794818097
2855,small_world,degree,random,2880737,1000,3000,0.03,30,0.45,0.1,50,0.038,6,0.7949999999999979,0.8677597957672537
2856,small_world,degree,random,2881746,1000,3000,0.03,30,0.45,0.1,50,0.037,4,0.7923333333333329,0.8718750849349458
2857,small_world,degree,random,2882755,1000,3000,0.03,30,0.45,0.1,50,0.04,5,0.802000000000003,0.8743783668688719
2858,small_world,degree,random,2883764,1000,3000,0.03,30,0.45,0.1,50,0.031,1,0.7956666666666666,0.8885568454224368
2859,small_world,degree,random,2884773,1000,3000,0.03,30,0.45,0.1,50,0.032,1,0.7785000000000061,0.8720721516176411
2860,small_world,degree,random,2885782,1000,3000,0.03,30,0.45,0.1,50,0.031,1,0.7985000000000037,0.8841624185745972
2881,small_world,degree,random,2906971,1000,3000,0.03,30,0.45,0.1,50,0.033,2,0.785000000000003,0.8831315250966694
2882,small_world,degree,random,2907980,1000,3000,0.03,30,0.45,0.1,50,0.031,1,0.7869999999999999,0.881602519896892
2883,small_world,degree,random,2908989,1000,3000,0.03,30,0.45,0.1,50,0.041,4,0.7946666666666669,0.8610006721808248
2884,small_world,degree,random,2909998,1000,3000,0.03,30,0.45,0.1,50,0.031,1,0.8019999999999977,0.8888108036780614
2885,small_world,degree,random,2911007,1000,3000,0.03,30,0.45,0.1,50,0.033,2,0.7963333333333332,0.8816596855495962
2886,small_world,degree,random,2912016,1000,3000,0.03,30,0.45,0.1,50,0.032,1,0.7915,0.8810968652327631
2887,small_world,degree,random,2913025,1000,3000,0.03,30,0.45,0.1,50,0.033,2,0.805666666666667,0.8858713619144609
2888,small_world,degree,random,2914034,1000,3000,0.03,30,0.45,0.1,50,0.04,7,0.7980000000000049,0.8770973885110102
2889,small_world,degree,random,2915043,1000,3000,0.03,30,0.45,0.1,50,0.039,6,0.7976666666666669,0.8816170538312487
2890,small_world,degree,random,2916052,1000,3000,0.03,30,0.45,0.1,50,0.049,6,0.7830000000000035,0.8599278089358723
2891,small_world,degree,random,2917061,1000,3000,0.03,30,0.45,0.1,50,0.03,0,0.7985000000000045,0.890913128956817
2892,small_world,degree,random,2918070,1000,3000,0.03,30,0.45,0.1,50,0.031,1,0.7909999999999999,0.88230285683021
2893,small_world,degree,random,2919079,1000,3000,0.03,30,0.45,0.1,50,0.03,0,0.7855000000000045,0.8822561975623356
2894,small_world,degree,random,2920088,1000,3000,0.03,30,0.45,0.1,50,0.031,1,0.7940000000000021,0.8758789360518433
2895,small_world,degree,random,2921097,1000,3000,0.03,30,0.45,0.1,50,0.03,0,0.7976666666666665,0.8850223418569519
2896,small_world,degree,random,2922106,1000,3000,0.03,30,0.45,0.1,50,0.03,0,0.7865000000000043,0.8864030095684753
2897,small_world,degree,random,2923115,1000,3000,0.03,30,0.45,0.1,50,0.035,2,0.7840000000000011,0.8726258460267134
2898,small_world,degree,random,2924124,1000,3000,0.03,30,0.45,0.1,50,0.03,0,0.8015000000000043,0.8928756067329793
2899,small_world,degree,random,2925133,1000,3000,0.03,30,0.45,0.1,50,0.031,1,0.803,0.8882809530261263
2900,small_world,degree,random,2926142,1000,3000,0.03,30,0.45,0.1,50,0.041,3,0.7943333333333329,0.8679504614981275
2901,small_world,degree,random,2927151,1000,3000,0.03,30,0.45,0.1,50,0.038,4,0.7880000000000045,0.8701411361430808
2902,small_world,degree,random,2928160,1000,3000,0.03,30,0.45,0.1,50,0.041,4,0.7964999999999988,0.8606965622660908
2903,small_world,degree,random,2929169,1000,3000,0.03,30,0.45,0.1,50,0.032,2,0.7855000000000031,0.8862129730454609
2904,small_world,degree,random,2930178,1000,3000,0.03,30,0.45,0.1,50,0.035,4,0.7846666666666662,0.8746727949447975
2905,small_world,degree,random,2931187,1000,3000,0.03,30,0.45,0.1,50,0.046,7,0.7920000000000005,0.8554699087123901
2906,small_world,degree,random,2932196,1000,3000,0.03,30,0.45,0.1,50,0.038,4,0.7920000000000051,0.8674283617913362
2907,small_world,degree,random,2933205,1000,3000,0.03,30,0.45,0.1,50,0.037,5,0.7960000000000044,0.8868532962410315
2908,small_world,degree,random,2934214,1000,3000,0.03,30,0.45,0.1,50,0.03,0,0.794500000000003,0.8905415668793079
2909,small_world,degree,random,2935223,1000,3000,0.03,30,0.45,0.1,50,0.041,7,0.7916666666666664,0.8725143111553668
2910,small_world,degree,random,2936232,1000,3000,0.03,30,0.45,0.1,50,0.036,3,0.7883333333333333,0.8731766600282502
2911,small_world,degree,random,2937241,1000,3000,0.03,30,0.45,0.1,50,0.038,4,0.7985,0.8727236129973117
2912,small_world,degree,random,2938250,1000,3000,0.03,30,0.45,0.1,50,0.031,1,0.7975000000000031,0.8824045663875557
2913,small_world,degree,random,2939259,1000,3000,0.03,30,0.45,0.1,50,0.031,1,0.7970000000000002,0.8903666765457625
2914,small_world,degree,random,2940268,1000,3000,0.03,30,0.45,0.1,50,0.03,0,0.7835000000000055,0.8837576247256123
2915,small_world,degree,random,2941277,1000,3000,0.03,30,0.45,0.1,50,0.03,0,0.8110000000000026,0.8911427883778114
2916,small_world,degree,random,2942286,1000,3000,0.03,30,0.45,0.1,50,0.032,2,0.7803333333333329,0.876382973177405
2917,small_world,degree,random,2943295,1000,3000,0.03,30,0.45,0.1,50,0.038,6,0.7996666666666665,0.8754238957421107
2918,small_world,degree,random,2944304,1000,3000,0.03,30,0.45,0.1,50,0.038,5,0.813666666666667,0.8818398192538267
2919,small_world,degree,random,2945313,1000,3000,0.03,30,0.45,0.1,50,0.035,4,0.7910000000000039,0.8763274138404701
2920,small_world,degree,random,2946322,1000,3000,0.03,30,0.45,0.1,50,0.037,6,0.7915000000000042,0.8708187572463395
2921,small_world,degree,random,2947331,1000,3000,0.03,30,0.45,0.1,50,0.03,0,0.7916666666666669,0.8895108443954544
2922,small_world,degree,random,2948340,1000,3000,0.03,30,0.45,0.1,50,0.031,1,0.8025000000000044,0.8934376386566194
2923,small_world,degree,random,2949349,1000,3000,0.03,30,0.45,0.1,50,0.049,9,0.7880000000000003,0.8627079805102217
2924,small_world,degree,random,2950358,1000,3000,0.03,30,0.45,0.1,50,0.039,5,0.7995000000000047,0.8739639039279613
2925,small_world,degree,random,2951367,1000,3000,0.03,30,0.45,0.1,50,0.038,3,0.7866666666666672,0.8702886738254806
2926,small_world,degree,random,2952376,1000,3000,0.03,30,0.45,0.1,50,0.03,0,0.8160000000000002,0.897480737218442
2927,small_world,degree,random,2953385,1000,3000,0.03,30,0.45,0.1,50,0.034,2,0.7906666666666669,0.8693010264353757
2928,small_world,degree,random,2954394,1000,3000,0.03,30,0.45,0.1,50,0.043,6,0.7936666666666669,0.8662993473771973
2929,small_world,degree,random,2955403,1000,3000,0.03,30,0.45,0.1,50,0.034,2,0.794666666666667,0.8805153017033548
2930,small_world,degree,random,2956412,1000,3000,0.03,30,0.45,0.1,50,0.038,4,0.7929999999999999,0.8660625341537612
2931,small_world,degree,random,2957421,1000,3000,0.03,30,0.45,0.1,50,0.03,0,0.7993333333333301,0.8889957066529617
2932,small_world,degree,random,2958430,1000,3000,0.03,30,0.45,0.1,50,0.033,3,0.7913333333333334,0.8783763103386434
2933,small_world,degree,random,2959439,1000,3000,0.03,30,0.45,0.1,50,0.035,3,0.7920000000000039,0.8834588110504435
2934,small_world,degree,random,2960448,1000,3000,0.03,30,0.45,0.1,50,0.034,2,0.7889999999999999,0.8762783606432124
2935,small_world,degree,random,2961457,1000,3000,0.03,30,0.45,0.1,50,0.03,0,0.8015000000000029,0.8903930863587962
2936,small_world,degree,random,2962466,1000,3000,0.03,30,0.45,0.1,50,0.033,3,0.7980000000000013,0.8801536788101777
2937,small_world,degree,random,2963475,1000,3000,0.03,30,0.45,0.1,50,0.034,3,0.7940000000000048,0.8753665319677196
2938,small_world,degree,random,2964484,1000,3000,0.03,30,0.45,0.1,50,0.036,4,0.8065000000000037,0.8834208027456004
2939,small_world,degree,random,2965493,1000,3000,0.03,30,0.45,0.1,50,0.034,3,0.7773333333333331,0.8745987429096167
2940,small_world,degree,random,2966502,1000,3000,0.03,30,0.45,0.1,50,0.032,2,0.8010000000000037,0.8823064150515173
2941,small_world,degree,random,2967511,1000,3000,0.03,30,0.45,0.1,50,0.034,3,0.7963333333333341,0.8773536780577605
2942,small_world,degree,random,2968520,1000,3000,0.03,30,0.45,0.1,50,0.044,6,0.7850000000000009,0.8592137806345651
2943,small_world,degree,random,2969529,1000,3000,0.03,30,0.45,0.1,50,0.039,6,0.7775000000000047,0.8622326448750485
2944,small_world,degree,random,2970538,1000,3000,0.03,30,0.45,0.1,50,0.039,4,0.7940000000000044,0.872322084965924
2945,small_world,degree,random,2971547,1000,3000,0.03,30,0.45,0.1,50,0.032,2,0.7939999999999998,0.8860167173442166
2946,small_world,degree,random,2972556,1000,3000,0.03,30,0.45,0.1,50,0.038,4,0.8090000000000027,0.8731664627200357
2947,small_world,degree,random,2973565,1000,3000,0.03,30,0.45,0.1,50,0.053,6,0.7936666666666663,0.8512075389260301
2948,small_world,degree,random,2974574,1000,3000,0.03,30,0.45,0.1,50,0.034,3,0.7865000000000044,0.8792121532051871
2949,small_world,degree,random,2975583,1000,3000,0.03,30,0.45,0.1,50,0.03,0,0.7970000000000039,0.8894858358787529
2950,small_world,degree,random,2976592,1000,3000,0.03,30,0.45,0.1,50,0.031,1,0.7903333333333334,0.8820242446796538
2951,small_world,degree,random,2977601,1000,3000,0.03,30,0.45,0.1,50,0.035,2,0.798000000000004,0.8804779414576032
2952,small_world,degree,random,2978610,1000,3000,0.03,30,0.45,0.1,50,0.048,8,0.7883333333333336,0.8570870715487389
2953,small_world,degree,random,2979619,1000,3000,0.03,30,0.45,0.1,50,0.042,9,0.7795000000000042,0.8567980607512143
2954,small_world,degree,random,2980628,1000,3000,0.03,30,0.45,0.1,50,0.034,2,0.7993333333333338,0.8782185297411227
2955,small_world,degree,random,2981637,1000,3000,0.03,30,0.45,0.1,50,0.04,4,0.8070000000000029,0.8791369184605412
2956,small_world,degree,random,2982646,1000,3000,0.03,30,0.45,0.1,50,0.041,6,0.7946666666666663,0.8707997396673409
2957,small_world,degree,random,2983655,1000,3000,0.03,30,0.45,0.1,50,0.033,1,0.7800000000000041,0.865587406349694
2958,small_world,degree,random,2984664,1000,3000,0.03,30,0.45,0.1,50,0.037,3,0.7956666666666673,0.8704707404971901
2959,small_world,degree,random,2985673,1000,3000,0.03,30,0.45,0.1,50,0.03,0,0.7983333333333336,0.8886614792328192
2960,small_world,degree,random,2986682,1000,3000,0.03,30,0.45,0.1,50,0.053,8,0.7800000000000001,0.8311932981585857
2961,small_world,degree,random,2987691,1000,3000,0.03,30,0.45,0.1,50,0.046,9,0.7919999999999998,0.8623992039323637
2962,small_world,degree,random,2988700,1000,3000,0.03,30,0.45,0.1,50,0.032,2,0.7870000000000044,0.8771138083329205
2963,small_world,degree,random,2989709,1000,3000,0.03,30,0.45,0.1,50,0.04,5,0.7630000000000008,0.8469216835938044
2964,small_world,degree,random,2990718,1000,3000,0.03,30,0.45,0.1,50,0.033,2,0.7880000000000044,0.8723226082568198
2965,small_world,degree,random,2991727,1000,3000,0.03,30,0.45,0.1,50,0.046,6,0.7703333333333324,0.8519442994925598
2966,small_world,degree,random,2992736,1000,3000,0.03,30,0.45,0.1,50,0.032,1,0.7836666666666645,0.8785964162727271
2967,small_world,degree,random,2993745,1000,3000,0.03,30,0.45,0.1,50,0.038,5,0.7820000000000034,0.8704747131074646
2968,small_world,degree,random,2994754,1000,3000,0.03,30,0.45,0.1,50,0.03,0,0.7859999999999997,0.8820478801334787
2969,small_world,degree,random,2995763,1000,3000,0.03,30,0.45,0.1,50,0.047,7,0.7895000000000043,0.8570422663545563
2970,small_world,degree,random,2996772,1000,3000,0.03,30,0.45,0.1,50,0.033,2,0.8046666666666666,0.8845518748557513
2971,small_world,degree,random,2997781,1000,3000,0.03,30,0.45,0.1,50,0.037,4,0.7993333333333337,0.8787859053900775
2972,small_world,degree,random,2998790,1000,3000,0.03,30,0.45,0.1,50,0.037,5,0.811000000000003,0.8796517370972756
2973,small_world,degree,random,2999799,1000,3000,0.03,30,0.45,0.1,50,0.044,8,0.7930000000000044,0.8619948775687367
2974,small_world,degree,random,3000808,1000,3000,0.03,30,0.45,0.1,50,0.034,2,0.7906666666666672,0.8780982589340564
2975,small_world,degree,random,3001817,1000,3000,0.03,30,0.45,0.1,50,0.036,4,0.7940000000000003,0.8707700842314079
2976,small_world,degree,random,3002826,1000,3000,0.03,30,0.45,0.1,50,0.031,1,0.7866666666666666,0.8877815320274405
2977,small_world,degree,random,3003835,1000,3000,0.03,30,0.45,0.1,50,0.043,6,0.7805000000000039,0.8589877802528957
2978,small_world,degree,random,3004844,1000,3000,0.03,30,0.45,0.1,50,0.042,4,0.7820000000000057,0.8619774126033101
2979,small_world,degree,random,3005853,1000,3000,0.03,30,0.45,0.1,50,0.035,3,0.8100000000000035,0.8814781318904775
2980,small_world,degree,random,3006862,1000,3000,0.03,30,0.45,0.1,50,0.03,0,0.7979999999999974,0.8883433955192728
2981,small_world,degree,random,3007871,1000,3000,0.03,30,0.45,0.1,50,0.034,4,0.7920000000000046,0.8869155296234049
2982,small_world,degree,random,3008880,1000,3000,0.03,30,0.45,0.1,50,0.032,1,0.7999999999999973,0.8808064113688124
2983,small_world,degree,random,3009889,1000,3000,0.03,30,0.45,0.1,50,0.035,4,0.7880000000000006,0.8782347443340878
2984,small_world,degree,random,3010898,1000,3000,0.03,30,0.45,0.1,50,0.038,4,0.8023333333333326,0.8758630175311031
2985,small_world,degree,random,3011907,1000,3000,0.03,30,0.45,0.1,50,0.056,5,0.7769999999999972,0.8369850772022113
2986,small_world,degree,random,3012916,1000,3000,0.03,30,0.45,0.1,50,0.03,0,0.8076666666666668,0.8917340261504242
2987,small_world,degree,random,3013925,1000,3000,0.03,30,0.45,0.1,50,0.043,9,0.7926666666666675,0.870665469243514
2988,small_world,degree,random,3014934,1000,3000,0.03,30,0.45,0.1,50,0.042,5,0.7816666666666673,0.8597143391146208
2989,small_world,degree,random,3015943,1000,3000,0.03,30,0.45,0.1,50,0.036,5,0.7820000000000045,0.8768939623998095
2990,small_world,degree,random,3016952,1000,3000,0.03,30,0.45,0.1,50,0.032,1,0.7976666666666651,0.8804895168614534
2991,small_world,degree,random,3017961,1000,3000,0.03,30,0.45,0.1,50,0.039,6,0.7923333333333333,0.8717922448067211
2992,small_world,degree,random,3018970,1000,3000,0.03,30,0.45,0.1,50,0.035,3,0.7999999999999998,0.8726037260678766
2993,small_world,degree,random,3019979,1000,3000,0.03,30,0.45,0.1,50,0.03,0,0.7900000000000033,0.8854824798950707
2994,small_world,degree,random,3020988,1000,3000,0.03,30,0.45,0.1,50,0.037,3,0.7915000000000031,0.8768061336254929
2995,small_world,degree,random,3021997,1000,3000,0.03,30,0.45,0.1,50,0.048,7,0.7875000000000038,0.8569790698977561
2996,small_world,degree,random,3023006,1000,3000,0.03,30,0.45,0.1,50,0.035,3,0.7865000000000029,0.8699178733057193
2997,small_world,degree,random,3024015,1000,3000,0.03,30,0.45,0.1,50,0.036,2,0.8056666666666663,0.8885359619987216
2998,small_world,degree,random,3025024,1000,3000,0.03,30,0.45,0.1,50,0.035,3,0.7963333333333311,0.882901766743675
2999,small_world,degree,random,3026033,1000,3000,0.03,30,0.45,0.1,50,0.037,3,0.8140000000000047,0.8778897549421986
3000,small_world,degree,random,3027042,1000,3000,0.03,30,0.45,0.1,50,0.032,1,0.7883333333333334,0.8825023645862382
3021,random,inv_degree,random,3048231,1000,3005,0.03,30,0.45,0.1,50,0.032,1,0.8241551939924923,0.8012306247890865
3022,random,inv_degree,random,3049240,1000,3018,0.03,30,0.45,0.1,50,0.038,1,0.8057505850885956,0.7607838727356767
3023,random,inv_degree,random,3050249,1000,3003,0.03,30,0.45,0.1,50,0.035,1,0.8244385145652656,0.787622645602585
3024,random,inv_degree,random,3051258,1000,3104,0.03,30,0.45,0.1,50,0.034,1,0.8181818181818151,0.7706578934708084
3025,random,inv_degree,random,3052267,1000,3042,0.03,30,0.45,0.1,50,0.033,1,0.8431025770591213,0.8039644529463947
3026,random,inv_degree,random,3053276,1000,3012,0.03,30,0.45,0.1,50,0.036,2,0.8113155976676386,0.7749741215683924
3027,random,inv_degree,random,3054285,1000,3009,0.03,30,0.45,0.1,50,0.035,2,0.8249849729513157,0.7808142279275013
3028,random,inv_degree,random,3055294,1000,2923,0.03,30,0.45,0.1,50,0.045,3,0.8099092469953412,0.7508420742904013
3029,random,inv_degree,random,3056303,1000,2985,0.03,30,0.45,0.1,50,0.034,1,0.8182724252491691,0.7864997408613655
3030,random,inv_degree,random,3057312,1000,3032,0.03,30,0.45,0.1,50,0.034,2,0.8106884057971036,0.7778517719105681
3031,random,inv_degree,random,3058321,1000,2957,0.03,30,0.45,0.1,50,0.033,1,0.8163791394011527,0.7848467121668108
3032,random,inv_degree,random,3059330,1000,3021,0.03,30,0.45,0.1,50,0.034,2,0.8141996714728964,0.7767669364871187
3033,random,inv_degree,random,3060339,1000,2983,0.03,30,0.45,0.1,50,0.036,2,0.8258800088554357,0.7822314201877046
3034,random,inv_degree,random,3061348,1000,3015,0.03,30,0.45,0.1,50,0.036,1,0.8022296544035684,0.755104300936829
3035,random,inv_degree,random,3062357,1000,2985,0.03,30,0.45,0.1,50,0.04,2,0.8054489639293929,0.7544876005928549
3036,random,inv_degree,random,3063366,1000,2997,0.03,30,0.45,0.1,50,0.037,1,0.8122658006495134,0.7689234266422003
3037,random,inv_degree,random,3064375,1000,3021,0.03,30,0.45,0.1,50,0.034,1,0.8161277364932736,0.7693906174614616
3038,random,inv_degree,random,3065384,1000,2992,0.03,30,0.45,0.1,50,0.038,2,0.804347826086956,0.7578067087053745
3039,random,inv_degree,random,3066393,1000,3041,0.03,30,0.45,0.1,50,0.033,1,0.8175035289372874,0.7927202243214542
3040,random,inv_degree,random,3067402,1000,2944,0.03,30,0.45,0.1,50,0.038,2,0.8215981012658256,0.7784756414378873
3001,random,inv_degree,random,3028051,1000,2986,0.03,30,0.45,0.1,50,0.034,2,0.8378176382660708,0.7972377333166679
3002,random,inv_degree,random,3029060,1000,2976,0.03,30,0.45,0.1,50,0.031,1,0.8218550955414038,0.7989918551258423
3003,random,inv_degree,random,3030069,1000,3068,0.03,30,0.45,0.1,50,0.038,2,0.7899432278994362,0.7416515245753961
3004,random,inv_degree,random,3031078,1000,2961,0.03,30,0.45,0.1,50,0.036,1,0.8316134153601932,0.77703111721899
3005,random,inv_degree,random,3032087,1000,2998,0.03,30,0.45,0.1,50,0.041,2,0.8184657671164415,0.7607457757231918
3006,random,inv_degree,random,3033096,1000,2925,0.03,30,0.45,0.1,50,0.039,2,0.816502732240438,0.7865154527791357
3007,random,inv_degree,random,3034105,1000,3071,0.03,30,0.45,0.1,50,0.035,1,0.8254685030480936,0.7798149558763705
3008,random,inv_degree,random,3035114,1000,3129,0.03,30,0.45,0.1,50,0.036,1,0.8202928391672378,0.7783447843085152
3009,random,inv_degree,random,3036123,1000,3008,0.03,30,0.45,0.1,50,0.038,3,0.8188877755511023,0.7583738130731227
3010,random,inv_degree,random,3037132,1000,2918,0.03,30,0.45,0.1,50,0.032,1,0.8334826227158723,0.8112636392091692
3011,random,inv_degree,random,3038141,1000,2999,0.03,30,0.45,0.1,50,0.035,1,0.8154854476782937,0.7740293454473692
3012,random,inv_degree,random,3039150,1000,2993,0.03,30,0.45,0.1,50,0.033,1,0.8381406700687838,0.8054456146215457
3013,random,inv_degree,random,3040159,1000,3040,0.03,30,0.45,0.1,50,0.039,2,0.7949633699633699,0.7514587787506015
3014,random,inv_degree,random,3041168,1000,3087,0.03,30,0.45,0.1,50,0.039,1,0.7888058010423747,0.7467091376505178
3015,random,inv_degree,random,3042177,1000,3079,0.03,30,0.45,0.1,50,0.032,1,0.8146346980321209,0.7806138388543613
3016,random,inv_degree,random,3043186,1000,2999,0.03,30,0.45,0.1,50,0.033,1,0.8294176455886028,0.7984124722809011
3017,random,inv_degree,random,3044195,1000,2963,0.03,30,0.45,0.1,50,0.036,1,0.8110978757196772,0.7664497871160668
3018,random,inv_degree,random,3045204,1000,3022,0.03,30,0.45,0.1,50,0.035,1,0.827489950870925,0.7758851043077364
3019,random,inv_degree,random,3046213,1000,2990,0.03,30,0.45,0.1,50,0.034,1,0.8198003327786979,0.7816684768118193
3020,random,inv_degree,random,3047222,1000,2925,0.03,30,0.45,0.1,50,0.04,3,0.7977049180327866,0.7539690079659437
3081,random,inv_degree,random,3108771,1000,3064,0.03,30,0.45,0.1,50,0.042,2,0.7839343598055123,0.7180041875201703
3082,random,inv_degree,random,3109780,1000,3046,0.03,30,0.45,0.1,50,0.032,2,0.8478755690440068,0.8024900614962184
3083,random,inv_degree,random,3110789,1000,3038,0.03,30,0.45,0.1,50,0.037,2,0.801592099959696,0.7626746230156171
3084,random,inv_degree,random,3111798,1000,2970,0.03,30,0.45,0.1,50,0.039,2,0.8068432671081699,0.7552705040523153
3085,random,inv_degree,random,3112807,1000,2923,0.03,30,0.45,0.1,50,0.038,2,0.8169106401573094,0.7807992562341686
3086,random,inv_degree,random,3113816,1000,3024,0.03,30,0.45,0.1,50,0.035,2,0.8131028938906772,0.7694698195354553
3087,random,inv_degree,random,3114825,1000,2984,0.03,30,0.45,0.1,50,0.035,1,0.8374667847652791,0.7849168998473732
3088,random,inv_degree,random,3115834,1000,3007,0.03,30,0.45,0.1,50,0.034,1,0.8275094591586919,0.7863242901950126
3089,random,inv_degree,random,3116843,1000,3047,0.03,30,0.45,0.1,50,0.038,2,0.7939539590184682,0.7503313106323938
3090,random,inv_degree,random,3117852,1000,3070,0.03,30,0.45,0.1,50,0.036,1,0.8201017811704853,0.7690587230504933
3091,random,inv_degree,random,3118861,1000,3066,0.03,30,0.45,0.1,50,0.032,1,0.8166175929333824,0.7828324337905442
3092,random,inv_degree,random,3119870,1000,2981,0.03,30,0.45,0.1,50,0.043,2,0.8096541428215965,0.7503297288164127
3093,random,inv_degree,random,3120879,1000,2913,0.03,30,0.45,0.1,50,0.035,1,0.8319060435527291,0.7959892385182966
3094,random,inv_degree,random,3121888,1000,3050,0.03,30,0.45,0.1,50,0.035,1,0.8133707865168534,0.7729316101197813
3095,random,inv_degree,random,3122897,1000,2991,0.03,30,0.45,0.1,50,0.037,1,0.8122643601685509,0.776442968598549
3096,random,inv_degree,random,3123906,1000,3028,0.03,30,0.45,0.1,50,0.039,2,0.8109158986175115,0.7706797553137157
3097,random,inv_degree,random,3124915,1000,3080,0.03,30,0.45,0.1,50,0.036,1,0.7943438914027162,0.7561147643323859
3098,random,inv_degree,random,3125924,1000,3091,0.03,30,0.45,0.1,50,0.034,1,0.8112650234263622,0.7687502743043799
3099,random,inv_degree,random,3126933,1000,3051,0.03,30,0.45,0.1,50,0.037,2,0.8233310856372227,0.7667247006531877
3100,random,inv_degree,random,3127942,1000,3026,0.03,30,0.45,0.1,50,0.031,1,0.8248770675011176,0.7946789894243593
3061,random,inv_degree,random,3088591,1000,3078,0.03,30,0.45,0.1,50,0.035,1,0.8003860219423018,0.7545735034251596
3062,random,inv_degree,random,3089600,1000,3039,0.03,30,0.45,0.1,50,0.035,1,0.8307245645039131,0.7841296777565974
3063,random,inv_degree,random,3090609,1000,3013,0.03,30,0.45,0.1,50,0.037,1,0.8140205668422378,0.7652207398271417
3064,random,inv_degree,random,3091618,1000,3011,0.03,30,0.45,0.1,50,0.037,2,0.805190465582537,0.7559723194773239
3065,random,inv_degree,random,3092627,1000,2997,0.03,30,0.45,0.1,50,0.039,1,0.7962222666400189,0.7488056177054279
3066,random,inv_degree,random,3093636,1000,3110,0.03,30,0.45,0.1,50,0.035,1,0.819016697588126,0.7804572987162396
3067,random,inv_degree,random,3094645,1000,3080,0.03,30,0.45,0.1,50,0.034,1,0.803760162601628,0.7572668436136203
3068,random,inv_degree,random,3095654,1000,2993,0.03,30,0.45,0.1,50,0.04,2,0.8330337527461585,0.7752040620947436
3069,random,inv_degree,random,3096663,1000,3008,0.03,30,0.45,0.1,50,0.034,1,0.7936088856518574,0.7513236074337561
3070,random,inv_degree,random,3097672,1000,3043,0.03,30,0.45,0.1,50,0.037,2,0.8076457534799302,0.7503155318392591
3071,random,inv_degree,random,3098681,1000,3039,0.03,30,0.45,0.1,50,0.037,2,0.8263842187850275,0.7788554928553224
3072,random,inv_degree,random,3099690,1000,3102,0.03,30,0.45,0.1,50,0.044,2,0.7918371987266934,0.731059483036032
3073,random,inv_degree,random,3100699,1000,3059,0.03,30,0.45,0.1,50,0.032,1,0.8069216757741365,0.7684146271906852
3074,random,inv_degree,random,3101708,1000,2997,0.03,30,0.45,0.1,50,0.037,1,0.8230068842993569,0.7781376281318757
3075,random,inv_degree,random,3102717,1000,3057,0.03,30,0.45,0.1,50,0.033,1,0.8339065344932243,0.7824538227536715
3076,random,inv_degree,random,3103726,1000,2987,0.03,30,0.45,0.1,50,0.036,1,0.8225127409705297,0.780124783690162
3077,random,inv_degree,random,3104735,1000,3024,0.03,30,0.45,0.1,50,0.032,1,0.8142314566577304,0.7894949117054741
3078,random,inv_degree,random,3105744,1000,3081,0.03,30,0.45,0.1,50,0.037,1,0.816426102866438,0.7693306320201597
3079,random,inv_degree,random,3106753,1000,3110,0.03,30,0.45,0.1,50,0.034,2,0.8206150341685629,0.7780839788798335
3080,random,inv_degree,random,3107762,1000,2974,0.03,30,0.45,0.1,50,0.037,2,0.8092652913499818,0.768786602783024
3041,random,inv_degree,random,3068411,1000,3018,0.03,30,0.45,0.1,50,0.033,1,0.8302626778547975,0.7972134698506925
3042,random,inv_degree,random,3069420,1000,3011,0.03,30,0.45,0.1,50,0.033,1,0.8047704950891992,0.7757725721293957
3043,random,inv_degree,random,3070429,1000,3005,0.03,30,0.45,0.1,50,0.034,2,0.8108545034642026,0.7724444676252388
3044,random,inv_degree,random,3071438,1000,2931,0.03,30,0.45,0.1,50,0.041,2,0.8117473580732377,0.7563739017435954
3045,random,inv_degree,random,3072447,1000,2992,0.03,30,0.45,0.1,50,0.037,1,0.8060115350488033,0.7701196986587249
3046,random,inv_degree,random,3073456,1000,3039,0.03,30,0.45,0.1,50,0.035,1,0.8258415642007683,0.7892026844771493
3047,random,inv_degree,random,3074465,1000,3064,0.03,30,0.45,0.1,50,0.034,1,0.8030660377358453,0.7636961769284453
3048,random,inv_degree,random,3075474,1000,2984,0.03,30,0.45,0.1,50,0.038,1,0.8017928286852607,0.7617960817235516
3049,random,inv_degree,random,3076483,1000,2929,0.03,30,0.45,0.1,50,0.036,2,0.8116385911179177,0.7752695534065188
3050,random,inv_degree,random,3077492,1000,2979,0.03,30,0.45,0.1,50,0.036,1,0.8171864631718667,0.7772927244672774
3051,random,inv_degree,random,3078501,1000,3041,0.03,30,0.45,0.1,50,0.035,2,0.8264713311442281,0.7804380394400866
3052,random,inv_degree,random,3079510,1000,3108,0.03,30,0.45,0.1,50,0.034,1,0.8221586263287024,0.7671422828212562
3053,random,inv_degree,random,3080519,1000,2933,0.03,30,0.45,0.1,50,0.038,2,0.8149741824440622,0.777715902746777
3054,random,inv_degree,random,3081528,1000,3003,0.03,30,0.45,0.1,50,0.035,1,0.8140982877473888,0.7676823556059126
3055,random,inv_degree,random,3082537,1000,2968,0.03,30,0.45,0.1,50,0.033,1,0.8174603174603183,0.7842025879051012
3056,random,inv_degree,random,3083546,1000,2937,0.03,30,0.45,0.1,50,0.036,2,0.8211912380014776,0.7878452430965143
3057,random,inv_degree,random,3084555,1000,3015,0.03,30,0.45,0.1,50,0.036,1,0.8142697881828318,0.762755867609224
3058,random,inv_degree,random,3085564,1000,2992,0.03,30,0.45,0.1,50,0.035,2,0.8151197604790433,0.7759687568556882
3059,random,inv_degree,random,3086573,1000,2966,0.03,30,0.45,0.1,50,0.034,1,0.8246157659890941,0.7942069779323553
3060,random,inv_degree,random,3087582,1000,2968,0.03,30,0.45,0.1,50,0.038,1,0.7998676081200362,0.770607728657625
3121,random,inv_degree,random,3149131,1000,2974,0.03,30,0.45,0.1,50,0.036,2,0.8169518503780362,0.7716125256060947
3122,random,inv_degree,random,3150140,1000,3002,0.03,30,0.45,0.1,50,0.033,1,0.8242871435717872,0.7847667053660143
3123,random,inv_degree,random,3151149,1000,3020,0.03,30,0.45,0.1,50,0.036,2,0.7931919642857173,0.7652095403984578
3124,random,inv_degree,random,3152158,1000,3068,0.03,30,0.45,0.1,50,0.035,1,0.8027986151182934,0.7684741171024098
3125,random,inv_degree,random,3153167,1000,3091,0.03,30,0.45,0.1,50,0.036,1,0.8128946832348772,0.7542590169287253
3126,random,inv_degree,random,3154176,1000,3032,0.03,30,0.45,0.1,50,0.036,2,0.8390778871978517,0.7885231368853219
3127,random,inv_degree,random,3155185,1000,3010,0.03,30,0.45,0.1,50,0.041,2,0.7983296213808466,0.7430161752017722
3128,random,inv_degree,random,3156194,1000,2988,0.03,30,0.45,0.1,50,0.034,1,0.832225177304964,0.7841565682370085
3129,random,inv_degree,random,3157203,1000,3026,0.03,30,0.45,0.1,50,0.035,1,0.802612349287541,0.760545593050818
3130,random,inv_degree,random,3158212,1000,3035,0.03,30,0.45,0.1,50,0.033,1,0.8304591265397534,0.7990413379053766
3131,random,inv_degree,random,3159221,1000,3030,0.03,30,0.45,0.1,50,0.034,1,0.8207808564231729,0.7820028871122044
3132,random,inv_degree,random,3160230,1000,3034,0.03,30,0.45,0.1,50,0.035,2,0.7980221253771339,0.7569511558883357
3133,random,inv_degree,random,3161239,1000,3015,0.03,30,0.45,0.1,50,0.037,3,0.8121516164994439,0.7619284084790203
3134,random,inv_degree,random,3162248,1000,2931,0.03,30,0.45,0.1,50,0.041,2,0.8165900634712193,0.7786153751274997
3135,random,inv_degree,random,3163257,1000,2936,0.03,30,0.45,0.1,50,0.042,3,0.8057332677165361,0.7596637654131546
3136,random,inv_degree,random,3164266,1000,3107,0.03,30,0.45,0.1,50,0.039,2,0.8213066241748239,0.7574344418281652
3137,random,inv_degree,random,3165275,1000,3046,0.03,30,0.45,0.1,50,0.035,2,0.8120890237733951,0.7731329291749257
3138,random,inv_degree,random,3166284,1000,3012,0.03,30,0.45,0.1,50,0.04,2,0.7962109061748225,0.7514534449581344
3139,random,inv_degree,random,3167293,1000,3090,0.03,30,0.45,0.1,50,0.035,1,0.8146950092421441,0.7769069162787683
3140,random,inv_degree,random,3168302,1000,3003,0.03,30,0.45,0.1,50,0.039,1,0.810107580685516,0.7667374337056789
3141,random,inv_degree,random,3169311,1000,3012,0.03,30,0.45,0.1,50,0.035,1,0.8089610042735034,0.7618557119509399
3142,random,inv_degree,random,3170320,1000,3098,0.03,30,0.45,0.1,50,0.034,3,0.8204766786263453,0.7729099750496131
3143,random,inv_degree,random,3171329,1000,2999,0.03,30,0.45,0.1,50,0.034,1,0.8325334933013416,0.7971462436085596
3144,random,inv_degree,random,3172338,1000,3012,0.03,30,0.45,0.1,50,0.037,1,0.8188502673796798,0.7794596665801895
3145,random,inv_degree,random,3173347,1000,2996,0.03,30,0.45,0.1,50,0.036,2,0.8235514485514495,0.7780107470248694
3146,random,inv_degree,random,3174356,1000,3091,0.03,30,0.45,0.1,50,0.037,1,0.8012279355333843,0.7528644301488043
3147,random,inv_degree,random,3175365,1000,3072,0.03,30,0.45,0.1,50,0.036,1,0.8111643330876935,0.7681551071021526
3148,random,inv_degree,random,3176374,1000,3076,0.03,30,0.45,0.1,50,0.035,1,0.8231396534148835,0.7789605722727336
3149,random,inv_degree,random,3177383,1000,3058,0.03,30,0.45,0.1,50,0.036,1,0.8230473492513181,0.784778854882057
3150,random,inv_degree,random,3178392,1000,2928,0.03,30,0.45,0.1,50,0.043,2,0.8171332807570997,0.756994809905189
3151,random,inv_degree,random,3179401,1000,2924,0.03,30,0.45,0.1,50,0.039,2,0.8017337807606274,0.7545632424306762
3152,random,inv_degree,random,3180410,1000,2927,0.03,30,0.45,0.1,50,0.036,1,0.8362125519352726,0.7870494197563954
3153,random,inv_degree,random,3181419,1000,3049,0.03,30,0.45,0.1,50,0.034,1,0.8272066249242606,0.7849430843896211
3154,random,inv_degree,random,3182428,1000,3016,0.03,30,0.45,0.1,50,0.033,1,0.8184656556645853,0.7823454404880067
3155,random,inv_degree,random,3183437,1000,3057,0.03,30,0.45,0.1,50,0.037,1,0.8058584833882829,0.7662379732011843
3156,random,inv_degree,random,3184446,1000,3098,0.03,30,0.45,0.1,50,0.039,1,0.7983539094650203,0.7405052092479152
3157,random,inv_degree,random,3185455,1000,2981,0.03,30,0.45,0.1,50,0.036,1,0.8095238095238131,0.7659259001162598
3158,random,inv_degree,random,3186464,1000,2967,0.03,30,0.45,0.1,50,0.034,1,0.8147228293264477,0.781660253325588
3159,random,inv_degree,random,3187473,1000,3040,0.03,30,0.45,0.1,50,0.036,2,0.8015120967741958,0.7570812969176829
3160,random,inv_degree,random,3188482,1000,2990,0.03,30,0.45,0.1,50,0.034,1,0.8174057649667412,0.778740396071193
3101,random,inv_degree,random,3128951,1000,2936,0.03,30,0.45,0.1,50,0.036,1,0.8132120946538132,0.7821324870033424
3102,random,inv_degree,random,3129960,1000,2931,0.03,30,0.45,0.1,50,0.039,2,0.8078151880068816,0.7630193910511122
3103,random,inv_degree,random,3130969,1000,2996,0.03,30,0.45,0.1,50,0.038,2,0.8032859680284195,0.7567395789815765
3104,random,inv_degree,random,3131978,1000,3061,0.03,30,0.45,0.1,50,0.032,1,0.825717187103326,0.7888646379062177
3105,random,inv_degree,random,3132987,1000,3021,0.03,30,0.45,0.1,50,0.036,1,0.8110069211877652,0.7689191657951759
3106,random,inv_degree,random,3133996,1000,2994,0.03,30,0.45,0.1,50,0.035,1,0.8070394408387415,0.7732608241056673
3107,random,inv_degree,random,3135005,1000,2952,0.03,30,0.45,0.1,50,0.041,2,0.8202506596306074,0.7603973454353
3108,random,inv_degree,random,3136014,1000,2988,0.03,30,0.45,0.1,50,0.04,1,0.8008778930566665,0.7567266525486017
3109,random,inv_degree,random,3137023,1000,2970,0.03,30,0.45,0.1,50,0.036,1,0.811898016997168,0.7827897970095725
3110,random,inv_degree,random,3138032,1000,3023,0.03,30,0.45,0.1,50,0.033,1,0.8224792557203932,0.7815663256638195
3111,random,inv_degree,random,3139041,1000,3047,0.03,30,0.45,0.1,50,0.034,1,0.7985627666741518,0.7628743866761137
3112,random,inv_degree,random,3140050,1000,2940,0.03,30,0.45,0.1,50,0.039,1,0.7966008771929833,0.7551156812556729
3113,random,inv_degree,random,3141059,1000,3090,0.03,30,0.45,0.1,50,0.033,1,0.8327902240325884,0.7963308559686678
3114,random,inv_degree,random,3142068,1000,3052,0.03,30,0.45,0.1,50,0.036,1,0.8124366767983816,0.759834460274854
3115,random,inv_degree,random,3143077,1000,2998,0.03,30,0.45,0.1,50,0.04,2,0.8344577711144437,0.7760732048366841
3116,random,inv_degree,random,3144086,1000,3009,0.03,30,0.45,0.1,50,0.032,1,0.819639278557115,0.7924124626390862
3117,random,inv_degree,random,3145095,1000,2956,0.03,30,0.45,0.1,50,0.037,1,0.8297977795400502,0.766540081025223
3118,random,inv_degree,random,3146104,1000,2988,0.03,30,0.45,0.1,50,0.035,2,0.809357541899444,0.7731801777514689
3119,random,inv_degree,random,3147113,1000,2962,0.03,30,0.45,0.1,50,0.031,1,0.823490524460115,0.7900671746921503
3120,random,inv_degree,random,3148122,1000,3024,0.03,30,0.45,0.1,50,0.037,2,0.8079758713136728,0.7561882685508982
3161,random,inv_degree,random,3189491,1000,3141,0.03,30,0.45,0.1,50,0.037,1,0.8179628355127329,0.7617577204928468
3162,random,inv_degree,random,3190500,1000,3070,0.03,30,0.45,0.1,50,0.034,2,0.8246777163904234,0.7919293990131294
3163,random,inv_degree,random,3191509,1000,3044,0.03,30,0.45,0.1,50,0.037,2,0.8019572235673955,0.7558741489160224
3164,random,inv_degree,random,3192518,1000,3008,0.03,30,0.45,0.1,50,0.033,1,0.8174532502226183,0.7741559493360316
3165,random,inv_degree,random,3193527,1000,2969,0.03,30,0.45,0.1,50,0.039,1,0.8179209887442067,0.7690549243627202
3166,random,inv_degree,random,3194536,1000,3042,0.03,30,0.45,0.1,50,0.032,1,0.8334454912516822,0.7846758196578602
3167,random,inv_degree,random,3195545,1000,3006,0.03,30,0.45,0.1,50,0.037,1,0.8055666800160214,0.7655449229692071
3168,random,inv_degree,random,3196554,1000,3123,0.03,30,0.45,0.1,50,0.038,2,0.8203507866907418,0.7627475434078204
3169,random,inv_degree,random,3197563,1000,2970,0.03,30,0.45,0.1,50,0.038,2,0.8137717121588078,0.7739513892567689
3170,random,inv_degree,random,3198572,1000,3047,0.03,30,0.45,0.1,50,0.033,1,0.8313143549364044,0.7908740885411122
3171,random,inv_degree,random,3199581,1000,3004,0.03,30,0.45,0.1,50,0.032,1,0.834408362989323,0.7928022206749624
3172,random,inv_degree,random,3200590,1000,3013,0.03,30,0.45,0.1,50,0.037,2,0.831361540004012,0.7675456212960465
3173,random,inv_degree,random,3201599,1000,3018,0.03,30,0.45,0.1,50,0.032,1,0.8380210949271728,0.7960987358314088
3174,random,inv_degree,random,3202608,1000,3057,0.03,30,0.45,0.1,50,0.036,2,0.8153591769244902,0.7769536434332721
3175,random,inv_degree,random,3203617,1000,3021,0.03,30,0.45,0.1,50,0.034,1,0.8273749748945597,0.7860888204468279
3176,random,inv_degree,random,3204626,1000,2958,0.03,30,0.45,0.1,50,0.035,1,0.8083724287260916,0.7640456606849629
3177,random,inv_degree,random,3205635,1000,3047,0.03,30,0.45,0.1,50,0.033,1,0.8421158893599863,0.8030583760059403
3178,random,inv_degree,random,3206644,1000,3141,0.03,30,0.45,0.1,50,0.035,2,0.8262503239181135,0.768923633224331
3179,random,inv_degree,random,3207653,1000,3058,0.03,30,0.45,0.1,50,0.038,1,0.8206888788833865,0.7717444456781173
3180,random,inv_degree,random,3208662,1000,2953,0.03,30,0.45,0.1,50,0.034,1,0.8168218743808233,0.7809220724869472
3181,random,inv_degree,random,3209671,1000,3064,0.03,30,0.45,0.1,50,0.035,2,0.8321686203787205,0.7893202401668707
3182,random,inv_degree,random,3210680,1000,3070,0.03,30,0.45,0.1,50,0.036,2,0.8053406998158379,0.7567518283284852
3183,random,inv_degree,random,3211689,1000,3033,0.03,30,0.45,0.1,50,0.031,1,0.8283337534660963,0.8033250248839561
3184,random,inv_degree,random,3212698,1000,2979,0.03,30,0.45,0.1,50,0.04,2,0.8113249281132499,0.7634997187995771
3185,random,inv_degree,random,3213707,1000,2979,0.03,30,0.45,0.1,50,0.036,1,0.8051316080513153,0.7665377838111229
3186,random,inv_degree,random,3214716,1000,2983,0.03,30,0.45,0.1,50,0.04,1,0.8071556707195559,0.7591529610945706
3187,random,inv_degree,random,3215725,1000,2998,0.03,30,0.45,0.1,50,0.037,1,0.8302098950524742,0.7745244128289941
3188,random,inv_degree,random,3216734,1000,3001,0.03,30,0.45,0.1,50,0.041,2,0.8050554646299326,0.7528773780091772
3189,random,inv_degree,random,3217743,1000,3026,0.03,30,0.45,0.1,50,0.031,1,0.8334338560514698,0.799314721522687
3190,random,inv_degree,random,3218752,1000,3020,0.03,30,0.45,0.1,50,0.035,1,0.8209839357429746,0.7756322769757136
3191,random,inv_degree,random,3219761,1000,3013,0.03,30,0.45,0.1,50,0.034,2,0.8215782759249133,0.7796013773968231
3192,random,inv_degree,random,3220770,1000,3106,0.03,30,0.45,0.1,50,0.038,2,0.8082612653618566,0.7579846878521379
3193,random,inv_degree,random,3221779,1000,3029,0.03,30,0.45,0.1,50,0.035,1,0.8149183627823774,0.7773796519492543
3194,random,inv_degree,random,3222788,1000,2955,0.03,30,0.45,0.1,50,0.039,3,0.8150803461063051,0.7498006626370148
3195,random,inv_degree,random,3223797,1000,2949,0.03,30,0.45,0.1,50,0.038,1,0.8248580597383367,0.7812653453733032
3196,random,inv_degree,random,3224806,1000,3002,0.03,30,0.45,0.1,50,0.04,1,0.8112806403201607,0.7688738021705399
3197,random,inv_degree,random,3225815,1000,3088,0.03,30,0.45,0.1,50,0.036,1,0.8114820846905568,0.7569244368992162
3198,random,inv_degree,random,3226824,1000,3077,0.03,30,0.45,0.1,50,0.043,1,0.791387365427588,0.7291902905138595
3199,random,inv_degree,random,3227833,1000,2892,0.03,30,0.45,0.1,50,0.034,2,0.8207465277777782,0.7931781401293897
3200,random,inv_degree,random,3228842,1000,3071,0.03,30,0.45,0.1,50,0.031,1,0.820408915085651,0.7925611220006277
3201,scale_free,inv_degree,random,3229851,1000,2991,0.03,30,0.45,0.1,50,0.04,2,0.7682844660827218,0.569786732421342
3202,scale_free,inv_degree,random,3230860,1000,2991,0.03,30,0.45,0.1,50,0.036,2,0.8472585153036868,0.6329354211275015
3203,scale_free,inv_degree,random,3231869,1000,2991,0.03,30,0.45,0.1,50,0.041,1,0.793323045491098,0.5447324889785364
3204,scale_free,inv_degree,random,3232878,1000,2991,0.03,30,0.45,0.1,50,0.042,3,0.826840423820358,0.5624947469296193
3205,scale_free,inv_degree,random,3233887,1000,2991,0.03,30,0.45,0.1,50,0.034,1,0.8435637964814474,0.6742003034921078
3206,scale_free,inv_degree,random,3234896,1000,2991,0.03,30,0.45,0.1,50,0.037,1,0.7932347830226871,0.6033173925759489
3207,scale_free,inv_degree,random,3235905,1000,2991,0.03,30,0.45,0.1,50,0.042,1,0.7891384039580616,0.5399065490306052
3208,scale_free,inv_degree,random,3236914,1000,2991,0.03,30,0.45,0.1,50,0.036,1,0.747614694623778,0.5758561216506293
3209,scale_free,inv_degree,random,3237923,1000,2991,0.03,30,0.45,0.1,50,0.038,2,0.8010764469035044,0.5703910452397816
3210,scale_free,inv_degree,random,3238932,1000,2991,0.03,30,0.45,0.1,50,0.038,1,0.8293245905495616,0.6315609982145265
3211,scale_free,inv_degree,random,3239941,1000,2991,0.03,30,0.45,0.1,50,0.041,2,0.8022203514679566,0.5843692602107848
3212,scale_free,inv_degree,random,3240950,1000,2991,0.03,30,0.45,0.1,50,0.052,2,0.7674819907420093,0.49015914131299937
3213,scale_free,inv_degree,random,3241959,1000,2991,0.03,30,0.45,0.1,50,0.039,2,0.8129273076996314,0.5714792845850337
3214,scale_free,inv_degree,random,3242968,1000,2991,0.03,30,0.45,0.1,50,0.036,1,0.8604748285200834,0.6613878987289603
3215,scale_free,inv_degree,random,3243977,1000,2991,0.03,30,0.45,0.1,50,0.035,1,0.8015146950067106,0.6504044704937884
3216,scale_free,inv_degree,random,3244986,1000,2991,0.03,30,0.45,0.1,50,0.039,1,0.7889066640003995,0.5711395388240017
3217,scale_free,inv_degree,random,3245995,1000,2991,0.03,30,0.45,0.1,50,0.038,1,0.8205739524050174,0.6495639056630031
3218,scale_free,inv_degree,random,3247004,1000,2991,0.03,30,0.45,0.1,50,0.048,2,0.7777821774337232,0.47059992001308476
3219,scale_free,inv_degree,random,3248013,1000,2991,0.03,30,0.45,0.1,50,0.037,1,0.8351009881480203,0.6522273682855495
3220,scale_free,inv_degree,random,3249022,1000,2991,0.03,30,0.45,0.1,50,0.034,1,0.8376613259238115,0.6696962242682515
3221,scale_free,inv_degree,random,3250031,1000,2991,0.03,30,0.45,0.1,50,0.04,3,0.8198101616516897,0.6126492842016534
3222,scale_free,inv_degree,random,3251040,1000,2991,0.03,30,0.45,0.1,50,0.041,2,0.7991815297661914,0.6035405981581327
3223,scale_free,inv_degree,random,3252049,1000,2991,0.03,30,0.45,0.1,50,0.038,2,0.8213468417427623,0.6152892083596784
3224,scale_free,inv_degree,random,3253058,1000,2991,0.03,30,0.45,0.1,50,0.041,1,0.7847822053639525,0.5351936785599304
3225,scale_free,inv_degree,random,3254067,1000,2991,0.03,30,0.45,0.1,50,0.036,1,0.8312277034242984,0.6388794073587324
3226,scale_free,inv_degree,random,3255076,1000,2991,0.03,30,0.45,0.1,50,0.043,2,0.7858628982139464,0.5371932539760196
3227,scale_free,inv_degree,random,3256085,1000,2991,0.03,30,0.45,0.1,50,0.044,2,0.7853495095787493,0.5568975761635526
3228,scale_free,inv_degree,random,3257094,1000,2991,0.03,30,0.45,0.1,50,0.039,1,0.8133812874912377,0.5823650416736499
3229,scale_free,inv_degree,random,3258103,1000,2991,0.03,30,0.45,0.1,50,0.041,2,0.8190179668085357,0.5783426591516299
3230,scale_free,inv_degree,random,3259112,1000,2991,0.03,30,0.45,0.1,50,0.041,1,0.7462380476300349,0.5469455457613155
3231,scale_free,inv_degree,random,3260121,1000,2991,0.03,30,0.45,0.1,50,0.054,2,0.7605528576765032,0.4675992336704857
3232,scale_free,inv_degree,random,3261130,1000,2991,0.03,30,0.45,0.1,50,0.041,1,0.8043802820656385,0.6023782340943729
3233,scale_free,inv_degree,random,3262139,1000,2991,0.03,30,0.45,0.1,50,0.041,2,0.8027437585048167,0.5847300966343585
3234,scale_free,inv_degree,random,3263148,1000,2991,0.03,30,0.45,0.1,50,0.036,1,0.8541711157273466,0.6070413739170555
3235,scale_free,inv_degree,random,3264157,1000,2991,0.03,30,0.45,0.1,50,0.033,1,0.8582506957767013,0.6730914411923479
3236,scale_free,inv_degree,random,3265166,1000,2991,0.03,30,0.45,0.1,50,0.04,1,0.7833626209376068,0.5650642131403031
3237,scale_free,inv_degree,random,3266175,1000,2991,0.03,30,0.45,0.1,50,0.039,1,0.808651414456271,0.6139651008808581
3238,scale_free,inv_degree,random,3267184,1000,2991,0.03,30,0.45,0.1,50,0.036,1,0.8276379169317484,0.6455808561423064
3239,scale_free,inv_degree,random,3268193,1000,2991,0.03,30,0.45,0.1,50,0.041,2,0.8163329737693702,0.5939860570825424
3240,scale_free,inv_degree,random,3269202,1000,2991,0.03,30,0.45,0.1,50,0.035,1,0.8453889594422959,0.6456994159624693
3241,scale_free,inv_degree,random,3270211,1000,2991,0.03,30,0.45,0.1,50,0.034,1,0.8594628940925823,0.6720640161931923
3242,scale_free,inv_degree,random,3271220,1000,2991,0.03,30,0.45,0.1,50,0.033,1,0.8507870445720678,0.6797434164113195
3243,scale_free,inv_degree,random,3272229,1000,2991,0.03,30,0.45,0.1,50,0.031,1,0.8501410828945319,0.6648236560712366
3244,scale_free,inv_degree,random,3273238,1000,2991,0.03,30,0.45,0.1,50,0.038,2,0.8081512563720116,0.5945413760828936
3245,scale_free,inv_degree,random,3274247,1000,2991,0.03,30,0.45,0.1,50,0.032,1,0.8652992064661418,0.6890536978797582
3246,scale_free,inv_degree,random,3275256,1000,2991,0.03,30,0.45,0.1,50,0.037,1,0.817384402894308,0.6532079096026412
3247,scale_free,inv_degree,random,3276265,1000,2991,0.03,30,0.45,0.1,50,0.038,2,0.816909400416113,0.6355769142075518
3248,scale_free,inv_degree,random,3277274,1000,2991,0.03,30,0.45,0.1,50,0.035,1,0.8344581224353765,0.6257459580751719
3249,scale_free,inv_degree,random,3278283,1000,2991,0.03,30,0.45,0.1,50,0.039,1,0.8072561761688005,0.5904006938830653
3250,scale_free,inv_degree,random,3279292,1000,2991,0.03,30,0.45,0.1,50,0.03,0,0.8434763017826469,0.6860690764976124
3251,scale_free,inv_degree,random,3280301,1000,2991,0.03,30,0.45,0.1,50,0.034,2,0.8457620404082327,0.6760176609688424
3252,scale_free,inv_degree,random,3281310,1000,2991,0.03,30,0.45,0.1,50,0.032,1,0.8518888828838592,0.6554583321763244
3253,scale_free,inv_degree,random,3282319,1000,2991,0.03,30,0.45,0.1,50,0.036,2,0.8121117598443045,0.6187327257276535
3254,scale_free,inv_degree,random,3283328,1000,2991,0.03,30,0.45,0.1,50,0.033,1,0.8610974058012425,0.7076538755077176
3255,scale_free,inv_degree,random,3284337,1000,2991,0.03,30,0.45,0.1,50,0.045,2,0.7807492134435019,0.5661391011699242
3256,scale_free,inv_degree,random,3285346,1000,2991,0.03,30,0.45,0.1,50,0.037,1,0.8278262390962039,0.6169142262513093
3257,scale_free,inv_degree,random,3286355,1000,2991,0.03,30,0.45,0.1,50,0.034,1,0.8386433824346242,0.6456351054196319
3258,scale_free,inv_degree,random,3287364,1000,2991,0.03,30,0.45,0.1,50,0.034,1,0.8143191750692697,0.6512661634501363
3259,scale_free,inv_degree,random,3288373,1000,2991,0.03,30,0.45,0.1,50,0.037,1,0.8142530664714619,0.6035873332934569
3260,scale_free,inv_degree,random,3289382,1000,2991,0.03,30,0.45,0.1,50,0.04,1,0.7872870943650772,0.5362660429097872
3261,scale_free,inv_degree,random,3290391,1000,2991,0.03,30,0.45,0.1,50,0.044,2,0.7651078814646818,0.5283968183278779
3262,scale_free,inv_degree,random,3291400,1000,2991,0.03,30,0.45,0.1,50,0.038,1,0.7824077060353896,0.5862573673172103
3263,scale_free,inv_degree,random,3292409,1000,2991,0.03,30,0.45,0.1,50,0.037,2,0.8000521603060091,0.601770561475142
3264,scale_free,inv_degree,random,3293418,1000,2991,0.03,30,0.45,0.1,50,0.041,2,0.8217952990842577,0.5686972728124162
3265,scale_free,inv_degree,random,3294427,1000,2991,0.03,30,0.45,0.1,50,0.038,1,0.8167679545063968,0.5841436802300946
3266,scale_free,inv_degree,random,3295436,1000,2991,0.03,30,0.45,0.1,50,0.037,2,0.8571654081927956,0.6691435118451465
3267,scale_free,inv_degree,random,3296445,1000,2991,0.03,30,0.45,0.1,50,0.032,1,0.8413186700505011,0.6725016202604318
3268,scale_free,inv_degree,random,3297454,1000,2991,0.03,30,0.45,0.1,50,0.036,1,0.8322138474422734,0.5702571327752104
3269,scale_free,inv_degree,random,3298463,1000,2991,0.03,30,0.45,0.1,50,0.033,1,0.8515160645320341,0.6905031634812175
3270,scale_free,inv_degree,random,3299472,1000,2991,0.03,30,0.45,0.1,50,0.047,3,0.7670255062893836,0.545052035721163
3271,scale_free,inv_degree,random,3300481,1000,2991,0.03,30,0.45,0.1,50,0.032,1,0.8511646628060987,0.6870048882470001
3272,scale_free,inv_degree,random,3301490,1000,2991,0.03,30,0.45,0.1,50,0.034,1,0.8453549117177444,0.6304093485460711
3273,scale_free,inv_degree,random,3302499,1000,2991,0.03,30,0.45,0.1,50,0.036,1,0.8365186794593242,0.640599227367091
3274,scale_free,inv_degree,random,3303508,1000,2991,0.03,30,0.45,0.1,50,0.037,1,0.8426798692437075,0.6776453870743158
3275,scale_free,inv_degree,random,3304517,1000,2991,0.03,30,0.45,0.1,50,0.037,1,0.8052067503799101,0.6347777329428477
3276,scale_free,inv_degree,random,3305526,1000,2991,0.03,30,0.45,0.1,50,0.036,2,0.8577566711895079,0.7116695427866999
3277,scale_free,inv_degree,random,3306535,1000,2991,0.03,30,0.45,0.1,50,0.043,2,0.8263700702465199,0.6118209341301143
3278,scale_free,inv_degree,random,3307544,1000,2991,0.03,30,0.45,0.1,50,0.034,1,0.8558422922204728,0.676667583674922
3279,scale_free,inv_degree,random,3308553,1000,2991,0.03,30,0.45,0.1,50,0.038,2,0.8195953589939213,0.6050205173447545
3280,scale_free,inv_degree,random,3309562,1000,2991,0.03,30,0.45,0.1,50,0.038,1,0.8027228517119671,0.6127011879569081
3281,scale_free,inv_degree,random,3310571,1000,2991,0.03,30,0.45,0.1,50,0.04,1,0.8212694767269185,0.5806428898897072
3282,scale_free,inv_degree,random,3311580,1000,2991,0.03,30,0.45,0.1,50,0.038,1,0.8435888113794889,0.6209852748705909
3283,scale_free,inv_degree,random,3312589,1000,2991,0.03,30,0.45,0.1,50,0.037,1,0.80152982973849,0.6346377678074377
3284,scale_free,inv_degree,random,3313598,1000,2991,0.03,30,0.45,0.1,50,0.034,1,0.8148968078268953,0.6348097980792184
3285,scale_free,inv_degree,random,3314607,1000,2991,0.03,30,0.45,0.1,50,0.033,1,0.8646991388733374,0.6455377361348188
3286,scale_free,inv_degree,random,3315616,1000,2991,0.03,30,0.45,0.1,50,0.035,1,0.8035462874165985,0.6310179901224633
3287,scale_free,inv_degree,random,3316625,1000,2991,0.03,30,0.45,0.1,50,0.04,2,0.8387320376443002,0.6380482085651143
3288,scale_free,inv_degree,random,3317634,1000,2991,0.03,30,0.45,0.1,50,0.034,1,0.838809014377413,0.6710373598978022
3289,scale_free,inv_degree,random,3318643,1000,2991,0.03,30,0.45,0.1,50,0.038,1,0.7878724763253623,0.61651457016008
3290,scale_free,inv_degree,random,3319652,1000,2991,0.03,30,0.45,0.1,50,0.036,1,0.8143216730574698,0.6307344342568907
3291,scale_free,inv_degree,random,3320661,1000,2991,0.03,30,0.45,0.1,50,0.044,1,0.7999679299741549,0.5248872940422165
3292,scale_free,inv_degree,random,3321670,1000,2991,0.03,30,0.45,0.1,50,0.043,2,0.8110252794207411,0.5426220627573696
3293,scale_free,inv_degree,random,3322679,1000,2991,0.03,30,0.45,0.1,50,0.04,1,0.8163023742214243,0.5859480473118741
3294,scale_free,inv_degree,random,3323688,1000,2991,0.03,30,0.45,0.1,50,0.038,1,0.8117323223142663,0.6187977283257999
3295,scale_free,inv_degree,random,3324697,1000,2991,0.03,30,0.45,0.1,50,0.033,1,0.8391416125116063,0.6516081517777099
3296,scale_free,inv_degree,random,3325706,1000,2991,0.03,30,0.45,0.1,50,0.048,2,0.7897527887235571,0.5327966867409466
3297,scale_free,inv_degree,random,3326715,1000,2991,0.03,30,0.45,0.1,50,0.035,1,0.8350237297935384,0.6673551316129506
3298,scale_free,inv_degree,random,3327724,1000,2991,0.03,30,0.45,0.1,50,0.034,1,0.8174041600437532,0.6162972450150475
3299,scale_free,inv_degree,random,3328733,1000,2991,0.03,30,0.45,0.1,50,0.04,1,0.8260607486253657,0.639236111004122
3300,scale_free,inv_degree,random,3329742,1000,2991,0.03,30,0.45,0.1,50,0.04,2,0.8086817055135501,0.5874629511996455
3301,scale_free,inv_degree,random,3330751,1000,2991,0.03,30,0.45,0.1,50,0.037,2,0.8157655071373406,0.6099836502453543
3302,scale_free,inv_degree,random,3331760,1000,2991,0.03,30,0.45,0.1,50,0.046,1,0.7457126726105056,0.48718919793222415
3303,scale_free,inv_degree,random,3332769,1000,2991,0.03,30,0.45,0.1,50,0.033,1,0.8502692631052725,0.6937240751487963
3304,scale_free,inv_degree,random,3333778,1000,2991,0.03,30,0.45,0.1,50,0.034,2,0.8453676960675423,0.6541429741713565
3305,scale_free,inv_degree,random,3334787,1000,2991,0.03,30,0.45,0.1,50,0.039,2,0.7990991362427586,0.6007923048787661
3306,scale_free,inv_degree,random,3335796,1000,2991,0.03,30,0.45,0.1,50,0.041,1,0.7771161146367646,0.5624639512948237
3307,scale_free,inv_degree,random,3336805,1000,2991,0.03,30,0.45,0.1,50,0.035,1,0.8285986807327211,0.6286964548064462
3308,scale_free,inv_degree,random,3337814,1000,2991,0.03,30,0.45,0.1,50,0.039,1,0.7794451816975406,0.5552430803390754
3309,scale_free,inv_degree,random,3338823,1000,2991,0.03,30,0.45,0.1,50,0.031,1,0.8615624076893353,0.7053836694614428
3310,scale_free,inv_degree,random,3339832,1000,2991,0.03,30,0.45,0.1,50,0.04,2,0.788027335028828,0.5222496682318059
3311,scale_free,inv_degree,random,3340841,1000,2991,0.03,30,0.45,0.1,50,0.037,1,0.8085567289466563,0.617186960186025
3312,scale_free,inv_degree,random,3341850,1000,2991,0.03,30,0.45,0.1,50,0.042,3,0.8297347316471316,0.5845380524732275
3313,scale_free,inv_degree,random,3342859,1000,2991,0.03,30,0.45,0.1,50,0.04,1,0.7732847891611216,0.5911448612225878
3314,scale_free,inv_degree,random,3343868,1000,2991,0.03,30,0.45,0.1,50,0.038,1,0.8144781499118654,0.6181026198743308
3315,scale_free,inv_degree,random,3344877,1000,2991,0.03,30,0.45,0.1,50,0.041,1,0.7700296176121032,0.5112965481251247
3316,scale_free,inv_degree,random,3345886,1000,2991,0.03,30,0.45,0.1,50,0.039,1,0.7925840596405037,0.5967304960640528
3317,scale_free,inv_degree,random,3346895,1000,2991,0.03,30,0.45,0.1,50,0.037,1,0.8553970575069387,0.6490374462687905
3318,scale_free,inv_degree,random,3347904,1000,2991,0.03,30,0.45,0.1,50,0.039,1,0.824585207931635,0.612034629767331
3319,scale_free,inv_degree,random,3348913,1000,2991,0.03,30,0.45,0.1,50,0.033,1,0.8652518089426702,0.6946483805369185
3320,scale_free,inv_degree,random,3349922,1000,2991,0.03,30,0.45,0.1,50,0.041,2,0.8172926353320963,0.5976770824340771
3321,scale_free,inv_degree,random,3350931,1000,2991,0.03,30,0.45,0.1,50,0.039,2,0.7737842462223498,0.5486572994385606
3322,scale_free,inv_degree,random,3351940,1000,2991,0.03,30,0.45,0.1,50,0.039,2,0.7796128959233332,0.603053301314605
3323,scale_free,inv_degree,random,3352949,1000,2991,0.03,30,0.45,0.1,50,0.036,2,0.8006929798131976,0.6062982120257633
3324,scale_free,inv_degree,random,3353958,1000,2991,0.03,30,0.45,0.1,50,0.034,2,0.8548472463171529,0.6757436867155929
3325,scale_free,inv_degree,random,3354967,1000,2991,0.03,30,0.45,0.1,50,0.039,1,0.808083824560495,0.5624765645787679
3326,scale_free,inv_degree,random,3355976,1000,2991,0.03,30,0.45,0.1,50,0.037,2,0.8278345116522653,0.6439823181000122
3327,scale_free,inv_degree,random,3356985,1000,2991,0.03,30,0.45,0.1,50,0.037,1,0.8152545308538949,0.6160691853724494
3328,scale_free,inv_degree,random,3357994,1000,2991,0.03,30,0.45,0.1,50,0.047,2,0.7486928158140611,0.48241106236331655
3329,scale_free,inv_degree,random,3359003,1000,2991,0.03,30,0.45,0.1,50,0.035,1,0.8109394778843847,0.6328874462668675
3330,scale_free,inv_degree,random,3360012,1000,2991,0.03,30,0.45,0.1,50,0.038,1,0.8480111484746601,0.6301056144306431
3331,scale_free,inv_degree,random,3361021,1000,2991,0.03,30,0.45,0.1,50,0.038,4,0.8425348413858966,0.6640027756835112
3332,scale_free,inv_degree,random,3362030,1000,2991,0.03,30,0.45,0.1,50,0.034,1,0.8354663467146589,0.626583044310416
3333,scale_free,inv_degree,random,3363039,1000,2991,0.03,30,0.45,0.1,50,0.044,1,0.787841704298667,0.5879814238113216
3334,scale_free,inv_degree,random,3364048,1000,2991,0.03,30,0.45,0.1,50,0.035,1,0.80533958125028,0.5908691856369294
3335,scale_free,inv_degree,random,3365057,1000,2991,0.03,30,0.45,0.1,50,0.038,2,0.8163076736647602,0.6092064281138698
3336,scale_free,inv_degree,random,3366066,1000,2991,0.03,30,0.45,0.1,50,0.043,2,0.7664358828971327,0.4976869682316013
3337,scale_free,inv_degree,random,3367075,1000,2991,0.03,30,0.45,0.1,50,0.039,1,0.7815681811190738,0.5911152759098969
3338,scale_free,inv_degree,random,3368084,1000,2991,0.03,30,0.45,0.1,50,0.037,1,0.843155568418006,0.6361686408596015
3339,scale_free,inv_degree,random,3369093,1000,2991,0.03,30,0.45,0.1,50,0.036,1,0.8491279625797689,0.6323090514345125
3340,scale_free,inv_degree,random,3370102,1000,2991,0.03,30,0.45,0.1,50,0.032,1,0.8644023374555888,0.6864974734543047
3341,scale_free,inv_degree,random,3371111,1000,2991,0.03,30,0.45,0.1,50,0.034,1,0.8009535160905832,0.6438236981785351
3342,scale_free,inv_degree,random,3372120,1000,2991,0.03,30,0.45,0.1,50,0.043,2,0.7864470138224822,0.5639304381457209
3343,scale_free,inv_degree,random,3373129,1000,2991,0.03,30,0.45,0.1,50,0.04,1,0.806203003603491,0.5667625596889684
3344,scale_free,inv_degree,random,3374138,1000,2991,0.03,30,0.45,0.1,50,0.034,1,0.8153118511112823,0.6594643792066358
3345,scale_free,inv_degree,random,3375147,1000,2991,0.03,30,0.45,0.1,50,0.037,1,0.8368036688473987,0.6297936051021288
3346,scale_free,inv_degree,random,3376156,1000,2991,0.03,30,0.45,0.1,50,0.037,1,0.7894716603860654,0.6176197990191826
3347,scale_free,inv_degree,random,3377165,1000,2991,0.03,30,0.45,0.1,50,0.038,2,0.8494966169871438,0.6743243926818228
3348,scale_free,inv_degree,random,3378174,1000,2991,0.03,30,0.45,0.1,50,0.04,1,0.7651021010193714,0.5285339859398799
3349,scale_free,inv_degree,random,3379183,1000,2991,0.03,30,0.45,0.1,50,0.038,1,0.8114098477499052,0.5727087710859341
3350,scale_free,inv_degree,random,3380192,1000,2991,0.03,30,0.45,0.1,50,0.039,2,0.833863527914743,0.6293237121671725
3351,scale_free,inv_degree,random,3381201,1000,2991,0.03,30,0.45,0.1,50,0.042,1,0.7720272237716846,0.5478695089157676
3352,scale_free,inv_degree,random,3382210,1000,2991,0.03,30,0.45,0.1,50,0.034,1,0.8237807573301897,0.6518791737404215
3353,scale_free,inv_degree,random,3383219,1000,2991,0.03,30,0.45,0.1,50,0.034,1,0.84288546140604,0.6201708350506385
3354,scale_free,inv_degree,random,3384228,1000,2991,0.03,30,0.45,0.1,50,0.044,3,0.7611729888620072,0.501014667057546
3355,scale_free,inv_degree,random,3385237,1000,2991,0.03,30,0.45,0.1,50,0.036,1,0.8449981581855496,0.6390209402548306
3356,scale_free,inv_degree,random,3386246,1000,2991,0.03,30,0.45,0.1,50,0.033,1,0.8638553121875868,0.6849846431906621
3357,scale_free,inv_degree,random,3387255,1000,2991,0.03,30,0.45,0.1,50,0.043,2,0.7806183371937463,0.5557025421945175
3358,scale_free,inv_degree,random,3388264,1000,2991,0.03,30,0.45,0.1,50,0.039,2,0.7901803951923273,0.5726872126572702
3359,scale_free,inv_degree,random,3389273,1000,2991,0.03,30,0.45,0.1,50,0.034,1,0.8426434483282288,0.6355825053312395
3360,scale_free,inv_degree,random,3390282,1000,2991,0.03,30,0.45,0.1,50,0.036,2,0.8416004970005221,0.6441101600069993
3361,scale_free,inv_degree,random,3391291,1000,2991,0.03,30,0.45,0.1,50,0.036,2,0.8668021017252019,0.6484671322312001
3362,scale_free,inv_degree,random,3392300,1000,2991,0.03,30,0.45,0.1,50,0.036,1,0.8328471617775054,0.6507634721111099
3363,scale_free,inv_degree,random,3393309,1000,2991,0.03,30,0.45,0.1,50,0.039,1,0.7919593091554407,0.5582294891880859
3364,scale_free,inv_degree,random,3394318,1000,2991,0.03,30,0.45,0.1,50,0.034,1,0.8242337047965078,0.6775330395480201
3365,scale_free,inv_degree,random,3395327,1000,2991,0.03,30,0.45,0.1,50,0.037,1,0.8308576325561975,0.6244448070586978
3366,scale_free,inv_degree,random,3396336,1000,2991,0.03,30,0.45,0.1,50,0.034,1,0.8230166999915519,0.6779232391048379
3367,scale_free,inv_degree,random,3397345,1000,2991,0.03,30,0.45,0.1,50,0.04,1,0.7661194105093364,0.5544847897858151
3368,scale_free,inv_degree,random,3398354,1000,2991,0.03,30,0.45,0.1,50,0.035,1,0.824047898136016,0.5724646266509962
3369,scale_free,inv_degree,random,3399363,1000,2991,0.03,30,0.45,0.1,50,0.04,2,0.8095063071539903,0.6230623277000479
3370,scale_free,inv_degree,random,3400372,1000,2991,0.03,30,0.45,0.1,50,0.035,1,0.799167761717039,0.6263031768872909
3371,scale_free,inv_degree,random,3401381,1000,2991,0.03,30,0.45,0.1,50,0.04,2,0.813444709626093,0.5796681454663641
3372,scale_free,inv_degree,random,3402390,1000,2991,0.03,30,0.45,0.1,50,0.037,2,0.8123537763202632,0.6140719007451202
3373,scale_free,inv_degree,random,3403399,1000,2991,0.03,30,0.45,0.1,50,0.038,1,0.8276482627208352,0.6419112066408584
3374,scale_free,inv_degree,random,3404408,1000,2991,0.03,30,0.45,0.1,50,0.04,2,0.7889088182539935,0.5892854668141223
3375,scale_free,inv_degree,random,3405417,1000,2991,0.03,30,0.45,0.1,50,0.043,2,0.7587245727692037,0.5472691229955624
3376,scale_free,inv_degree,random,3406426,1000,2991,0.03,30,0.45,0.1,50,0.036,2,0.8486721676194758,0.6369710315156352
3377,scale_free,inv_degree,random,3407435,1000,2991,0.03,30,0.45,0.1,50,0.034,1,0.8147147309445306,0.5950996319772704
3378,scale_free,inv_degree,random,3408444,1000,2991,0.03,30,0.45,0.1,50,0.041,1,0.8120886445055399,0.6060210197871744
3379,scale_free,inv_degree,random,3409453,1000,2991,0.03,30,0.45,0.1,50,0.041,2,0.797816976635899,0.5888607964814317
3380,scale_free,inv_degree,random,3410462,1000,2991,0.03,30,0.45,0.1,50,0.048,2,0.7422075325225239,0.4770160015109978
3381,scale_free,inv_degree,random,3411471,1000,2991,0.03,30,0.45,0.1,50,0.037,1,0.8286009464773709,0.6599686067492639
3382,scale_free,inv_degree,random,3412480,1000,2991,0.03,30,0.45,0.1,50,0.052,2,0.757228264196373,0.4693526506126231
3383,scale_free,inv_degree,random,3413489,1000,2991,0.03,30,0.45,0.1,50,0.037,1,0.7939768526934489,0.6289582610552261
3384,scale_free,inv_degree,random,3414498,1000,2991,0.03,30,0.45,0.1,50,0.036,1,0.8324270282133188,0.6066351190708723
3385,scale_free,inv_degree,random,3415507,1000,2991,0.03,30,0.45,0.1,50,0.036,1,0.8313923640195608,0.6523263093620747
3386,scale_free,inv_degree,random,3416516,1000,2991,0.03,30,0.45,0.1,50,0.04,2,0.828827702897575,0.6144340615951012
3387,scale_free,inv_degree,random,3417525,1000,2991,0.03,30,0.45,0.1,50,0.042,2,0.796008193323417,0.5757788267686448
3388,scale_free,inv_degree,random,3418534,1000,2991,0.03,30,0.45,0.1,50,0.037,1,0.8068386322735452,0.5931729647686794
3389,scale_free,inv_degree,random,3419543,1000,2991,0.03,30,0.45,0.1,50,0.032,1,0.8605001548903095,0.7176413544808546
3390,scale_free,inv_degree,random,3420552,1000,2991,0.03,30,0.45,0.1,50,0.036,2,0.8209119945986673,0.6309675909966036
3391,scale_free,inv_degree,random,3421561,1000,2991,0.03,30,0.45,0.1,50,0.03,0,0.8745748517322116,0.714849610089712
3392,scale_free,inv_degree,random,3422570,1000,2991,0.03,30,0.45,0.1,50,0.042,2,0.7607545061601364,0.5551213184253261
3393,scale_free,inv_degree,random,3423579,1000,2991,0.03,30,0.45,0.1,50,0.04,1,0.7653917199071347,0.5229659511005091
3394,scale_free,inv_degree,random,3424588,1000,2991,0.03,30,0.45,0.1,50,0.033,1,0.8578825862881853,0.664135613712292
3395,scale_free,inv_degree,random,3425597,1000,2991,0.03,30,0.45,0.1,50,0.042,1,0.7843830910815458,0.5591202466020397
3396,scale_free,inv_degree,random,3426606,1000,2991,0.03,30,0.45,0.1,50,0.033,1,0.8485443595420042,0.6817768832516277
3397,scale_free,inv_degree,random,3427615,1000,2991,0.03,30,0.45,0.1,50,0.032,1,0.8461509105619066,0.6492486320430426
3398,scale_free,inv_degree,random,3428624,1000,2991,0.03,30,0.45,0.1,50,0.043,2,0.7709837461586864,0.5677978272924409
3399,scale_free,inv_degree,random,3429633,1000,2991,0.03,30,0.45,0.1,50,0.036,1,0.8226076256032606,0.6281002228971216
3400,scale_free,inv_degree,random,3430642,1000,2991,0.03,30,0.45,0.1,50,0.047,2,0.6893843794288345,0.4530836794875411
3401,small_world,inv_degree,random,3431651,1000,3000,0.03,30,0.45,0.1,50,0.031,1,0.806999999999999,0.8889650476475459
3402,small_world,inv_degree,random,3432660,1000,3000,0.03,30,0.45,0.1,50,0.037,3,0.822333333333332,0.8738750997413715
3403,small_world,inv_degree,random,3433669,1000,3000,0.03,30,0.45,0.1,50,0.031,1,0.8163333333333362,0.8987579580414302
3404,small_world,inv_degree,random,3434678,1000,3000,0.03,30,0.45,0.1,50,0.052,7,0.7843333333333347,0.8560901747427172
3405,small_world,inv_degree,random,3435687,1000,3000,0.03,30,0.45,0.1,50,0.031,1,0.8086666666666658,0.8913454213459732
3406,small_world,inv_degree,random,3436696,1000,3000,0.03,30,0.45,0.1,50,0.044,7,0.7940000000000017,0.871860688688237
3407,small_world,inv_degree,random,3437705,1000,3000,0.03,30,0.45,0.1,50,0.047,6,0.8085000000000031,0.8594017681564465
3408,small_world,inv_degree,random,3438714,1000,3000,0.03,30,0.45,0.1,50,0.044,9,0.806500000000006,0.870506805521339
3409,small_world,inv_degree,random,3439723,1000,3000,0.03,30,0.45,0.1,50,0.039,3,0.805333333333332,0.8768040477460153
3410,small_world,inv_degree,random,3440732,1000,3000,0.03,30,0.45,0.1,50,0.033,2,0.8123333333333351,0.892959249433303
3411,small_world,inv_degree,random,3441741,1000,3000,0.03,30,0.45,0.1,50,0.05,11,0.7886666666666645,0.8676395963998894
3412,small_world,inv_degree,random,3442750,1000,3000,0.03,30,0.45,0.1,50,0.039,4,0.8040000000000015,0.877936597075915
3413,small_world,inv_degree,random,3443759,1000,3000,0.03,30,0.45,0.1,50,0.032,1,0.8159999999999928,0.8964559418371117
3414,small_world,inv_degree,random,3444768,1000,3000,0.03,30,0.45,0.1,50,0.035,1,0.7959999999999988,0.8784185171844028
3415,small_world,inv_degree,random,3445777,1000,3000,0.03,30,0.45,0.1,50,0.031,1,0.7959999999999995,0.8925023481962245
3416,small_world,inv_degree,random,3446786,1000,3000,0.03,30,0.45,0.1,50,0.03,0,0.8099999999999986,0.8929703770046133
3417,small_world,inv_degree,random,3447795,1000,3000,0.03,30,0.45,0.1,50,0.05,6,0.8027500000000057,0.8569426408134486
3418,small_world,inv_degree,random,3448804,1000,3000,0.03,30,0.45,0.1,50,0.031,1,0.8115000000000034,0.8933670866239545
3419,small_world,inv_degree,random,3449813,1000,3000,0.03,30,0.45,0.1,50,0.042,4,0.8013333333333322,0.8657652209529186
3420,small_world,inv_degree,random,3450822,1000,3000,0.03,30,0.45,0.1,50,0.032,1,0.8155000000000037,0.8931497379341695
3421,small_world,inv_degree,random,3451831,1000,3000,0.03,30,0.45,0.1,50,0.037,3,0.799999999999999,0.8809190078196298
3422,small_world,inv_degree,random,3452840,1000,3000,0.03,30,0.45,0.1,50,0.035,3,0.8123333333333331,0.8904521943773211
3423,small_world,inv_degree,random,3453849,1000,3000,0.03,30,0.45,0.1,50,0.036,4,0.8250000000000027,0.8877364342564216
3424,small_world,inv_degree,random,3454858,1000,3000,0.03,30,0.45,0.1,50,0.034,3,0.8056666666666692,0.884768053876003
3425,small_world,inv_degree,random,3455867,1000,3000,0.03,30,0.45,0.1,50,0.034,2,0.7985000000000032,0.8833918347377788
3426,small_world,inv_degree,random,3456876,1000,3000,0.03,30,0.45,0.1,50,0.031,1,0.8110000000000009,0.8930293295563569
3427,small_world,inv_degree,random,3457885,1000,3000,0.03,30,0.45,0.1,50,0.035,3,0.797750000000004,0.8822048274813065
3428,small_world,inv_degree,random,3458894,1000,3000,0.03,30,0.45,0.1,50,0.031,1,0.8096666666666656,0.891497087362176
3429,small_world,inv_degree,random,3459903,1000,3000,0.03,30,0.45,0.1,50,0.034,3,0.8005000000000011,0.883701292957831
3430,small_world,inv_degree,random,3460912,1000,3000,0.03,30,0.45,0.1,50,0.032,1,0.8154999999999932,0.8948327934764089
3431,small_world,inv_degree,random,3461921,1000,3000,0.03,30,0.45,0.1,50,0.03,0,0.8029999999999994,0.8939137330882104
3432,small_world,inv_degree,random,3462930,1000,3000,0.03,30,0.45,0.1,50,0.036,4,0.8063333333333359,0.8800404908625479
3433,small_world,inv_degree,random,3463939,1000,3000,0.03,30,0.45,0.1,50,0.041,4,0.7982500000000063,0.8745331490413029
3434,small_world,inv_degree,random,3464948,1000,3000,0.03,30,0.45,0.1,50,0.037,3,0.8107500000000039,0.8732580745186774
3435,small_world,inv_degree,random,3465957,1000,3000,0.03,30,0.45,0.1,50,0.036,2,0.8010000000000026,0.8846940791993965
3436,small_world,inv_degree,random,3466966,1000,3000,0.03,30,0.45,0.1,50,0.035,4,0.8166666666666692,0.8887870558725811
3437,small_world,inv_degree,random,3467975,1000,3000,0.03,30,0.45,0.1,50,0.03,0,0.8143333333333354,0.896533086866525
3438,small_world,inv_degree,random,3468984,1000,3000,0.03,30,0.45,0.1,50,0.034,1,0.8043333333333323,0.888504992610409
3439,small_world,inv_degree,random,3469993,1000,3000,0.03,30,0.45,0.1,50,0.034,4,0.7979999999999998,0.8869308714681441
3440,small_world,inv_degree,random,3471002,1000,3000,0.03,30,0.45,0.1,50,0.044,4,0.8100000000000033,0.8671207844984831
3441,small_world,inv_degree,random,3472011,1000,3000,0.03,30,0.45,0.1,50,0.032,1,0.8020000000000035,0.8875530935547422
3442,small_world,inv_degree,random,3473020,1000,3000,0.03,30,0.45,0.1,50,0.035,3,0.805500000000004,0.8825468013943747
3443,small_world,inv_degree,random,3474029,1000,3000,0.03,30,0.45,0.1,50,0.033,1,0.8080000000000028,0.8861520886720008
3444,small_world,inv_degree,random,3475038,1000,3000,0.03,30,0.45,0.1,50,0.038,1,0.8150000000000017,0.8810669319557157
3445,small_world,inv_degree,random,3476047,1000,3000,0.03,30,0.45,0.1,50,0.034,3,0.8166666666666662,0.8873731444042754
3446,small_world,inv_degree,random,3477056,1000,3000,0.03,30,0.45,0.1,50,0.034,3,0.7943333333333327,0.8890381542957585
3447,small_world,inv_degree,random,3478065,1000,3000,0.03,30,0.45,0.1,50,0.039,3,0.7936666666666661,0.8748335386268061
3448,small_world,inv_degree,random,3479074,1000,3000,0.03,30,0.45,0.1,50,0.039,6,0.7907500000000046,0.8739846390135922
3449,small_world,inv_degree,random,3480083,1000,3000,0.03,30,0.45,0.1,50,0.031,1,0.8082500000000056,0.8921876606131159
3450,small_world,inv_degree,random,3481092,1000,3000,0.03,30,0.45,0.1,50,0.049,12,0.801666666666669,0.8623270209622687
3451,small_world,inv_degree,random,3482101,1000,3000,0.03,30,0.45,0.1,50,0.03,0,0.8016666666666693,0.896163945594374
3452,small_world,inv_degree,random,3483110,1000,3000,0.03,30,0.45,0.1,50,0.03,0,0.8003333333333327,0.8959267872761064
3453,small_world,inv_degree,random,3484119,1000,3000,0.03,30,0.45,0.1,50,0.038,4,0.7920000000000055,0.8811014308009764
3454,small_world,inv_degree,random,3485128,1000,3000,0.03,30,0.45,0.1,50,0.032,1,0.801500000000004,0.8864590131692216
3455,small_world,inv_degree,random,3486137,1000,3000,0.03,30,0.45,0.1,50,0.034,2,0.8115000000000012,0.8842590562483413
3456,small_world,inv_degree,random,3487146,1000,3000,0.03,30,0.45,0.1,50,0.032,1,0.8166666666666682,0.8934073944723301
3457,small_world,inv_degree,random,3488155,1000,3000,0.03,30,0.45,0.1,50,0.032,2,0.8049999999999995,0.8869948185958137
3458,small_world,inv_degree,random,3489164,1000,3000,0.03,30,0.45,0.1,50,0.032,1,0.8115000000000059,0.8932956580442805
3459,small_world,inv_degree,random,3490173,1000,3000,0.03,30,0.45,0.1,50,0.035,2,0.827000000000002,0.8901419973407082
3460,small_world,inv_degree,random,3491182,1000,3000,0.03,30,0.45,0.1,50,0.038,6,0.8055000000000062,0.879076706383165
3461,small_world,inv_degree,random,3492191,1000,3000,0.03,30,0.45,0.1,50,0.046,4,0.7986666666666657,0.8661532888322377
3462,small_world,inv_degree,random,3493200,1000,3000,0.03,30,0.45,0.1,50,0.043,5,0.8043333333333356,0.8710243589795398
3463,small_world,inv_degree,random,3494209,1000,3000,0.03,30,0.45,0.1,50,0.043,4,0.8133333333333321,0.873017363446171
3464,small_world,inv_degree,random,3495218,1000,3000,0.03,30,0.45,0.1,50,0.031,1,0.8060000000000016,0.8926377759830124
3465,small_world,inv_degree,random,3496227,1000,3000,0.03,30,0.45,0.1,50,0.053,9,0.7887500000000068,0.8545928853129097
3466,small_world,inv_degree,random,3497236,1000,3000,0.03,30,0.45,0.1,50,0.034,2,0.8133333333333325,0.8848880237070463
3467,small_world,inv_degree,random,3498245,1000,3000,0.03,30,0.45,0.1,50,0.051,11,0.7850000000000023,0.8533274274057147
3468,small_world,inv_degree,random,3499254,1000,3000,0.03,30,0.45,0.1,50,0.033,2,0.8026666666666664,0.8902095299440135
3469,small_world,inv_degree,random,3500263,1000,3000,0.03,30,0.45,0.1,50,0.047,6,0.7963333333333356,0.8678928186564321
3470,small_world,inv_degree,random,3501272,1000,3000,0.03,30,0.45,0.1,50,0.031,1,0.7950000000000024,0.8927334383789133
3471,small_world,inv_degree,random,3502281,1000,3000,0.03,30,0.45,0.1,50,0.031,1,0.805000000000005,0.8876775679090251
3472,small_world,inv_degree,random,3503290,1000,3000,0.03,30,0.45,0.1,50,0.035,5,0.7992500000000031,0.8865622700811472
3473,small_world,inv_degree,random,3504299,1000,3000,0.03,30,0.45,0.1,50,0.048,5,0.7896666666666659,0.8505926165123985
3474,small_world,inv_degree,random,3505308,1000,3000,0.03,30,0.45,0.1,50,0.045,9,0.8046666666666692,0.8635791945010892
3475,small_world,inv_degree,random,3506317,1000,3000,0.03,30,0.45,0.1,50,0.034,4,0.8155000000000028,0.8906091795542989
3476,small_world,inv_degree,random,3507326,1000,3000,0.03,30,0.45,0.1,50,0.037,5,0.8020000000000025,0.8834901097056043
3477,small_world,inv_degree,random,3508335,1000,3000,0.03,30,0.45,0.1,50,0.031,1,0.807500000000003,0.8914685263165278
3478,small_world,inv_degree,random,3509344,1000,3000,0.03,30,0.45,0.1,50,0.047,5,0.7853333333333322,0.850973221085764
3479,small_world,inv_degree,random,3510353,1000,3000,0.03,30,0.45,0.1,50,0.031,1,0.8023333333333325,0.8909347798609916
3480,small_world,inv_degree,random,3511362,1000,3000,0.03,30,0.45,0.1,50,0.04,7,0.8013333333333358,0.8778407558187636
3481,small_world,inv_degree,random,3512371,1000,3000,0.03,30,0.45,0.1,50,0.038,4,0.8003333333333358,0.8838743120175855
3482,small_world,inv_degree,random,3513380,1000,3000,0.03,30,0.45,0.1,50,0.047,5,0.7995000000000045,0.8654247061607959
3483,small_world,inv_degree,random,3514389,1000,3000,0.03,30,0.45,0.1,50,0.036,4,0.8070000000000048,0.8783884142474282
3484,small_world,inv_degree,random,3515398,1000,3000,0.03,30,0.45,0.1,50,0.034,2,0.7975000000000014,0.8862203608029683
3485,small_world,inv_degree,random,3516407,1000,3000,0.03,30,0.45,0.1,50,0.036,3,0.8166666666666689,0.8858547616566467
3486,small_world,inv_degree,random,3517416,1000,3000,0.03,30,0.45,0.1,50,0.034,2,0.8160000000000034,0.8869387264811001
3487,small_world,inv_degree,random,3518425,1000,3000,0.03,30,0.45,0.1,50,0.041,8,0.7959999999999994,0.8688930085984271
3488,small_world,inv_degree,random,3519434,1000,3000,0.03,30,0.45,0.1,50,0.031,1,0.8069999999999992,0.893714224426998
3489,small_world,inv_degree,random,3520443,1000,3000,0.03,30,0.45,0.1,50,0.042,6,0.8037500000000035,0.8733751300651389
3490,small_world,inv_degree,random,3521452,1000,3000,0.03,30,0.45,0.1,50,0.037,5,0.8139999999999995,0.8838901615385925
3491,small_world,inv_degree,random,3522461,1000,3000,0.03,30,0.45,0.1,50,0.031,1,0.8140000000000024,0.8907317172169759
3492,small_world,inv_degree,random,3523470,1000,3000,0.03,30,0.45,0.1,50,0.032,2,0.8062500000000036,0.8882590689430468
3493,small_world,inv_degree,random,3524479,1000,3000,0.03,30,0.45,0.1,50,0.04,7,0.8120000000000014,0.8872524904702046
3494,small_world,inv_degree,random,3525488,1000,3000,0.03,30,0.45,0.1,50,0.032,1,0.8129999999999982,0.887866456644844
3495,small_world,inv_degree,random,3526497,1000,3000,0.03,30,0.45,0.1,50,0.038,3,0.8190000000000024,0.8773843448762095
3496,small_world,inv_degree,random,3527506,1000,3000,0.03,30,0.45,0.1,50,0.047,8,0.8026666666666655,0.859407467929704
3497,small_world,inv_degree,random,3528515,1000,3000,0.03,30,0.45,0.1,50,0.039,5,0.8040000000000032,0.8697724881162564
3498,small_world,inv_degree,random,3529524,1000,3000,0.03,30,0.45,0.1,50,0.033,2,0.8096666666666698,0.8837151655125031
3499,small_world,inv_degree,random,3530533,1000,3000,0.03,30,0.45,0.1,50,0.031,1,0.8223333333333359,0.8991538204662588
3500,small_world,inv_degree,random,3531542,1000,3000,0.03,30,0.45,0.1,50,0.036,3,0.8123333333333348,0.8802669901540924
3501,small_world,inv_degree,random,3532551,1000,3000,0.03,30,0.45,0.1,50,0.042,5,0.814666666666666,0.8683815165506797
3502,small_world,inv_degree,random,3533560,1000,3000,0.03,30,0.45,0.1,50,0.035,1,0.8129999999999995,0.883863492236976
3503,small_world,inv_degree,random,3534569,1000,3000,0.03,30,0.45,0.1,50,0.031,1,0.8046666666666686,0.890235425000792
3504,small_world,inv_degree,random,3535578,1000,3000,0.03,30,0.45,0.1,50,0.03,0,0.8103333333333326,0.8961608517046716
3505,small_world,inv_degree,random,3536587,1000,3000,0.03,30,0.45,0.1,50,0.043,5,0.8060000000000035,0.8645617788744281
3506,small_world,inv_degree,random,3537596,1000,3000,0.03,30,0.45,0.1,50,0.035,2,0.8053333333333321,0.8795623651597861
3507,small_world,inv_degree,random,3538605,1000,3000,0.03,30,0.45,0.1,50,0.039,6,0.8089999999999988,0.8746168641729724
3508,small_world,inv_degree,random,3539614,1000,3000,0.03,30,0.45,0.1,50,0.038,5,0.8029999999999994,0.8804465100832737
3509,small_world,inv_degree,random,3540623,1000,3000,0.03,30,0.45,0.1,50,0.031,1,0.807999999999999,0.8886033648923792
3510,small_world,inv_degree,random,3541632,1000,3000,0.03,30,0.45,0.1,50,0.051,7,0.800250000000003,0.8634975841935048
3511,small_world,inv_degree,random,3542641,1000,3000,0.03,30,0.45,0.1,50,0.048,4,0.7826666666666685,0.8523429644005129
3512,small_world,inv_degree,random,3543650,1000,3000,0.03,30,0.45,0.1,50,0.034,2,0.8029999999999995,0.8891290422771008
3513,small_world,inv_degree,random,3544659,1000,3000,0.03,30,0.45,0.1,50,0.031,1,0.8156666666666685,0.8947207194181365
3514,small_world,inv_degree,random,3545668,1000,3000,0.03,30,0.45,0.1,50,0.034,2,0.8082500000000054,0.8868594604478829
3515,small_world,inv_degree,random,3546677,1000,3000,0.03,30,0.45,0.1,50,0.037,5,0.8015000000000019,0.8817897753481614
3516,small_world,inv_degree,random,3547686,1000,3000,0.03,30,0.45,0.1,50,0.038,5,0.7900000000000058,0.8723769745897003
3517,small_world,inv_degree,random,3548695,1000,3000,0.03,30,0.45,0.1,50,0.03,0,0.803250000000005,0.8927029304784062
3518,small_world,inv_degree,random,3549704,1000,3000,0.03,30,0.45,0.1,50,0.035,4,0.8040000000000035,0.8825585251351756
3519,small_world,inv_degree,random,3550713,1000,3000,0.03,30,0.45,0.1,50,0.033,2,0.8089999999999994,0.8890525083747667
3520,small_world,inv_degree,random,3551722,1000,3000,0.03,30,0.45,0.1,50,0.035,3,0.8066666666666658,0.8851801550647014
3541,small_world,inv_degree,random,3572911,1000,3000,0.03,30,0.45,0.1,50,0.033,3,0.7923333333333333,0.8851514890209249
3542,small_world,inv_degree,random,3573920,1000,3000,0.03,30,0.45,0.1,50,0.05,6,0.8020000000000033,0.8590040200840586
3543,small_world,inv_degree,random,3574929,1000,3000,0.03,30,0.45,0.1,50,0.035,3,0.8229999999999995,0.888017517297496
3544,small_world,inv_degree,random,3575938,1000,3000,0.03,30,0.45,0.1,50,0.031,1,0.8056666666666679,0.8938434009868849
3545,small_world,inv_degree,random,3576947,1000,3000,0.03,30,0.45,0.1,50,0.03,0,0.8035000000000067,0.8962245564528873
3546,small_world,inv_degree,random,3577956,1000,3000,0.03,30,0.45,0.1,50,0.04,3,0.8020000000000024,0.8718818354667621
3547,small_world,inv_degree,random,3578965,1000,3000,0.03,30,0.45,0.1,50,0.03,0,0.813333333333333,0.8951716528929587
3548,small_world,inv_degree,random,3579974,1000,3000,0.03,30,0.45,0.1,50,0.03,0,0.8063333333333332,0.894592212519281
3549,small_world,inv_degree,random,3580983,1000,3000,0.03,30,0.45,0.1,50,0.03,0,0.8016666666666691,0.89445773543186
3550,small_world,inv_degree,random,3581992,1000,3000,0.03,30,0.45,0.1,50,0.034,3,0.8043333333333323,0.8856497362818602
3551,small_world,inv_degree,random,3583001,1000,3000,0.03,30,0.45,0.1,50,0.031,1,0.8103333333333325,0.8880206987023647
3552,small_world,inv_degree,random,3584010,1000,3000,0.03,30,0.45,0.1,50,0.041,4,0.8017500000000038,0.8676551013490569
3553,small_world,inv_degree,random,3585019,1000,3000,0.03,30,0.45,0.1,50,0.034,3,0.8015000000000034,0.8795116199344573
3554,small_world,inv_degree,random,3586028,1000,3000,0.03,30,0.45,0.1,50,0.05,6,0.777666666666668,0.8586570816505951
3555,small_world,inv_degree,random,3587037,1000,3000,0.03,30,0.45,0.1,50,0.037,3,0.8049999999999988,0.8820076972025517
3556,small_world,inv_degree,random,3588046,1000,3000,0.03,30,0.45,0.1,50,0.032,2,0.8125000000000014,0.8955479004540559
3557,small_world,inv_degree,random,3589055,1000,3000,0.03,30,0.45,0.1,50,0.045,4,0.797666666666666,0.863126100069507
3558,small_world,inv_degree,random,3590064,1000,3000,0.03,30,0.45,0.1,50,0.039,4,0.8043333333333322,0.8806057089865202
3559,small_world,inv_degree,random,3591073,1000,3000,0.03,30,0.45,0.1,50,0.031,1,0.8139999999999942,0.8905790848006176
3560,small_world,inv_degree,random,3592082,1000,3000,0.03,30,0.45,0.1,50,0.036,3,0.8173333333333361,0.8824026810515476
3521,small_world,inv_degree,random,3552731,1000,3000,0.03,30,0.45,0.1,50,0.034,2,0.7946666666666662,0.8888154598894383
3522,small_world,inv_degree,random,3553740,1000,3000,0.03,30,0.45,0.1,50,0.053,6,0.8106666666666692,0.8472109342544148
3523,small_world,inv_degree,random,3554749,1000,3000,0.03,30,0.45,0.1,50,0.035,5,0.8099999999999989,0.8842468128856594
3524,small_world,inv_degree,random,3555758,1000,3000,0.03,30,0.45,0.1,50,0.036,4,0.8049999999999926,0.8826596071766254
3525,small_world,inv_degree,random,3556767,1000,3000,0.03,30,0.45,0.1,50,0.032,2,0.8143333333333326,0.8949594280501366
3526,small_world,inv_degree,random,3557776,1000,3000,0.03,30,0.45,0.1,50,0.032,1,0.7933333333333328,0.8824044207085079
3527,small_world,inv_degree,random,3558785,1000,3000,0.03,30,0.45,0.1,50,0.033,1,0.8123333333333326,0.8840361147139975
3528,small_world,inv_degree,random,3559794,1000,3000,0.03,30,0.45,0.1,50,0.03,0,0.815500000000003,0.8952751625159282
3529,small_world,inv_degree,random,3560803,1000,3000,0.03,30,0.45,0.1,50,0.031,1,0.7966666666666665,0.8921161306979262
3530,small_world,inv_degree,random,3561812,1000,3000,0.03,30,0.45,0.1,50,0.051,8,0.7884999999999922,0.8576636332217529
3531,small_world,inv_degree,random,3562821,1000,3000,0.03,30,0.45,0.1,50,0.03,0,0.8084999999999933,0.8895102316600493
3532,small_world,inv_degree,random,3563830,1000,3000,0.03,30,0.45,0.1,50,0.045,8,0.8029999999999989,0.8687173118081822
3533,small_world,inv_degree,random,3564839,1000,3000,0.03,30,0.45,0.1,50,0.035,5,0.7992500000000042,0.8805778954937795
3534,small_world,inv_degree,random,3565848,1000,3000,0.03,30,0.45,0.1,50,0.042,5,0.8016666666666689,0.8773073681232685
3535,small_world,inv_degree,random,3566857,1000,3000,0.03,30,0.45,0.1,50,0.031,1,0.8039999999999996,0.8938833871329632
3536,small_world,inv_degree,random,3567866,1000,3000,0.03,30,0.45,0.1,50,0.04,4,0.8040000000000013,0.872616254746997
3537,small_world,inv_degree,random,3568875,1000,3000,0.03,30,0.45,0.1,50,0.046,8,0.800333333333332,0.8587402372043907
3538,small_world,inv_degree,random,3569884,1000,3000,0.03,30,0.45,0.1,50,0.035,1,0.7916666666666651,0.8797772938670834
3539,small_world,inv_degree,random,3570893,1000,3000,0.03,30,0.45,0.1,50,0.041,8,0.807666666666666,0.8779583654875227
3540,small_world,inv_degree,random,3571902,1000,3000,0.03,30,0.45,0.1,50,0.052,6,0.802499999999994,0.8534909488038744
3561,small_world,inv_degree,random,3593091,1000,3000,0.03,30,0.45,0.1,50,0.063,8,0.8005000000000017,0.838595328033504
3562,small_world,inv_degree,random,3594100,1000,3000,0.03,30,0.45,0.1,50,0.037,5,0.7909999999999995,0.8781749638863081
3563,small_world,inv_degree,random,3595109,1000,3000,0.03,30,0.45,0.1,50,0.03,0,0.8123333333333324,0.8967714622312148
3564,small_world,inv_degree,random,3596118,1000,3000,0.03,30,0.45,0.1,50,0.037,4,0.8009999999999934,0.8824891312710769
3565,small_world,inv_degree,random,3597127,1000,3000,0.03,30,0.45,0.1,50,0.045,6,0.8006666666666656,0.870380331718546
3566,small_world,inv_degree,random,3598136,1000,3000,0.03,30,0.45,0.1,50,0.035,2,0.8046666666666658,0.8816992060297848
3567,small_world,inv_degree,random,3599145,1000,3000,0.03,30,0.45,0.1,50,0.036,4,0.7974999999999934,0.8832721378102252
3568,small_world,inv_degree,random,3600154,1000,3000,0.03,30,0.45,0.1,50,0.033,3,0.800000000000003,0.8880854728603715
3569,small_world,inv_degree,random,3601163,1000,3000,0.03,30,0.45,0.1,50,0.035,2,0.8115000000000053,0.8798434025477093
3570,small_world,inv_degree,random,3602172,1000,3000,0.03,30,0.45,0.1,50,0.03,0,0.809,0.8986726066213487
3571,small_world,inv_degree,random,3603181,1000,3000,0.03,30,0.45,0.1,50,0.031,1,0.807666666666669,0.8893105468289338
3572,small_world,inv_degree,random,3604190,1000,3000,0.03,30,0.45,0.1,50,0.034,3,0.8223333333333326,0.8880166441046988
3573,small_world,inv_degree,random,3605199,1000,3000,0.03,30,0.45,0.1,50,0.032,2,0.8096666666666686,0.8884368673281033
3574,small_world,inv_degree,random,3606208,1000,3000,0.03,30,0.45,0.1,50,0.037,3,0.7933333333333327,0.8789443917674392
3575,small_world,inv_degree,random,3607217,1000,3000,0.03,30,0.45,0.1,50,0.031,1,0.7963333333333327,0.8898196691249283
3576,small_world,inv_degree,random,3608226,1000,3000,0.03,30,0.45,0.1,50,0.037,5,0.8020000000000028,0.8834678498473693
3577,small_world,inv_degree,random,3609235,1000,3000,0.03,30,0.45,0.1,50,0.043,10,0.8003333333333361,0.8771617661215876
3578,small_world,inv_degree,random,3610244,1000,3000,0.03,30,0.45,0.1,50,0.03,0,0.8085000000000041,0.8949260620010063
3579,small_world,inv_degree,random,3611253,1000,3000,0.03,30,0.45,0.1,50,0.033,2,0.8095000000000001,0.8809357543660177
3580,small_world,inv_degree,random,3612262,1000,3000,0.03,30,0.45,0.1,50,0.031,1,0.8102500000000044,0.8925549690119269
3581,small_world,inv_degree,random,3613271,1000,3000,0.03,30,0.45,0.1,50,0.049,8,0.7886666666666678,0.8605535779533334
3582,small_world,inv_degree,random,3614280,1000,3000,0.03,30,0.45,0.1,50,0.03,0,0.810999999999994,0.9005956567460353
3583,small_world,inv_degree,random,3615289,1000,3000,0.03,30,0.45,0.1,50,0.03,0,0.8093333333333321,0.8953021412978521
3584,small_world,inv_degree,random,3616298,1000,3000,0.03,30,0.45,0.1,50,0.03,0,0.8100000000000028,0.8958620367502204
3585,small_world,inv_degree,random,3617307,1000,3000,0.03,30,0.45,0.1,50,0.045,5,0.8140000000000028,0.8654474509141328
3586,small_world,inv_degree,random,3618316,1000,3000,0.03,30,0.45,0.1,50,0.05,7,0.8013333333333321,0.849480924719549
3587,small_world,inv_degree,random,3619325,1000,3000,0.03,30,0.45,0.1,50,0.034,4,0.810999999999999,0.8884727425628506
3588,small_world,inv_degree,random,3620334,1000,3000,0.03,30,0.45,0.1,50,0.031,1,0.8019999999999988,0.894693361741365
3589,small_world,inv_degree,random,3621343,1000,3000,0.03,30,0.45,0.1,50,0.03,0,0.8022500000000031,0.8918830275722333
3590,small_world,inv_degree,random,3622352,1000,3000,0.03,30,0.45,0.1,50,0.035,2,0.8143333333333325,0.8865046802513636
3591,small_world,inv_degree,random,3623361,1000,3000,0.03,30,0.45,0.1,50,0.047,8,0.8043333333333325,0.8615530129163375
3592,small_world,inv_degree,random,3624370,1000,3000,0.03,30,0.45,0.1,50,0.037,3,0.805666666666669,0.8832905567855106
3593,small_world,inv_degree,random,3625379,1000,3000,0.03,30,0.45,0.1,50,0.036,3,0.8036666666666663,0.8878085507402307
3594,small_world,inv_degree,random,3626388,1000,3000,0.03,30,0.45,0.1,50,0.039,4,0.8083333333333325,0.8754370572833948
3595,small_world,inv_degree,random,3627397,1000,3000,0.03,30,0.45,0.1,50,0.03,0,0.8083333333333329,0.8962693862963285
3596,small_world,inv_degree,random,3628406,1000,3000,0.03,30,0.45,0.1,50,0.032,1,0.8196666666666652,0.8905561793174852
3597,small_world,inv_degree,random,3629415,1000,3000,0.03,30,0.45,0.1,50,0.031,1,0.7953333333333356,0.8910946126196453
3598,small_world,inv_degree,random,3630424,1000,3000,0.03,30,0.45,0.1,50,0.037,5,0.7983333333333354,0.8823967429469071
3599,small_world,inv_degree,random,3631433,1000,3000,0.03,30,0.45,0.1,50,0.034,2,0.8170000000000031,0.8886219154605548
3600,small_world,inv_degree,random,3632442,1000,3000,0.03,30,0.45,0.1,50,0.049,7,0.8079999999999996,0.8578814134189866
